dataset,trait,model,calibration,nrmse,slope,pearson,figure_note
easygese:barley,BaMMV,cnn,affine,0.8080716473768147,0.9767424485878529,0.5952553626815527,task-model mean across ten CV folds
easygese:barley,BaMMV,cnn,isotonic,0.8157466197116833,0.9053908125275107,0.5873758931378411,task-model mean across ten CV folds
easygese:barley,BaMMV,cnn,raw,0.9778329150032301,15.965150100575826,0.5952553626815528,task-model mean across ten CV folds
easygese:barley,BaMMV,deepgs,affine,0.7715851975899903,0.9777246019711884,0.6406912918829437,task-model mean across ten CV folds
easygese:barley,BaMMV,deepgs,isotonic,0.779886240275333,0.9128019282087255,0.6335082404369946,task-model mean across ten CV folds
easygese:barley,BaMMV,deepgs,raw,0.8276744316926941,1.5352722252919908,0.6406912918829438,task-model mean across ten CV folds
easygese:barley,BaMMV,dnngp,affine,0.7726738398620165,0.98349528747983,0.6402980174364835,task-model mean across ten CV folds
easygese:barley,BaMMV,dnngp,isotonic,0.7798122986419344,0.9175693999994694,0.6341263628070016,task-model mean across ten CV folds
easygese:barley,BaMMV,dnngp,raw,0.8712001676266194,0.900640616382826,0.6402980174364835,task-model mean across ten CV folds
easygese:barley,BaMMV,mlp,affine,0.7606104772999718,0.9716188553993275,0.6542421125060036,task-model mean across ten CV folds
easygese:barley,BaMMV,mlp,isotonic,0.7626232658588653,0.9234268817506235,0.6539383368242678,task-model mean across ten CV folds
easygese:barley,BaMMV,mlp,raw,0.8556971705244021,0.6402706501389968,0.6542421125060037,task-model mean across ten CV folds
easygese:barley,BaMMV,pnngs,affine,0.8223643465781629,0.9577790500519546,0.5786236121268133,task-model mean across ten CV folds
easygese:barley,BaMMV,pnngs,isotonic,0.8284454106520854,0.8925298735115295,0.575602753816623,task-model mean across ten CV folds
easygese:barley,BaMMV,pnngs,raw,0.9409717200495227,2.06267092059284,0.5786236121268133,task-model mean across ten CV folds
easygese:barley,BaMMV,soydngp,affine,0.7959492275649718,0.9541092448006252,0.6122093379798599,task-model mean across ten CV folds
easygese:barley,BaMMV,soydngp,isotonic,0.8053154572024841,0.8882652247104417,0.6045040824816981,task-model mean across ten CV folds
easygese:barley,BaMMV,soydngp,raw,0.8088650913251392,0.9924613497497242,0.6122093379798599,task-model mean across ten CV folds
easygese:barley,BaMMV,transformer,affine,0.7972846171973178,0.9708550211049992,0.6085875571454482,task-model mean across ten CV folds
easygese:barley,BaMMV,transformer,isotonic,0.8051658123171652,0.9008867263875258,0.6033679034301676,task-model mean across ten CV folds
easygese:barley,BaMMV,transformer,raw,2.063404474732836,0.535369654262323,0.6085875571454483,task-model mean across ten CV folds
easygese:barley,BaYMV,cnn,affine,0.9000601145308403,0.9007000490833728,0.4474190467222849,task-model mean across ten CV folds
easygese:barley,BaYMV,cnn,isotonic,0.913265013787235,0.7865702358843987,0.4353802626490092,task-model mean across ten CV folds
easygese:barley,BaYMV,cnn,raw,0.977680953787002,8.819193156654126,0.4474190467222849,task-model mean across ten CV folds
easygese:barley,BaYMV,deepgs,affine,0.8712691677216735,0.9418223782716186,0.4966708815840115,task-model mean across ten CV folds
easygese:barley,BaYMV,deepgs,isotonic,0.8803609688344707,0.8399786617087649,0.4887215411976526,task-model mean across ten CV folds
easygese:barley,BaYMV,deepgs,raw,0.9188864408239829,1.3463022484551903,0.4966708815840116,task-model mean across ten CV folds
easygese:barley,BaYMV,dnngp,affine,0.8761620192543964,0.9537974893168621,0.4871212116344747,task-model mean across ten CV folds
easygese:barley,BaYMV,dnngp,isotonic,0.8786908097360048,0.8656898990224468,0.48838441563672336,task-model mean across ten CV folds
easygese:barley,BaYMV,dnngp,raw,0.9614220029952623,0.7676916667037949,0.4871212116344747,task-model mean across ten CV folds
easygese:barley,BaYMV,mlp,affine,0.8683404999077199,0.9450916032408874,0.5011749869169912,task-model mean across ten CV folds
easygese:barley,BaYMV,mlp,isotonic,0.8758023164156106,0.846037945329908,0.4937836922015425,task-model mean across ten CV folds
easygese:barley,BaYMV,mlp,raw,0.9854298504582604,0.5381400643306581,0.5011749869169912,task-model mean across ten CV folds
easygese:barley,BaYMV,pnngs,affine,0.898757400069855,0.9276925636303881,0.44731826925693,task-model mean across ten CV folds
easygese:barley,BaYMV,pnngs,isotonic,0.9058205128396744,0.8283028305351638,0.44159257861451184,task-model mean across ten CV folds
easygese:barley,BaYMV,pnngs,raw,0.9539474835088366,1.995368946761881,0.4473182692569301,task-model mean across ten CV folds
easygese:barley,BaYMV,soydngp,affine,0.8850149135142343,0.9469310572991884,0.47020934142080906,task-model mean across ten CV folds
easygese:barley,BaYMV,soydngp,isotonic,0.8917500452337371,0.8390962026296668,0.4656868735812205,task-model mean across ten CV folds
easygese:barley,BaYMV,soydngp,raw,0.9567370306622476,0.6344149500641817,0.47020934142080895,task-model mean across ten CV folds
easygese:barley,BaYMV,transformer,affine,0.8970070684382018,0.9139694125410236,0.45385129357091036,task-model mean across ten CV folds
easygese:barley,BaYMV,transformer,isotonic,0.9024003143775985,0.7981552934152016,0.4555848833966089,task-model mean across ten CV folds
easygese:barley,BaYMV,transformer,raw,1.3189311516866808,0.42595304043167337,0.4538512935709105,task-model mean across ten CV folds
easygese:bean,DF,cnn,affine,0.7148181959381781,0.951886845405198,0.7214895778469563,task-model mean across ten CV folds
easygese:bean,DF,cnn,isotonic,0.7367952308369444,0.8655188809477992,0.7110759861306846,task-model mean across ten CV folds
easygese:bean,DF,cnn,raw,0.8844537384375084,3.3770899345107708,0.7214895778469563,task-model mean across ten CV folds
easygese:bean,DF,deepgs,affine,0.7691723855996423,0.9298356893513839,0.6607330222685535,task-model mean across ten CV folds
easygese:bean,DF,deepgs,isotonic,0.8083102694661886,0.8160943315192805,0.6407098863007683,task-model mean across ten CV folds
easygese:bean,DF,deepgs,raw,0.8154880884982287,1.343089231840565,0.6607330222685535,task-model mean across ten CV folds
easygese:bean,DF,dnngp,affine,0.7647397342832829,0.9238169430806185,0.6618485692954561,task-model mean across ten CV folds
easygese:bean,DF,dnngp,isotonic,0.7859714177542182,0.8481966344479355,0.6500571095197245,task-model mean across ten CV folds
easygese:bean,DF,dnngp,raw,0.8029326247133179,0.814438713386482,0.6618485692954561,task-model mean across ten CV folds
easygese:bean,DF,mlp,affine,0.7149788292418511,0.9491784820334809,0.7140375384251059,task-model mean across ten CV folds
easygese:bean,DF,mlp,isotonic,0.7452560342467308,0.8361660188907509,0.6915877474285657,task-model mean across ten CV folds
easygese:bean,DF,mlp,raw,0.7713997969014953,0.7945692571400318,0.7140375384251059,task-model mean across ten CV folds
easygese:bean,DF,pnngs,affine,0.7070950817076007,0.9447280480339095,0.7214417823959856,task-model mean across ten CV folds
easygese:bean,DF,pnngs,isotonic,0.7241621754437353,0.895630596022318,0.7117986266078966,task-model mean across ten CV folds
easygese:bean,DF,pnngs,raw,1.0061308298507812,5.299175856194469,0.7214417823959854,task-model mean across ten CV folds
easygese:bean,DF,soydngp,affine,0.6757286457370817,0.9776962451051853,0.7536318234263559,task-model mean across ten CV folds
easygese:bean,DF,soydngp,isotonic,0.7080134060123288,0.9063440667126557,0.7308668765654642,task-model mean across ten CV folds
easygese:bean,DF,soydngp,raw,0.6972262654687084,1.1441916969471522,0.7536318234263559,task-model mean across ten CV folds
easygese:bean,DF,transformer,affine,0.6845797718241297,0.9741078744174823,0.7418121307300897,task-model mean across ten CV folds
easygese:bean,DF,transformer,isotonic,0.7142914670487137,0.8740314022011588,0.7217985748341441,task-model mean across ten CV folds
easygese:bean,DF,transformer,raw,1.6536085708059018,0.626862069880411,0.7418121307300896,task-model mean across ten CV folds
easygese:bean,DPM,cnn,affine,0.8183968824504749,0.8956007651349465,0.6011430435884422,task-model mean across ten CV folds
easygese:bean,DPM,cnn,isotonic,0.8743274244318726,0.755952553504532,0.563285074488401,task-model mean across ten CV folds
easygese:bean,DPM,cnn,raw,1.0167829797314112,2.3008744595005424,0.601143043588442,task-model mean across ten CV folds
easygese:bean,DPM,deepgs,affine,0.8112185273195525,0.9430254301014305,0.6127901301895538,task-model mean across ten CV folds
easygese:bean,DPM,deepgs,isotonic,0.8665930547202976,0.7877477804750541,0.5706536091158052,task-model mean across ten CV folds
easygese:bean,DPM,deepgs,raw,0.8717439028793301,1.3533297666965713,0.6127901301895536,task-model mean across ten CV folds
easygese:bean,DPM,dnngp,affine,0.8263842654024296,1.0464694647086097,0.5924091895801599,task-model mean across ten CV folds
easygese:bean,DPM,dnngp,isotonic,0.8751782388035678,0.7867063786407736,0.5440696645009752,task-model mean across ten CV folds
easygese:bean,DPM,dnngp,raw,0.8713501599350391,0.9464067169290192,0.5924091895801599,task-model mean across ten CV folds
easygese:bean,DPM,mlp,affine,0.7923521770641674,0.9419367494310471,0.6363107674036643,task-model mean across ten CV folds
easygese:bean,DPM,mlp,isotonic,0.8322761413644691,0.8321104574864057,0.6060216284606745,task-model mean across ten CV folds
easygese:bean,DPM,mlp,raw,0.8586340101345824,0.7300356922599951,0.6363107674036643,task-model mean across ten CV folds
easygese:bean,DPM,pnngs,affine,0.8606352703862836,0.9571197881457044,0.532730755968772,task-model mean across ten CV folds
easygese:bean,DPM,pnngs,isotonic,0.8923899971893565,0.7693479539773639,0.5112819996558151,task-model mean across ten CV folds
easygese:bean,DPM,pnngs,raw,1.3501804984000456,3.1744436935981293,0.5327307559687722,task-model mean across ten CV folds
easygese:bean,DPM,soydngp,affine,0.8962545974676213,0.8854393368964741,0.4845157231728304,task-model mean across ten CV folds
easygese:bean,DPM,soydngp,isotonic,0.9944566469493769,0.624097141783645,0.42009486336577667,task-model mean across ten CV folds
easygese:bean,DPM,soydngp,raw,0.9696064156919583,1.4624414139505157,0.4845157231728304,task-model mean across ten CV folds
easygese:bean,DPM,transformer,affine,0.8367913792199635,0.9270563026801524,0.5703238233410528,task-model mean across ten CV folds
easygese:bean,DPM,transformer,isotonic,0.8794028145257139,0.7270043257375056,0.5334428800639801,task-model mean across ten CV folds
easygese:bean,DPM,transformer,raw,1.8354704740392105,0.6865964904225701,0.5703238233410527,task-model mean across ten CV folds
easygese:bean,PHI,cnn,affine,0.9601751525254342,0.8453741756092787,0.38379735033346846,task-model mean across ten CV folds
easygese:bean,PHI,cnn,isotonic,1.0001623526096224,0.6345157438824293,0.36091381690072677,task-model mean across ten CV folds
easygese:bean,PHI,cnn,raw,1.356066934054383,1.499958607740423,0.3837973503334685,task-model mean across ten CV folds
easygese:bean,PHI,deepgs,affine,0.9539152360732548,1.0554514913433661,0.40112261517178494,task-model mean across ten CV folds
easygese:bean,PHI,deepgs,isotonic,0.9781314130201146,0.7457953114550967,0.3802902110618448,task-model mean across ten CV folds
easygese:bean,PHI,deepgs,raw,0.9770263044755826,0.927593816080042,0.40112261517178477,task-model mean across ten CV folds
easygese:bean,PHI,dnngp,affine,0.9732030628634613,0.9518391072952319,0.3126936255612129,task-model mean across ten CV folds
easygese:bean,PHI,dnngp,isotonic,1.004731683611123,0.6610787933657314,0.2818989679118185,task-model mean across ten CV folds
easygese:bean,PHI,dnngp,raw,0.9819813686356642,1.356663554714381,0.3126936255612126,task-model mean across ten CV folds
easygese:bean,PHI,mlp,affine,0.9591916031019853,0.9556828493565839,0.37003123909288926,task-model mean across ten CV folds
easygese:bean,PHI,mlp,isotonic,0.9962430061096402,0.6391739757566877,0.32297959260128817,task-model mean across ten CV folds
easygese:bean,PHI,mlp,raw,1.0109652999423073,0.6004190799089228,0.3700312390928892,task-model mean across ten CV folds
easygese:bean,PHI,pnngs,affine,0.9682577800203177,0.7648494559327357,0.38007394928136146,task-model mean across ten CV folds
easygese:bean,PHI,pnngs,isotonic,1.0078987921148033,0.6737418779067296,0.34623617799103756,task-model mean across ten CV folds
easygese:bean,PHI,pnngs,raw,1.371390718254029,2.1202718851919973,0.38007394928136157,task-model mean across ten CV folds
easygese:bean,PHI,soydngp,affine,1.0203526753222945,0.5919283191025471,0.20618612077089576,task-model mean across ten CV folds
easygese:bean,PHI,soydngp,isotonic,1.032709733705495,0.47553766650312995,0.19170428261557163,task-model mean across ten CV folds
easygese:bean,PHI,soydngp,raw,0.9878152617176635,-81.01441255763089,0.2061861207708425,task-model mean across ten CV folds
easygese:bean,PHI,transformer,affine,0.9584632205843511,0.9118239808862743,0.36928131324300484,task-model mean across ten CV folds
easygese:bean,PHI,transformer,isotonic,1.0031342932738534,0.6565013810844269,0.34267599495298817,task-model mean across ten CV folds
easygese:bean,PHI,transformer,raw,1.960797357049794,0.3522437227888314,0.3692813132430049,task-model mean across ten CV folds
easygese:bean,X100SdW,cnn,affine,0.9122052720862227,0.8126783773201511,0.4374977079860619,task-model mean across ten CV folds
easygese:bean,X100SdW,cnn,isotonic,0.9390404769457372,0.6636954680032378,0.4079401443420034,task-model mean across ten CV folds
easygese:bean,X100SdW,cnn,raw,1.1608294996145536,2.3024457236172826,0.4374977079860621,task-model mean across ten CV folds
easygese:bean,X100SdW,deepgs,affine,0.8058318667462178,0.9396266658670008,0.6074058841355642,task-model mean across ten CV folds
easygese:bean,X100SdW,deepgs,isotonic,0.8430459974669093,0.7896476111185242,0.5789954587599376,task-model mean across ten CV folds
easygese:bean,X100SdW,deepgs,raw,0.8362255049174452,1.3218563916883452,0.6074058841355643,task-model mean across ten CV folds
easygese:bean,X100SdW,dnngp,affine,0.8294874882255462,1.0126363213202976,0.5699501536559561,task-model mean across ten CV folds
easygese:bean,X100SdW,dnngp,isotonic,0.8589787954386015,0.812110398529972,0.5376770387252167,task-model mean across ten CV folds
easygese:bean,X100SdW,dnngp,raw,0.8766510793427292,1.3113835668140583,0.5699501536559561,task-model mean across ten CV folds
easygese:bean,X100SdW,mlp,affine,0.8041067805775641,0.9595138914134129,0.6070519802739225,task-model mean across ten CV folds
easygese:bean,X100SdW,mlp,isotonic,0.8380182484872636,0.8140066761676191,0.5799623517296728,task-model mean across ten CV folds
easygese:bean,X100SdW,mlp,raw,0.8605259322759677,0.722986663219425,0.6070519802739225,task-model mean across ten CV folds
easygese:bean,X100SdW,pnngs,affine,0.9300920361239449,0.7703242925841144,0.4048263738439175,task-model mean across ten CV folds
easygese:bean,X100SdW,pnngs,isotonic,0.9469137376777448,0.6515302155032006,0.4015960437560654,task-model mean across ten CV folds
easygese:bean,X100SdW,pnngs,raw,1.003860038960929,2.1545988355059897,0.4048263738439174,task-model mean across ten CV folds
easygese:bean,X100SdW,soydngp,affine,0.893873241526979,0.9244129004498731,0.47659550964008923,task-model mean across ten CV folds
easygese:bean,X100SdW,soydngp,isotonic,0.8992119922960828,0.8284056690463093,0.47180747526168343,task-model mean across ten CV folds
easygese:bean,X100SdW,soydngp,raw,0.9372805284924718,4.79983110084511,0.47659550964008934,task-model mean across ten CV folds
easygese:bean,X100SdW,transformer,affine,0.8250933049127145,0.97589901184886,0.5796706978987711,task-model mean across ten CV folds
easygese:bean,X100SdW,transformer,isotonic,0.8598273581457537,0.8271217737738782,0.536963258846203,task-model mean across ten CV folds
easygese:bean,X100SdW,transformer,raw,1.1700651184479745,0.5906784094352611,0.5796706978987711,task-model mean across ten CV folds
easygese:bean,Yd,cnn,affine,0.9958680372681282,0.6325381350528084,0.2761378963078087,task-model mean across ten CV folds
easygese:bean,Yd,cnn,isotonic,1.0351121525280977,0.4629018083506817,0.24486787442517438,task-model mean across ten CV folds
easygese:bean,Yd,cnn,raw,1.4245667935849933,0.5453163808941988,0.2761378963078087,task-model mean across ten CV folds
easygese:bean,Yd,deepgs,affine,0.9559224240299921,0.8795583996605469,0.3440341298643161,task-model mean across ten CV folds
easygese:bean,Yd,deepgs,isotonic,0.9860961901397151,0.5992583509132183,0.3009115930984754,task-model mean across ten CV folds
easygese:bean,Yd,deepgs,raw,0.9676708139617611,0.7985353569105512,0.3440341298643161,task-model mean across ten CV folds
easygese:bean,Yd,dnngp,affine,0.9907123725955772,0.794738856771193,0.2609110494579034,task-model mean across ten CV folds
easygese:bean,Yd,dnngp,isotonic,1.0247523746472245,0.591107478108368,0.24355407902162635,task-model mean across ten CV folds
easygese:bean,Yd,dnngp,raw,0.9992093496637583,1.1504432154923627,0.26091104945790333,task-model mean across ten CV folds
easygese:bean,Yd,mlp,affine,0.9810240527004657,0.854300267396048,0.31203581151130777,task-model mean across ten CV folds
easygese:bean,Yd,mlp,isotonic,1.0044539626346323,0.6894595553163467,0.2968558109827816,task-model mean across ten CV folds
easygese:bean,Yd,mlp,raw,1.025367707648403,0.5236564955704217,0.3120358115113078,task-model mean across ten CV folds
easygese:bean,Yd,pnngs,affine,1.0133730343487968,0.5504675530710964,0.21196171526885593,task-model mean across ten CV folds
easygese:bean,Yd,pnngs,isotonic,1.0690333972319848,0.3370106338180018,0.16161278343354424,task-model mean across ten CV folds
easygese:bean,Yd,pnngs,raw,1.118484343383586,1.0861164577383406,0.21196171526885593,task-model mean across ten CV folds
easygese:bean,Yd,soydngp,affine,1.0221097976869216,0.4944437709368706,0.13591794890424996,task-model mean across ten CV folds
easygese:bean,Yd,soydngp,isotonic,1.0777189926650554,0.2199786336414454,0.09678837310454738,task-model mean across ten CV folds
easygese:bean,Yd,soydngp,raw,1.0263232182797715,30.918386107572438,0.13591794890425,task-model mean across ten CV folds
easygese:bean,Yd,transformer,affine,0.9824098143246545,0.7087570026324296,0.30651200194852063,task-model mean across ten CV folds
easygese:bean,Yd,transformer,isotonic,1.0330243254073133,0.45356501260621185,0.26196147427874605,task-model mean across ten CV folds
easygese:bean,Yd,transformer,raw,1.5603796579886822,0.2860975936693516,0.3065120019485206,task-model mean across ten CV folds
easygese:lentil,DTF,cnn,affine,0.6725731837004705,0.9789225022952674,0.7611047993749506,task-model mean across ten CV folds
easygese:lentil,DTF,cnn,isotonic,0.7051361636156642,0.8767625745224498,0.7389123205256702,task-model mean across ten CV folds
easygese:lentil,DTF,cnn,raw,0.9007927540698418,3.3254767140088406,0.7611047993749506,task-model mean across ten CV folds
easygese:lentil,DTF,deepgs,affine,0.6350519794043467,0.9673003152862399,0.789303648409422,task-model mean across ten CV folds
easygese:lentil,DTF,deepgs,isotonic,0.6858863270585109,0.8758314670272028,0.7605074753496242,task-model mean across ten CV folds
easygese:lentil,DTF,deepgs,raw,0.8010682374258759,2.32861748605329,0.7893036484094219,task-model mean across ten CV folds
easygese:lentil,DTF,dnngp,affine,0.6423947264121865,0.9749331843630415,0.7827997717368628,task-model mean across ten CV folds
easygese:lentil,DTF,dnngp,isotonic,0.690868709496653,0.8983602149719511,0.7494656624905163,task-model mean across ten CV folds
easygese:lentil,DTF,dnngp,raw,1.1439400595882119,0.5532448956907768,0.7827997717368628,task-model mean across ten CV folds
easygese:lentil,DTF,mlp,affine,0.6048930811243827,0.9684937148334007,0.8112656134803485,task-model mean across ten CV folds
easygese:lentil,DTF,mlp,isotonic,0.6390476682518027,0.8915062103618666,0.7945794342600406,task-model mean across ten CV folds
easygese:lentil,DTF,mlp,raw,0.7458940380965536,0.6602682463625914,0.8112656134803485,task-model mean across ten CV folds
easygese:lentil,DTF,pnngs,affine,0.7640241869204835,0.9090650227051548,0.6885842806843734,task-model mean across ten CV folds
easygese:lentil,DTF,pnngs,isotonic,0.8079207729211773,0.7934809413000807,0.66291322904896,task-model mean across ten CV folds
easygese:lentil,DTF,pnngs,raw,0.929174724248137,2.0569990649411523,0.6885842806843734,task-model mean across ten CV folds
easygese:lentil,DTF,soydngp,affine,0.669649239127522,0.9238423797923021,0.7635770204952086,task-model mean across ten CV folds
easygese:lentil,DTF,soydngp,isotonic,0.7058391262933162,0.8823186119821184,0.7467473498408663,task-model mean across ten CV folds
easygese:lentil,DTF,soydngp,raw,0.666674107320169,1.1200854035311125,0.7635770204952086,task-model mean across ten CV folds
easygese:lentil,DTF,transformer,affine,0.6890378579276832,0.9400269331798505,0.7497020708269697,task-model mean across ten CV folds
easygese:lentil,DTF,transformer,isotonic,0.7191453400204141,0.8849686849872628,0.7363542774394025,task-model mean across ten CV folds
easygese:lentil,DTF,transformer,raw,1.769238806808083,0.46127587475583454,0.7497020708269698,task-model mean across ten CV folds
easygese:lentil,DTM,cnn,affine,0.5917284251573522,0.9713823599537154,0.8219091032994422,task-model mean across ten CV folds
easygese:lentil,DTM,cnn,isotonic,0.6116426003794876,0.9537009033673349,0.8051219423177498,task-model mean across ten CV folds
easygese:lentil,DTM,cnn,raw,0.7726255009561249,2.625154685553366,0.8219091032994423,task-model mean across ten CV folds
easygese:lentil,DTM,deepgs,affine,0.5777306981351169,0.9872160202440596,0.8297679706280793,task-model mean across ten CV folds
easygese:lentil,DTM,deepgs,isotonic,0.6044653747038218,0.9578197011360142,0.8099865190015827,task-model mean across ten CV folds
easygese:lentil,DTM,deepgs,raw,0.7641186566505074,2.222226606439677,0.8297679706280793,task-model mean across ten CV folds
easygese:lentil,DTM,dnngp,affine,0.5973078935628512,0.9715145627680482,0.8138974814306085,task-model mean across ten CV folds
easygese:lentil,DTM,dnngp,isotonic,0.6280296054183498,0.8988250105540369,0.791847639184443,task-model mean across ten CV folds
easygese:lentil,DTM,dnngp,raw,1.5828608779780569,0.45754761943068967,0.8138974814306087,task-model mean across ten CV folds
easygese:lentil,DTM,mlp,affine,0.5628806964693773,0.9969364723529142,0.836189261495106,task-model mean across ten CV folds
easygese:lentil,DTM,mlp,isotonic,0.6039419530044832,0.9550598898244902,0.8111577538494379,task-model mean across ten CV folds
easygese:lentil,DTM,mlp,raw,0.8881360811708575,0.5986606921642326,0.836189261495106,task-model mean across ten CV folds
easygese:lentil,DTM,pnngs,affine,0.6600905587631412,0.9487096099151133,0.7767053711084544,task-model mean across ten CV folds
easygese:lentil,DTM,pnngs,isotonic,0.6838326919347926,0.9245088975833827,0.7612338519129711,task-model mean across ten CV folds
easygese:lentil,DTM,pnngs,raw,0.8846538686525569,1.0522843143635672,0.7767053711084544,task-model mean across ten CV folds
easygese:lentil,DTM,soydngp,affine,0.6265029748489446,0.9671221011495496,0.798278131500049,task-model mean across ten CV folds
easygese:lentil,DTM,soydngp,isotonic,0.6622849443995641,0.8955524425301089,0.7742476033758983,task-model mean across ten CV folds
easygese:lentil,DTM,soydngp,raw,0.6283926510034747,1.0629904463114885,0.798278131500049,task-model mean across ten CV folds
easygese:lentil,DTM,transformer,affine,0.6210283977665527,0.9599955892909382,0.7970787726584699,task-model mean across ten CV folds
easygese:lentil,DTM,transformer,isotonic,0.655179736918317,0.9291367023402379,0.7794163776916396,task-model mean across ten CV folds
easygese:lentil,DTM,transformer,raw,1.1263385968438826,0.5734002405151384,0.7970787726584698,task-model mean across ten CV folds
easygese:lentil,DTS,cnn,affine,0.5791394251327329,0.971472796821675,0.8252355261980366,task-model mean across ten CV folds
easygese:lentil,DTS,cnn,isotonic,0.5963047532228694,0.952840360128605,0.8125774095034497,task-model mean across ten CV folds
easygese:lentil,DTS,cnn,raw,0.8009234460922322,2.7048005784979994,0.8252355261980368,task-model mean across ten CV folds
easygese:lentil,DTS,deepgs,affine,0.5584109685090936,0.9809676448724295,0.8369649067496534,task-model mean across ten CV folds
easygese:lentil,DTS,deepgs,isotonic,0.57277017924339,0.9534919471633815,0.8307311728533471,task-model mean across ten CV folds
easygese:lentil,DTS,deepgs,raw,0.7582177254513485,2.2886494964530617,0.8369649067496534,task-model mean across ten CV folds
easygese:lentil,DTS,dnngp,affine,0.5825516777416083,0.9587518564915459,0.8215114850938804,task-model mean across ten CV folds
easygese:lentil,DTS,dnngp,isotonic,0.602319214786758,0.929759163653963,0.8114358699388197,task-model mean across ten CV folds
easygese:lentil,DTS,dnngp,raw,1.4263496550281956,0.4774395914658459,0.8215114850938802,task-model mean across ten CV folds
easygese:lentil,DTS,mlp,affine,0.5337505199933499,0.9895038979588342,0.8517834964226385,task-model mean across ten CV folds
easygese:lentil,DTS,mlp,isotonic,0.5576651910874446,0.9482503205292065,0.8361503477400044,task-model mean across ten CV folds
easygese:lentil,DTS,mlp,raw,0.785472937629908,0.6307046571316809,0.8517834964226385,task-model mean across ten CV folds
easygese:lentil,DTS,pnngs,affine,0.6630732360069769,0.9361236315872168,0.7756363651673258,task-model mean across ten CV folds
easygese:lentil,DTS,pnngs,isotonic,0.6847725340553952,0.9057144388049292,0.7617734564454998,task-model mean across ten CV folds
easygese:lentil,DTS,pnngs,raw,0.8608412359848368,1.7065723041032683,0.7756363651673258,task-model mean across ten CV folds
easygese:lentil,DTS,soydngp,affine,0.6162467413380215,0.9212517314794194,0.8080019645685189,task-model mean across ten CV folds
easygese:lentil,DTS,soydngp,isotonic,0.6537803449579924,0.8530467967513479,0.7884219996037038,task-model mean across ten CV folds
easygese:lentil,DTS,soydngp,raw,0.6798912619948813,5.939505693396699,0.8080019645685186,task-model mean across ten CV folds
easygese:lentil,DTS,transformer,affine,0.6053546986155844,0.9057633159766143,0.8111317740102335,task-model mean across ten CV folds
easygese:lentil,DTS,transformer,isotonic,0.6304837261296442,0.9000982911127313,0.7932645115300099,task-model mean across ten CV folds
easygese:lentil,DTS,transformer,raw,1.5404662722082942,0.5250893177450828,0.8111317740102335,task-model mean across ten CV folds
easygese:lentil,REP,cnn,affine,0.7555722434153813,0.9352042899474624,0.6614759570021078,task-model mean across ten CV folds
easygese:lentil,REP,cnn,isotonic,0.7991776251377367,0.8183640919170116,0.637526197024036,task-model mean across ten CV folds
easygese:lentil,REP,cnn,raw,0.9034491872382144,3.5423701502677085,0.661475957002108,task-model mean across ten CV folds
easygese:lentil,REP,deepgs,affine,0.7444811537963179,0.9949696998891747,0.681629660213558,task-model mean across ten CV folds
easygese:lentil,REP,deepgs,isotonic,0.7862331787758573,0.8372015862301178,0.6524496677644069,task-model mean across ten CV folds
easygese:lentil,REP,deepgs,raw,0.8520795690162902,2.137174791696477,0.6816296602135581,task-model mean across ten CV folds
easygese:lentil,REP,dnngp,affine,0.7589964097750649,0.9705188365980681,0.6658053119902266,task-model mean across ten CV folds
easygese:lentil,REP,dnngp,isotonic,0.7986085386150951,0.8652750033809958,0.63267338593285,task-model mean across ten CV folds
easygese:lentil,REP,dnngp,raw,1.2320792483971263,0.8344320446567455,0.6658053119902269,task-model mean across ten CV folds
easygese:lentil,REP,mlp,affine,0.7349345680108241,0.9939854012855882,0.6926972281026152,task-model mean across ten CV folds
easygese:lentil,REP,mlp,isotonic,0.7716203863600418,0.8758144200338517,0.6653680504722592,task-model mean across ten CV folds
easygese:lentil,REP,mlp,raw,0.8370125562656296,0.6787091751582129,0.6926972281026152,task-model mean across ten CV folds
easygese:lentil,REP,pnngs,affine,0.9087588623440844,0.8623700281830018,0.4454954796367138,task-model mean across ten CV folds
easygese:lentil,REP,pnngs,isotonic,0.9236631177874768,0.7395962231208247,0.4504226824216474,task-model mean across ten CV folds
easygese:lentil,REP,pnngs,raw,1.17882514652086,1.9428997511616857,0.4454954796367142,task-model mean across ten CV folds
easygese:lentil,REP,soydngp,affine,0.7910712756125242,0.9812807606452733,0.6213007818051912,task-model mean across ten CV folds
easygese:lentil,REP,soydngp,isotonic,0.8397107644598807,0.80148716472023,0.5815901954174411,task-model mean across ten CV folds
easygese:lentil,REP,soydngp,raw,0.8025544215222938,1.080384245975748,0.6213007818051913,task-model mean across ten CV folds
easygese:lentil,REP,transformer,affine,0.8111391556257879,0.9249780173110695,0.6098595255164438,task-model mean across ten CV folds
easygese:lentil,REP,transformer,isotonic,0.8784756930249491,0.7578086148622101,0.5554394748822953,task-model mean across ten CV folds
easygese:lentil,REP,transformer,raw,1.4566986860354634,0.43409499173117433,0.6098595255164438,task-model mean across ten CV folds
easygese:lentil,VEG,cnn,affine,0.634199484229298,0.9590513136130028,0.7932863891370363,task-model mean across ten CV folds
easygese:lentil,VEG,cnn,isotonic,0.6585007635171773,0.9107627298444891,0.7807340358928461,task-model mean across ten CV folds
easygese:lentil,VEG,cnn,raw,0.8617780644046217,3.5003296566883706,0.7932863891370363,task-model mean across ten CV folds
easygese:lentil,VEG,deepgs,affine,0.6069640973412264,0.9887487701672732,0.8128879837106915,task-model mean across ten CV folds
easygese:lentil,VEG,deepgs,isotonic,0.6555754156373862,0.9064797811714916,0.7874858878927568,task-model mean across ten CV folds
easygese:lentil,VEG,deepgs,raw,0.7768205073948201,2.222793017488729,0.8128879837106915,task-model mean across ten CV folds
easygese:lentil,VEG,dnngp,affine,0.6060464727197188,0.964378385460537,0.8103968155406571,task-model mean across ten CV folds
easygese:lentil,VEG,dnngp,isotonic,0.6535312815301871,0.8835431172056571,0.7864042810106509,task-model mean across ten CV folds
easygese:lentil,VEG,dnngp,raw,1.2461510214808498,0.5141882932010075,0.8103968155406571,task-model mean across ten CV folds
easygese:lentil,VEG,mlp,affine,0.5717344637748301,0.9782305573076261,0.8352767044604675,task-model mean across ten CV folds
easygese:lentil,VEG,mlp,isotonic,0.6168913809253322,0.8910808396090374,0.8133339384143119,task-model mean across ten CV folds
easygese:lentil,VEG,mlp,raw,0.7135530282430314,0.6820506523200285,0.8352767044604674,task-model mean across ten CV folds
easygese:lentil,VEG,pnngs,affine,0.721721098392673,0.9295394938587241,0.727662649733901,task-model mean across ten CV folds
easygese:lentil,VEG,pnngs,isotonic,0.7373356346133365,0.8585001677971084,0.7123494648958376,task-model mean across ten CV folds
easygese:lentil,VEG,pnngs,raw,0.9153122311810904,2.2172438037276967,0.7276626497339012,task-model mean across ten CV folds
easygese:lentil,VEG,soydngp,affine,0.6555476255544613,0.9405855639062196,0.7845350970535392,task-model mean across ten CV folds
easygese:lentil,VEG,soydngp,isotonic,0.6958469379898797,0.8732429020018477,0.7585460077648112,task-model mean across ten CV folds
easygese:lentil,VEG,soydngp,raw,0.6461142086053335,1.0416944686433567,0.7845350970535391,task-model mean across ten CV folds
easygese:lentil,VEG,transformer,affine,0.6450667693215468,0.9312176240848651,0.7854595641175768,task-model mean across ten CV folds
easygese:lentil,VEG,transformer,isotonic,0.6794103812954633,0.872243458346061,0.7688788273693834,task-model mean across ten CV folds
easygese:lentil,VEG,transformer,raw,1.4329760591000325,0.4991231513585319,0.7854595641175769,task-model mean across ten CV folds
easygese:maize,Ear_Height_cm,cnn,affine,0.6495488392290711,0.9773479149761286,0.7618342012102394,task-model mean across ten CV folds
easygese:maize,Ear_Height_cm,cnn,isotonic,0.6551257551722653,0.9519670546861905,0.7575388046740773,task-model mean across ten CV folds
easygese:maize,Ear_Height_cm,cnn,raw,0.9687816694263661,17.256037916482587,0.7618342012102394,task-model mean across ten CV folds
easygese:maize,Ear_Height_cm,deepgs,affine,0.5821394081484753,0.9898445099914653,0.8140432877301068,task-model mean across ten CV folds
easygese:maize,Ear_Height_cm,deepgs,isotonic,0.5902492901131717,0.9589276623284404,0.8089594107017076,task-model mean across ten CV folds
easygese:maize,Ear_Height_cm,deepgs,raw,0.6622828264600245,1.2848182863715512,0.8140432877301066,task-model mean across ten CV folds
easygese:maize,Ear_Height_cm,dnngp,affine,0.5945515678990114,1.006842739860302,0.8056227067180168,task-model mean across ten CV folds
easygese:maize,Ear_Height_cm,dnngp,isotonic,0.6020834567580085,0.9813102276862441,0.8002661417276984,task-model mean across ten CV folds
easygese:maize,Ear_Height_cm,dnngp,raw,0.688591865115735,0.7466791446194345,0.8056227067180171,task-model mean across ten CV folds
easygese:maize,Ear_Height_cm,mlp,affine,0.5744820225680306,0.9939089938699075,0.8195763968737854,task-model mean across ten CV folds
easygese:maize,Ear_Height_cm,mlp,isotonic,0.5820392927283401,0.9694466058303286,0.8148335192833212,task-model mean across ten CV folds
easygese:maize,Ear_Height_cm,mlp,raw,0.9518444572738798,0.5422497195573095,0.819576396873785,task-model mean across ten CV folds
easygese:maize,Ear_Height_cm,pnngs,affine,0.7332106388195573,0.9894564672366795,0.6819375202066016,task-model mean across ten CV folds
easygese:maize,Ear_Height_cm,pnngs,isotonic,0.7446787066926743,0.9370625738384272,0.6713272097729315,task-model mean across ten CV folds
easygese:maize,Ear_Height_cm,pnngs,raw,0.9007557217172415,4.241587040411675,0.6819375202066017,task-model mean across ten CV folds
easygese:maize,Ear_Height_cm,soydngp,affine,0.6619250590395045,0.9808258173226886,0.7507159298659234,task-model mean across ten CV folds
easygese:maize,Ear_Height_cm,soydngp,isotonic,0.6684348665131807,0.9482677088365552,0.7461587837084606,task-model mean across ten CV folds
easygese:maize,Ear_Height_cm,soydngp,raw,1.3693211532139637,0.39817154407821626,0.7507159298659233,task-model mean across ten CV folds
easygese:maize,Ear_Height_cm,transformer,affine,0.6714154798256565,0.9913168952856821,0.7424682976522547,task-model mean across ten CV folds
easygese:maize,Ear_Height_cm,transformer,isotonic,0.679101887841725,0.9560872761463184,0.7365318273699792,task-model mean across ten CV folds
easygese:maize,Ear_Height_cm,transformer,raw,0.8202729176374115,1.440330517892121,0.7424682976522549,task-model mean across ten CV folds
easygese:maize,Grain_Moisture,cnn,affine,0.524576368441444,0.9948408705541703,0.8520568620322677,task-model mean across ten CV folds
easygese:maize,Grain_Moisture,cnn,isotonic,0.5304465904413608,0.970639849633803,0.848800592987563,task-model mean across ten CV folds
easygese:maize,Grain_Moisture,cnn,raw,0.9056379832720486,7.348558424889312,0.8520568620322676,task-model mean across ten CV folds
easygese:maize,Grain_Moisture,deepgs,affine,0.4867646823107263,0.9943005633676458,0.873843693941826,task-model mean across ten CV folds
easygese:maize,Grain_Moisture,deepgs,isotonic,0.48855314567993097,0.9677245455302946,0.8734883109332692,task-model mean across ten CV folds
easygese:maize,Grain_Moisture,deepgs,raw,0.6267259094863232,1.3801871735021223,0.873843693941826,task-model mean across ten CV folds
easygese:maize,Grain_Moisture,dnngp,affine,0.4951328764386383,1.006461258375921,0.8696239297265285,task-model mean across ten CV folds
easygese:maize,Grain_Moisture,dnngp,isotonic,0.5029190555119023,0.9821915702028228,0.8650315709359845,task-model mean across ten CV folds
easygese:maize,Grain_Moisture,dnngp,raw,0.7173643811836675,0.6628252371255468,0.8696239297265287,task-model mean across ten CV folds
easygese:maize,Grain_Moisture,mlp,affine,0.47298130974431096,1.0105992296686037,0.8818110096656937,task-model mean across ten CV folds
easygese:maize,Grain_Moisture,mlp,isotonic,0.47782826292898894,0.9898566191768545,0.8789676842320752,task-model mean across ten CV folds
easygese:maize,Grain_Moisture,mlp,raw,1.041713311017553,0.5023004704306034,0.8818110096656937,task-model mean across ten CV folds
easygese:maize,Grain_Moisture,pnngs,affine,0.6029076162101142,0.991629306062686,0.7982636179184914,task-model mean across ten CV folds
easygese:maize,Grain_Moisture,pnngs,isotonic,0.6092596570660596,0.9664253897119057,0.7941678702483863,task-model mean across ten CV folds
easygese:maize,Grain_Moisture,pnngs,raw,0.8533092443527813,3.7355121991490945,0.7982636179184913,task-model mean across ten CV folds
easygese:maize,Grain_Moisture,soydngp,affine,0.5191108449988462,0.9986785324262224,0.855654384326432,task-model mean across ten CV folds
easygese:maize,Grain_Moisture,soydngp,isotonic,0.5246878324142327,0.9714600953252571,0.8522619731766834,task-model mean across ten CV folds
easygese:maize,Grain_Moisture,soydngp,raw,1.4812336167727547,0.39318993379149836,0.855654384326432,task-model mean across ten CV folds
easygese:maize,Grain_Moisture,transformer,affine,0.5309603901406779,0.9987678080326654,0.8475026366695557,task-model mean across ten CV folds
easygese:maize,Grain_Moisture,transformer,isotonic,0.5378096678678553,0.9717638920409335,0.8437801866538391,task-model mean across ten CV folds
easygese:maize,Grain_Moisture,transformer,raw,0.6056387035865164,1.3735625021063878,0.8475026366695557,task-model mean across ten CV folds
easygese:maize,Plant_Height_cm,cnn,affine,0.5967202357209067,0.987335691552094,0.8044362938368087,task-model mean across ten CV folds
easygese:maize,Plant_Height_cm,cnn,isotonic,0.599812901056042,0.9658271485596359,0.8027683186247938,task-model mean across ten CV folds
easygese:maize,Plant_Height_cm,cnn,raw,0.9566867531153248,14.102365687782319,0.8044362938368087,task-model mean across ten CV folds
easygese:maize,Plant_Height_cm,deepgs,affine,0.5393055834728346,0.9976544086614018,0.843881889880785,task-model mean across ten CV folds
easygese:maize,Plant_Height_cm,deepgs,isotonic,0.547582670441689,0.9780879713481697,0.8386289194062277,task-model mean across ten CV folds
easygese:maize,Plant_Height_cm,deepgs,raw,0.6351421953923336,1.3836208765987088,0.843881889880785,task-model mean across ten CV folds
easygese:maize,Plant_Height_cm,dnngp,affine,0.563586090821418,0.9967980442052985,0.8280464079387558,task-model mean across ten CV folds
easygese:maize,Plant_Height_cm,dnngp,isotonic,0.5726797422154382,0.9716387171310918,0.8223795044509854,task-model mean across ten CV folds
easygese:maize,Plant_Height_cm,dnngp,raw,0.6892118385901609,0.721050400138299,0.8280464079387558,task-model mean across ten CV folds
easygese:maize,Plant_Height_cm,mlp,affine,0.5340102478334097,0.999270190759624,0.8470788684882956,task-model mean across ten CV folds
easygese:maize,Plant_Height_cm,mlp,isotonic,0.5445812129614531,0.9767674299685545,0.8404326014254593,task-model mean across ten CV folds
easygese:maize,Plant_Height_cm,mlp,raw,0.9670734382585955,0.5254466357708087,0.8470788684882956,task-model mean across ten CV folds
easygese:maize,Plant_Height_cm,pnngs,affine,0.676025819527103,0.9906271875521904,0.7386843113726689,task-model mean across ten CV folds
easygese:maize,Plant_Height_cm,pnngs,isotonic,0.6821109761741304,0.9573910409121629,0.7339826667441477,task-model mean across ten CV folds
easygese:maize,Plant_Height_cm,pnngs,raw,0.8931936122507637,3.5221491503161504,0.738684311372669,task-model mean across ten CV folds
easygese:maize,Plant_Height_cm,soydngp,affine,0.6202780315454465,0.9892868845325393,0.786184306736255,task-model mean across ten CV folds
easygese:maize,Plant_Height_cm,soydngp,isotonic,0.6264151290699896,0.9601906570988819,0.7819133335327891,task-model mean across ten CV folds
easygese:maize,Plant_Height_cm,soydngp,raw,1.6217143015946642,0.35210271848337327,0.7861843067362552,task-model mean across ten CV folds
easygese:maize,Plant_Height_cm,transformer,affine,0.6222778071138934,0.9856781627390776,0.783647299946299,task-model mean across ten CV folds
easygese:maize,Plant_Height_cm,transformer,isotonic,0.6302900893160962,0.9552365616866026,0.7782989463380944,task-model mean across ten CV folds
easygese:maize,Plant_Height_cm,transformer,raw,0.8044500234248451,1.407359982025045,0.7836472999462991,task-model mean across ten CV folds
easygese:maize,Pollen_DAP_days,cnn,affine,0.4082074222097152,0.9870002806701977,0.9132808781908182,task-model mean across ten CV folds
easygese:maize,Pollen_DAP_days,cnn,isotonic,0.41513399103623405,0.9734283562898506,0.9104272633089415,task-model mean across ten CV folds
easygese:maize,Pollen_DAP_days,cnn,raw,0.826333633702729,4.833922182939378,0.9132808781908182,task-model mean across ten CV folds
easygese:maize,Pollen_DAP_days,deepgs,affine,0.3769248951660726,0.9866793464223521,0.9265755472922684,task-model mean across ten CV folds
easygese:maize,Pollen_DAP_days,deepgs,isotonic,0.3775119381645943,0.9748669132214556,0.9265349759591549,task-model mean across ten CV folds
easygese:maize,Pollen_DAP_days,deepgs,raw,0.5216608764119418,1.3150753127826738,0.9265755472922684,task-model mean across ten CV folds
easygese:maize,Pollen_DAP_days,dnngp,affine,0.3911285176502168,0.9820790715035821,0.9206219259113423,task-model mean across ten CV folds
easygese:maize,Pollen_DAP_days,dnngp,isotonic,0.39845438572739206,0.9674961885248983,0.917799305443828,task-model mean across ten CV folds
easygese:maize,Pollen_DAP_days,dnngp,raw,0.8565423593381428,0.5533790166171646,0.9206219259113426,task-model mean across ten CV folds
easygese:maize,Pollen_DAP_days,mlp,affine,0.3702150605858491,0.9877652829128399,0.9293734929332617,task-model mean across ten CV folds
easygese:maize,Pollen_DAP_days,mlp,isotonic,0.3777719715994522,0.9724714628121438,0.9266729616127964,task-model mean across ten CV folds
easygese:maize,Pollen_DAP_days,mlp,raw,1.0217026621159488,0.501644518393924,0.9293734929332617,task-model mean across ten CV folds
easygese:maize,Pollen_DAP_days,pnngs,affine,0.5133756903685344,0.9855677803844725,0.8585240257711455,task-model mean across ten CV folds
easygese:maize,Pollen_DAP_days,pnngs,isotonic,0.5211125857488061,0.965051949840697,0.854470325740091,task-model mean across ten CV folds
easygese:maize,Pollen_DAP_days,pnngs,raw,0.9275792377689296,3.5928314410082436,0.8585240257711456,task-model mean across ten CV folds
easygese:maize,Pollen_DAP_days,soydngp,affine,0.41046202715908375,0.9882539941881804,0.9122673467585052,task-model mean across ten CV folds
easygese:maize,Pollen_DAP_days,soydngp,isotonic,0.41638646836500764,0.9746557823583357,0.9099111419153086,task-model mean across ten CV folds
easygese:maize,Pollen_DAP_days,soydngp,raw,1.5510334192435782,0.3845176410296914,0.9122673467585051,task-model mean across ten CV folds
easygese:maize,Pollen_DAP_days,transformer,affine,0.4284586387357508,0.9881743417795669,0.9039962552243317,task-model mean across ten CV folds
easygese:maize,Pollen_DAP_days,transformer,isotonic,0.43460873911619674,0.9758682378282728,0.9012846583857851,task-model mean across ten CV folds
easygese:maize,Pollen_DAP_days,transformer,raw,0.8119237831868216,1.3796369002650255,0.9039962552243317,task-model mean across ten CV folds
easygese:maize,Silk_DAP_days,cnn,affine,0.4191464846687861,0.9883293427511445,0.9083934395446459,task-model mean across ten CV folds
easygese:maize,Silk_DAP_days,cnn,isotonic,0.4252811630556349,0.9754093257990049,0.9057635272781921,task-model mean across ten CV folds
easygese:maize,Silk_DAP_days,cnn,raw,0.8366663268803602,4.929957011900998,0.9083934395446457,task-model mean across ten CV folds
easygese:maize,Silk_DAP_days,deepgs,affine,0.3847501091744948,0.9947165357121905,0.9234063206698682,task-model mean across ten CV folds
easygese:maize,Silk_DAP_days,deepgs,isotonic,0.3851745143799351,0.9803359522110547,0.9234046367801458,task-model mean across ten CV folds
easygese:maize,Silk_DAP_days,deepgs,raw,0.513149298717271,1.3380065105834693,0.9234063206698682,task-model mean across ten CV folds
easygese:maize,Silk_DAP_days,dnngp,affine,0.3965936307065968,0.9927218119272071,0.918317733019412,task-model mean across ten CV folds
easygese:maize,Silk_DAP_days,dnngp,isotonic,0.4046838157148748,0.9772726519432959,0.9150612553146592,task-model mean across ten CV folds
easygese:maize,Silk_DAP_days,dnngp,raw,1.0027330632558036,0.5072344182505343,0.9183177330194121,task-model mean across ten CV folds
easygese:maize,Silk_DAP_days,mlp,affine,0.37892890544410807,0.9888471298818533,0.925752432778763,task-model mean across ten CV folds
easygese:maize,Silk_DAP_days,mlp,isotonic,0.38695210570509014,0.9771935624152146,0.9226165296767711,task-model mean across ten CV folds
easygese:maize,Silk_DAP_days,mlp,raw,0.9563604914956703,0.5207449839778094,0.9257524327787632,task-model mean across ten CV folds
easygese:maize,Silk_DAP_days,pnngs,affine,0.5214238240560307,0.9903170342851961,0.854110530154814,task-model mean across ten CV folds
easygese:maize,Silk_DAP_days,pnngs,isotonic,0.5298607594075507,0.9734973412199978,0.849307833835527,task-model mean across ten CV folds
easygese:maize,Silk_DAP_days,pnngs,raw,0.88197975448252,3.4839651283878923,0.854110530154814,task-model mean across ten CV folds
easygese:maize,Silk_DAP_days,soydngp,affine,0.42261781237784024,0.9888956409852729,0.9067383965143543,task-model mean across ten CV folds
easygese:maize,Silk_DAP_days,soydngp,isotonic,0.4288236020361252,0.977780124706276,0.9040435335950736,task-model mean across ten CV folds
easygese:maize,Silk_DAP_days,soydngp,raw,1.5481881875320738,0.3836480820756183,0.9067383965143542,task-model mean across ten CV folds
easygese:maize,Silk_DAP_days,transformer,affine,0.4387732080088459,0.9916418621268722,0.8992012013015149,task-model mean across ten CV folds
easygese:maize,Silk_DAP_days,transformer,isotonic,0.4486134131009277,0.9710678330876471,0.8947549547799307,task-model mean across ten CV folds
easygese:maize,Silk_DAP_days,transformer,raw,0.7629133774409461,1.333960387207607,0.8992012013015149,task-model mean across ten CV folds
easygese:maize,Yield_Mg_ha,cnn,affine,0.8070497998523594,0.9601046592360818,0.5924627340072294,task-model mean across ten CV folds
easygese:maize,Yield_Mg_ha,cnn,isotonic,0.8148182346973798,0.9062745418786717,0.5844501334657431,task-model mean across ten CV folds
easygese:maize,Yield_Mg_ha,cnn,raw,0.9703279229669732,15.213380239142078,0.5924627340072294,task-model mean across ten CV folds
easygese:maize,Yield_Mg_ha,deepgs,affine,0.7663914041605056,0.9761970876136857,0.6447410889455518,task-model mean across ten CV folds
easygese:maize,Yield_Mg_ha,deepgs,isotonic,0.7755697379666586,0.9146962725795836,0.6362583831881549,task-model mean across ten CV folds
easygese:maize,Yield_Mg_ha,deepgs,raw,0.8235522942364643,1.2294854506922173,0.6447410889455518,task-model mean across ten CV folds
easygese:maize,Yield_Mg_ha,dnngp,affine,0.7960294429828748,0.977605893467049,0.6081360504962104,task-model mean across ten CV folds
easygese:maize,Yield_Mg_ha,dnngp,isotonic,0.8047387361525387,0.9140501215838913,0.5994824403673142,task-model mean across ten CV folds
easygese:maize,Yield_Mg_ha,dnngp,raw,0.8060946921172913,0.930152244788256,0.6081360504962107,task-model mean across ten CV folds
easygese:maize,Yield_Mg_ha,mlp,affine,0.762939049906427,0.9808411710072648,0.6488493392908738,task-model mean across ten CV folds
easygese:maize,Yield_Mg_ha,mlp,isotonic,0.7733128006593335,0.926259522992388,0.6386121545208521,task-model mean across ten CV folds
easygese:maize,Yield_Mg_ha,mlp,raw,0.9375891815771331,0.5892946382919833,0.6488493392908736,task-model mean across ten CV folds
easygese:maize,Yield_Mg_ha,pnngs,affine,0.8476615489593685,0.96025787293587,0.531687817544872,task-model mean across ten CV folds
easygese:maize,Yield_Mg_ha,pnngs,isotonic,0.8580383498794021,0.8773556595649803,0.5193630177911506,task-model mean across ten CV folds
easygese:maize,Yield_Mg_ha,pnngs,raw,0.9257015707740152,2.339379625243795,0.5316878175448722,task-model mean across ten CV folds
easygese:maize,Yield_Mg_ha,soydngp,affine,0.8144852120845515,0.9679979313095461,0.5832841937573106,task-model mean across ten CV folds
easygese:maize,Yield_Mg_ha,soydngp,isotonic,0.8254776906289127,0.9109538237479227,0.5716973824935693,task-model mean across ten CV folds
easygese:maize,Yield_Mg_ha,soydngp,raw,1.4601791136937248,0.34660094329236474,0.5832841937573106,task-model mean across ten CV folds
easygese:maize,Yield_Mg_ha,transformer,affine,0.8282361418188353,0.9868078124040404,0.5631181772727467,task-model mean across ten CV folds
easygese:maize,Yield_Mg_ha,transformer,isotonic,0.8362260490867472,0.9285132909780541,0.5527163185016771,task-model mean across ten CV folds
easygese:maize,Yield_Mg_ha,transformer,raw,1.519335425260783,1.7748083462543622,0.5631181772727469,task-model mean across ten CV folds
easygese:oyster,daydead,cnn,affine,1.034729663978642,0.7931628915896178,0.25681529320038166,task-model mean across ten CV folds
easygese:oyster,daydead,cnn,isotonic,1.0787584581675127,0.585866399603935,0.25473745788517216,task-model mean across ten CV folds
easygese:oyster,daydead,cnn,raw,1.02472860830573,4.290111992751325,0.25681529320038177,task-model mean across ten CV folds
easygese:oyster,daydead,deepgs,affine,1.039468177096057,0.7501372254466325,0.24619766288123,task-model mean across ten CV folds
easygese:oyster,daydead,deepgs,isotonic,1.0811371238880696,0.45922595832073193,0.2432351846589386,task-model mean across ten CV folds
easygese:oyster,daydead,deepgs,raw,1.1526156468115762,0.47946664238607833,0.24619766288122996,task-model mean across ten CV folds
easygese:oyster,daydead,dnngp,affine,1.0444950475095376,0.6242364365750006,0.21486334212166872,task-model mean across ten CV folds
easygese:oyster,daydead,dnngp,isotonic,1.0967966869388426,0.4376773759602795,0.2043689550741643,task-model mean across ten CV folds
easygese:oyster,daydead,dnngp,raw,1.2735679458361706,0.5999886804979824,0.21486334212166874,task-model mean across ten CV folds
easygese:oyster,daydead,mlp,affine,1.0443486045556096,0.7268893571013441,0.27027106783824417,task-model mean across ten CV folds
easygese:oyster,daydead,mlp,isotonic,1.084948871624348,0.5042644440360864,0.2735497493041084,task-model mean across ten CV folds
easygese:oyster,daydead,mlp,raw,1.0775428936919842,0.5143109540591597,0.27027106783824417,task-model mean across ten CV folds
easygese:oyster,daydead,pnngs,affine,1.0551944404447213,0.6988258674220355,0.23912913112127615,task-model mean across ten CV folds
easygese:oyster,daydead,pnngs,isotonic,1.07482672987071,0.4361294398051235,0.22650877112487583,task-model mean across ten CV folds
easygese:oyster,daydead,pnngs,raw,1.0130101926637571,4.0823150591192245,0.23912913112127607,task-model mean across ten CV folds
easygese:oyster,daydead,soydngp,affine,1.009578942788587,0.7964078594973323,0.3104489232752572,task-model mean across ten CV folds
easygese:oyster,daydead,soydngp,isotonic,1.0470944606645838,0.6236110284869075,0.31499878255830543,task-model mean across ten CV folds
easygese:oyster,daydead,soydngp,raw,0.9990264317629609,44.985440650812656,0.3104489232752588,task-model mean across ten CV folds
easygese:oyster,daydead,transformer,affine,1.0384674689502142,0.6983222788967794,0.2236944957649777,task-model mean across ten CV folds
easygese:oyster,daydead,transformer,isotonic,1.1286461203718237,0.4713783066017889,0.20997603768324713,task-model mean across ten CV folds
easygese:oyster,daydead,transformer,raw,2.196355835989453,0.10712442253374854,0.2236944957649777,task-model mean across ten CV folds
easygese:oyster,mm,cnn,affine,0.9302527702521364,0.9258815432583457,0.41513407088002074,task-model mean across ten CV folds
easygese:oyster,mm,cnn,isotonic,0.9636500628007655,0.701339418052656,0.38920039656180866,task-model mean across ten CV folds
easygese:oyster,mm,cnn,raw,1.0040608777694013,5.471173619642814,0.4151340708800209,task-model mean across ten CV folds
easygese:oyster,mm,deepgs,affine,0.9392840722779487,0.933006056347703,0.3979534228460652,task-model mean across ten CV folds
easygese:oyster,mm,deepgs,isotonic,0.957420360659493,0.695822202539061,0.38657287931002676,task-model mean across ten CV folds
easygese:oyster,mm,deepgs,raw,1.1395536675853744,0.6810030619926758,0.39795342284606505,task-model mean across ten CV folds
easygese:oyster,mm,dnngp,affine,0.9367395093052622,0.9447072944699336,0.39779648979235127,task-model mean across ten CV folds
easygese:oyster,mm,dnngp,isotonic,0.977535119782624,0.6453809837000098,0.3688604085576824,task-model mean across ten CV folds
easygese:oyster,mm,dnngp,raw,1.5992179476592627,0.3663635166270276,0.3977964897923512,task-model mean across ten CV folds
easygese:oyster,mm,mlp,affine,0.9309183893401235,0.8365196224212724,0.42690048703314,task-model mean across ten CV folds
easygese:oyster,mm,mlp,isotonic,0.9590683451900837,0.6376954966754551,0.41385746975101395,task-model mean across ten CV folds
easygese:oyster,mm,mlp,raw,1.000126397806397,0.6218973519025256,0.42690048703314004,task-model mean across ten CV folds
easygese:oyster,mm,pnngs,affine,0.9585268517503666,1.1336587360308508,0.36868552136645044,task-model mean across ten CV folds
easygese:oyster,mm,pnngs,isotonic,0.9968727281551828,0.6603555420574592,0.3194422574228784,task-model mean across ten CV folds
easygese:oyster,mm,pnngs,raw,1.0867112873323894,4.647410894040935,0.3686855213664506,task-model mean across ten CV folds
easygese:oyster,mm,soydngp,affine,0.9390622879723068,0.9907897597372195,0.39382719128004134,task-model mean across ten CV folds
easygese:oyster,mm,soydngp,isotonic,0.965893149177188,0.6851726255278012,0.36750760315829245,task-model mean across ten CV folds
easygese:oyster,mm,soydngp,raw,0.9689654067212737,4.287560220593459,0.39382719128004134,task-model mean across ten CV folds
easygese:oyster,mm,transformer,affine,0.9405110054545138,0.8421792404871802,0.38899248962475014,task-model mean across ten CV folds
easygese:oyster,mm,transformer,isotonic,0.9658633685567602,0.652543390932675,0.37665679625282594,task-model mean across ten CV folds
easygese:oyster,mm,transformer,raw,1.6190943936036741,0.34490397973781256,0.38899248962475014,task-model mean across ten CV folds
easygese:pig,MS,cnn,affine,0.9848624529839978,0.8382599664983564,0.2192910894718536,task-model mean across ten CV folds
easygese:pig,MS,cnn,isotonic,0.9967199741761104,0.597975685735752,0.2098866922687876,task-model mean across ten CV folds
easygese:pig,MS,cnn,raw,1.0220807285561775,6.408926909625022,0.2192910894718537,task-model mean across ten CV folds
easygese:pig,MS,deepgs,affine,0.9647311406535003,0.969880256661878,0.2910290117998283,task-model mean across ten CV folds
easygese:pig,MS,deepgs,isotonic,0.9796370448617354,0.6941546369362033,0.28524652892029256,task-model mean across ten CV folds
easygese:pig,MS,deepgs,raw,1.000932859213708,1.2991761104201045,0.2910290117998283,task-model mean across ten CV folds
easygese:pig,MS,dnngp,affine,0.9777479572874659,0.8962943350731573,0.26300303504263955,task-model mean across ten CV folds
easygese:pig,MS,dnngp,isotonic,1.002892127785249,0.6604982464438992,0.24734674406407375,task-model mean across ten CV folds
easygese:pig,MS,dnngp,raw,3.4222563086214826,0.08695035508107493,0.26300303504263955,task-model mean across ten CV folds
easygese:pig,MS,mlp,affine,0.9580699209361313,0.9795881155356587,0.312055732158397,task-model mean across ten CV folds
easygese:pig,MS,mlp,isotonic,0.9713656954968266,0.7297374427697992,0.29175426889858846,task-model mean across ten CV folds
easygese:pig,MS,mlp,raw,1.1778693599710046,0.3544501548508368,0.31205573215839705,task-model mean across ten CV folds
easygese:pig,MS,pnngs,affine,0.9810046831596673,0.9227192748813866,0.21758627554822393,task-model mean across ten CV folds
easygese:pig,MS,pnngs,isotonic,0.9890992638337286,0.6349997299005062,0.22561846165430252,task-model mean across ten CV folds
easygese:pig,MS,pnngs,raw,1.0865862667179085,1.4799159579089938,0.21758627554822393,task-model mean across ten CV folds
easygese:pig,MS,soydngp,affine,0.9737668691248592,0.8769592626466032,0.2647065855888826,task-model mean across ten CV folds
easygese:pig,MS,soydngp,isotonic,0.9885173627489523,0.6495310939585399,0.25113902767953733,task-model mean across ten CV folds
easygese:pig,MS,soydngp,raw,1.1680716497955697,4.446396245788879,0.2647065855888825,task-model mean across ten CV folds
easygese:pig,MS,transformer,affine,0.9716404946642772,0.9052497621954302,0.2706326999197046,task-model mean across ten CV folds
easygese:pig,MS,transformer,isotonic,0.9858591200750624,0.7022926264542417,0.25690261126596753,task-model mean across ten CV folds
easygese:pig,MS,transformer,raw,2.2465137834156947,0.3175288125557124,0.2706326999197046,task-model mean across ten CV folds
easygese:pig,PFAI,cnn,affine,0.9904340747668516,0.8489211106694876,0.18547198511730992,task-model mean across ten CV folds
easygese:pig,PFAI,cnn,isotonic,1.00382277559896,0.6081888710279768,0.1807652588116398,task-model mean across ten CV folds
easygese:pig,PFAI,cnn,raw,1.0160585057330191,6.33178879375646,0.1854719851173099,task-model mean across ten CV folds
easygese:pig,PFAI,deepgs,affine,0.9771643257916738,0.8892475325124198,0.2427720060975937,task-model mean across ten CV folds
easygese:pig,PFAI,deepgs,isotonic,0.9858375543737219,0.6375906279780017,0.2522173887592455,task-model mean across ten CV folds
easygese:pig,PFAI,deepgs,raw,1.0536570773867566,0.8921113816625551,0.24277200609759375,task-model mean across ten CV folds
easygese:pig,PFAI,dnngp,affine,0.9856905252909101,0.9600826656830364,0.2358925814414198,task-model mean across ten CV folds
easygese:pig,PFAI,dnngp,isotonic,0.9937407374802667,0.6667444337068577,0.23462825766089596,task-model mean across ten CV folds
easygese:pig,PFAI,dnngp,raw,3.750581977351973,0.07570212864595821,0.23589258144141984,task-model mean across ten CV folds
easygese:pig,PFAI,mlp,affine,0.9703825864575965,1.0133507373700694,0.2705156510782312,task-model mean across ten CV folds
easygese:pig,PFAI,mlp,isotonic,0.9741375784700264,0.7672238450474843,0.26125286512960344,task-model mean across ten CV folds
easygese:pig,PFAI,mlp,raw,1.205449215837159,0.30894940259663606,0.2705156510782313,task-model mean across ten CV folds
easygese:pig,PFAI,pnngs,affine,0.9922587448035836,0.8177604331156347,0.16964964532853663,task-model mean across ten CV folds
easygese:pig,PFAI,pnngs,isotonic,1.003031017403777,0.559184754659045,0.1705277209987903,task-model mean across ten CV folds
easygese:pig,PFAI,pnngs,raw,1.0261875073435787,1.6495445826087611,0.16964964532853655,task-model mean across ten CV folds
easygese:pig,PFAI,soydngp,affine,0.9844705261887162,0.7727422296889435,0.22146901510410136,task-model mean across ten CV folds
easygese:pig,PFAI,soydngp,isotonic,1.0008121116291966,0.5813210672174804,0.2233759609764217,task-model mean across ten CV folds
easygese:pig,PFAI,soydngp,raw,1.243313074112472,0.5013866053596416,0.22146901510410139,task-model mean across ten CV folds
easygese:pig,PFAI,transformer,affine,0.9812019460395834,0.8734024139248888,0.22991098234915613,task-model mean across ten CV folds
easygese:pig,PFAI,transformer,isotonic,0.9882258057674719,0.6419642555184337,0.23251361877643703,task-model mean across ten CV folds
easygese:pig,PFAI,transformer,raw,2.6061651521306315,0.36953049807164823,0.22991098234915616,task-model mean across ten CV folds
easygese:pine,BA,cnn,affine,0.6968741908571447,0.9986058937086243,0.7254957475813067,task-model mean across ten CV folds
easygese:pine,BA,cnn,isotonic,0.7155643827898654,0.9273336702328014,0.7086768151602485,task-model mean across ten CV folds
easygese:pine,BA,cnn,raw,0.7377372727682092,1.2405777060746135,0.7254957475813067,task-model mean across ten CV folds
easygese:pine,BA,deepgs,affine,0.6113022735946771,1.0265414128637043,0.7990976457243806,task-model mean across ten CV folds
easygese:pine,BA,deepgs,isotonic,0.6326978278807209,0.9535444684655741,0.7829828148245568,task-model mean across ten CV folds
easygese:pine,BA,deepgs,raw,0.7061715920913353,1.114033412224103,0.7990976457243807,task-model mean across ten CV folds
easygese:pine,BA,dnngp,affine,0.6228947204384101,1.0308597799331989,0.7941516921827235,task-model mean across ten CV folds
easygese:pine,BA,dnngp,isotonic,0.643120088997801,0.9676827255450242,0.7788688949680151,task-model mean across ten CV folds
easygese:pine,BA,dnngp,raw,8.398666621739505,0.1003399199349535,0.7941516921827236,task-model mean across ten CV folds
easygese:pine,BA,mlp,affine,0.5998962652250073,1.0038450100653638,0.8079905189368948,task-model mean across ten CV folds
easygese:pine,BA,mlp,isotonic,0.6210063814384734,0.9455404124939089,0.7950713564090301,task-model mean across ten CV folds
easygese:pine,BA,mlp,raw,0.7627457216929041,0.6346241171400027,0.8079905189368948,task-model mean across ten CV folds
easygese:pine,BA,pnngs,affine,0.9027709905526298,1.01804579172112,0.4762489206967972,task-model mean across ten CV folds
easygese:pine,BA,pnngs,isotonic,0.8827209125661846,0.8234578087393098,0.4872717887434351,task-model mean across ten CV folds
easygese:pine,BA,pnngs,raw,1.2311962184708716,2.0400294711966653,0.47624892069679714,task-model mean across ten CV folds
easygese:pine,BA,soydngp,affine,0.6245589510731333,1.0171504608586468,0.7892553968521454,task-model mean across ten CV folds
easygese:pine,BA,soydngp,isotonic,0.6429382980097336,0.9533015369886316,0.774525358815459,task-model mean across ten CV folds
easygese:pine,BA,soydngp,raw,0.6431645340718378,1.0652257588046128,0.7892553968521453,task-model mean across ten CV folds
easygese:pine,BA,transformer,affine,0.7040818671115573,0.983894666201565,0.7264510647856449,task-model mean across ten CV folds
easygese:pine,BA,transformer,isotonic,0.7222314725704162,0.9083123681100528,0.7138172395725703,task-model mean across ten CV folds
easygese:pine,BA,transformer,raw,0.964503295607692,0.5913422746756546,0.7264510647856446,task-model mean across ten CV folds
easygese:pine,BD,cnn,affine,0.6489086749779143,0.9692125392280975,0.7697986555986349,task-model mean across ten CV folds
easygese:pine,BD,cnn,isotonic,0.6768634919773147,0.9040004212960797,0.7525215519850762,task-model mean across ten CV folds
easygese:pine,BD,cnn,raw,0.7994201983079354,1.194344648922692,0.7697986555986349,task-model mean across ten CV folds
easygese:pine,BD,deepgs,affine,0.575136625461746,0.9825631954496978,0.8224537938843108,task-model mean across ten CV folds
easygese:pine,BD,deepgs,isotonic,0.601631204471111,0.9307028906216763,0.805919872905902,task-model mean across ten CV folds
easygese:pine,BD,deepgs,raw,0.6978169440008284,1.162641768810083,0.8224537938843106,task-model mean across ten CV folds
easygese:pine,BD,dnngp,affine,0.5933149889586351,0.9588192336350302,0.811944223767801,task-model mean across ten CV folds
easygese:pine,BD,dnngp,isotonic,0.6197855080089323,0.9067244099010887,0.7958529789974185,task-model mean across ten CV folds
easygese:pine,BD,dnngp,raw,7.693931693658667,0.11244932549850202,0.811944223767801,task-model mean across ten CV folds
easygese:pine,BD,mlp,affine,0.5688449221179432,0.9723375213829645,0.825577420247227,task-model mean across ten CV folds
easygese:pine,BD,mlp,isotonic,0.5938597530844041,0.9196587187292264,0.8104548273113761,task-model mean across ten CV folds
easygese:pine,BD,mlp,raw,0.732939793379801,0.6527471894870281,0.825577420247227,task-model mean across ten CV folds
easygese:pine,BD,pnngs,affine,0.8414676873681353,0.8940051028714933,0.5654871393512668,task-model mean across ten CV folds
easygese:pine,BD,pnngs,isotonic,0.8556968180829786,0.7892136319289921,0.5662773058602951,task-model mean across ten CV folds
easygese:pine,BD,pnngs,raw,0.963802031359562,1.9087326983760242,0.5654871393512666,task-model mean across ten CV folds
easygese:pine,BD,soydngp,affine,0.5986369501123902,0.9610090471426844,0.8045150629944375,task-model mean across ten CV folds
easygese:pine,BD,soydngp,isotonic,0.6330347737130757,0.8994722547082334,0.7857431503565432,task-model mean across ten CV folds
easygese:pine,BD,soydngp,raw,0.6201573937737129,0.9533042914964728,0.8045150629944378,task-model mean across ten CV folds
easygese:pine,BD,transformer,affine,0.7051695304732088,0.9639554031805974,0.7164407300469051,task-model mean across ten CV folds
easygese:pine,BD,transformer,isotonic,0.7368237344196147,0.8768998150874963,0.692534122395817,task-model mean across ten CV folds
easygese:pine,BD,transformer,raw,1.1691573323882944,0.6452975306673425,0.716440730046905,task-model mean across ten CV folds
easygese:pine,BLC,cnn,affine,0.6931492250774619,0.982734049525791,0.7234873929032837,task-model mean across ten CV folds
easygese:pine,BLC,cnn,isotonic,0.7152896653534965,0.9010645145056658,0.7065693542627968,task-model mean across ten CV folds
easygese:pine,BLC,cnn,raw,1.2434479317753617,0.7210654531313978,0.7234873929032836,task-model mean across ten CV folds
easygese:pine,BLC,deepgs,affine,0.6469164147126463,1.0051127330195229,0.7657391252029232,task-model mean across ten CV folds
easygese:pine,BLC,deepgs,isotonic,0.6752956252704969,0.9253836765049378,0.7456789896040872,task-model mean across ten CV folds
easygese:pine,BLC,deepgs,raw,0.7327841575223764,1.1036160185861106,0.7657391252029232,task-model mean across ten CV folds
easygese:pine,BLC,dnngp,affine,0.6468804441080487,0.9820281274223397,0.7662937142179251,task-model mean across ten CV folds
easygese:pine,BLC,dnngp,isotonic,0.6764794299415321,0.9061012606452359,0.7454895944323809,task-model mean across ten CV folds
easygese:pine,BLC,dnngp,raw,7.4889614690569815,0.10375581540303513,0.766293714217925,task-model mean across ten CV folds
easygese:pine,BLC,mlp,affine,0.6208692435038257,1.0134598469337528,0.7873352326884675,task-model mean across ten CV folds
easygese:pine,BLC,mlp,isotonic,0.6476397392990713,0.9420500879877066,0.7683055869779863,task-model mean across ten CV folds
easygese:pine,BLC,mlp,raw,0.7890560164490533,0.6251024117140925,0.7873352326884675,task-model mean across ten CV folds
easygese:pine,BLC,pnngs,affine,0.8821815401756453,0.9508922201325978,0.48749628853125937,task-model mean across ten CV folds
easygese:pine,BLC,pnngs,isotonic,0.8963090143575491,0.8162983600624176,0.4787673798954599,task-model mean across ten CV folds
easygese:pine,BLC,pnngs,raw,0.9710527339904763,1.8975982058642493,0.4874962885312595,task-model mean across ten CV folds
easygese:pine,BLC,soydngp,affine,0.6432381853709023,1.0170143636733284,0.7684599732967773,task-model mean across ten CV folds
easygese:pine,BLC,soydngp,isotonic,0.6708919258165369,0.9397212506542276,0.7487302371750552,task-model mean across ten CV folds
easygese:pine,BLC,soydngp,raw,0.669738120936187,1.0215326913169231,0.7684599732967773,task-model mean across ten CV folds
easygese:pine,BLC,transformer,affine,0.7416447057373439,0.9716907333090221,0.6760579225784373,task-model mean across ten CV folds
easygese:pine,BLC,transformer,isotonic,0.752362278059401,0.9173168826600469,0.6689763651646277,task-model mean across ten CV folds
easygese:pine,BLC,transformer,raw,1.06389503518305,0.5184404895599575,0.6760579225784372,task-model mean across ten CV folds
easygese:pine,CWAC,cnn,affine,0.7808048304000239,1.0025366338312864,0.6379441891197336,task-model mean across ten CV folds
easygese:pine,CWAC,cnn,isotonic,0.7947285955706265,0.9083516421248659,0.6269263341169445,task-model mean across ten CV folds
easygese:pine,CWAC,cnn,raw,0.949641514513402,1.1439652973188699,0.6379441891197335,task-model mean across ten CV folds
easygese:pine,CWAC,deepgs,affine,0.723244345721708,1.0044795893511533,0.6997195625182707,task-model mean across ten CV folds
easygese:pine,CWAC,deepgs,isotonic,0.7354932294299796,0.9174140180728136,0.688876399990673,task-model mean across ten CV folds
easygese:pine,CWAC,deepgs,raw,0.8304097375587001,1.0530056493192197,0.6997195625182708,task-model mean across ten CV folds
easygese:pine,CWAC,dnngp,affine,0.7420056577894412,1.0195863416404116,0.681739088345053,task-model mean across ten CV folds
easygese:pine,CWAC,dnngp,isotonic,0.7510912481280896,0.9245837833840547,0.6756682997362722,task-model mean across ten CV folds
easygese:pine,CWAC,dnngp,raw,7.12864488764208,0.09654763597800516,0.6817390883450528,task-model mean across ten CV folds
easygese:pine,CWAC,mlp,affine,0.7210568696890438,0.9976936935009139,0.703600867921485,task-model mean across ten CV folds
easygese:pine,CWAC,mlp,isotonic,0.741890544674569,0.9121900381798099,0.6899750897566762,task-model mean across ten CV folds
easygese:pine,CWAC,mlp,raw,0.8629031144794904,0.6128325212934682,0.7036008679214849,task-model mean across ten CV folds
easygese:pine,CWAC,pnngs,affine,0.931181690944667,0.896617408313762,0.404612418098705,task-model mean across ten CV folds
easygese:pine,CWAC,pnngs,isotonic,0.9427763571850084,0.7221596557736875,0.3928168542170079,task-model mean across ten CV folds
easygese:pine,CWAC,pnngs,raw,1.0200038756927123,1.4236850236697396,0.4046124180987051,task-model mean across ten CV folds
easygese:pine,CWAC,soydngp,affine,0.7320840714515985,0.996846256296687,0.6899227441628385,task-model mean across ten CV folds
easygese:pine,CWAC,soydngp,isotonic,0.7509422701195662,0.9019105978645017,0.6741497286528848,task-model mean across ten CV folds
easygese:pine,CWAC,soydngp,raw,0.7397116078130384,1.027135865813673,0.6899227441628386,task-model mean across ten CV folds
easygese:pine,CWAC,transformer,affine,0.8019323467465934,1.010209357481762,0.6131291698179692,task-model mean across ten CV folds
easygese:pine,CWAC,transformer,isotonic,0.8206889282422599,0.9013055581710157,0.5992107419298218,task-model mean across ten CV folds
easygese:pine,CWAC,transformer,raw,1.2649353046954368,0.4737088985479123,0.6131291698179695,task-model mean across ten CV folds
easygese:pine,CWAL,cnn,affine,0.7338483659317657,1.017189195066948,0.6867769278437292,task-model mean across ten CV folds
easygese:pine,CWAL,cnn,isotonic,0.7516741034378613,0.9230528091773784,0.6702046950239494,task-model mean across ten CV folds
easygese:pine,CWAL,cnn,raw,0.9719753347120186,0.9522474698539991,0.6867769278437292,task-model mean across ten CV folds
easygese:pine,CWAL,deepgs,affine,0.6587436744916286,1.0045409910831817,0.7603246983809491,task-model mean across ten CV folds
easygese:pine,CWAL,deepgs,isotonic,0.6767852407669128,0.9252247510578725,0.7496989849271702,task-model mean across ten CV folds
easygese:pine,CWAL,deepgs,raw,0.7588498746145772,1.0735292565936145,0.7603246983809491,task-model mean across ten CV folds
easygese:pine,CWAL,dnngp,affine,0.6678915044033428,1.0085290813775258,0.7505233084745273,task-model mean across ten CV folds
easygese:pine,CWAL,dnngp,isotonic,0.683950929715916,0.9309962063071155,0.7406065000488009,task-model mean across ten CV folds
easygese:pine,CWAL,dnngp,raw,7.269564419170152,0.10415388970048492,0.7505233084745271,task-model mean across ten CV folds
easygese:pine,CWAL,mlp,affine,0.6549989701055925,1.0014962392851756,0.762183610350022,task-model mean across ten CV folds
easygese:pine,CWAL,mlp,isotonic,0.6789698704834846,0.90575867825729,0.7450942725506684,task-model mean across ten CV folds
easygese:pine,CWAL,mlp,raw,0.803388711225095,0.6458123133975268,0.7621836103500218,task-model mean across ten CV folds
easygese:pine,CWAL,pnngs,affine,0.887469132321591,0.9219175089548559,0.48140081257804185,task-model mean across ten CV folds
easygese:pine,CWAL,pnngs,isotonic,0.8938505924164639,0.8155027803069874,0.4832587222125574,task-model mean across ten CV folds
easygese:pine,CWAL,pnngs,raw,0.9663162319523085,1.7891007727775279,0.48140081257804174,task-model mean across ten CV folds
easygese:pine,CWAL,soydngp,affine,0.6764355866157352,0.9873579198193057,0.7442211200274895,task-model mean across ten CV folds
easygese:pine,CWAL,soydngp,isotonic,0.6933812486317681,0.9191170354611179,0.7339419824170019,task-model mean across ten CV folds
easygese:pine,CWAL,soydngp,raw,0.6998819165466669,1.0267980527627218,0.7442211200274895,task-model mean across ten CV folds
easygese:pine,CWAL,transformer,affine,0.7803141971650386,0.9714943717263951,0.6384003890302526,task-model mean across ten CV folds
easygese:pine,CWAL,transformer,isotonic,0.7985770432566908,0.8685127471763311,0.6229784579236929,task-model mean across ten CV folds
easygese:pine,CWAL,transformer,raw,1.225392075175027,0.4741949653208281,0.6384003890302525,task-model mean across ten CV folds
easygese:pine,DBH,cnn,affine,0.7698431801652358,1.0140892845915697,0.6480513566377576,task-model mean across ten CV folds
easygese:pine,DBH,cnn,isotonic,0.7840997358036195,0.922060282885259,0.6332804193724623,task-model mean across ten CV folds
easygese:pine,DBH,cnn,raw,0.8954874412332027,1.2397798452165183,0.6480513566377576,task-model mean across ten CV folds
easygese:pine,DBH,deepgs,affine,0.7074365349546008,0.9993509014890307,0.7157626451119066,task-model mean across ten CV folds
easygese:pine,DBH,deepgs,isotonic,0.7275346647395995,0.9113987643987074,0.6977181434697658,task-model mean across ten CV folds
easygese:pine,DBH,deepgs,raw,0.8089850275061019,1.109116209418311,0.7157626451119066,task-model mean across ten CV folds
easygese:pine,DBH,dnngp,affine,0.7169652310283102,1.0039638405350084,0.7053770174150774,task-model mean across ten CV folds
easygese:pine,DBH,dnngp,isotonic,0.7405793170819552,0.9398179618038658,0.683630804808389,task-model mean across ten CV folds
easygese:pine,DBH,dnngp,raw,8.27119679082156,0.09007545821053656,0.7053770174150772,task-model mean across ten CV folds
easygese:pine,DBH,mlp,affine,0.7021147027010906,1.0136494857544374,0.7202505529510013,task-model mean across ten CV folds
easygese:pine,DBH,mlp,isotonic,0.7247467160710428,0.9400841177586535,0.6984870541466031,task-model mean across ten CV folds
easygese:pine,DBH,mlp,raw,0.8418200521482815,0.6196720587042664,0.720250552951001,task-model mean across ten CV folds
easygese:pine,DBH,pnngs,affine,0.9474204550419293,0.904203420219354,0.36950083950584056,task-model mean across ten CV folds
easygese:pine,DBH,pnngs,isotonic,0.9614143099619381,0.660955736441714,0.3537921426790576,task-model mean across ten CV folds
easygese:pine,DBH,pnngs,raw,1.0030256169533096,1.5083518243558487,0.36950083950584056,task-model mean across ten CV folds
easygese:pine,DBH,soydngp,affine,0.7222398708943543,0.9938751900737328,0.6985207375510254,task-model mean across ten CV folds
easygese:pine,DBH,soydngp,isotonic,0.7484559576613767,0.8910100625356417,0.675345891455554,task-model mean across ten CV folds
easygese:pine,DBH,soydngp,raw,0.739669640257562,1.0481155871549381,0.6985207375510258,task-model mean across ten CV folds
easygese:pine,DBH,transformer,affine,0.8160524156376804,1.0161976314087007,0.5919257336623678,task-model mean across ten CV folds
easygese:pine,DBH,transformer,isotonic,0.8331918227749954,0.8740403710601186,0.5722288933169105,task-model mean across ten CV folds
easygese:pine,DBH,transformer,raw,1.1813485376871649,0.46681643745219076,0.5919257336623678,task-model mean across ten CV folds
easygese:pine,HT,cnn,affine,0.857804380731008,0.9996210864094083,0.5352598953735821,task-model mean across ten CV folds
easygese:pine,HT,cnn,isotonic,0.8857217871807868,0.8469054616479207,0.4994133064739884,task-model mean across ten CV folds
easygese:pine,HT,cnn,raw,1.4031836856808968,0.6584111897856809,0.5352598953735822,task-model mean across ten CV folds
easygese:pine,HT,deepgs,affine,0.8046799229852798,1.0036343067088753,0.6130660341646517,task-model mean across ten CV folds
easygese:pine,HT,deepgs,isotonic,0.8180825337380279,0.9010621222316961,0.6028180325025879,task-model mean across ten CV folds
easygese:pine,HT,deepgs,raw,0.8935098262305532,1.0848067292879726,0.6130660341646517,task-model mean across ten CV folds
easygese:pine,HT,dnngp,affine,0.817339333951951,0.9922646536192643,0.5959124346266629,task-model mean across ten CV folds
easygese:pine,HT,dnngp,isotonic,0.8327569669938579,0.8870554667653024,0.5827289893170902,task-model mean across ten CV folds
easygese:pine,HT,dnngp,raw,6.5912348860735195,0.1019168612924027,0.595912434626663,task-model mean across ten CV folds
easygese:pine,HT,mlp,affine,0.8035497523337336,0.9873110676192706,0.6093995189167783,task-model mean across ten CV folds
easygese:pine,HT,mlp,isotonic,0.8187327370019959,0.8935793758624705,0.5958647025624801,task-model mean across ten CV folds
easygese:pine,HT,mlp,raw,0.9357348962422736,0.5719724271938724,0.6093995189167785,task-model mean across ten CV folds
easygese:pine,HT,pnngs,affine,0.9959650799943043,0.8778161270191006,0.24277630193488337,task-model mean across ten CV folds
easygese:pine,HT,pnngs,isotonic,1.0103797279410078,0.5621946358289858,0.23069084058028305,task-model mean across ten CV folds
easygese:pine,HT,pnngs,raw,1.0674008884514756,1.2006389670604038,0.24277630193488342,task-model mean across ten CV folds
easygese:pine,HT,soydngp,affine,0.8065976077681501,0.9999066117201624,0.606741338916873,task-model mean across ten CV folds
easygese:pine,HT,soydngp,isotonic,0.8296563437598478,0.8887028572099362,0.5840188814783609,task-model mean across ten CV folds
easygese:pine,HT,soydngp,raw,0.8620265352426213,1.1485572263598296,0.606741338916873,task-model mean across ten CV folds
easygese:pine,HT,transformer,affine,0.8808925877629747,0.9922505694189597,0.498443180606151,task-model mean across ten CV folds
easygese:pine,HT,transformer,isotonic,0.9064935485284964,0.7979567569589354,0.47061373677972335,task-model mean across ten CV folds
easygese:pine,HT,transformer,raw,1.496722640283123,0.4647125525798194,0.4984431806061512,task-model mean across ten CV folds
easygese:pine,HTLC,cnn,affine,0.6997307485250592,1.0169582318706292,0.7225588250396258,task-model mean across ten CV folds
easygese:pine,HTLC,cnn,isotonic,0.7159652756306268,0.9312411403743583,0.7080206199584158,task-model mean across ten CV folds
easygese:pine,HTLC,cnn,raw,0.8386971202399428,1.3332073768283066,0.7225588250396258,task-model mean across ten CV folds
easygese:pine,HTLC,deepgs,affine,0.6451607651358489,1.012107348381185,0.7710625391299005,task-model mean across ten CV folds
easygese:pine,HTLC,deepgs,isotonic,0.6656475390542441,0.9409286878996351,0.7561165698776371,task-model mean across ten CV folds
easygese:pine,HTLC,deepgs,raw,0.7329226256291461,1.07148652126522,0.7710625391299003,task-model mean across ten CV folds
easygese:pine,HTLC,dnngp,affine,0.6472536120560397,0.9991128616299625,0.7683686493826463,task-model mean across ten CV folds
easygese:pine,HTLC,dnngp,isotonic,0.6662353755237059,0.932201990158936,0.7538902954104062,task-model mean across ten CV folds
easygese:pine,HTLC,dnngp,raw,7.67768192916444,0.09712719141015969,0.7683686493826464,task-model mean across ten CV folds
easygese:pine,HTLC,mlp,affine,0.6308989954527255,1.0133545630681553,0.7815240748198875,task-model mean across ten CV folds
easygese:pine,HTLC,mlp,isotonic,0.6474127441419649,0.9468261485532323,0.7694289092541793,task-model mean across ten CV folds
easygese:pine,HTLC,mlp,raw,0.7811052485214787,0.6452862863126047,0.7815240748198873,task-model mean across ten CV folds
easygese:pine,HTLC,pnngs,affine,0.8703413822329201,0.9751351527761825,0.5145948194903531,task-model mean across ten CV folds
easygese:pine,HTLC,pnngs,isotonic,0.8803160996815912,0.8592575393234745,0.5069391414202975,task-model mean across ten CV folds
easygese:pine,HTLC,pnngs,raw,1.0515792641599009,1.9525347409823908,0.5145948194903531,task-model mean across ten CV folds
easygese:pine,HTLC,soydngp,affine,0.6501895873048708,1.0136100326564441,0.767473886846254,task-model mean across ten CV folds
easygese:pine,HTLC,soydngp,isotonic,0.6673289957150219,0.9495263969825029,0.7552273188515666,task-model mean across ten CV folds
easygese:pine,HTLC,soydngp,raw,0.6790787874710447,1.0192427264241644,0.7674738868462537,task-model mean across ten CV folds
easygese:pine,HTLC,transformer,affine,0.7646831311103246,0.990907754497643,0.6616282773544007,task-model mean across ten CV folds
easygese:pine,HTLC,transformer,isotonic,0.7893296613827296,0.8813772985630276,0.6410084253167323,task-model mean across ten CV folds
easygese:pine,HTLC,transformer,raw,1.1768393107810065,0.4794806686032267,0.6616282773544007,task-model mean across ten CV folds
easygese:pine,c5c6,cnn,affine,0.5313178872675073,0.9927210653753857,0.8517156773448779,task-model mean across ten CV folds
easygese:pine,c5c6,cnn,isotonic,0.5570673980608084,0.9426631539332719,0.8366291768996774,task-model mean across ten CV folds
easygese:pine,c5c6,cnn,raw,0.6972445626551886,1.0833832566940282,0.8517156773448775,task-model mean across ten CV folds
easygese:pine,c5c6,deepgs,affine,0.4647497060908794,0.9882974907659552,0.8884793244677311,task-model mean across ten CV folds
easygese:pine,c5c6,deepgs,isotonic,0.46776617232462814,0.9600060795922408,0.886851717875263,task-model mean across ten CV folds
easygese:pine,c5c6,deepgs,raw,0.6481877471401478,1.216750822189096,0.8884793244677311,task-model mean across ten CV folds
easygese:pine,c5c6,dnngp,affine,0.43281463549760246,0.9953280675749507,0.9035192942120606,task-model mean across ten CV folds
easygese:pine,c5c6,dnngp,isotonic,0.447144100632016,0.9693137032862588,0.8967325855047653,task-model mean across ten CV folds
easygese:pine,c5c6,dnngp,raw,10.653212037113311,0.08073096591014742,0.9035192942120602,task-model mean across ten CV folds
easygese:pine,c5c6,mlp,affine,0.42236382147243495,0.9846745933934613,0.9092042268093203,task-model mean across ten CV folds
easygese:pine,c5c6,mlp,isotonic,0.4295174165110013,0.9715500719090084,0.9056848501947524,task-model mean across ten CV folds
easygese:pine,c5c6,mlp,raw,0.63268737047494,0.66498645494422,0.9092042268093203,task-model mean across ten CV folds
easygese:pine,c5c6,pnngs,affine,0.7848446939519208,0.9255351845787375,0.6396774311817726,task-model mean across ten CV folds
easygese:pine,c5c6,pnngs,isotonic,0.8151464084587168,0.8273685319062467,0.617935696409784,task-model mean across ten CV folds
easygese:pine,c5c6,pnngs,raw,1.1390905247338283,1.3961636755519957,0.6396774311817726,task-model mean across ten CV folds
easygese:pine,c5c6,soydngp,affine,0.45101401411574243,0.989439458571702,0.8954204375577552,task-model mean across ten CV folds
easygese:pine,c5c6,soydngp,isotonic,0.46994848744579343,0.9818410272280964,0.8852851599656735,task-model mean across ten CV folds
easygese:pine,c5c6,soydngp,raw,0.5002859730352753,1.0177189633182606,0.8954204375577554,task-model mean across ten CV folds
easygese:pine,c5c6,transformer,affine,0.5878570978601438,0.9815118399605887,0.8150009251746313,task-model mean across ten CV folds
easygese:pine,c5c6,transformer,isotonic,0.6057631199961147,0.935311258092858,0.8039100704674473,task-model mean across ten CV folds
easygese:pine,c5c6,transformer,raw,0.8420463796576392,0.712265737075855,0.8150009251746313,task-model mean across ten CV folds
easygese:pine,density,cnn,affine,0.46665552369101704,0.9817216229119362,0.8861605583655194,task-model mean across ten CV folds
easygese:pine,density,cnn,isotonic,0.4818226217005074,0.9477084138019704,0.8802026441899355,task-model mean across ten CV folds
easygese:pine,density,cnn,raw,0.5425965867314783,1.1193148967591475,0.8861605583655192,task-model mean across ten CV folds
easygese:pine,density,deepgs,affine,0.3678967142514452,0.9907132188139199,0.9311235959486274,task-model mean across ten CV folds
easygese:pine,density,deepgs,isotonic,0.37484696936610107,0.9672714279815373,0.9289751360938686,task-model mean across ten CV folds
easygese:pine,density,deepgs,raw,0.5375678889726261,1.2125491289696224,0.9311235959486274,task-model mean across ten CV folds
easygese:pine,density,dnngp,affine,0.3421006906278242,0.9897548328672702,0.9406939478318103,task-model mean across ten CV folds
easygese:pine,density,dnngp,isotonic,0.35825593721307736,0.9701814722221764,0.9348369017030462,task-model mean across ten CV folds
easygese:pine,density,dnngp,raw,10.859743795844677,0.0828047245378446,0.9406939478318105,task-model mean across ten CV folds
easygese:pine,density,mlp,affine,0.331579874333265,0.9902669357493696,0.9445235013061339,task-model mean across ten CV folds
easygese:pine,density,mlp,isotonic,0.3481161984712169,0.9778150543978,0.9388341536558963,task-model mean across ten CV folds
easygese:pine,density,mlp,raw,0.5924205097801634,0.6664186009135125,0.944523501306134,task-model mean across ten CV folds
easygese:pine,density,pnngs,affine,0.7959999128290376,0.9283390349962548,0.625218617382958,task-model mean across ten CV folds
easygese:pine,density,pnngs,isotonic,0.8056883148924475,0.8233253871533115,0.6220028828660186,task-model mean across ten CV folds
easygese:pine,density,pnngs,raw,0.9831749022874415,1.5644974472230044,0.6252186173829578,task-model mean across ten CV folds
easygese:pine,density,soydngp,affine,0.3686418334838563,0.9950075395403802,0.9317283069302651,task-model mean across ten CV folds
easygese:pine,density,soydngp,isotonic,0.38076930182482294,0.9834918944695715,0.9266733338971255,task-model mean across ten CV folds
easygese:pine,density,soydngp,raw,0.5443159983609893,0.9281738323793997,0.9317283069302649,task-model mean across ten CV folds
easygese:pine,density,transformer,affine,0.47772305659568437,1.0023148028871751,0.8801756426872707,task-model mean across ten CV folds
easygese:pine,density,transformer,isotonic,0.4936604249514197,0.9686809571189666,0.872362923724876,task-model mean across ten CV folds
easygese:pine,density,transformer,raw,1.1572086507930632,0.6100612980675524,0.8801756426872709,task-model mean across ten CV folds
easygese:pine,gall,cnn,affine,0.5598376164202212,0.9662954022743836,0.8301503849176198,task-model mean across ten CV folds
easygese:pine,gall,cnn,isotonic,0.5799950814244127,0.9235795549030603,0.8190034707778631,task-model mean across ten CV folds
easygese:pine,gall,cnn,raw,0.6485235060209563,1.0860758424413235,0.8301503849176199,task-model mean across ten CV folds
easygese:pine,gall,deepgs,affine,0.5017887948613455,0.9867096057655909,0.8679228326752133,task-model mean across ten CV folds
easygese:pine,gall,deepgs,isotonic,0.5183232302840002,0.9333462039609868,0.8608813838140523,task-model mean across ten CV folds
easygese:pine,gall,deepgs,raw,0.6387939881839548,1.2442723286690336,0.8679228326752133,task-model mean across ten CV folds
easygese:pine,gall,dnngp,affine,0.46760695505387406,0.9887547183604907,0.8861294993976561,task-model mean across ten CV folds
easygese:pine,gall,dnngp,isotonic,0.48947636778229214,0.9568685696428263,0.8764260616622016,task-model mean across ten CV folds
easygese:pine,gall,dnngp,raw,11.236778232781177,0.0766770519971465,0.8861294993976558,task-model mean across ten CV folds
easygese:pine,gall,mlp,affine,0.45942135186994093,0.9878372586487894,0.8905052574040134,task-model mean across ten CV folds
easygese:pine,gall,mlp,isotonic,0.4844743115970275,0.9540875583996223,0.8795333691065899,task-model mean across ten CV folds
easygese:pine,gall,mlp,raw,0.6668772364328619,0.6685190050167876,0.8905052574040132,task-model mean across ten CV folds
easygese:pine,gall,pnngs,affine,0.824671087002564,0.8882128867082871,0.5772213875808664,task-model mean across ten CV folds
easygese:pine,gall,pnngs,isotonic,0.8201187236575131,0.8709274812626642,0.5863734545375457,task-model mean across ten CV folds
easygese:pine,gall,pnngs,raw,1.0772439843277244,1.1820845171283714,0.5772213875808664,task-model mean across ten CV folds
easygese:pine,gall,soydngp,affine,0.4965115442061472,0.9822162946495692,0.8703109645278069,task-model mean across ten CV folds
easygese:pine,gall,soydngp,isotonic,0.5185339021279618,0.9494843669118571,0.8591624195943032,task-model mean across ten CV folds
easygese:pine,gall,soydngp,raw,0.5922993370855989,1.0066882230261884,0.8703109645278067,task-model mean across ten CV folds
easygese:pine,gall,transformer,affine,0.5986418570172616,1.0212318258566295,0.805344950051022,task-model mean across ten CV folds
easygese:pine,gall,transformer,isotonic,0.6118018177607063,0.967393148148329,0.7974101509784873,task-model mean across ten CV folds
easygese:pine,gall,transformer,raw,1.2765883416942594,0.6613560473006299,0.805344950051022,task-model mean across ten CV folds
easygese:pine,lateWood.4,cnn,affine,0.5225080623955521,0.9786249586724644,0.8558703679676016,task-model mean across ten CV folds
easygese:pine,lateWood.4,cnn,isotonic,0.5444406915612667,0.9230179016381073,0.8446705684325282,task-model mean across ten CV folds
easygese:pine,lateWood.4,cnn,raw,0.680152625694384,1.0227161486000649,0.8558703679676019,task-model mean across ten CV folds
easygese:pine,lateWood.4,deepgs,affine,0.4516302947315568,1.0014412332121962,0.8950031952327795,task-model mean across ten CV folds
easygese:pine,lateWood.4,deepgs,isotonic,0.4736394660086935,0.9516978607675121,0.8854626352297904,task-model mean across ten CV folds
easygese:pine,lateWood.4,deepgs,raw,0.570437761474847,1.1919439713494935,0.8950031952327796,task-model mean across ten CV folds
easygese:pine,lateWood.4,dnngp,affine,0.44350627349862465,0.992673130157787,0.8986321470006606,task-model mean across ten CV folds
easygese:pine,lateWood.4,dnngp,isotonic,0.46258084460339743,0.9606934679736188,0.8906193801564468,task-model mean across ten CV folds
easygese:pine,lateWood.4,dnngp,raw,11.500251607837303,0.0757956100949332,0.8986321470006606,task-model mean across ten CV folds
easygese:pine,lateWood.4,mlp,affine,0.42916284818199896,0.9915507936404779,0.9059638852971093,task-model mean across ten CV folds
easygese:pine,lateWood.4,mlp,isotonic,0.44543998965117637,0.9594234189814255,0.8997951934718813,task-model mean across ten CV folds
easygese:pine,lateWood.4,mlp,raw,0.6506380679473734,0.6551928936139046,0.905963885297109,task-model mean across ten CV folds
easygese:pine,lateWood.4,pnngs,affine,0.7984521944213543,0.9299425103514881,0.6218810806701501,task-model mean across ten CV folds
easygese:pine,lateWood.4,pnngs,isotonic,0.7970268439211798,0.8712332574303483,0.6285143817285512,task-model mean across ten CV folds
easygese:pine,lateWood.4,pnngs,raw,1.1833400855870788,1.4677803024657174,0.6218810806701499,task-model mean across ten CV folds
easygese:pine,lateWood.4,soydngp,affine,0.46140723179698656,1.0071788764154326,0.8903457379413503,task-model mean across ten CV folds
easygese:pine,lateWood.4,soydngp,isotonic,0.48472129757504084,0.9709041415385841,0.879937634614478,task-model mean across ten CV folds
easygese:pine,lateWood.4,soydngp,raw,0.5894150226662138,0.8566001425807862,0.8903457379413501,task-model mean across ten CV folds
easygese:pine,lateWood.4,transformer,affine,0.5932587628677507,0.9825402897658154,0.8096994657446634,task-model mean across ten CV folds
easygese:pine,lateWood.4,transformer,isotonic,0.6137561783851485,0.9321221086293093,0.7987786577935051,task-model mean across ten CV folds
easygese:pine,lateWood.4,transformer,raw,0.8367722622889906,0.6600051962697899,0.8096994657446632,task-model mean across ten CV folds
easygese:pine,lignin,cnn,affine,0.5495378385229953,1.001546089916831,0.8445808206741428,task-model mean across ten CV folds
easygese:pine,lignin,cnn,isotonic,0.5680951336187436,0.9452545004327637,0.835370181799853,task-model mean across ten CV folds
easygese:pine,lignin,cnn,raw,0.7543352510769428,0.9772402859228378,0.8445808206741432,task-model mean across ten CV folds
easygese:pine,lignin,deepgs,affine,0.4480953303235121,1.0046331131233552,0.8979823938406442,task-model mean across ten CV folds
easygese:pine,lignin,deepgs,isotonic,0.4699596885846561,0.9764275853506472,0.888743680342355,task-model mean across ten CV folds
easygese:pine,lignin,deepgs,raw,0.6092943055219562,1.1610836721661806,0.8979823938406449,task-model mean across ten CV folds
easygese:pine,lignin,dnngp,affine,0.4438631216009867,1.0027745294068726,0.8998097100801843,task-model mean across ten CV folds
easygese:pine,lignin,dnngp,isotonic,0.4638325241547766,0.967515024155132,0.8909348488240036,task-model mean across ten CV folds
easygese:pine,lignin,dnngp,raw,12.033591772431985,0.07211972617167971,0.8998097100801843,task-model mean across ten CV folds
easygese:pine,lignin,mlp,affine,0.426237954507198,1.000097375459333,0.9085397138962206,task-model mean across ten CV folds
easygese:pine,lignin,mlp,isotonic,0.4476857249947678,0.9693186016387225,0.8998028009327792,task-model mean across ten CV folds
easygese:pine,lignin,mlp,raw,0.654906167939733,0.6531542611467611,0.9085397138962202,task-model mean across ten CV folds
easygese:pine,lignin,pnngs,affine,0.7919322067594782,0.9108338308155511,0.6246151690984382,task-model mean across ten CV folds
easygese:pine,lignin,pnngs,isotonic,0.8016367093982357,0.8448446818582704,0.6220591560478624,task-model mean across ten CV folds
easygese:pine,lignin,pnngs,raw,0.888691248535155,1.5588113139098252,0.6246151690984381,task-model mean across ten CV folds
easygese:pine,lignin,soydngp,affine,0.45399979241619876,1.000758474191349,0.8947280119555119,task-model mean across ten CV folds
easygese:pine,lignin,soydngp,isotonic,0.4710715937551604,0.9723133311107113,0.8870512131883105,task-model mean across ten CV folds
easygese:pine,lignin,soydngp,raw,0.5390338249822807,0.9903466579803716,0.8947280119555121,task-model mean across ten CV folds
easygese:pine,lignin,transformer,affine,0.5920407804733588,0.9801555861958521,0.810376113027384,task-model mean across ten CV folds
easygese:pine,lignin,transformer,isotonic,0.6117314235324506,0.9379258242616768,0.7976397353438077,task-model mean across ten CV folds
easygese:pine,lignin,transformer,raw,0.8352763901559518,0.612787637807131,0.8103761130273842,task-model mean across ten CV folds
easygese:pine,rootnum,cnn,affine,0.5936565549889153,1.0118610896520919,0.8087103224877119,task-model mean across ten CV folds
easygese:pine,rootnum,cnn,isotonic,0.6127117656091043,0.9463893900009985,0.7960998437619325,task-model mean across ten CV folds
easygese:pine,rootnum,cnn,raw,0.6738908831346517,1.1544179558591092,0.8087103224877119,task-model mean across ten CV folds
easygese:pine,rootnum,deepgs,affine,0.5110071130238167,1.0200524084403528,0.8629071031644958,task-model mean across ten CV folds
easygese:pine,rootnum,deepgs,isotonic,0.52503820105778,0.9721417462129696,0.8546726727287703,task-model mean across ten CV folds
easygese:pine,rootnum,deepgs,raw,0.6715351178897551,1.1674223407264512,0.8629071031644961,task-model mean across ten CV folds
easygese:pine,rootnum,dnngp,affine,0.5063984727821486,1.009539334405347,0.8649350843271293,task-model mean across ten CV folds
easygese:pine,rootnum,dnngp,isotonic,0.5240539112898179,0.9685995329761112,0.8551199154976918,task-model mean across ten CV folds
easygese:pine,rootnum,dnngp,raw,9.145475933308258,0.09157736353774704,0.8649350843271296,task-model mean across ten CV folds
easygese:pine,rootnum,mlp,affine,0.4889809966331204,1.0108049546841398,0.8754134186073366,task-model mean across ten CV folds
easygese:pine,rootnum,mlp,isotonic,0.5043444105782477,0.971661389507949,0.8678717759739923,task-model mean across ten CV folds
easygese:pine,rootnum,mlp,raw,0.6624240725634333,0.6691483489814778,0.8754134186073366,task-model mean across ten CV folds
easygese:pine,rootnum,pnngs,affine,0.8273079440756035,0.9027502407027548,0.5739332536783842,task-model mean across ten CV folds
easygese:pine,rootnum,pnngs,isotonic,0.8388757466870433,0.8369247543419196,0.5665691299017053,task-model mean across ten CV folds
easygese:pine,rootnum,pnngs,raw,1.022126785002217,2.234016428321182,0.5739332536783842,task-model mean across ten CV folds
easygese:pine,rootnum,soydngp,affine,0.5153318678153961,1.0055329714619694,0.8606818339928743,task-model mean across ten CV folds
easygese:pine,rootnum,soydngp,isotonic,0.5287913428137963,0.9602371386111074,0.8530828995147367,task-model mean across ten CV folds
easygese:pine,rootnum,soydngp,raw,0.5325845448301246,1.1515155406425357,0.8606818339928746,task-model mean across ten CV folds
easygese:pine,rootnum,transformer,affine,0.6377557248917666,0.9925020690364972,0.773692170881003,task-model mean across ten CV folds
easygese:pine,rootnum,transformer,isotonic,0.6630305772402167,0.9103092593697463,0.7556928291197551,task-model mean across ten CV folds
easygese:pine,rootnum,transformer,raw,1.1514877600210867,0.5640842466708048,0.773692170881003,task-model mean across ten CV folds
easygese:pine,rootnumbin,cnn,affine,0.6203088248821955,1.0012173083045532,0.7892172908172983,task-model mean across ten CV folds
easygese:pine,rootnumbin,cnn,isotonic,0.6366484980732529,0.9479812588243026,0.778105121979543,task-model mean across ten CV folds
easygese:pine,rootnumbin,cnn,raw,0.689541197048327,1.22922461946665,0.7892172908172983,task-model mean across ten CV folds
easygese:pine,rootnumbin,deepgs,affine,0.5330111114865084,1.0244577290322758,0.8512729998638029,task-model mean across ten CV folds
easygese:pine,rootnumbin,deepgs,isotonic,0.5516978208064722,0.9730162389964022,0.8403338954055639,task-model mean across ten CV folds
easygese:pine,rootnumbin,deepgs,raw,0.689778366379063,1.1725946640206488,0.8512729998638029,task-model mean across ten CV folds
easygese:pine,rootnumbin,dnngp,affine,0.537522332279913,1.0108733986158132,0.8473126030585585,task-model mean across ten CV folds
easygese:pine,rootnumbin,dnngp,isotonic,0.5526259325081672,0.9610341962052754,0.837627230630547,task-model mean across ten CV folds
easygese:pine,rootnumbin,dnngp,raw,8.661096460321122,0.09507847168317395,0.8473126030585583,task-model mean across ten CV folds
easygese:pine,rootnumbin,mlp,affine,0.5150133934394155,1.0089977779591985,0.8617244583004101,task-model mean across ten CV folds
easygese:pine,rootnumbin,mlp,isotonic,0.5196175488837136,0.9807403372277225,0.8578657647914512,task-model mean across ten CV folds
easygese:pine,rootnumbin,mlp,raw,0.7114243738670195,0.6465830704683765,0.86172445830041,task-model mean across ten CV folds
easygese:pine,rootnumbin,pnngs,affine,0.8906653690552672,0.8121056916520872,0.47688274691420157,task-model mean across ten CV folds
easygese:pine,rootnumbin,pnngs,isotonic,0.8870702812328377,0.7916051586201649,0.48842626051451116,task-model mean across ten CV folds
easygese:pine,rootnumbin,pnngs,raw,0.9820887233401084,1.9230176828374521,0.4768827469142014,task-model mean across ten CV folds
easygese:pine,rootnumbin,soydngp,affine,0.5397330450032793,1.015994251248887,0.8453859087443364,task-model mean across ten CV folds
easygese:pine,rootnumbin,soydngp,isotonic,0.5561900867143431,0.9826671800561744,0.835768212999265,task-model mean across ten CV folds
easygese:pine,rootnumbin,soydngp,raw,0.5612118700358742,1.1490158303571167,0.8453859087443364,task-model mean across ten CV folds
easygese:pine,rootnumbin,transformer,affine,0.6555240799406066,0.976146325599189,0.7609936625225575,task-model mean across ten CV folds
easygese:pine,rootnumbin,transformer,isotonic,0.6848895015917074,0.8935252117554521,0.7409496353803019,task-model mean across ten CV folds
easygese:pine,rootnumbin,transformer,raw,1.311095160142227,0.5204405187549804,0.7609936625225574,task-model mean across ten CV folds
easygese:pine,rustbin,cnn,affine,0.6337602751409618,0.9771581219735713,0.7772788803179372,task-model mean across ten CV folds
easygese:pine,rustbin,cnn,isotonic,0.6412334137806895,0.9218172148682159,0.775502213286941,task-model mean across ten CV folds
easygese:pine,rustbin,cnn,raw,0.9220950326218837,0.8263347202925262,0.7772788803179371,task-model mean across ten CV folds
easygese:pine,rustbin,deepgs,affine,0.5739619717606598,0.9965372747073916,0.8217319889506495,task-model mean across ten CV folds
easygese:pine,rustbin,deepgs,isotonic,0.5729607459697542,0.9345471969228388,0.8232652888284363,task-model mean across ten CV folds
easygese:pine,rustbin,deepgs,raw,0.7372380343714794,1.269476468324406,0.8217319889506495,task-model mean across ten CV folds
easygese:pine,rustbin,dnngp,affine,0.5501456007897085,0.9917286949238475,0.8357636928653506,task-model mean across ten CV folds
easygese:pine,rustbin,dnngp,isotonic,0.5604568427109722,0.9454481074311379,0.830535356326268,task-model mean across ten CV folds
easygese:pine,rustbin,dnngp,raw,9.17029881106193,0.0883834873864637,0.8357636928653502,task-model mean across ten CV folds
easygese:pine,rustbin,mlp,affine,0.5315676370092978,0.99270418814266,0.8476026525113165,task-model mean across ten CV folds
easygese:pine,rustbin,mlp,isotonic,0.5426042827067495,0.9565196626371353,0.8412106996896128,task-model mean across ten CV folds
easygese:pine,rustbin,mlp,raw,0.7177396712525025,0.6577217264525289,0.8476026525113165,task-model mean across ten CV folds
easygese:pine,rustbin,pnngs,affine,0.8669669739910191,0.9487284849569532,0.50958470079202,task-model mean across ten CV folds
easygese:pine,rustbin,pnngs,isotonic,0.8793676486553178,0.8600345352839692,0.49375729513736255,task-model mean across ten CV folds
easygese:pine,rustbin,pnngs,raw,1.111177118623865,1.2718616298808607,0.50958470079202,task-model mean across ten CV folds
easygese:pine,rustbin,soydngp,affine,0.5613718532282346,1.006967690142859,0.8295061862296663,task-model mean across ten CV folds
easygese:pine,rustbin,soydngp,isotonic,0.5706966199394193,0.9615603408818837,0.8239713628953347,task-model mean across ten CV folds
easygese:pine,rustbin,soydngp,raw,0.6362436643361457,1.1528437262707893,0.8295061862296664,task-model mean across ten CV folds
easygese:pine,rustbin,transformer,affine,0.6554734573637576,1.0440337809947289,0.7620889493510918,task-model mean across ten CV folds
easygese:pine,rustbin,transformer,isotonic,0.6735966222253553,0.9578101384426482,0.7448055095258133,task-model mean across ten CV folds
easygese:pine,rustbin,transformer,raw,1.0600884090612837,0.6050311895838887,0.7620889493510917,task-model mean across ten CV folds
easygese:pine,stiffnessTree,cnn,affine,0.6013444063719698,0.9415138679605359,0.8034718660167546,task-model mean across ten CV folds
easygese:pine,stiffnessTree,cnn,isotonic,0.6232539272659452,0.8658747011041961,0.797093898606185,task-model mean across ten CV folds
easygese:pine,stiffnessTree,cnn,raw,0.7473187416631859,1.1102975147595397,0.8034718660167547,task-model mean across ten CV folds
easygese:pine,stiffnessTree,deepgs,affine,0.5213735622040373,0.9832983493432834,0.8561675009836438,task-model mean across ten CV folds
easygese:pine,stiffnessTree,deepgs,isotonic,0.5413428188489362,0.9348731575498507,0.8467775375701831,task-model mean across ten CV folds
easygese:pine,stiffnessTree,deepgs,raw,0.6584532461060622,1.157260264724465,0.856167500983644,task-model mean across ten CV folds
easygese:pine,stiffnessTree,dnngp,affine,0.5339466163785205,0.9666971797775059,0.8484957292621033,task-model mean across ten CV folds
easygese:pine,stiffnessTree,dnngp,isotonic,0.551357707121873,0.9113958927645319,0.8427127208968057,task-model mean across ten CV folds
easygese:pine,stiffnessTree,dnngp,raw,9.255851728705263,0.08716905923143795,0.8484957292621035,task-model mean across ten CV folds
easygese:pine,stiffnessTree,mlp,affine,0.5035205482014493,0.9826345443216791,0.866711683339101,task-model mean across ten CV folds
easygese:pine,stiffnessTree,mlp,isotonic,0.5207975838527437,0.9277322649936999,0.8607789937407249,task-model mean across ten CV folds
easygese:pine,stiffnessTree,mlp,raw,0.6895016961059979,0.6533858334157122,0.8667116833391008,task-model mean across ten CV folds
easygese:pine,stiffnessTree,pnngs,affine,0.8167241468104611,0.9780533220281397,0.5965831387924788,task-model mean across ten CV folds
easygese:pine,stiffnessTree,pnngs,isotonic,0.8274741499045313,0.877428413144947,0.590887061256219,task-model mean across ten CV folds
easygese:pine,stiffnessTree,pnngs,raw,1.0991934944039585,1.4184259725805615,0.5965831387924787,task-model mean across ten CV folds
easygese:pine,stiffnessTree,soydngp,affine,0.5293210612015788,0.9661528836564083,0.8513713341559359,task-model mean across ten CV folds
easygese:pine,stiffnessTree,soydngp,isotonic,0.5472894792107657,0.9147724028804708,0.8449384815079798,task-model mean across ten CV folds
easygese:pine,stiffnessTree,soydngp,raw,0.5741517558681153,1.0151854511908254,0.8513713341559358,task-model mean across ten CV folds
easygese:pine,stiffnessTree,transformer,affine,0.6558871385260586,0.9692532017769435,0.7603481909137592,task-model mean across ten CV folds
easygese:pine,stiffnessTree,transformer,isotonic,0.6753480816436668,0.8837540881142184,0.7486446663320006,task-model mean across ten CV folds
easygese:pine,stiffnessTree,transformer,raw,0.9077899611925966,0.6132512529142425,0.7603481909137592,task-model mean across ten CV folds
easygese:rice,Alkali_spreading_value,cnn,affine,0.9944311560819864,0.7356537457845729,0.3263864937425325,task-model mean across ten CV folds
easygese:rice,Alkali_spreading_value,cnn,isotonic,1.0309934894817891,0.5303577616159598,0.305149871673036,task-model mean across ten CV folds
easygese:rice,Alkali_spreading_value,cnn,raw,1.6377186511552986,0.650329386374221,0.3263864937425325,task-model mean across ten CV folds
easygese:rice,Alkali_spreading_value,deepgs,affine,1.0066674636919015,0.6857629854758455,0.2542223986221554,task-model mean across ten CV folds
easygese:rice,Alkali_spreading_value,deepgs,isotonic,1.0480576213387927,0.4431826535104199,0.22428119035575347,task-model mean across ten CV folds
easygese:rice,Alkali_spreading_value,deepgs,raw,1.0087800391211401,1.0758754402866635,0.2542223986221554,task-model mean across ten CV folds
easygese:rice,Alkali_spreading_value,dnngp,affine,1.0294808747644395,0.5931063032445968,0.23023041326881008,task-model mean across ten CV folds
easygese:rice,Alkali_spreading_value,dnngp,isotonic,1.074632204265572,0.3627906016480618,0.21282760908121556,task-model mean across ten CV folds
easygese:rice,Alkali_spreading_value,dnngp,raw,1.0186547252694746,0.6834283985216263,0.23023041326881005,task-model mean across ten CV folds
easygese:rice,Alkali_spreading_value,mlp,affine,1.0064865412936874,0.7264282348651969,0.27174170667740555,task-model mean across ten CV folds
easygese:rice,Alkali_spreading_value,mlp,isotonic,1.0244564926212383,0.5497185101328294,0.2707504644898492,task-model mean across ten CV folds
easygese:rice,Alkali_spreading_value,mlp,raw,1.0523704942507137,0.5852964418662874,0.27174170667740555,task-model mean across ten CV folds
easygese:rice,Alkali_spreading_value,pnngs,affine,1.0122125063624972,0.7153173793339078,0.2647192784289837,task-model mean across ten CV folds
easygese:rice,Alkali_spreading_value,pnngs,isotonic,1.0630349983113272,0.45489087258012456,0.2285109610679868,task-model mean across ten CV folds
easygese:rice,Alkali_spreading_value,pnngs,raw,1.2347852411404616,4.143682192771519,0.26471927842898363,task-model mean across ten CV folds
easygese:rice,Alkali_spreading_value,soydngp,affine,0.9930538447040235,0.7232935100542829,0.30177164323515815,task-model mean across ten CV folds
easygese:rice,Alkali_spreading_value,soydngp,isotonic,1.0345415335431345,0.5098757598336733,0.26369073583787844,task-model mean across ten CV folds
easygese:rice,Alkali_spreading_value,soydngp,raw,1.1382642453391516,37.215028482202754,0.3017716432351555,task-model mean across ten CV folds
easygese:rice,Alkali_spreading_value,transformer,affine,1.0003768716764951,0.708374146280355,0.25880032441420436,task-model mean across ten CV folds
easygese:rice,Alkali_spreading_value,transformer,isotonic,1.070379663108649,0.41511164167959613,0.22195758385297606,task-model mean across ten CV folds
easygese:rice,Alkali_spreading_value,transformer,raw,1.087440692644862,0.41369914768118876,0.2588003244142045,task-model mean across ten CV folds
easygese:rice,Amylose_content,cnn,affine,0.7767258112419422,0.9227969516788331,0.6683887854741295,task-model mean across ten CV folds
easygese:rice,Amylose_content,cnn,isotonic,0.8166043617148595,0.8221291936491024,0.6577070563127363,task-model mean across ten CV folds
easygese:rice,Amylose_content,cnn,raw,1.2566277670541761,0.6189304256210902,0.6683887854741297,task-model mean across ten CV folds
easygese:rice,Amylose_content,deepgs,affine,0.7804692812323538,1.0022779481295143,0.6392692626741593,task-model mean across ten CV folds
easygese:rice,Amylose_content,deepgs,isotonic,0.814554305957367,0.8353866095668172,0.6098356459716892,task-model mean across ten CV folds
easygese:rice,Amylose_content,deepgs,raw,0.8761636499935042,1.8334268084874945,0.6392692626741593,task-model mean across ten CV folds
easygese:rice,Amylose_content,dnngp,affine,0.7930084787793521,0.9779486487543455,0.6382510990932038,task-model mean across ten CV folds
easygese:rice,Amylose_content,dnngp,isotonic,0.8432841757658611,0.8190406854416876,0.6044945937765085,task-model mean across ten CV folds
easygese:rice,Amylose_content,dnngp,raw,0.8358592078371775,1.1959614203094577,0.6382510990932037,task-model mean across ten CV folds
easygese:rice,Amylose_content,mlp,affine,0.7935569132906483,0.9554041727063499,0.6362791391502253,task-model mean across ten CV folds
easygese:rice,Amylose_content,mlp,isotonic,0.8117554274643581,0.8479070046458774,0.6246967734746558,task-model mean across ten CV folds
easygese:rice,Amylose_content,mlp,raw,0.825821446965049,0.97973257388979,0.6362791391502254,task-model mean across ten CV folds
easygese:rice,Amylose_content,pnngs,affine,0.783535532625479,0.9237251747977672,0.6487412190646509,task-model mean across ten CV folds
easygese:rice,Amylose_content,pnngs,isotonic,0.8408815956634392,0.8121526720102024,0.6235480389587948,task-model mean across ten CV folds
easygese:rice,Amylose_content,pnngs,raw,0.8855394104824128,2.8522707138245753,0.6487412190646509,task-model mean across ten CV folds
easygese:rice,Amylose_content,soydngp,affine,0.8077692176492096,0.9475826391414965,0.5995880334960952,task-model mean across ten CV folds
easygese:rice,Amylose_content,soydngp,isotonic,0.8337573742296416,0.819203644622637,0.5893563745037496,task-model mean across ten CV folds
easygese:rice,Amylose_content,soydngp,raw,1.0034697877719392,419.0702792449764,0.5995880334961086,task-model mean across ten CV folds
easygese:rice,Amylose_content,transformer,affine,0.7903203338801303,0.9839676346030448,0.6284086866179414,task-model mean across ten CV folds
easygese:rice,Amylose_content,transformer,isotonic,0.8222126743169523,0.8527201087486395,0.5994852909906687,task-model mean across ten CV folds
easygese:rice,Amylose_content,transformer,raw,1.197607256376911,0.4384861422182219,0.6284086866179412,task-model mean across ten CV folds
easygese:rice,Awn_presence,cnn,affine,1.0288148282275291,2.5850967072287334,0.13054007827514197,task-model mean across ten CV folds
easygese:rice,Awn_presence,cnn,isotonic,1.077984051241927,0.29304290420381446,0.09825828867937156,task-model mean across ten CV folds
easygese:rice,Awn_presence,cnn,raw,1.4150095169263883,0.33106578288037253,0.13054007827514194,task-model mean across ten CV folds
easygese:rice,Awn_presence,deepgs,affine,1.0185663373558622,1.419699070749949,0.15856917817099953,task-model mean across ten CV folds
easygese:rice,Awn_presence,deepgs,isotonic,1.0439291055228854,0.4347154502253339,0.14438353924042785,task-model mean across ten CV folds
easygese:rice,Awn_presence,deepgs,raw,1.0727640937823657,0.6613488543750113,0.12757106764720583,task-model mean across ten CV folds
easygese:rice,Awn_presence,dnngp,affine,1.013327380379213,1.2139110597110587,0.13804658544392442,task-model mean across ten CV folds
easygese:rice,Awn_presence,dnngp,isotonic,1.044401361937141,0.3042419320664671,0.09277293597844002,task-model mean across ten CV folds
easygese:rice,Awn_presence,dnngp,raw,1.058974136797584,0.6107776732837027,0.13804658544392442,task-model mean across ten CV folds
easygese:rice,Awn_presence,mlp,affine,1.015317595153987,0.2878750689126274,0.10866072807989828,task-model mean across ten CV folds
easygese:rice,Awn_presence,mlp,isotonic,1.052379116490271,0.3345813670288512,0.1094046349861844,task-model mean across ten CV folds
easygese:rice,Awn_presence,mlp,raw,1.0315228169047468,0.37007792424603364,0.1252534091814632,task-model mean across ten CV folds
easygese:rice,Awn_presence,pnngs,affine,1.0248174888665376,-4.615207093435039,0.030330229991389367,task-model mean across ten CV folds
easygese:rice,Awn_presence,pnngs,isotonic,1.0402102183109236,9.021316387802791e-07,0.04696637710097289,task-model mean across ten CV folds
easygese:rice,Awn_presence,pnngs,raw,1.0465987068874962,0.05069206924154548,0.03033022999138889,task-model mean across ten CV folds
easygese:rice,Awn_presence,soydngp,affine,1.0289151498173392,2.61017756788305,0.22324742771588352,task-model mean across ten CV folds
easygese:rice,Awn_presence,soydngp,isotonic,1.0677290437481335,0.4783909767167639,0.1930424930985931,task-model mean across ten CV folds
easygese:rice,Awn_presence,soydngp,raw,1.0516991620127616,35.94831025124309,0.22324742771588352,task-model mean across ten CV folds
easygese:rice,Awn_presence,transformer,affine,1.015296545603594,-2.0477323199805793,0.14276940755896209,task-model mean across ten CV folds
easygese:rice,Awn_presence,transformer,isotonic,1.0499565619821538,0.4318683693516704,0.13603728299049656,task-model mean across ten CV folds
easygese:rice,Awn_presence,transformer,raw,1.8003037288700052,0.23246305175892204,0.17447221770002214,task-model mean across ten CV folds
easygese:rice,Blast_resistance,cnn,affine,0.8932727212823762,0.9429433740242408,0.5004169932236356,task-model mean across ten CV folds
easygese:rice,Blast_resistance,cnn,isotonic,0.9409031895419406,0.7154503075530013,0.44156291171871376,task-model mean across ten CV folds
easygese:rice,Blast_resistance,cnn,raw,1.4371727149155902,0.4641813597944647,0.5004169932236356,task-model mean across ten CV folds
easygese:rice,Blast_resistance,deepgs,affine,0.9036318929712248,1.0214334706195958,0.4925859737146047,task-model mean across ten CV folds
easygese:rice,Blast_resistance,deepgs,isotonic,0.9251040743948428,0.841349511678137,0.4777067281244586,task-model mean across ten CV folds
easygese:rice,Blast_resistance,deepgs,raw,0.9508827372761225,1.573329889049304,0.4925859737146047,task-model mean across ten CV folds
easygese:rice,Blast_resistance,dnngp,affine,0.930196105263048,1.0662624898202804,0.4217144236258045,task-model mean across ten CV folds
easygese:rice,Blast_resistance,dnngp,isotonic,0.9564014111764572,0.7411091984368536,0.39078836191702626,task-model mean across ten CV folds
easygese:rice,Blast_resistance,dnngp,raw,0.9685748055544818,1.0516649272308602,0.4217144236258045,task-model mean across ten CV folds
easygese:rice,Blast_resistance,mlp,affine,0.9080423827279711,0.995839987770087,0.47015065774307035,task-model mean across ten CV folds
easygese:rice,Blast_resistance,mlp,isotonic,0.9207378697773887,0.7529339283359969,0.4587931761762033,task-model mean across ten CV folds
easygese:rice,Blast_resistance,mlp,raw,0.9215282519505157,0.8856987267491652,0.47015065774307035,task-model mean across ten CV folds
easygese:rice,Blast_resistance,pnngs,affine,0.9578930037255431,0.8515556237174232,0.37451593882539663,task-model mean across ten CV folds
easygese:rice,Blast_resistance,pnngs,isotonic,0.9741429142457267,0.6473503512375796,0.3606420778650201,task-model mean across ten CV folds
easygese:rice,Blast_resistance,pnngs,raw,0.9714560434354353,3.5327667250439534,0.37451593882539663,task-model mean across ten CV folds
easygese:rice,Blast_resistance,soydngp,affine,0.8974213746023454,0.8660061862036207,0.4990941688725209,task-model mean across ten CV folds
easygese:rice,Blast_resistance,soydngp,isotonic,0.9157661627415402,0.7419544020588221,0.4953593896705999,task-model mean across ten CV folds
easygese:rice,Blast_resistance,soydngp,raw,0.96701363120434,16.236275550414653,0.4990941688725212,task-model mean across ten CV folds
easygese:rice,Blast_resistance,transformer,affine,0.9267692472341145,0.8770301849143367,0.44451374344544314,task-model mean across ten CV folds
easygese:rice,Blast_resistance,transformer,isotonic,0.9655757892080524,0.6443647676092749,0.41293391463901336,task-model mean across ten CV folds
easygese:rice,Blast_resistance,transformer,raw,1.1515064632438776,0.46986644210624356,0.44451374344544325,task-model mean across ten CV folds
easygese:rice,Brown_rice_length_width_ratio,cnn,affine,0.8048083228134578,0.9478251326664493,0.6144716409918214,task-model mean across ten CV folds
easygese:rice,Brown_rice_length_width_ratio,cnn,isotonic,0.8431846179332243,0.8112525141643319,0.5801117974810609,task-model mean across ten CV folds
easygese:rice,Brown_rice_length_width_ratio,cnn,raw,1.2548643668559685,1.082100074357297,0.6144716409918216,task-model mean across ten CV folds
easygese:rice,Brown_rice_length_width_ratio,deepgs,affine,0.8307757592684875,0.9768449921672216,0.5742008404008953,task-model mean across ten CV folds
easygese:rice,Brown_rice_length_width_ratio,deepgs,isotonic,0.8461283973075376,0.8577908725610678,0.5594020604101412,task-model mean across ten CV folds
easygese:rice,Brown_rice_length_width_ratio,deepgs,raw,0.9046335895410242,1.9519978424623123,0.5742008404008954,task-model mean across ten CV folds
easygese:rice,Brown_rice_length_width_ratio,dnngp,affine,0.8476664970343778,1.0146807356778536,0.5544771330111168,task-model mean across ten CV folds
easygese:rice,Brown_rice_length_width_ratio,dnngp,isotonic,0.8887784319948077,0.7891905370398256,0.5126804553836071,task-model mean across ten CV folds
easygese:rice,Brown_rice_length_width_ratio,dnngp,raw,0.99579922981394,1.2012190392753836,0.5544771330111167,task-model mean across ten CV folds
easygese:rice,Brown_rice_length_width_ratio,mlp,affine,0.8492030033688478,0.9692426483681619,0.5527487107986934,task-model mean across ten CV folds
easygese:rice,Brown_rice_length_width_ratio,mlp,isotonic,0.8782889352797614,0.8317507648131863,0.5210088297787683,task-model mean across ten CV folds
easygese:rice,Brown_rice_length_width_ratio,mlp,raw,0.8566470824376019,0.8843549685783347,0.5527487107986934,task-model mean across ten CV folds
easygese:rice,Brown_rice_length_width_ratio,pnngs,affine,0.8475448699639199,0.9362371157119869,0.560876294353047,task-model mean across ten CV folds
easygese:rice,Brown_rice_length_width_ratio,pnngs,isotonic,0.8657449859187688,0.8041835028213381,0.5548641688843414,task-model mean across ten CV folds
easygese:rice,Brown_rice_length_width_ratio,pnngs,raw,0.9716828528514329,4.415574978659601,0.560876294353047,task-model mean across ten CV folds
easygese:rice,Brown_rice_length_width_ratio,soydngp,affine,0.8123711265328197,0.9989217321309962,0.6070938454394359,task-model mean across ten CV folds
easygese:rice,Brown_rice_length_width_ratio,soydngp,isotonic,0.8294382301074112,0.8447236138900298,0.5995596864967008,task-model mean across ten CV folds
easygese:rice,Brown_rice_length_width_ratio,soydngp,raw,0.9758460696408789,3.062832395773918,0.6070938454394359,task-model mean across ten CV folds
easygese:rice,Brown_rice_length_width_ratio,transformer,affine,0.8504051548796848,0.9141140908557039,0.5561187148846228,task-model mean across ten CV folds
easygese:rice,Brown_rice_length_width_ratio,transformer,isotonic,0.8706841376085265,0.7899877678421193,0.549480889417473,task-model mean across ten CV folds
easygese:rice,Brown_rice_length_width_ratio,transformer,raw,0.9869584515563101,0.6626352650719111,0.5561187148846226,task-model mean across ten CV folds
easygese:rice,Brown_rice_seed_length,cnn,affine,0.8683347268209383,0.9432538983958393,0.5396526525509989,task-model mean across ten CV folds
easygese:rice,Brown_rice_seed_length,cnn,isotonic,0.903471291329225,0.7701065653753478,0.5096934550759483,task-model mean across ten CV folds
easygese:rice,Brown_rice_seed_length,cnn,raw,1.0590952692195466,0.9903481367946643,0.5396526525509989,task-model mean across ten CV folds
easygese:rice,Brown_rice_seed_length,deepgs,affine,0.8874257805472169,1.0236505820063453,0.5041804065173155,task-model mean across ten CV folds
easygese:rice,Brown_rice_seed_length,deepgs,isotonic,0.9081434401139028,0.7944624722002247,0.4872115538391412,task-model mean across ten CV folds
easygese:rice,Brown_rice_seed_length,deepgs,raw,0.9387613880012371,1.731013179386844,0.5041804065173157,task-model mean across ten CV folds
easygese:rice,Brown_rice_seed_length,dnngp,affine,0.9174078721849123,1.0568435845328326,0.45724714807560307,task-model mean across ten CV folds
easygese:rice,Brown_rice_seed_length,dnngp,isotonic,0.9466806643086981,0.7777639958343818,0.42563159198284295,task-model mean across ten CV folds
easygese:rice,Brown_rice_seed_length,dnngp,raw,0.9614675896424087,1.0255112911704547,0.45724714807560307,task-model mean across ten CV folds
easygese:rice,Brown_rice_seed_length,mlp,affine,0.9118251651361815,1.0530389580438988,0.46547310718170437,task-model mean across ten CV folds
easygese:rice,Brown_rice_seed_length,mlp,isotonic,0.9444330398673262,0.7816176537239283,0.43036363024301066,task-model mean across ten CV folds
easygese:rice,Brown_rice_seed_length,mlp,raw,0.9297677901517911,0.7847440111991818,0.4654731071817043,task-model mean across ten CV folds
easygese:rice,Brown_rice_seed_length,pnngs,affine,0.9141921798187548,0.9028820473710775,0.44201421612938097,task-model mean across ten CV folds
easygese:rice,Brown_rice_seed_length,pnngs,isotonic,0.9455937483903796,0.7021875446882763,0.42051406805840114,task-model mean across ten CV folds
easygese:rice,Brown_rice_seed_length,pnngs,raw,1.0371427504797484,4.73685467750691,0.44201421612938097,task-model mean across ten CV folds
easygese:rice,Brown_rice_seed_length,soydngp,affine,0.8232653110797081,1.0166909269007256,0.5913153465800193,task-model mean across ten CV folds
easygese:rice,Brown_rice_seed_length,soydngp,isotonic,0.8514294096430535,0.8354800778495536,0.5655401286442081,task-model mean across ten CV folds
easygese:rice,Brown_rice_seed_length,soydngp,raw,0.8972080529356994,10.934370212833251,0.5913153465800182,task-model mean across ten CV folds
easygese:rice,Brown_rice_seed_length,transformer,affine,0.943249699431431,0.8723416562110886,0.40613961458589615,task-model mean across ten CV folds
easygese:rice,Brown_rice_seed_length,transformer,isotonic,0.9827083712948635,0.6776534968171928,0.38128327391078015,task-model mean across ten CV folds
easygese:rice,Brown_rice_seed_length,transformer,raw,1.0874158644889,0.49965229398440886,0.4061396145858961,task-model mean across ten CV folds
easygese:rice,Brown_rice_seed_width,cnn,affine,0.7634203315976096,0.9621114386712492,0.6688365631509815,task-model mean across ten CV folds
easygese:rice,Brown_rice_seed_width,cnn,isotonic,0.7951349413752303,0.8856813738648726,0.6482652461027948,task-model mean across ten CV folds
easygese:rice,Brown_rice_seed_width,cnn,raw,0.8729766328399207,0.7257609350365372,0.6688365631509816,task-model mean across ten CV folds
easygese:rice,Brown_rice_seed_width,deepgs,affine,0.8053060361502233,0.9623172507751816,0.6172157428367706,task-model mean across ten CV folds
easygese:rice,Brown_rice_seed_width,deepgs,isotonic,0.8468695220465376,0.7890382848268842,0.579477879389507,task-model mean across ten CV folds
easygese:rice,Brown_rice_seed_width,deepgs,raw,0.8913725092824775,1.9239683604661528,0.6172157428367705,task-model mean across ten CV folds
easygese:rice,Brown_rice_seed_width,dnngp,affine,0.8156507773862414,0.9890637298846015,0.6005385833711732,task-model mean across ten CV folds
easygese:rice,Brown_rice_seed_width,dnngp,isotonic,0.8385996722496266,0.8196928265411074,0.5820211521417761,task-model mean across ten CV folds
easygese:rice,Brown_rice_seed_width,dnngp,raw,0.8369049723118254,1.2546677745263037,0.6005385833711729,task-model mean across ten CV folds
easygese:rice,Brown_rice_seed_width,mlp,affine,0.8030576416266596,0.9969056764551247,0.6250742910069256,task-model mean across ten CV folds
easygese:rice,Brown_rice_seed_width,mlp,isotonic,0.8382882755659047,0.827029013184507,0.5973744886246584,task-model mean across ten CV folds
easygese:rice,Brown_rice_seed_width,mlp,raw,0.8567798310026806,0.9260095435781341,0.6250742910069256,task-model mean across ten CV folds
easygese:rice,Brown_rice_seed_width,pnngs,affine,0.8159850546804336,0.9221157541678295,0.6093603067501924,task-model mean across ten CV folds
easygese:rice,Brown_rice_seed_width,pnngs,isotonic,0.8364744408439317,0.8068402247563544,0.597550842991998,task-model mean across ten CV folds
easygese:rice,Brown_rice_seed_width,pnngs,raw,0.9502051633817157,4.765603421435891,0.6093603067501923,task-model mean across ten CV folds
easygese:rice,Brown_rice_seed_width,soydngp,affine,0.750154407131255,0.9481213641124407,0.6828594439972215,task-model mean across ten CV folds
easygese:rice,Brown_rice_seed_width,soydngp,isotonic,0.7847307283582591,0.8484241199606786,0.6600827456028886,task-model mean across ten CV folds
easygese:rice,Brown_rice_seed_width,soydngp,raw,1.1010902609134248,3.9465648584477497,0.6828594439972213,task-model mean across ten CV folds
easygese:rice,Brown_rice_seed_width,transformer,affine,0.7737821183095052,0.9734643789999504,0.6574325765929461,task-model mean across ten CV folds
easygese:rice,Brown_rice_seed_width,transformer,isotonic,0.7938727153731141,0.8618355753311704,0.6374185458782029,task-model mean across ten CV folds
easygese:rice,Brown_rice_seed_width,transformer,raw,1.0244173459024757,0.5946306041907795,0.6574325765929461,task-model mean across ten CV folds
easygese:rice,Brown_rice_surface_area,cnn,affine,0.8629051158095642,0.9309391531592166,0.5433578975376061,task-model mean across ten CV folds
easygese:rice,Brown_rice_surface_area,cnn,isotonic,0.8790596925224863,0.8161924622555514,0.5344128819627654,task-model mean across ten CV folds
easygese:rice,Brown_rice_surface_area,cnn,raw,1.310918424293736,0.8938172544010475,0.5433578975376061,task-model mean across ten CV folds
easygese:rice,Brown_rice_surface_area,deepgs,affine,0.9003726602527274,0.9275732238651958,0.4924022818835446,task-model mean across ten CV folds
easygese:rice,Brown_rice_surface_area,deepgs,isotonic,0.9112237170113169,0.7831565745712206,0.48286426844790703,task-model mean across ten CV folds
easygese:rice,Brown_rice_surface_area,deepgs,raw,0.9299628829951322,1.458118203532908,0.49240228188354457,task-model mean across ten CV folds
easygese:rice,Brown_rice_surface_area,dnngp,affine,0.9089739161909041,1.0304377942590626,0.47765338534662505,task-model mean across ten CV folds
easygese:rice,Brown_rice_surface_area,dnngp,isotonic,0.9398005528677041,0.8071744004218042,0.4477941362067284,task-model mean across ten CV folds
easygese:rice,Brown_rice_surface_area,dnngp,raw,0.933229504608706,0.9774878296545026,0.4776533853466251,task-model mean across ten CV folds
easygese:rice,Brown_rice_surface_area,mlp,affine,0.930594879307632,0.9432880170450941,0.4487918265829317,task-model mean across ten CV folds
easygese:rice,Brown_rice_surface_area,mlp,isotonic,0.9584599793977121,0.7193125420242297,0.42638578071984323,task-model mean across ten CV folds
easygese:rice,Brown_rice_surface_area,mlp,raw,0.9537250958908918,0.7635860717073906,0.44879182658293165,task-model mean across ten CV folds
easygese:rice,Brown_rice_surface_area,pnngs,affine,0.9152725679406652,0.8879034099470893,0.44742332149535924,task-model mean across ten CV folds
easygese:rice,Brown_rice_surface_area,pnngs,isotonic,0.9345628110977401,0.7547113741067417,0.44848832776980946,task-model mean across ten CV folds
easygese:rice,Brown_rice_surface_area,pnngs,raw,1.0181993297837404,2.670466401072249,0.44742332149535946,task-model mean across ten CV folds
easygese:rice,Brown_rice_surface_area,soydngp,affine,0.8410538814763034,0.9889686407924897,0.5838119150275572,task-model mean across ten CV folds
easygese:rice,Brown_rice_surface_area,soydngp,isotonic,0.8436605085246279,0.8293278349616765,0.5831169223118047,task-model mean across ten CV folds
easygese:rice,Brown_rice_surface_area,soydngp,raw,1.0798705210593758,2.3201380376938263,0.5838119150275569,task-model mean across ten CV folds
easygese:rice,Brown_rice_surface_area,transformer,affine,0.9005822139898683,0.9107544014537966,0.47630402374289516,task-model mean across ten CV folds
easygese:rice,Brown_rice_surface_area,transformer,isotonic,0.9138691513685497,0.782611858599104,0.4676014636805187,task-model mean across ten CV folds
easygese:rice,Brown_rice_surface_area,transformer,raw,1.2197698756823558,0.43932133546972035,0.47630402374289516,task-model mean across ten CV folds
easygese:rice,Brown_rice_volume,cnn,affine,0.7979868014729355,0.9702212069196372,0.6388493443338294,task-model mean across ten CV folds
easygese:rice,Brown_rice_volume,cnn,isotonic,0.8269717017821143,0.8540216274323786,0.6258200035821304,task-model mean across ten CV folds
easygese:rice,Brown_rice_volume,cnn,raw,1.0115399378256393,1.0185377507901998,0.6388493443338294,task-model mean across ten CV folds
easygese:rice,Brown_rice_volume,deepgs,affine,0.8505118781104299,0.96327403861224,0.5686649899729266,task-model mean across ten CV folds
easygese:rice,Brown_rice_volume,deepgs,isotonic,0.8470586968630446,0.8873301134657202,0.5774445084763131,task-model mean across ten CV folds
easygese:rice,Brown_rice_volume,deepgs,raw,0.8949041029037247,1.7099208866294497,0.5686649899729266,task-model mean across ten CV folds
easygese:rice,Brown_rice_volume,dnngp,affine,0.8712511266978249,0.9477334664139795,0.5395510481151278,task-model mean across ten CV folds
easygese:rice,Brown_rice_volume,dnngp,isotonic,0.8911195996571969,0.779689718397511,0.5307204571151456,task-model mean across ten CV folds
easygese:rice,Brown_rice_volume,dnngp,raw,0.8903220252936925,0.9450236677480198,0.5395510481151277,task-model mean across ten CV folds
easygese:rice,Brown_rice_volume,mlp,affine,0.8669415995523183,0.9784151936171963,0.5635750324443958,task-model mean across ten CV folds
easygese:rice,Brown_rice_volume,mlp,isotonic,0.8667772668117708,0.8603057464048808,0.564023936919982,task-model mean across ten CV folds
easygese:rice,Brown_rice_volume,mlp,raw,0.8844940279330599,0.8422477882135573,0.563575032444396,task-model mean across ten CV folds
easygese:rice,Brown_rice_volume,pnngs,affine,0.86780769685687,0.9470285948571053,0.544085198034886,task-model mean across ten CV folds
easygese:rice,Brown_rice_volume,pnngs,isotonic,0.8921657205729373,0.7809738052595339,0.5221473902686595,task-model mean across ten CV folds
easygese:rice,Brown_rice_volume,pnngs,raw,0.9936596699328184,3.5560703948686454,0.544085198034886,task-model mean across ten CV folds
easygese:rice,Brown_rice_volume,soydngp,affine,0.7753568598571033,0.9728262521237265,0.6616254154350186,task-model mean across ten CV folds
easygese:rice,Brown_rice_volume,soydngp,isotonic,0.7926024152137561,0.8363302495732091,0.662360734575226,task-model mean across ten CV folds
easygese:rice,Brown_rice_volume,soydngp,raw,1.017801876159094,3.347789880945239,0.6616254154350187,task-model mean across ten CV folds
easygese:rice,Brown_rice_volume,transformer,affine,0.8369563103172025,0.9264016215882951,0.5777739463565178,task-model mean across ten CV folds
easygese:rice,Brown_rice_volume,transformer,isotonic,0.8632200846269962,0.7713671545533907,0.5613995634969127,task-model mean across ten CV folds
easygese:rice,Brown_rice_volume,transformer,raw,1.279828937296276,0.4906290731746622,0.5777739463565178,task-model mean across ten CV folds
easygese:rice,Culm_habit,cnn,affine,0.818059219549443,0.9495647883548022,0.5912664426112898,task-model mean across ten CV folds
easygese:rice,Culm_habit,cnn,isotonic,0.8458902034089745,0.7920890063767939,0.5642480753571374,task-model mean across ten CV folds
easygese:rice,Culm_habit,cnn,raw,1.1685594371568524,0.7282274277917803,0.5912664426112898,task-model mean across ten CV folds
easygese:rice,Culm_habit,deepgs,affine,0.8549662554607164,0.9854979325901176,0.5528365420623553,task-model mean across ten CV folds
easygese:rice,Culm_habit,deepgs,isotonic,0.8889703357140236,0.8001241564044659,0.5224558883242767,task-model mean across ten CV folds
easygese:rice,Culm_habit,deepgs,raw,0.915641219320726,1.8196055100949309,0.5528365420623554,task-model mean across ten CV folds
easygese:rice,Culm_habit,dnngp,affine,0.8700368340608172,0.9551514195570189,0.522741853954545,task-model mean across ten CV folds
easygese:rice,Culm_habit,dnngp,isotonic,0.9031354728859478,0.7494570774241508,0.489970523955645,task-model mean across ten CV folds
easygese:rice,Culm_habit,dnngp,raw,0.8948848501402891,0.8920406361846304,0.5227418539545449,task-model mean across ten CV folds
easygese:rice,Culm_habit,mlp,affine,0.8532266109416146,0.934637695109698,0.5470814679848374,task-model mean across ten CV folds
easygese:rice,Culm_habit,mlp,isotonic,0.880827310928716,0.7899888443543612,0.5208441028802817,task-model mean across ten CV folds
easygese:rice,Culm_habit,mlp,raw,0.8875550417637141,0.7941261093846552,0.5470814679848374,task-model mean across ten CV folds
easygese:rice,Culm_habit,pnngs,affine,0.825594537834266,0.9767287542757513,0.5797753853614548,task-model mean across ten CV folds
easygese:rice,Culm_habit,pnngs,isotonic,0.8692097898179355,0.7778919618364469,0.5408650315752469,task-model mean across ten CV folds
easygese:rice,Culm_habit,pnngs,raw,0.9117074276847562,2.7479228659322934,0.5797753853614549,task-model mean across ten CV folds
easygese:rice,Culm_habit,soydngp,affine,0.8681370392239058,0.9235644489029171,0.5305477753882948,task-model mean across ten CV folds
easygese:rice,Culm_habit,soydngp,isotonic,0.9150994472515919,0.6876761168174604,0.48458325520492995,task-model mean across ten CV folds
easygese:rice,Culm_habit,soydngp,raw,1.0288312835402191,219.96884462933855,0.5305477753882945,task-model mean across ten CV folds
easygese:rice,Culm_habit,transformer,affine,0.8531393469958676,0.9566008172607049,0.5482102878690269,task-model mean across ten CV folds
easygese:rice,Culm_habit,transformer,isotonic,0.8741979619527136,0.7929752876893387,0.529696860368022,task-model mean across ten CV folds
easygese:rice,Culm_habit,transformer,raw,1.1528060231507649,0.5615113564841179,0.5482102878690269,task-model mean across ten CV folds
easygese:rice,FT_ratio_of_Arkansas_Aberdeen,cnn,affine,0.9877160004360495,0.7637147004722757,0.3133777553173141,task-model mean across ten CV folds
easygese:rice,FT_ratio_of_Arkansas_Aberdeen,cnn,isotonic,1.022799793053339,0.5325074442568714,0.29772227955207153,task-model mean across ten CV folds
easygese:rice,FT_ratio_of_Arkansas_Aberdeen,cnn,raw,1.249921325447441,0.5130647916838692,0.3133777553173141,task-model mean across ten CV folds
easygese:rice,FT_ratio_of_Arkansas_Aberdeen,deepgs,affine,0.9789783859679743,1.0845134934622747,0.3295731741428724,task-model mean across ten CV folds
easygese:rice,FT_ratio_of_Arkansas_Aberdeen,deepgs,isotonic,1.0105939853515236,0.5897260966722037,0.3015870373180384,task-model mean across ten CV folds
easygese:rice,FT_ratio_of_Arkansas_Aberdeen,deepgs,raw,1.032080213230228,1.326255023936508,0.32957317414287246,task-model mean across ten CV folds
easygese:rice,FT_ratio_of_Arkansas_Aberdeen,dnngp,affine,0.974801163926655,1.5672714051310281,0.33878453633596195,task-model mean across ten CV folds
easygese:rice,FT_ratio_of_Arkansas_Aberdeen,dnngp,isotonic,1.0055332756328883,0.665048691831862,0.2842996887434224,task-model mean across ten CV folds
easygese:rice,FT_ratio_of_Arkansas_Aberdeen,dnngp,raw,1.0131527733743961,1.0217254172959855,0.33878453633596195,task-model mean across ten CV folds
easygese:rice,FT_ratio_of_Arkansas_Aberdeen,mlp,affine,0.9856433644605296,1.4083178033017145,0.32975116042938246,task-model mean across ten CV folds
easygese:rice,FT_ratio_of_Arkansas_Aberdeen,mlp,isotonic,1.0010367573259247,0.7651547054543439,0.30778840819382414,task-model mean across ten CV folds
easygese:rice,FT_ratio_of_Arkansas_Aberdeen,mlp,raw,0.9897625475789459,0.7034635401416646,0.32975116042938246,task-model mean across ten CV folds
easygese:rice,FT_ratio_of_Arkansas_Aberdeen,pnngs,affine,1.0124735148196797,0.4347957309232027,0.2016493569297589,task-model mean across ten CV folds
easygese:rice,FT_ratio_of_Arkansas_Aberdeen,pnngs,isotonic,1.0521606868722873,0.719607619661946,0.20862588790037084,task-model mean across ten CV folds
easygese:rice,FT_ratio_of_Arkansas_Aberdeen,pnngs,raw,1.0137134226969384,1.7022036614976361,0.24465988172391415,task-model mean across ten CV folds
easygese:rice,FT_ratio_of_Arkansas_Aberdeen,soydngp,affine,1.0275740365016919,0.6856140319163531,0.25699450129388113,task-model mean across ten CV folds
easygese:rice,FT_ratio_of_Arkansas_Aberdeen,soydngp,isotonic,1.0959137789231983,0.4589007101304691,0.2455465384822606,task-model mean across ten CV folds
easygese:rice,FT_ratio_of_Arkansas_Aberdeen,soydngp,raw,1.089418755249072,25.87823627851672,0.25699450129388146,task-model mean across ten CV folds
easygese:rice,FT_ratio_of_Arkansas_Aberdeen,transformer,affine,1.0137722028317333,0.8575496544521499,0.24151637101120466,task-model mean across ten CV folds
easygese:rice,FT_ratio_of_Arkansas_Aberdeen,transformer,isotonic,1.0440529365081426,0.503371922705865,0.2431658812858643,task-model mean across ten CV folds
easygese:rice,FT_ratio_of_Arkansas_Aberdeen,transformer,raw,1.1810003973491683,0.45144986678364135,0.24151637101120466,task-model mean across ten CV folds
easygese:rice,FT_ratio_of_Faridpur_Aberdeen,cnn,affine,0.9904474371304348,0.7450904766376091,0.24187863167123633,task-model mean across ten CV folds
easygese:rice,FT_ratio_of_Faridpur_Aberdeen,cnn,isotonic,1.0354560544584337,0.4635947055548467,0.2332322794979592,task-model mean across ten CV folds
easygese:rice,FT_ratio_of_Faridpur_Aberdeen,cnn,raw,1.75181294828099,0.5960853564980118,0.24187863167123633,task-model mean across ten CV folds
easygese:rice,FT_ratio_of_Faridpur_Aberdeen,deepgs,affine,0.9936866808877409,0.7954030489927577,0.2562834308886882,task-model mean across ten CV folds
easygese:rice,FT_ratio_of_Faridpur_Aberdeen,deepgs,isotonic,1.0225455688911846,0.553741776023198,0.23847293148196455,task-model mean across ten CV folds
easygese:rice,FT_ratio_of_Faridpur_Aberdeen,deepgs,raw,1.017505167315217,1.189023028607727,0.2562834308886882,task-model mean across ten CV folds
easygese:rice,FT_ratio_of_Faridpur_Aberdeen,dnngp,affine,0.9940961463720284,0.9237665252217141,0.22562187665073002,task-model mean across ten CV folds
easygese:rice,FT_ratio_of_Faridpur_Aberdeen,dnngp,isotonic,1.0203723255129857,0.4989338424701872,0.19766333822928578,task-model mean across ten CV folds
easygese:rice,FT_ratio_of_Faridpur_Aberdeen,dnngp,raw,1.0652456871979346,0.7994139697482655,0.22562187665073002,task-model mean across ten CV folds
easygese:rice,FT_ratio_of_Faridpur_Aberdeen,mlp,affine,1.0011046387999358,0.672758143772819,0.20165755859286288,task-model mean across ten CV folds
easygese:rice,FT_ratio_of_Faridpur_Aberdeen,mlp,isotonic,1.028052839005434,0.45673188524371433,0.20572997771429336,task-model mean across ten CV folds
easygese:rice,FT_ratio_of_Faridpur_Aberdeen,mlp,raw,1.0212897767126043,0.5245954944133181,0.20165755859286288,task-model mean across ten CV folds
easygese:rice,FT_ratio_of_Faridpur_Aberdeen,pnngs,affine,1.0267888562791865,0.14603558418980325,0.10762493797519838,task-model mean across ten CV folds
easygese:rice,FT_ratio_of_Faridpur_Aberdeen,pnngs,isotonic,1.0996638916552994,0.22159765337265788,0.09532796609698735,task-model mean across ten CV folds
easygese:rice,FT_ratio_of_Faridpur_Aberdeen,pnngs,raw,1.0178781384788234,2.09387658286634,0.10762493797519841,task-model mean across ten CV folds
easygese:rice,FT_ratio_of_Faridpur_Aberdeen,soydngp,affine,1.0179598615454126,0.3822030903974939,0.1648742656931306,task-model mean across ten CV folds
easygese:rice,FT_ratio_of_Faridpur_Aberdeen,soydngp,isotonic,1.0501060828727011,0.24160641950964412,0.14456780407032513,task-model mean across ten CV folds
easygese:rice,FT_ratio_of_Faridpur_Aberdeen,soydngp,raw,1.1652150471329557,-15.825157653260144,0.16487426569313116,task-model mean across ten CV folds
easygese:rice,FT_ratio_of_Faridpur_Aberdeen,transformer,affine,1.0303026296311935,0.6494710964726842,0.12810947536059203,task-model mean across ten CV folds
easygese:rice,FT_ratio_of_Faridpur_Aberdeen,transformer,isotonic,1.0554190388975164,0.41860938770768874,0.16869958059434836,task-model mean across ten CV folds
easygese:rice,FT_ratio_of_Faridpur_Aberdeen,transformer,raw,1.236720939772304,0.21687318637136271,0.12810947536059208,task-model mean across ten CV folds
easygese:rice,Flag_leaf_length,cnn,affine,0.9969656856544727,0.8208040386149179,0.27822851556612155,task-model mean across ten CV folds
easygese:rice,Flag_leaf_length,cnn,isotonic,1.0465375626728546,0.4713791237891736,0.2335217567407099,task-model mean across ten CV folds
easygese:rice,Flag_leaf_length,cnn,raw,1.4952489056438663,0.6774143573642257,0.2782285155661216,task-model mean across ten CV folds
easygese:rice,Flag_leaf_length,deepgs,affine,1.008258887541973,0.8583509082521108,0.29280585607912635,task-model mean across ten CV folds
easygese:rice,Flag_leaf_length,deepgs,isotonic,1.0868219745360892,0.5480103977760031,0.2679502893864491,task-model mean across ten CV folds
easygese:rice,Flag_leaf_length,deepgs,raw,1.021699168834664,1.2972272299974192,0.29280585607912635,task-model mean across ten CV folds
easygese:rice,Flag_leaf_length,dnngp,affine,0.9913427057122449,1.212717424272218,0.27317117928368445,task-model mean across ten CV folds
easygese:rice,Flag_leaf_length,dnngp,isotonic,1.0249652500587358,0.6802475235667932,0.2423088914569874,task-model mean across ten CV folds
easygese:rice,Flag_leaf_length,dnngp,raw,1.0143817714766297,0.9723114554728214,0.2731711792836845,task-model mean across ten CV folds
easygese:rice,Flag_leaf_length,mlp,affine,1.0074626017515222,0.8988303464995451,0.2614259326015853,task-model mean across ten CV folds
easygese:rice,Flag_leaf_length,mlp,isotonic,1.0412272518646204,0.4965325661571372,0.23919347170943345,task-model mean across ten CV folds
easygese:rice,Flag_leaf_length,mlp,raw,1.04943997396403,0.7963104160681839,0.2614259326015853,task-model mean across ten CV folds
easygese:rice,Flag_leaf_length,pnngs,affine,1.014839791214675,0.3545340052462928,0.19040413855941293,task-model mean across ten CV folds
easygese:rice,Flag_leaf_length,pnngs,isotonic,1.0581343550629811,0.35495592336268117,0.16335517606764727,task-model mean across ten CV folds
easygese:rice,Flag_leaf_length,pnngs,raw,1.0123598549166428,2.6530306081613597,0.20271701045357501,task-model mean across ten CV folds
easygese:rice,Flag_leaf_length,soydngp,affine,0.9707798437555052,0.9060879951428154,0.3343799555102741,task-model mean across ten CV folds
easygese:rice,Flag_leaf_length,soydngp,isotonic,1.016453803040744,0.60799435535836,0.30576765657573435,task-model mean across ten CV folds
easygese:rice,Flag_leaf_length,soydngp,raw,1.0908935371988093,2.2782935715700563,0.3343799555102741,task-model mean across ten CV folds
easygese:rice,Flag_leaf_length,transformer,affine,1.0008033546031971,0.9095485596862115,0.250126641004054,task-model mean across ten CV folds
easygese:rice,Flag_leaf_length,transformer,isotonic,1.0408441289412285,0.48222101377817195,0.22492883340283645,task-model mean across ten CV folds
easygese:rice,Flag_leaf_length,transformer,raw,1.3081403334783066,0.4665919840397761,0.250126641004054,task-model mean across ten CV folds
easygese:rice,Flag_leaf_width,cnn,affine,0.7703340056453309,0.9287166477554336,0.6494846814960271,task-model mean across ten CV folds
easygese:rice,Flag_leaf_width,cnn,isotonic,0.7864867806841209,0.8266472349299325,0.6424435184909724,task-model mean across ten CV folds
easygese:rice,Flag_leaf_width,cnn,raw,1.3039238174535885,0.8096431939023636,0.6494846814960271,task-model mean across ten CV folds
easygese:rice,Flag_leaf_width,deepgs,affine,0.8088670026194873,0.9442537889434867,0.6043261975729077,task-model mean across ten CV folds
easygese:rice,Flag_leaf_width,deepgs,isotonic,0.8444438584125639,0.7893533709061866,0.5739013950229928,task-model mean across ten CV folds
easygese:rice,Flag_leaf_width,deepgs,raw,0.8958000068965282,1.8851268168263675,0.604326197572908,task-model mean across ten CV folds
easygese:rice,Flag_leaf_width,dnngp,affine,0.8209640365104957,0.8920735805714732,0.5945381087967478,task-model mean across ten CV folds
easygese:rice,Flag_leaf_width,dnngp,isotonic,0.856877422235593,0.7666432549749782,0.5570161806473047,task-model mean across ten CV folds
easygese:rice,Flag_leaf_width,dnngp,raw,0.8989565537138233,1.0268944020375639,0.5945381087967481,task-model mean across ten CV folds
easygese:rice,Flag_leaf_width,mlp,affine,0.7978194403784195,0.8839005889742513,0.6208380828290316,task-model mean across ten CV folds
easygese:rice,Flag_leaf_width,mlp,isotonic,0.8464415726154002,0.7667838801606663,0.5920180380909332,task-model mean across ten CV folds
easygese:rice,Flag_leaf_width,mlp,raw,0.825439334901415,0.8778651067497298,0.6208380828290317,task-model mean across ten CV folds
easygese:rice,Flag_leaf_width,pnngs,affine,0.8494600703025623,0.9361903721332274,0.553323025200213,task-model mean across ten CV folds
easygese:rice,Flag_leaf_width,pnngs,isotonic,0.8761526755500727,0.7478811693966884,0.5301939968106819,task-model mean across ten CV folds
easygese:rice,Flag_leaf_width,pnngs,raw,1.0929176934162999,4.400150679016324,0.553323025200213,task-model mean across ten CV folds
easygese:rice,Flag_leaf_width,soydngp,affine,0.7430009220654642,0.9634738428848614,0.6880290480200678,task-model mean across ten CV folds
easygese:rice,Flag_leaf_width,soydngp,isotonic,0.7769986887312603,0.8256575944822757,0.6701854352364427,task-model mean across ten CV folds
easygese:rice,Flag_leaf_width,soydngp,raw,0.8458488900343895,0.772980723900374,0.6880290480200679,task-model mean across ten CV folds
easygese:rice,Flag_leaf_width,transformer,affine,0.8020501204599386,0.9674983810052458,0.6149585643565667,task-model mean across ten CV folds
easygese:rice,Flag_leaf_width,transformer,isotonic,0.8235310954486603,0.8663409533170272,0.6039944850174636,task-model mean across ten CV folds
easygese:rice,Flag_leaf_width,transformer,raw,0.9715762438952309,0.6975874735259595,0.6149585643565667,task-model mean across ten CV folds
easygese:rice,Florets_per_panicle,cnn,affine,0.9266118641632811,0.8485937702238067,0.4166087577701279,task-model mean across ten CV folds
easygese:rice,Florets_per_panicle,cnn,isotonic,0.9686516582576357,0.6533625099299836,0.38491672925480824,task-model mean across ten CV folds
easygese:rice,Florets_per_panicle,cnn,raw,1.1874355833840649,1.1525110777256715,0.4166087577701278,task-model mean across ten CV folds
easygese:rice,Florets_per_panicle,deepgs,affine,0.955387601672301,0.9114228425271877,0.3665033172223152,task-model mean across ten CV folds
easygese:rice,Florets_per_panicle,deepgs,isotonic,0.9965705533995969,0.6260190700302612,0.3328582981649674,task-model mean across ten CV folds
easygese:rice,Florets_per_panicle,deepgs,raw,0.9851200844511634,1.4614118367937847,0.3665033172223152,task-model mean across ten CV folds
easygese:rice,Florets_per_panicle,dnngp,affine,0.9583562121451534,0.9069844485471659,0.3456438516515638,task-model mean across ten CV folds
easygese:rice,Florets_per_panicle,dnngp,isotonic,0.9798518218098617,0.6402215882659761,0.33640379972947204,task-model mean across ten CV folds
easygese:rice,Florets_per_panicle,dnngp,raw,0.9966217987497815,0.9142309434921195,0.3456438516515638,task-model mean across ten CV folds
easygese:rice,Florets_per_panicle,mlp,affine,0.9583683260455047,0.8211702757390393,0.3585784346469364,task-model mean across ten CV folds
easygese:rice,Florets_per_panicle,mlp,isotonic,1.0046039835556422,0.5824206912874692,0.32659504446388005,task-model mean across ten CV folds
easygese:rice,Florets_per_panicle,mlp,raw,0.9945839368580133,0.7231964100521634,0.3585784346469363,task-model mean across ten CV folds
easygese:rice,Florets_per_panicle,pnngs,affine,0.9817919574497515,0.7644042697271689,0.25849057902290073,task-model mean across ten CV folds
easygese:rice,Florets_per_panicle,pnngs,isotonic,1.0198726528138293,0.5145742589746953,0.25223349171695336,task-model mean across ten CV folds
easygese:rice,Florets_per_panicle,pnngs,raw,1.0104675717311358,2.506507922135878,0.25849057902290073,task-model mean across ten CV folds
easygese:rice,Florets_per_panicle,soydngp,affine,0.8999910500355567,0.8667047856154546,0.45934776480958445,task-model mean across ten CV folds
easygese:rice,Florets_per_panicle,soydngp,isotonic,0.9486398062932017,0.6633454774428569,0.4183262188146342,task-model mean across ten CV folds
easygese:rice,Florets_per_panicle,soydngp,raw,0.9570144582002748,15.364450138471408,0.459347764809589,task-model mean across ten CV folds
easygese:rice,Florets_per_panicle,transformer,affine,0.9446920844003799,0.9694513232406378,0.37972656955268724,task-model mean across ten CV folds
easygese:rice,Florets_per_panicle,transformer,isotonic,0.9713735359802864,0.6907719211748801,0.3619959411647674,task-model mean across ten CV folds
easygese:rice,Florets_per_panicle,transformer,raw,1.0691559075504078,0.5918005398057065,0.37972656955268713,task-model mean across ten CV folds
easygese:rice,Flowering_time_at_Aberdeen,cnn,affine,1.0009911121633686,0.6045293608257275,0.2218837501774356,task-model mean across ten CV folds
easygese:rice,Flowering_time_at_Aberdeen,cnn,isotonic,1.0455711616095749,0.4792408907277054,0.2042703513796859,task-model mean across ten CV folds
easygese:rice,Flowering_time_at_Aberdeen,cnn,raw,1.3594867320083839,0.6853768347157437,0.22188375017743556,task-model mean across ten CV folds
easygese:rice,Flowering_time_at_Aberdeen,deepgs,affine,0.9993131068121223,0.6711173560311923,0.2114431902590213,task-model mean across ten CV folds
easygese:rice,Flowering_time_at_Aberdeen,deepgs,isotonic,1.0605386985672967,0.4366467882721413,0.16084773237895394,task-model mean across ten CV folds
easygese:rice,Flowering_time_at_Aberdeen,deepgs,raw,1.071433405903031,1.1176538101313864,0.21144319025902134,task-model mean across ten CV folds
easygese:rice,Flowering_time_at_Aberdeen,dnngp,affine,1.0159844627004824,-0.3925494073869983,0.09528650800973201,task-model mean across ten CV folds
easygese:rice,Flowering_time_at_Aberdeen,dnngp,isotonic,1.0329328967667528,0.5291375307662596,0.1688355987937185,task-model mean across ten CV folds
easygese:rice,Flowering_time_at_Aberdeen,dnngp,raw,1.0555941321009503,0.3893544263285894,0.15214854211153236,task-model mean across ten CV folds
easygese:rice,Flowering_time_at_Aberdeen,mlp,affine,1.022446485071928,0.6129866324991062,0.09899328259741844,task-model mean across ten CV folds
easygese:rice,Flowering_time_at_Aberdeen,mlp,isotonic,1.0583073266484124,0.25200173585366725,0.07968270121011198,task-model mean across ten CV folds
easygese:rice,Flowering_time_at_Aberdeen,mlp,raw,1.081771336731297,0.3079979445076519,0.11690001157964161,task-model mean across ten CV folds
easygese:rice,Flowering_time_at_Aberdeen,pnngs,affine,1.025166127771155,-0.2539065330084379,0.035954025863559544,task-model mean across ten CV folds
easygese:rice,Flowering_time_at_Aberdeen,pnngs,isotonic,1.0834539347642274,0.04966114293577529,0.026538818049671415,task-model mean across ten CV folds
easygese:rice,Flowering_time_at_Aberdeen,pnngs,raw,1.0552216265597167,0.41365019148728877,0.03595402586355963,task-model mean across ten CV folds
easygese:rice,Flowering_time_at_Aberdeen,soydngp,affine,0.9929155086234431,0.7155592097327388,0.25355602897150054,task-model mean across ten CV folds
easygese:rice,Flowering_time_at_Aberdeen,soydngp,isotonic,1.048675926916101,0.47770978625463084,0.24290520146041636,task-model mean across ten CV folds
easygese:rice,Flowering_time_at_Aberdeen,soydngp,raw,1.14695950558492,22.19110989479669,0.25355602897149937,task-model mean across ten CV folds
easygese:rice,Flowering_time_at_Aberdeen,transformer,affine,1.0124918731643482,1.3783947212920094,0.17006377362335218,task-model mean across ten CV folds
easygese:rice,Flowering_time_at_Aberdeen,transformer,isotonic,1.0343871310239416,0.3860467288584146,0.1465191797578917,task-model mean across ten CV folds
easygese:rice,Flowering_time_at_Aberdeen,transformer,raw,1.3499838210747552,0.3510066524748888,0.17006377362335218,task-model mean across ten CV folds
easygese:rice,Flowering_time_at_Arkansas,cnn,affine,0.9154461263249166,0.9615705664834838,0.44929174635467656,task-model mean across ten CV folds
easygese:rice,Flowering_time_at_Arkansas,cnn,isotonic,0.9510425037353567,0.7512647193959567,0.4293824644277568,task-model mean across ten CV folds
easygese:rice,Flowering_time_at_Arkansas,cnn,raw,1.3232499444408665,0.963250520901048,0.44929174635467667,task-model mean across ten CV folds
easygese:rice,Flowering_time_at_Arkansas,deepgs,affine,0.9487412768008479,0.9436661329081908,0.3906300840083719,task-model mean across ten CV folds
easygese:rice,Flowering_time_at_Arkansas,deepgs,isotonic,0.9718506432820136,0.6242420095130533,0.35979145396316453,task-model mean across ten CV folds
easygese:rice,Flowering_time_at_Arkansas,deepgs,raw,1.0135465974650284,1.400849608801926,0.3906300840083719,task-model mean across ten CV folds
easygese:rice,Flowering_time_at_Arkansas,dnngp,affine,0.9329696670135708,1.2498576791771685,0.4031889641204066,task-model mean across ten CV folds
easygese:rice,Flowering_time_at_Arkansas,dnngp,isotonic,0.9667854980872053,0.6556723605405489,0.35908769236788857,task-model mean across ten CV folds
easygese:rice,Flowering_time_at_Arkansas,dnngp,raw,0.9643040636533866,0.9909449157223895,0.4031889641204067,task-model mean across ten CV folds
easygese:rice,Flowering_time_at_Arkansas,mlp,affine,0.9486670533037922,1.081502032047451,0.3936830673390892,task-model mean across ten CV folds
easygese:rice,Flowering_time_at_Arkansas,mlp,isotonic,0.9587836099327264,0.7376418512682796,0.38564099467317525,task-model mean across ten CV folds
easygese:rice,Flowering_time_at_Arkansas,mlp,raw,0.9783005645991111,0.719663069484565,0.3936830673390892,task-model mean across ten CV folds
easygese:rice,Flowering_time_at_Arkansas,pnngs,affine,0.981480485781516,0.9183833877051608,0.3037248783990972,task-model mean across ten CV folds
easygese:rice,Flowering_time_at_Arkansas,pnngs,isotonic,0.9990166837653554,0.600130323307985,0.2950689190900471,task-model mean across ten CV folds
easygese:rice,Flowering_time_at_Arkansas,pnngs,raw,1.0301022986509063,2.7295339821955436,0.30372487839909723,task-model mean across ten CV folds
easygese:rice,Flowering_time_at_Arkansas,soydngp,affine,0.890483941452341,1.0239448976756422,0.5129418163413442,task-model mean across ten CV folds
easygese:rice,Flowering_time_at_Arkansas,soydngp,isotonic,0.9140487234248094,0.8066619386101141,0.4845870260216084,task-model mean across ten CV folds
easygese:rice,Flowering_time_at_Arkansas,soydngp,raw,1.0296899528002612,0.6878526927228036,0.5129418163413442,task-model mean across ten CV folds
easygese:rice,Flowering_time_at_Arkansas,transformer,affine,0.9336627557291253,0.9853517953523392,0.43386208697432405,task-model mean across ten CV folds
easygese:rice,Flowering_time_at_Arkansas,transformer,isotonic,0.9510235617758251,0.7065854396787048,0.41375528834950615,task-model mean across ten CV folds
easygese:rice,Flowering_time_at_Arkansas,transformer,raw,1.2300484166393404,0.7417895206555704,0.4338620869743239,task-model mean across ten CV folds
easygese:rice,Flowering_time_at_Faridpur,cnn,affine,0.9886500025471383,1.1070957226596112,0.3424762545638584,task-model mean across ten CV folds
easygese:rice,Flowering_time_at_Faridpur,cnn,isotonic,1.0189365647367894,0.6950998139128755,0.3236630200606074,task-model mean across ten CV folds
easygese:rice,Flowering_time_at_Faridpur,cnn,raw,1.4986767775358505,0.5223205569473921,0.34247625456385855,task-model mean across ten CV folds
easygese:rice,Flowering_time_at_Faridpur,deepgs,affine,0.9837077724570717,0.9852043166587288,0.32622000205103835,task-model mean across ten CV folds
easygese:rice,Flowering_time_at_Faridpur,deepgs,isotonic,1.0105757773091013,0.6518958406414412,0.31071127144615907,task-model mean across ten CV folds
easygese:rice,Flowering_time_at_Faridpur,deepgs,raw,1.013019418478263,1.3641035413641696,0.32622000205103846,task-model mean across ten CV folds
easygese:rice,Flowering_time_at_Faridpur,dnngp,affine,1.0108424294509462,1.4348023569516402,0.24510291473095522,task-model mean across ten CV folds
easygese:rice,Flowering_time_at_Faridpur,dnngp,isotonic,1.0512844270571713,0.6483000897047513,0.23018152965957023,task-model mean across ten CV folds
easygese:rice,Flowering_time_at_Faridpur,dnngp,raw,1.0396379664304862,0.9976266221320449,0.24510291473095522,task-model mean across ten CV folds
easygese:rice,Flowering_time_at_Faridpur,mlp,affine,0.9933026085803739,1.1090512814502187,0.2917371447340049,task-model mean across ten CV folds
easygese:rice,Flowering_time_at_Faridpur,mlp,isotonic,1.0327788544419039,0.581886605617008,0.2443292403361425,task-model mean across ten CV folds
easygese:rice,Flowering_time_at_Faridpur,mlp,raw,1.0096328487482211,0.7684383031030599,0.29173714473400475,task-model mean across ten CV folds
easygese:rice,Flowering_time_at_Faridpur,pnngs,affine,1.0261080422102875,0.6791861145759416,0.16570928627384665,task-model mean across ten CV folds
easygese:rice,Flowering_time_at_Faridpur,pnngs,isotonic,1.0515545539684839,0.4162789165390743,0.17208359713949714,task-model mean across ten CV folds
easygese:rice,Flowering_time_at_Faridpur,pnngs,raw,1.0435710103508025,1.5838813730199335,0.16570928627384654,task-model mean across ten CV folds
easygese:rice,Flowering_time_at_Faridpur,soydngp,affine,0.9770318007332108,0.98620645830437,0.38246593896568204,task-model mean across ten CV folds
easygese:rice,Flowering_time_at_Faridpur,soydngp,isotonic,1.0142827681565625,0.6364498178812663,0.3530039402522818,task-model mean across ten CV folds
easygese:rice,Flowering_time_at_Faridpur,soydngp,raw,1.059153735946691,21.339972529985165,0.3824659389656816,task-model mean across ten CV folds
easygese:rice,Flowering_time_at_Faridpur,transformer,affine,1.000549233016157,0.9451260395769994,0.3021075912317416,task-model mean across ten CV folds
easygese:rice,Flowering_time_at_Faridpur,transformer,isotonic,1.0397145616831729,0.6389301698988726,0.28642824828758545,task-model mean across ten CV folds
easygese:rice,Flowering_time_at_Faridpur,transformer,raw,1.107762575360969,0.4291565437683583,0.3021075912317416,task-model mean across ten CV folds
easygese:rice,Leaf_pubescence,cnn,affine,0.9206706571543701,0.9183676453475599,0.4584172232726596,task-model mean across ten CV folds
easygese:rice,Leaf_pubescence,cnn,isotonic,0.9278163409727977,0.7912069910346534,0.45478349616343106,task-model mean across ten CV folds
easygese:rice,Leaf_pubescence,cnn,raw,1.0352286426931427,1.345624705878905,0.4584172232726596,task-model mean across ten CV folds
easygese:rice,Leaf_pubescence,deepgs,affine,0.9629769622604043,0.9223583605116825,0.3759162247193269,task-model mean across ten CV folds
easygese:rice,Leaf_pubescence,deepgs,isotonic,1.0111563930224268,0.6029948777399237,0.37716726708511866,task-model mean across ten CV folds
easygese:rice,Leaf_pubescence,deepgs,raw,1.0091775974660036,1.4375724743287692,0.37591622471932684,task-model mean across ten CV folds
easygese:rice,Leaf_pubescence,dnngp,affine,0.9751785701261408,1.1611751326906925,0.3329727098151234,task-model mean across ten CV folds
easygese:rice,Leaf_pubescence,dnngp,isotonic,1.0191178859346572,0.8109257917226609,0.29768604901281615,task-model mean across ten CV folds
easygese:rice,Leaf_pubescence,dnngp,raw,0.9642833545180458,1.1129282405672938,0.33297270981512345,task-model mean across ten CV folds
easygese:rice,Leaf_pubescence,mlp,affine,0.9584267668438553,1.0197524042310804,0.4240945495713967,task-model mean across ten CV folds
easygese:rice,Leaf_pubescence,mlp,isotonic,1.0164557463397115,0.6824151034235791,0.35501810431422837,task-model mean across ten CV folds
easygese:rice,Leaf_pubescence,mlp,raw,0.995475152248863,0.8741183870979835,0.42409454957139675,task-model mean across ten CV folds
easygese:rice,Leaf_pubescence,pnngs,affine,0.9873167131104289,0.8060492963422309,0.33153061372721093,task-model mean across ten CV folds
easygese:rice,Leaf_pubescence,pnngs,isotonic,1.0124246378394113,0.5869513233848171,0.31773092357012983,task-model mean across ten CV folds
easygese:rice,Leaf_pubescence,pnngs,raw,0.9994135639724769,2.9583786901199405,0.33153061372721093,task-model mean across ten CV folds
easygese:rice,Leaf_pubescence,soydngp,affine,0.9466536640151553,0.8666624552921297,0.4048397315500023,task-model mean across ten CV folds
easygese:rice,Leaf_pubescence,soydngp,isotonic,0.9443537392435137,0.7004083501418593,0.41944570991809316,task-model mean across ten CV folds
easygese:rice,Leaf_pubescence,soydngp,raw,0.9441999679538933,99.12744173562172,0.4048397315500011,task-model mean across ten CV folds
easygese:rice,Leaf_pubescence,transformer,affine,0.9381419392905661,0.8694253398404894,0.41199984307524273,task-model mean across ten CV folds
easygese:rice,Leaf_pubescence,transformer,isotonic,0.9472747122244151,0.6867855281462872,0.4333128836721231,task-model mean across ten CV folds
easygese:rice,Leaf_pubescence,transformer,raw,1.590767679596405,0.5559317279091139,0.41199984307524284,task-model mean across ten CV folds
easygese:rice,Panicle_fertility,cnn,affine,1.0166527010814823,0.7049334539465334,0.29094519400813423,task-model mean across ten CV folds
easygese:rice,Panicle_fertility,cnn,isotonic,1.0546084271295781,0.5121057140384406,0.2802351608507765,task-model mean across ten CV folds
easygese:rice,Panicle_fertility,cnn,raw,1.140021687371034,1.2090542769836365,0.2909451940081342,task-model mean across ten CV folds
easygese:rice,Panicle_fertility,deepgs,affine,1.0178813543692404,0.9708908523329957,0.30869428836217944,task-model mean across ten CV folds
easygese:rice,Panicle_fertility,deepgs,isotonic,1.0657896656429284,0.586916187369037,0.2911901306361394,task-model mean across ten CV folds
easygese:rice,Panicle_fertility,deepgs,raw,0.9828065083208817,1.2140548448683666,0.3086942883621794,task-model mean across ten CV folds
easygese:rice,Panicle_fertility,dnngp,affine,1.0206030401681203,0.8773767839045981,0.2670308862012778,task-model mean across ten CV folds
easygese:rice,Panicle_fertility,dnngp,isotonic,1.023223643028224,0.6219281920780277,0.29623446097338035,task-model mean across ten CV folds
easygese:rice,Panicle_fertility,dnngp,raw,1.0447655588793503,0.6687770249324797,0.2670308862012777,task-model mean across ten CV folds
easygese:rice,Panicle_fertility,mlp,affine,1.0260790122364858,0.8118360905255682,0.23399507028089422,task-model mean across ten CV folds
easygese:rice,Panicle_fertility,mlp,isotonic,1.0414531615407026,0.5699154143104785,0.2784847401062573,task-model mean across ten CV folds
easygese:rice,Panicle_fertility,mlp,raw,1.0341656957124787,0.5338115478310501,0.2339950702808943,task-model mean across ten CV folds
easygese:rice,Panicle_fertility,pnngs,affine,1.0356095577123148,0.6526136125861328,0.19819200806526077,task-model mean across ten CV folds
easygese:rice,Panicle_fertility,pnngs,isotonic,1.0725417004013882,0.43467711790428376,0.205483961598611,task-model mean across ten CV folds
easygese:rice,Panicle_fertility,pnngs,raw,1.0966785861622577,1.9017596498320117,0.19819200806526097,task-model mean across ten CV folds
easygese:rice,Panicle_fertility,soydngp,affine,0.9618801386604755,0.9496737352068791,0.40403537470038237,task-model mean across ten CV folds
easygese:rice,Panicle_fertility,soydngp,isotonic,1.0190065252105633,0.6972252065341464,0.3721699140232567,task-model mean across ten CV folds
easygese:rice,Panicle_fertility,soydngp,raw,1.034991269094182,4.185027638361259,0.40403537470038237,task-model mean across ten CV folds
easygese:rice,Panicle_fertility,transformer,affine,1.0076054607536604,0.7309579957634118,0.2592099593511893,task-model mean across ten CV folds
easygese:rice,Panicle_fertility,transformer,isotonic,1.0489048930993126,0.43924442382431855,0.21328891155801272,task-model mean across ten CV folds
easygese:rice,Panicle_fertility,transformer,raw,1.0391980454184269,0.44121464660834847,0.2592099593511893,task-model mean across ten CV folds
easygese:rice,Panicle_length,cnn,affine,0.8802435150142929,1.0118261104342934,0.5032791653796393,task-model mean across ten CV folds
easygese:rice,Panicle_length,cnn,isotonic,0.8969686179896522,0.8023995273883759,0.49219948013481574,task-model mean across ten CV folds
easygese:rice,Panicle_length,cnn,raw,1.3589361285953128,0.6615771191793602,0.5032791653796393,task-model mean across ten CV folds
easygese:rice,Panicle_length,deepgs,affine,0.8862253792473431,1.1115913179735215,0.5007973473896933,task-model mean across ten CV folds
easygese:rice,Panicle_length,deepgs,isotonic,0.8925269434611405,0.9206729939196491,0.489822946948092,task-model mean across ten CV folds
easygese:rice,Panicle_length,deepgs,raw,0.9703611774229659,2.022339159724323,0.5007973473896933,task-model mean across ten CV folds
easygese:rice,Panicle_length,dnngp,affine,0.9136302395769933,1.065954724173559,0.4594165909920842,task-model mean across ten CV folds
easygese:rice,Panicle_length,dnngp,isotonic,0.927982876035113,0.8225224446646295,0.4374909810192274,task-model mean across ten CV folds
easygese:rice,Panicle_length,dnngp,raw,0.9441289328150587,1.098397294825883,0.45941659099208404,task-model mean across ten CV folds
easygese:rice,Panicle_length,mlp,affine,0.9088171140818601,1.1045464596530077,0.44857058042619957,task-model mean across ten CV folds
easygese:rice,Panicle_length,mlp,isotonic,0.9207756077663065,0.8120038385521535,0.42638499292572885,task-model mean across ten CV folds
easygese:rice,Panicle_length,mlp,raw,0.9399060199425578,0.858657096136735,0.44857058042619957,task-model mean across ten CV folds
easygese:rice,Panicle_length,pnngs,affine,0.9621904219898662,0.9399287815831269,0.3572779656585284,task-model mean across ten CV folds
easygese:rice,Panicle_length,pnngs,isotonic,0.9839902114517436,0.6607558357497243,0.3536954703392152,task-model mean across ten CV folds
easygese:rice,Panicle_length,pnngs,raw,0.986007658818929,3.232079473507627,0.3572779656585283,task-model mean across ten CV folds
easygese:rice,Panicle_length,soydngp,affine,0.8696575183648158,1.0323169865912225,0.5229586012467152,task-model mean across ten CV folds
easygese:rice,Panicle_length,soydngp,isotonic,0.8989665918570362,0.8094106679611086,0.4905724303883464,task-model mean across ten CV folds
easygese:rice,Panicle_length,soydngp,raw,0.9447065733652995,6.617536520839858,0.5229586012467143,task-model mean across ten CV folds
easygese:rice,Panicle_length,transformer,affine,0.9005697408936353,1.0892849404119436,0.466121948307222,task-model mean across ten CV folds
easygese:rice,Panicle_length,transformer,isotonic,0.9189689210129564,0.8042433478163836,0.4480598688987067,task-model mean across ten CV folds
easygese:rice,Panicle_length,transformer,raw,1.0580786359574128,0.58167597254989,0.46612194830722214,task-model mean across ten CV folds
easygese:rice,Panicle_number_per_plant,cnn,affine,0.6981861125242566,0.8827028310913299,0.725071943653678,task-model mean across ten CV folds
easygese:rice,Panicle_number_per_plant,cnn,isotonic,0.7297277865832762,0.7937988672643141,0.7125935562237196,task-model mean across ten CV folds
easygese:rice,Panicle_number_per_plant,cnn,raw,0.8848157156505208,1.0049229732367668,0.725071943653678,task-model mean across ten CV folds
easygese:rice,Panicle_number_per_plant,deepgs,affine,0.7177572689611444,0.9132790395767241,0.7052162556440653,task-model mean across ten CV folds
easygese:rice,Panicle_number_per_plant,deepgs,isotonic,0.7441210575972251,0.8169189387952362,0.6877551410741743,task-model mean across ten CV folds
easygese:rice,Panicle_number_per_plant,deepgs,raw,0.8608569261221038,1.9026036036384415,0.7052162556440653,task-model mean across ten CV folds
easygese:rice,Panicle_number_per_plant,dnngp,affine,0.7162863011041765,0.9379593908395268,0.7077112246751812,task-model mean across ten CV folds
easygese:rice,Panicle_number_per_plant,dnngp,isotonic,0.7442618247834967,0.8302813351503284,0.6878471816289774,task-model mean across ten CV folds
easygese:rice,Panicle_number_per_plant,dnngp,raw,0.7670817251866635,0.9399170524917076,0.7077112246751813,task-model mean across ten CV folds
easygese:rice,Panicle_number_per_plant,mlp,affine,0.703956525586143,0.917427054687139,0.7224903386598032,task-model mean across ten CV folds
easygese:rice,Panicle_number_per_plant,mlp,isotonic,0.7360532405572946,0.8204283557396639,0.7052898031546763,task-model mean across ten CV folds
easygese:rice,Panicle_number_per_plant,mlp,raw,0.7378084786169367,0.8465728424938999,0.7224903386598032,task-model mean across ten CV folds
easygese:rice,Panicle_number_per_plant,pnngs,affine,0.7164703499582847,0.9029353363337312,0.7047057154010773,task-model mean across ten CV folds
easygese:rice,Panicle_number_per_plant,pnngs,isotonic,0.7369834501698105,0.8285646944898406,0.6937747666803513,task-model mean across ten CV folds
easygese:rice,Panicle_number_per_plant,pnngs,raw,0.949723293591006,2.7329187697945443,0.7047057154010771,task-model mean across ten CV folds
easygese:rice,Panicle_number_per_plant,soydngp,affine,0.7352289868600768,0.9196552846777658,0.6913922406149363,task-model mean across ten CV folds
easygese:rice,Panicle_number_per_plant,soydngp,isotonic,0.7723607272709816,0.8072195161182304,0.6689377408152868,task-model mean across ten CV folds
easygese:rice,Panicle_number_per_plant,soydngp,raw,0.9412387858842072,86.37349498470756,0.6913922406149405,task-model mean across ten CV folds
easygese:rice,Panicle_number_per_plant,transformer,affine,0.7098221136421435,0.9318994860646008,0.7095246916744743,task-model mean across ten CV folds
easygese:rice,Panicle_number_per_plant,transformer,isotonic,0.7132001790654721,0.8830504509906257,0.7116737618314802,task-model mean across ten CV folds
easygese:rice,Panicle_number_per_plant,transformer,raw,0.9712334122717643,0.645759041457132,0.7095246916744742,task-model mean across ten CV folds
easygese:rice,Pericarp_color,cnn,affine,0.9458695899088629,1.207915498181346,0.40797627754422444,task-model mean across ten CV folds
easygese:rice,Pericarp_color,cnn,isotonic,0.9885092585116639,0.5909975694655634,0.3489366223766132,task-model mean across ten CV folds
easygese:rice,Pericarp_color,cnn,raw,1.3667229372077738,1.8413591029966092,0.40797627754422444,task-model mean across ten CV folds
easygese:rice,Pericarp_color,deepgs,affine,0.9750126441358502,-0.38711535091105775,0.3255168754859109,task-model mean across ten CV folds
easygese:rice,Pericarp_color,deepgs,isotonic,0.9633137984827995,1.700837839698897,0.41731061786565415,task-model mean across ten CV folds
easygese:rice,Pericarp_color,deepgs,raw,0.9750477552050627,1.759024568823352,0.41376849126021414,task-model mean across ten CV folds
easygese:rice,Pericarp_color,dnngp,affine,0.967619505128664,-1.823248866624477,0.34053735636076954,task-model mean across ten CV folds
easygese:rice,Pericarp_color,dnngp,isotonic,0.9372480607248763,1.5819763548395431,0.4509366036414658,task-model mean across ten CV folds
easygese:rice,Pericarp_color,dnngp,raw,1.010360941024127,1.0012249766972676,0.42952224283656354,task-model mean across ten CV folds
easygese:rice,Pericarp_color,mlp,affine,0.9567361887928321,0.040264803970577565,0.3819774365353868,task-model mean across ten CV folds
easygese:rice,Pericarp_color,mlp,isotonic,0.9961995924636644,1.5372512643925513,0.43463643882223185,task-model mean across ten CV folds
easygese:rice,Pericarp_color,mlp,raw,0.9032325092702426,0.8897802143113509,0.4586245694166437,task-model mean across ten CV folds
easygese:rice,Pericarp_color,pnngs,affine,0.9746986181577586,4.81587509677877,0.39260879912070396,task-model mean across ten CV folds
easygese:rice,Pericarp_color,pnngs,isotonic,0.9146192792550234,1.358844386799053,0.45244861434226574,task-model mean across ten CV folds
easygese:rice,Pericarp_color,pnngs,raw,0.9791163178281028,2.6365691021414888,0.39260879912070396,task-model mean across ten CV folds
easygese:rice,Pericarp_color,soydngp,affine,0.8941817069718836,0.995004583223046,0.5215051891967709,task-model mean across ten CV folds
easygese:rice,Pericarp_color,soydngp,isotonic,0.9154589204680713,0.7754032325989535,0.49519857909387055,task-model mean across ten CV folds
easygese:rice,Pericarp_color,soydngp,raw,1.0419237956574678,140.2239721743825,0.5215051891967738,task-model mean across ten CV folds
easygese:rice,Pericarp_color,transformer,affine,0.9367199243954317,1.2850240011150211,0.472279869978035,task-model mean across ten CV folds
easygese:rice,Pericarp_color,transformer,isotonic,0.8927921547951325,0.9174202680985472,0.47903044843136666,task-model mean across ten CV folds
easygese:rice,Pericarp_color,transformer,raw,1.6990033955856614,0.6297362944972899,0.472279869978035,task-model mean across ten CV folds
easygese:rice,Plant_height,cnn,affine,0.8038971136756661,0.958199940327013,0.617693852946227,task-model mean across ten CV folds
easygese:rice,Plant_height,cnn,isotonic,0.8416413270520886,0.8204233501584849,0.5895499810509841,task-model mean across ten CV folds
easygese:rice,Plant_height,cnn,raw,0.8665000466818601,1.4391041614652338,0.617693852946227,task-model mean across ten CV folds
easygese:rice,Plant_height,deepgs,affine,0.8558019366930832,0.9360731086331098,0.5533024636178222,task-model mean across ten CV folds
easygese:rice,Plant_height,deepgs,isotonic,0.8966197400859107,0.7724649827751756,0.5271599400683619,task-model mean across ten CV folds
easygese:rice,Plant_height,deepgs,raw,0.9170189321520891,1.6990842185930504,0.5533024636178223,task-model mean across ten CV folds
easygese:rice,Plant_height,dnngp,affine,0.8658668278209329,0.949879865014174,0.5376633798086782,task-model mean across ten CV folds
easygese:rice,Plant_height,dnngp,isotonic,0.88987992901702,0.7897744674564706,0.5205569679233605,task-model mean across ten CV folds
easygese:rice,Plant_height,dnngp,raw,0.8996221999535983,0.9871549056576481,0.5376633798086783,task-model mean across ten CV folds
easygese:rice,Plant_height,mlp,affine,0.8634666745929698,0.8907842603353618,0.5492972053541656,task-model mean across ten CV folds
easygese:rice,Plant_height,mlp,isotonic,0.905636406827039,0.7383892748558093,0.5182459062512547,task-model mean across ten CV folds
easygese:rice,Plant_height,mlp,raw,0.893100031067226,0.8705616969638065,0.5492972053541655,task-model mean across ten CV folds
easygese:rice,Plant_height,pnngs,affine,0.8614521791883224,0.9095956673715065,0.554729148580287,task-model mean across ten CV folds
easygese:rice,Plant_height,pnngs,isotonic,0.9049976110314596,0.7102910481520357,0.5243201212587332,task-model mean across ten CV folds
easygese:rice,Plant_height,pnngs,raw,0.984496976021784,3.9526816518698373,0.5547291485802871,task-model mean across ten CV folds
easygese:rice,Plant_height,soydngp,affine,0.8015337859440109,0.970080890392776,0.6175832184834297,task-model mean across ten CV folds
easygese:rice,Plant_height,soydngp,isotonic,0.8506896412665279,0.788078080333366,0.5709509287547245,task-model mean across ten CV folds
easygese:rice,Plant_height,soydngp,raw,0.82680136955497,18.8030914340537,0.6175832184834277,task-model mean across ten CV folds
easygese:rice,Plant_height,transformer,affine,0.8528638644907263,0.905418428370471,0.5632614499257659,task-model mean across ten CV folds
easygese:rice,Plant_height,transformer,isotonic,0.9103711988311604,0.7411343057479549,0.533324006596217,task-model mean across ten CV folds
easygese:rice,Plant_height,transformer,raw,0.9398535730471764,0.7788769400091173,0.5632614499257659,task-model mean across ten CV folds
easygese:rice,Primary_panicle_branch_number,cnn,affine,0.9476621875102357,0.897583547538544,0.43591452818624976,task-model mean across ten CV folds
easygese:rice,Primary_panicle_branch_number,cnn,isotonic,1.010456767145276,0.6109859596461027,0.38994207271798575,task-model mean across ten CV folds
easygese:rice,Primary_panicle_branch_number,cnn,raw,1.233812317173004,0.5944219938813916,0.43591452818624976,task-model mean across ten CV folds
easygese:rice,Primary_panicle_branch_number,deepgs,affine,0.944452483744494,0.8116257667105617,0.4194843271970143,task-model mean across ten CV folds
easygese:rice,Primary_panicle_branch_number,deepgs,isotonic,1.014239886307075,0.5892213302300429,0.3679954299008121,task-model mean across ten CV folds
easygese:rice,Primary_panicle_branch_number,deepgs,raw,0.9570055203615819,1.5577274997384447,0.4194843271970144,task-model mean across ten CV folds
easygese:rice,Primary_panicle_branch_number,dnngp,affine,0.976884568040926,0.882673300793097,0.3601436709439964,task-model mean across ten CV folds
easygese:rice,Primary_panicle_branch_number,dnngp,isotonic,1.0562745902923119,0.5587892388324194,0.31318874847847544,task-model mean across ten CV folds
easygese:rice,Primary_panicle_branch_number,dnngp,raw,0.9629846645799066,1.018237055486412,0.3601436709439963,task-model mean across ten CV folds
easygese:rice,Primary_panicle_branch_number,mlp,affine,0.9485152009245115,0.9045884424832838,0.4131103446137351,task-model mean across ten CV folds
easygese:rice,Primary_panicle_branch_number,mlp,isotonic,0.9928786369081447,0.6473509021115904,0.37155927067683886,task-model mean across ten CV folds
easygese:rice,Primary_panicle_branch_number,mlp,raw,0.9560427151806774,0.786904612790375,0.4131103446137351,task-model mean across ten CV folds
easygese:rice,Primary_panicle_branch_number,pnngs,affine,0.9641448049525007,0.8871544676493788,0.40184959220338456,task-model mean across ten CV folds
easygese:rice,Primary_panicle_branch_number,pnngs,isotonic,1.0328081394767152,0.5695651096786696,0.3563879374314294,task-model mean across ten CV folds
easygese:rice,Primary_panicle_branch_number,pnngs,raw,0.9980999552149413,4.297889690509353,0.40184959220338456,task-model mean across ten CV folds
easygese:rice,Primary_panicle_branch_number,soydngp,affine,0.9491319513349408,0.7772982014813676,0.43535163059993753,task-model mean across ten CV folds
easygese:rice,Primary_panicle_branch_number,soydngp,isotonic,0.9592229568890485,0.7133879823260202,0.4372755238708838,task-model mean across ten CV folds
easygese:rice,Primary_panicle_branch_number,soydngp,raw,1.0881703620191125,77.37019356261274,0.43535163059994,task-model mean across ten CV folds
easygese:rice,Primary_panicle_branch_number,transformer,affine,0.927996106383534,0.8922452980598509,0.4428372616022426,task-model mean across ten CV folds
easygese:rice,Primary_panicle_branch_number,transformer,isotonic,0.9785127036571553,0.6425119556981513,0.40769062225056063,task-model mean across ten CV folds
easygese:rice,Primary_panicle_branch_number,transformer,raw,1.1478001412051249,0.4835341948268871,0.4428372616022426,task-model mean across ten CV folds
easygese:rice,Protein_content,cnn,affine,0.9768479539079442,0.8101537876914499,0.3188095395045401,task-model mean across ten CV folds
easygese:rice,Protein_content,cnn,isotonic,1.0184982443038657,0.6029020416337804,0.29223205246174555,task-model mean across ten CV folds
easygese:rice,Protein_content,cnn,raw,1.3541405380748248,5.086484813743084,0.3188095395045393,task-model mean across ten CV folds
easygese:rice,Protein_content,deepgs,affine,0.989300728727349,0.9089736842171409,0.3056870418753046,task-model mean across ten CV folds
easygese:rice,Protein_content,deepgs,isotonic,1.0428320093498544,0.6954728233219404,0.3084502687804897,task-model mean across ten CV folds
easygese:rice,Protein_content,deepgs,raw,1.0341452941401594,1.1560385930760226,0.3056870418753046,task-model mean across ten CV folds
easygese:rice,Protein_content,dnngp,affine,0.9776780699612585,1.0359261086951426,0.3054679902661482,task-model mean across ten CV folds
easygese:rice,Protein_content,dnngp,isotonic,1.00660644591692,0.5901465806674702,0.24706946555420645,task-model mean across ten CV folds
easygese:rice,Protein_content,dnngp,raw,1.067029854884282,1.0692236844842349,0.305467990266148,task-model mean across ten CV folds
easygese:rice,Protein_content,mlp,affine,0.9972017708820486,0.7409554108472944,0.25400697019962587,task-model mean across ten CV folds
easygese:rice,Protein_content,mlp,isotonic,1.04129560443035,0.4511548468178693,0.20978358465572872,task-model mean across ten CV folds
easygese:rice,Protein_content,mlp,raw,1.0097433972046943,0.568488710969998,0.2540069701996258,task-model mean across ten CV folds
easygese:rice,Protein_content,pnngs,affine,0.9999205721084854,0.7382401469669836,0.26103057269182645,task-model mean across ten CV folds
easygese:rice,Protein_content,pnngs,isotonic,1.0448660751286662,0.4870109230032881,0.2422869728245522,task-model mean across ten CV folds
easygese:rice,Protein_content,pnngs,raw,0.9907845858255433,1.9691775691945703,0.2610305726918264,task-model mean across ten CV folds
easygese:rice,Protein_content,soydngp,affine,0.9631568667694225,0.8227862150331472,0.3526260093540393,task-model mean across ten CV folds
easygese:rice,Protein_content,soydngp,isotonic,1.013157809356068,0.6000835020281237,0.3231132666829104,task-model mean across ten CV folds
easygese:rice,Protein_content,soydngp,raw,1.0481485553025038,35.77847854877176,0.35262600935404836,task-model mean across ten CV folds
easygese:rice,Protein_content,transformer,affine,1.002960722072117,0.7249096873210943,0.25924284559041233,task-model mean across ten CV folds
easygese:rice,Protein_content,transformer,isotonic,1.0302566911165845,0.5119336596454402,0.2331534660003951,task-model mean across ten CV folds
easygese:rice,Protein_content,transformer,raw,1.1723378493228584,0.3634123864397525,0.2592428455904123,task-model mean across ten CV folds
easygese:rice,Seed_color,cnn,affine,1.0085135754104932,0.3287287205830894,0.15347082370680537,task-model mean across ten CV folds
easygese:rice,Seed_color,cnn,isotonic,1.0538029117945855,-0.060778538252553485,-0.051376921817479757,task-model mean across ten CV folds
easygese:rice,Seed_color,cnn,raw,1.207063423969754,48.14040438881539,0.032050452676518355,task-model mean across ten CV folds
easygese:rice,Seed_color,deepgs,affine,1.0178464494687705,-3.0590612192520616,0.044071676165397186,task-model mean across ten CV folds
easygese:rice,Seed_color,deepgs,isotonic,1.0721825719086169,-0.08628133050420893,-0.024333141553573003,task-model mean across ten CV folds
easygese:rice,Seed_color,deepgs,raw,1.101894979011739,0.46008408278669694,0.07357450054817563,task-model mean across ten CV folds
easygese:rice,Seed_color,dnngp,affine,1.011704934341273,-0.017440765964554305,0.041312387390616025,task-model mean across ten CV folds
easygese:rice,Seed_color,dnngp,isotonic,1.025375146001686,-0.1103479319714054,-0.05073698799720284,task-model mean across ten CV folds
easygese:rice,Seed_color,dnngp,raw,1.1209455574112053,0.0654623287402601,0.05443603329274455,task-model mean across ten CV folds
easygese:rice,Seed_color,mlp,affine,1.0064795261374913,1.2480255152799409,0.22973775507060534,task-model mean across ten CV folds
easygese:rice,Seed_color,mlp,isotonic,1.0035195617905281,0.4870578466094252,0.22366452649611895,task-model mean across ten CV folds
easygese:rice,Seed_color,mlp,raw,1.0411124226953963,0.5924187450349295,0.13067007491303625,task-model mean across ten CV folds
easygese:rice,Seed_color,pnngs,affine,1.0129058579582666,0.20369467745187686,0.08386806812478574,task-model mean across ten CV folds
easygese:rice,Seed_color,pnngs,isotonic,1.0766025636556613,-0.09990384615384618,-0.05410392093990472,task-model mean across ten CV folds
easygese:rice,Seed_color,pnngs,raw,1.0227110310435026,5.687172288937958,0.055646479935120716,task-model mean across ten CV folds
easygese:rice,Seed_color,soydngp,affine,1.0139668216309379,0.5716771050570613,0.1179708735878219,task-model mean across ten CV folds
easygese:rice,Seed_color,soydngp,isotonic,1.0677241839501224,0.3197720797720801,0.11459482227762914,task-model mean across ten CV folds
easygese:rice,Seed_color,soydngp,raw,1.0038296920250918,72.24442335787471,0.07020463935108343,task-model mean across ten CV folds
easygese:rice,Seed_color,transformer,affine,1.024379362024203,-0.007331311127601203,0.08511854640719244,task-model mean across ten CV folds
easygese:rice,Seed_color,transformer,isotonic,1.0122992229568906,-0.015873015873015896,-0.004980119205559983,task-model mean across ten CV folds
easygese:rice,Seed_color,transformer,raw,1.796577001385565,0.0616201229522226,-0.0027364848867061247,task-model mean across ten CV folds
easygese:rice,Seed_length,cnn,affine,0.9121363547126873,0.8776659279391026,0.4564007443894787,task-model mean across ten CV folds
easygese:rice,Seed_length,cnn,isotonic,0.953853886165664,0.6777548269777114,0.4260863234122458,task-model mean across ten CV folds
easygese:rice,Seed_length,cnn,raw,1.1774204075565737,0.9649684297290702,0.4564007443894786,task-model mean across ten CV folds
easygese:rice,Seed_length,deepgs,affine,0.9283113471649521,0.9348302098810171,0.42224170657154475,task-model mean across ten CV folds
easygese:rice,Seed_length,deepgs,isotonic,0.9713662693831336,0.6146279067937271,0.38068325219398014,task-model mean across ten CV folds
easygese:rice,Seed_length,deepgs,raw,0.971842981577162,1.5058172921752149,0.42224170657154475,task-model mean across ten CV folds
easygese:rice,Seed_length,dnngp,affine,0.9581679563551635,0.9595831486717981,0.3740023543460751,task-model mean across ten CV folds
easygese:rice,Seed_length,dnngp,isotonic,0.9836595829447722,0.6664721881379915,0.34997573489349854,task-model mean across ten CV folds
easygese:rice,Seed_length,dnngp,raw,0.993441876223779,0.8859780045593352,0.3740023543460751,task-model mean across ten CV folds
easygese:rice,Seed_length,mlp,affine,0.9580565675138564,1.029806873890815,0.3627729299860682,task-model mean across ten CV folds
easygese:rice,Seed_length,mlp,isotonic,0.9736440403159573,0.6381541645289215,0.3492226532845511,task-model mean across ten CV folds
easygese:rice,Seed_length,mlp,raw,0.9825085098380028,0.654114980863858,0.36277292998606814,task-model mean across ten CV folds
easygese:rice,Seed_length,pnngs,affine,0.9663740141401636,0.8468303744215111,0.3431068966233993,task-model mean across ten CV folds
easygese:rice,Seed_length,pnngs,isotonic,0.9956008824581858,0.6296141966347129,0.32350668800457094,task-model mean across ten CV folds
easygese:rice,Seed_length,pnngs,raw,1.0796074269497569,3.4773823069660805,0.3431068966233995,task-model mean across ten CV folds
easygese:rice,Seed_length,soydngp,affine,0.8699315718468323,1.0222519522249491,0.5263592866872859,task-model mean across ten CV folds
easygese:rice,Seed_length,soydngp,isotonic,0.8875231782442368,0.8203500993019844,0.5133320095569847,task-model mean across ten CV folds
easygese:rice,Seed_length,soydngp,raw,0.9110675380769587,0.8891870300742635,0.5263592866872859,task-model mean across ten CV folds
easygese:rice,Seed_length,transformer,affine,0.9780257796056695,0.8858903382119483,0.3445555734007112,task-model mean across ten CV folds
easygese:rice,Seed_length,transformer,isotonic,1.0278741145786794,0.6171574160549069,0.32034452667866714,task-model mean across ten CV folds
easygese:rice,Seed_length,transformer,raw,1.1120880414436844,0.5066287175259604,0.34455557340071125,task-model mean across ten CV folds
easygese:rice,Seed_length_width_ratio,cnn,affine,0.814637129135048,0.9353164899311288,0.591845288700837,task-model mean across ten CV folds
easygese:rice,Seed_length_width_ratio,cnn,isotonic,0.8405462840500364,0.7936975257646155,0.5730921747605773,task-model mean across ten CV folds
easygese:rice,Seed_length_width_ratio,cnn,raw,1.523950663712227,0.8617553932423674,0.591845288700837,task-model mean across ten CV folds
easygese:rice,Seed_length_width_ratio,deepgs,affine,0.8453006811729459,0.9626806026031248,0.5497391876278018,task-model mean across ten CV folds
easygese:rice,Seed_length_width_ratio,deepgs,isotonic,0.8701775796607315,0.817501039618457,0.5249121837561169,task-model mean across ten CV folds
easygese:rice,Seed_length_width_ratio,deepgs,raw,0.9133420366470608,1.9178189687820832,0.5497391876278017,task-model mean across ten CV folds
easygese:rice,Seed_length_width_ratio,dnngp,affine,0.8698667547482402,0.9102117210679646,0.515839309457955,task-model mean across ten CV folds
easygese:rice,Seed_length_width_ratio,dnngp,isotonic,0.8993209521635059,0.7388003011045374,0.5024748437656967,task-model mean across ten CV folds
easygese:rice,Seed_length_width_ratio,dnngp,raw,1.0015438495483178,1.1147826473870979,0.5158393094579551,task-model mean across ten CV folds
easygese:rice,Seed_length_width_ratio,mlp,affine,0.850076072092455,0.975402040240471,0.541936194544434,task-model mean across ten CV folds
easygese:rice,Seed_length_width_ratio,mlp,isotonic,0.8872190000535403,0.7609186463124405,0.5072366054014482,task-model mean across ten CV folds
easygese:rice,Seed_length_width_ratio,mlp,raw,0.8677710847590815,0.8540814756101867,0.5419361945444341,task-model mean across ten CV folds
easygese:rice,Seed_length_width_ratio,pnngs,affine,0.8722054642585197,0.8515239546441713,0.5175512085141512,task-model mean across ten CV folds
easygese:rice,Seed_length_width_ratio,pnngs,isotonic,0.9119211817685786,0.7174247110955744,0.4914307017722863,task-model mean across ten CV folds
easygese:rice,Seed_length_width_ratio,pnngs,raw,0.969798113877229,4.2582879491443055,0.5175512085141509,task-model mean across ten CV folds
easygese:rice,Seed_length_width_ratio,soydngp,affine,0.8274996064438369,0.9737858326078843,0.5844580507692384,task-model mean across ten CV folds
easygese:rice,Seed_length_width_ratio,soydngp,isotonic,0.8353506031916147,0.8730044746727368,0.5815236893030333,task-model mean across ten CV folds
easygese:rice,Seed_length_width_ratio,soydngp,raw,0.9389434501983075,2.8819163695029757,0.5844580507692385,task-model mean across ten CV folds
easygese:rice,Seed_length_width_ratio,transformer,affine,0.8598651535017812,0.9024548294604726,0.5348487360061173,task-model mean across ten CV folds
easygese:rice,Seed_length_width_ratio,transformer,isotonic,0.8985595679658218,0.7181563990142618,0.49425044152679165,task-model mean across ten CV folds
easygese:rice,Seed_length_width_ratio,transformer,raw,1.0411226687915598,0.6885317221627932,0.5348487360061173,task-model mean across ten CV folds
easygese:rice,Seed_number_per_panicle,cnn,affine,0.9876192328635638,0.7874533300571643,0.32330786633452707,task-model mean across ten CV folds
easygese:rice,Seed_number_per_panicle,cnn,isotonic,1.017605771755894,0.5706655989169767,0.29652742914068064,task-model mean across ten CV folds
easygese:rice,Seed_number_per_panicle,cnn,raw,1.2250328383213274,1.192605186662363,0.32330786633452696,task-model mean across ten CV folds
easygese:rice,Seed_number_per_panicle,deepgs,affine,1.0071972591358274,1.1223457355039301,0.3030963178607621,task-model mean across ten CV folds
easygese:rice,Seed_number_per_panicle,deepgs,isotonic,1.0461478993142335,0.6855263837841634,0.2804277656420104,task-model mean across ten CV folds
easygese:rice,Seed_number_per_panicle,deepgs,raw,0.9846564571561356,1.2146279058145293,0.3030963178607621,task-model mean across ten CV folds
easygese:rice,Seed_number_per_panicle,dnngp,affine,1.0348595346636724,0.69800860746676,0.21912345594975208,task-model mean across ten CV folds
easygese:rice,Seed_number_per_panicle,dnngp,isotonic,1.0737396985582475,0.4246808664962559,0.1968802728278377,task-model mean across ten CV folds
easygese:rice,Seed_number_per_panicle,dnngp,raw,1.0521787160452862,0.607889304097275,0.21912345594975208,task-model mean across ten CV folds
easygese:rice,Seed_number_per_panicle,mlp,affine,0.9958279941550758,0.7363658247444917,0.29051228353531666,task-model mean across ten CV folds
easygese:rice,Seed_number_per_panicle,mlp,isotonic,1.060533813653072,0.49357555306270146,0.26020411043542524,task-model mean across ten CV folds
easygese:rice,Seed_number_per_panicle,mlp,raw,1.0085530073945148,0.5927718877578642,0.29051228353531655,task-model mean across ten CV folds
easygese:rice,Seed_number_per_panicle,pnngs,affine,1.028194621101299,0.8212983680945658,0.1470016166660743,task-model mean across ten CV folds
easygese:rice,Seed_number_per_panicle,pnngs,isotonic,1.0656024899276075,0.3535645960446209,0.11370448303273854,task-model mean across ten CV folds
easygese:rice,Seed_number_per_panicle,pnngs,raw,1.0562139900418945,1.5347578750904494,0.14700161666607456,task-model mean across ten CV folds
easygese:rice,Seed_number_per_panicle,soydngp,affine,0.9557494995915882,0.797693306130121,0.3780406232057665,task-model mean across ten CV folds
easygese:rice,Seed_number_per_panicle,soydngp,isotonic,1.0218180254125326,0.5184187525563353,0.32847108362598165,task-model mean across ten CV folds
easygese:rice,Seed_number_per_panicle,soydngp,raw,1.1033499008822052,44.23629931821894,0.378040623205845,task-model mean across ten CV folds
easygese:rice,Seed_number_per_panicle,transformer,affine,0.9956686734504675,0.8557438928358779,0.2706522184169032,task-model mean across ten CV folds
easygese:rice,Seed_number_per_panicle,transformer,isotonic,1.0612420475500604,0.4685004532117022,0.22571037038951552,task-model mean across ten CV folds
easygese:rice,Seed_number_per_panicle,transformer,raw,1.0841204677814549,0.43564136966798184,0.27065221841690307,task-model mean across ten CV folds
easygese:rice,Seed_surface_area,cnn,affine,0.8738776512706199,0.948507984011998,0.5370970514067347,task-model mean across ten CV folds
easygese:rice,Seed_surface_area,cnn,isotonic,0.9189416673050987,0.7229408773096698,0.5017584528090402,task-model mean across ten CV folds
easygese:rice,Seed_surface_area,cnn,raw,1.2558483595451306,0.7793063634166908,0.5370970514067347,task-model mean across ten CV folds
easygese:rice,Seed_surface_area,deepgs,affine,0.9162194707187187,0.9339184455982229,0.46197388532783146,task-model mean across ten CV folds
easygese:rice,Seed_surface_area,deepgs,isotonic,0.9486159592665414,0.7309630639806727,0.426987199218141,task-model mean across ten CV folds
easygese:rice,Seed_surface_area,deepgs,raw,0.9403448391204922,1.4062733253905662,0.4619738853278312,task-model mean across ten CV folds
easygese:rice,Seed_surface_area,dnngp,affine,0.926465450466966,0.9391162014790482,0.4275109985130774,task-model mean across ten CV folds
easygese:rice,Seed_surface_area,dnngp,isotonic,0.9588952736507643,0.6830634501757054,0.39998392398672167,task-model mean across ten CV folds
easygese:rice,Seed_surface_area,dnngp,raw,0.969049000298617,0.9961807947381152,0.4275109985130775,task-model mean across ten CV folds
easygese:rice,Seed_surface_area,mlp,affine,0.9303311867488266,0.9954565830125965,0.43525873573240953,task-model mean across ten CV folds
easygese:rice,Seed_surface_area,mlp,isotonic,0.9721572234659492,0.6899486601270981,0.39409527484752427,task-model mean across ten CV folds
easygese:rice,Seed_surface_area,mlp,raw,0.9556072926925954,0.7183184752466175,0.43525873573240953,task-model mean across ten CV folds
easygese:rice,Seed_surface_area,pnngs,affine,0.9323449980941703,0.9310336828088556,0.42810314306772623,task-model mean across ten CV folds
easygese:rice,Seed_surface_area,pnngs,isotonic,0.9599257248833192,0.7334828349685816,0.4046913453893358,task-model mean across ten CV folds
easygese:rice,Seed_surface_area,pnngs,raw,0.9904709783754224,2.743535985788084,0.4281031430677257,task-model mean across ten CV folds
easygese:rice,Seed_surface_area,soydngp,affine,0.8511617553892441,1.0187742856906243,0.5698644066074061,task-model mean across ten CV folds
easygese:rice,Seed_surface_area,soydngp,isotonic,0.8724306812676144,0.8495731338867909,0.5489758744060428,task-model mean across ten CV folds
easygese:rice,Seed_surface_area,soydngp,raw,1.1429613607753046,0.9865261498514594,0.5698644066074061,task-model mean across ten CV folds
easygese:rice,Seed_surface_area,transformer,affine,0.9127126630570844,0.94715134974285,0.44491353044573473,task-model mean across ten CV folds
easygese:rice,Seed_surface_area,transformer,isotonic,0.9495002546106528,0.7206679403865307,0.41301404664492347,task-model mean across ten CV folds
easygese:rice,Seed_surface_area,transformer,raw,1.2883833324110254,0.4026119613831183,0.44491353044573473,task-model mean across ten CV folds
easygese:rice,Seed_volume,cnn,affine,0.7901424385893749,1.008060054880166,0.6425717589561419,task-model mean across ten CV folds
easygese:rice,Seed_volume,cnn,isotonic,0.8073000173465286,0.8886897946380037,0.632122890137173,task-model mean across ten CV folds
easygese:rice,Seed_volume,cnn,raw,1.0192272748850038,0.9973935496649066,0.642571758956142,task-model mean across ten CV folds
easygese:rice,Seed_volume,deepgs,affine,0.8576798152708003,0.9603166089544711,0.5511076433779982,task-model mean across ten CV folds
easygese:rice,Seed_volume,deepgs,isotonic,0.873283780763494,0.8092594860195639,0.5409921936251842,task-model mean across ten CV folds
easygese:rice,Seed_volume,deepgs,raw,0.9069811898227831,1.6984621021497552,0.551107643377998,task-model mean across ten CV folds
easygese:rice,Seed_volume,dnngp,affine,0.8766236468743877,0.9498172149733491,0.5143873913126091,task-model mean across ten CV folds
easygese:rice,Seed_volume,dnngp,isotonic,0.9041104464038273,0.7426972490604752,0.5010092200793825,task-model mean across ten CV folds
easygese:rice,Seed_volume,dnngp,raw,0.8916139221842373,1.0984215285135384,0.5143873913126091,task-model mean across ten CV folds
easygese:rice,Seed_volume,mlp,affine,0.8597114913854517,0.9580244455139951,0.5450364986623442,task-model mean across ten CV folds
easygese:rice,Seed_volume,mlp,isotonic,0.8740167914392579,0.8282832100781137,0.5347565326801481,task-model mean across ten CV folds
easygese:rice,Seed_volume,mlp,raw,0.9001452867227766,0.771104907226735,0.5450364986623442,task-model mean across ten CV folds
easygese:rice,Seed_volume,pnngs,affine,0.8684390793906104,0.9487961682602037,0.53599808022824,task-model mean across ten CV folds
easygese:rice,Seed_volume,pnngs,isotonic,0.9105717991023097,0.756663508693554,0.51318723489077,task-model mean across ten CV folds
easygese:rice,Seed_volume,pnngs,raw,0.9918762409739248,3.6347680622688587,0.53599808022824,task-model mean across ten CV folds
easygese:rice,Seed_volume,soydngp,affine,0.7708477103023814,1.0307289846645098,0.6637377243359978,task-model mean across ten CV folds
easygese:rice,Seed_volume,soydngp,isotonic,0.7955554202899195,0.8639852186325765,0.647553707372715,task-model mean across ten CV folds
easygese:rice,Seed_volume,soydngp,raw,0.8498707447591212,4.260280446966597,0.6637377243359978,task-model mean across ten CV folds
easygese:rice,Seed_volume,transformer,affine,0.8479232005283537,0.9278290748921828,0.5570567740965287,task-model mean across ten CV folds
easygese:rice,Seed_volume,transformer,isotonic,0.866270891403923,0.8032670477972281,0.5515633140763343,task-model mean across ten CV folds
easygese:rice,Seed_volume,transformer,raw,1.226736752092284,0.46417008382220704,0.5570567740965287,task-model mean across ten CV folds
easygese:rice,Seed_width,cnn,affine,0.7576921420548726,0.9759002091147868,0.6713682947588666,task-model mean across ten CV folds
easygese:rice,Seed_width,cnn,isotonic,0.7908607690293291,0.8388333988254884,0.6470652941348441,task-model mean across ten CV folds
easygese:rice,Seed_width,cnn,raw,0.9357438999097176,0.6848728082139536,0.6713682947588666,task-model mean across ten CV folds
easygese:rice,Seed_width,deepgs,affine,0.8044096705091356,0.983729213674085,0.6141712163567119,task-model mean across ten CV folds
easygese:rice,Seed_width,deepgs,isotonic,0.8465940565128985,0.8286883201288191,0.5787089735176576,task-model mean across ten CV folds
easygese:rice,Seed_width,deepgs,raw,0.8894621374279723,1.9164680192468269,0.6141712163567119,task-model mean across ten CV folds
easygese:rice,Seed_width,dnngp,affine,0.8206931599435249,1.0028441960670555,0.5907585390575099,task-model mean across ten CV folds
easygese:rice,Seed_width,dnngp,isotonic,0.8305253039803182,0.85227155968271,0.5863305307780368,task-model mean across ten CV folds
easygese:rice,Seed_width,dnngp,raw,0.8358997961251798,0.936378684517468,0.5907585390575097,task-model mean across ten CV folds
easygese:rice,Seed_width,mlp,affine,0.8051345915383512,0.9909386675185161,0.6163161443731031,task-model mean across ten CV folds
easygese:rice,Seed_width,mlp,isotonic,0.8314394857004828,0.8549160432874865,0.6052961822387678,task-model mean across ten CV folds
easygese:rice,Seed_width,mlp,raw,0.8525710476744001,0.8941440451115457,0.6163161443731029,task-model mean across ten CV folds
easygese:rice,Seed_width,pnngs,affine,0.8233979430617218,0.9436127337702382,0.5982658895528816,task-model mean across ten CV folds
easygese:rice,Seed_width,pnngs,isotonic,0.8480929406471656,0.8235506567466147,0.5881986959351568,task-model mean across ten CV folds
easygese:rice,Seed_width,pnngs,raw,0.9612619020716672,4.8870670495452595,0.5982658895528816,task-model mean across ten CV folds
easygese:rice,Seed_width,soydngp,affine,0.7477224113972188,0.9792402849159998,0.6844465664040508,task-model mean across ten CV folds
easygese:rice,Seed_width,soydngp,isotonic,0.782628664928095,0.8643479554293559,0.6510299587614564,task-model mean across ten CV folds
easygese:rice,Seed_width,soydngp,raw,1.1181322651305792,4.622200567936878,0.6844465664040508,task-model mean across ten CV folds
easygese:rice,Seed_width,transformer,affine,0.7719262799627782,0.9906454384300322,0.6519871280964914,task-model mean across ten CV folds
easygese:rice,Seed_width,transformer,isotonic,0.7948900448117124,0.8657555057301025,0.6338686649268301,task-model mean across ten CV folds
easygese:rice,Seed_width,transformer,raw,1.0517304462090868,0.6039331528267597,0.6519871280964915,task-model mean across ten CV folds
easygese:rice,Straighthead_suseptability,cnn,affine,0.8702969590410732,0.8916121377893231,0.5512781353407411,task-model mean across ten CV folds
easygese:rice,Straighthead_suseptability,cnn,isotonic,0.8915836645812023,0.7581207409296329,0.5396882011462835,task-model mean across ten CV folds
easygese:rice,Straighthead_suseptability,cnn,raw,1.2606646623661533,0.7530585744641863,0.551278135340741,task-model mean across ten CV folds
easygese:rice,Straighthead_suseptability,deepgs,affine,0.866551079748754,0.9185944431744719,0.5507074233751192,task-model mean across ten CV folds
easygese:rice,Straighthead_suseptability,deepgs,isotonic,0.8994210947111029,0.7414274039781181,0.5302753978357801,task-model mean across ten CV folds
easygese:rice,Straighthead_suseptability,deepgs,raw,0.9223346039402369,1.782953409741492,0.5507074233751192,task-model mean across ten CV folds
easygese:rice,Straighthead_suseptability,dnngp,affine,0.9126343936571585,0.8648585545669893,0.4951120911484158,task-model mean across ten CV folds
easygese:rice,Straighthead_suseptability,dnngp,isotonic,0.9216627475815156,0.758953356489872,0.4949369094314794,task-model mean across ten CV folds
easygese:rice,Straighthead_suseptability,dnngp,raw,0.941420530289913,1.4540946368233405,0.4951120911484157,task-model mean across ten CV folds
easygese:rice,Straighthead_suseptability,mlp,affine,0.8957117527111,0.9363675326953391,0.5237311882893498,task-model mean across ten CV folds
easygese:rice,Straighthead_suseptability,mlp,isotonic,0.9068081988707235,0.7832049516451148,0.5059232918839515,task-model mean across ten CV folds
easygese:rice,Straighthead_suseptability,mlp,raw,0.9049225134510795,0.9023339424685316,0.5237311882893498,task-model mean across ten CV folds
easygese:rice,Straighthead_suseptability,pnngs,affine,0.9121616911044128,0.9472066030740436,0.48907229903612387,task-model mean across ten CV folds
easygese:rice,Straighthead_suseptability,pnngs,isotonic,0.9377860000829056,0.702648965131786,0.4557403347860685,task-model mean across ten CV folds
easygese:rice,Straighthead_suseptability,pnngs,raw,0.9576918164042955,3.749931630087173,0.48907229903612376,task-model mean across ten CV folds
easygese:rice,Straighthead_suseptability,soydngp,affine,0.8528272426076017,0.8678503988511095,0.5616345029584628,task-model mean across ten CV folds
easygese:rice,Straighthead_suseptability,soydngp,isotonic,0.8930648792952894,0.752391607955054,0.5221452800884938,task-model mean across ten CV folds
easygese:rice,Straighthead_suseptability,soydngp,raw,0.911547506873825,54.96803161270259,0.5616345029584634,task-model mean across ten CV folds
easygese:rice,Straighthead_suseptability,transformer,affine,0.914762850714661,0.808794584308808,0.47895774875148944,task-model mean across ten CV folds
easygese:rice,Straighthead_suseptability,transformer,isotonic,0.9377235491088689,0.669311680583146,0.4673342881271787,task-model mean across ten CV folds
easygese:rice,Straighthead_suseptability,transformer,raw,1.2356679528573067,0.5939522616008958,0.47895774875148944,task-model mean across ten CV folds
easygese:rice,Year06Flowering_time_at_Arkansas,cnn,affine,0.9063886048115792,0.9135400690577853,0.46950461795291953,task-model mean across ten CV folds
easygese:rice,Year06Flowering_time_at_Arkansas,cnn,isotonic,0.9453957948112912,0.7023285662217825,0.4475264269317628,task-model mean across ten CV folds
easygese:rice,Year06Flowering_time_at_Arkansas,cnn,raw,1.3179770227064302,0.6165482027929342,0.46950461795291953,task-model mean across ten CV folds
easygese:rice,Year06Flowering_time_at_Arkansas,deepgs,affine,0.9177813799535587,0.9879428298722945,0.44252467107982574,task-model mean across ten CV folds
easygese:rice,Year06Flowering_time_at_Arkansas,deepgs,isotonic,0.9487440315835404,0.6996143369323389,0.4055386272266725,task-model mean across ten CV folds
easygese:rice,Year06Flowering_time_at_Arkansas,deepgs,raw,0.9648086177683478,1.5583574789010264,0.4425246710798256,task-model mean across ten CV folds
easygese:rice,Year06Flowering_time_at_Arkansas,dnngp,affine,0.9557835206646631,0.8871880093934477,0.3392688246245342,task-model mean across ten CV folds
easygese:rice,Year06Flowering_time_at_Arkansas,dnngp,isotonic,0.9858929942823256,0.5744761822056129,0.3219183940996385,task-model mean across ten CV folds
easygese:rice,Year06Flowering_time_at_Arkansas,dnngp,raw,1.0505858883893024,1.3940543456941892,0.33926882462453445,task-model mean across ten CV folds
easygese:rice,Year06Flowering_time_at_Arkansas,mlp,affine,0.9152526255466741,1.1480540650192004,0.43826467239009076,task-model mean across ten CV folds
easygese:rice,Year06Flowering_time_at_Arkansas,mlp,isotonic,0.9735421946870332,0.6504137950110949,0.3611593557348003,task-model mean across ten CV folds
easygese:rice,Year06Flowering_time_at_Arkansas,mlp,raw,0.9347288145727759,0.9142432960262449,0.4382646723900906,task-model mean across ten CV folds
easygese:rice,Year06Flowering_time_at_Arkansas,pnngs,affine,0.9646307825696961,0.6430083726769664,0.3025173180927556,task-model mean across ten CV folds
easygese:rice,Year06Flowering_time_at_Arkansas,pnngs,isotonic,1.0250808871710904,0.4130404942725088,0.2644427044024122,task-model mean across ten CV folds
easygese:rice,Year06Flowering_time_at_Arkansas,pnngs,raw,1.0385447069791225,1.9123282907130565,0.3025173180927555,task-model mean across ten CV folds
easygese:rice,Year06Flowering_time_at_Arkansas,soydngp,affine,0.8810954289636213,0.9789447564236822,0.5025767968200678,task-model mean across ten CV folds
easygese:rice,Year06Flowering_time_at_Arkansas,soydngp,isotonic,0.9120907562456304,0.7619063887180776,0.45828057247922127,task-model mean across ten CV folds
easygese:rice,Year06Flowering_time_at_Arkansas,soydngp,raw,0.9946800488452162,1.491779906984456,0.5025767968200677,task-model mean across ten CV folds
easygese:rice,Year06Flowering_time_at_Arkansas,transformer,affine,0.9268633666925234,0.9647795238655688,0.4114963361974042,task-model mean across ten CV folds
easygese:rice,Year06Flowering_time_at_Arkansas,transformer,isotonic,0.9563591278079713,0.7834974256292419,0.40641297072531096,task-model mean across ten CV folds
easygese:rice,Year06Flowering_time_at_Arkansas,transformer,raw,1.2084294308412808,0.5348932489861797,0.41149633619740433,task-model mean across ten CV folds
easygese:rice,Year07Flowering_time_at_Arkansas,cnn,affine,0.9127463079747493,0.954065517322876,0.4506097980664984,task-model mean across ten CV folds
easygese:rice,Year07Flowering_time_at_Arkansas,cnn,isotonic,0.9335480854428504,0.7841039405526129,0.43559388795101606,task-model mean across ten CV folds
easygese:rice,Year07Flowering_time_at_Arkansas,cnn,raw,1.467398290208341,0.5426326965235915,0.45060979806649853,task-model mean across ten CV folds
easygese:rice,Year07Flowering_time_at_Arkansas,deepgs,affine,0.9381271941157653,0.930435124282621,0.39082632180931015,task-model mean across ten CV folds
easygese:rice,Year07Flowering_time_at_Arkansas,deepgs,isotonic,0.9735166340422502,0.6627791770512685,0.3690827839419426,task-model mean across ten CV folds
easygese:rice,Year07Flowering_time_at_Arkansas,deepgs,raw,0.9952871391879781,1.4186882676645698,0.3908263218093102,task-model mean across ten CV folds
easygese:rice,Year07Flowering_time_at_Arkansas,dnngp,affine,0.9579781953823625,1.1478205152675156,0.36879172737395277,task-model mean across ten CV folds
easygese:rice,Year07Flowering_time_at_Arkansas,dnngp,isotonic,0.9860379237996737,0.7390372886745706,0.3280454798765985,task-model mean across ten CV folds
easygese:rice,Year07Flowering_time_at_Arkansas,dnngp,raw,0.9660249151043263,1.0676661491893864,0.36879172737395266,task-model mean across ten CV folds
easygese:rice,Year07Flowering_time_at_Arkansas,mlp,affine,0.9360040420688959,1.00889770466843,0.41025978227994225,task-model mean across ten CV folds
easygese:rice,Year07Flowering_time_at_Arkansas,mlp,isotonic,0.9494465381387697,0.7679224030987148,0.40538698547657886,task-model mean across ten CV folds
easygese:rice,Year07Flowering_time_at_Arkansas,mlp,raw,0.9821228777193912,0.8454581004019582,0.41025978227994236,task-model mean across ten CV folds
easygese:rice,Year07Flowering_time_at_Arkansas,pnngs,affine,0.971383846175166,0.8587366469199338,0.3249736599064491,task-model mean across ten CV folds
easygese:rice,Year07Flowering_time_at_Arkansas,pnngs,isotonic,0.9873421328436539,0.7115539769503589,0.3247805180325379,task-model mean across ten CV folds
easygese:rice,Year07Flowering_time_at_Arkansas,pnngs,raw,1.0244988081263746,2.117667580711651,0.3249736599064491,task-model mean across ten CV folds
easygese:rice,Year07Flowering_time_at_Arkansas,soydngp,affine,0.9261699673809023,1.127156769776478,0.4540203838769921,task-model mean across ten CV folds
easygese:rice,Year07Flowering_time_at_Arkansas,soydngp,isotonic,0.961024406744482,0.8731658384233176,0.42743217672422357,task-model mean across ten CV folds
easygese:rice,Year07Flowering_time_at_Arkansas,soydngp,raw,1.0206442637817523,4.195562001427303,0.4540203838769921,task-model mean across ten CV folds
easygese:rice,Year07Flowering_time_at_Arkansas,transformer,affine,0.9443621608110758,0.9864805997086632,0.39134299442204623,task-model mean across ten CV folds
easygese:rice,Year07Flowering_time_at_Arkansas,transformer,isotonic,0.9498163339366685,0.7341883012534686,0.3850271278640205,task-model mean across ten CV folds
easygese:rice,Year07Flowering_time_at_Arkansas,transformer,raw,1.1634575668807445,0.6001863162836568,0.3913429944220462,task-model mean across ten CV folds
easygese:soybean,C13,cnn,affine,0.9738455031303742,0.7705253595699832,0.31721921015651,task-model mean across ten CV folds
easygese:soybean,C13,cnn,isotonic,1.013829008274651,0.5275020904509142,0.27656197052567333,task-model mean across ten CV folds
easygese:soybean,C13,cnn,raw,0.9957929890429286,9.063277539199376,0.3172192101565239,task-model mean across ten CV folds
easygese:soybean,C13,deepgs,affine,1.000951137037297,0.8214191800514591,0.3365451090425941,task-model mean across ten CV folds
easygese:soybean,C13,deepgs,isotonic,0.9818293202427109,0.6903632278332806,0.3315943172266034,task-model mean across ten CV folds
easygese:soybean,C13,deepgs,raw,1.2399877750954862,1.0256173107544242,0.33654510904259516,task-model mean across ten CV folds
easygese:soybean,C13,dnngp,affine,0.9522376839636975,1.0566400082345146,0.35603099385629633,task-model mean across ten CV folds
easygese:soybean,C13,dnngp,isotonic,0.9865334854526318,0.6233020139605335,0.3279263805550158,task-model mean across ten CV folds
easygese:soybean,C13,dnngp,raw,0.996280487446989,1.5878895643523576,0.3560309938562965,task-model mean across ten CV folds
easygese:soybean,C13,mlp,affine,0.9629352856286839,0.754615656278493,0.3268028371043243,task-model mean across ten CV folds
easygese:soybean,C13,mlp,isotonic,1.0013999702762584,0.5830919203755913,0.29817169261279375,task-model mean across ten CV folds
easygese:soybean,C13,mlp,raw,1.243100150427321,0.4961860138274103,0.32680283710432423,task-model mean across ten CV folds
easygese:soybean,C13,pnngs,affine,1.0291538109154614,0.5152061768687773,0.17783214676947023,task-model mean across ten CV folds
easygese:soybean,C13,pnngs,isotonic,1.0688231875782066,0.38851610468259484,0.1797913045483825,task-model mean across ten CV folds
easygese:soybean,C13,pnngs,raw,1.0201197612907573,2.329886663238249,0.17783214676946812,task-model mean across ten CV folds
easygese:soybean,C13,soydngp,affine,0.9544299051639691,0.8135622058514125,0.354164006666912,task-model mean across ten CV folds
easygese:soybean,C13,soydngp,isotonic,1.0096718769072694,0.5795098505535844,0.32212154529815507,task-model mean across ten CV folds
easygese:soybean,C13,soydngp,raw,1.0414325105786915,0.881035481674056,0.3541640066669111,task-model mean across ten CV folds
easygese:soybean,C13,transformer,affine,1.000370482810376,0.6106024457490783,0.21458393502236647,task-model mean across ten CV folds
easygese:soybean,C13,transformer,isotonic,1.011818396457179,0.5092752020766972,0.2247540614069,task-model mean across ten CV folds
easygese:soybean,C13,transformer,raw,1.3071094172971607,0.3574571562298265,0.21458393502236683,task-model mean across ten CV folds
easygese:soybean,Wilt,cnn,affine,0.9807852554549029,0.9438320826439037,0.3032205189362208,task-model mean across ten CV folds
easygese:soybean,Wilt,cnn,isotonic,1.0433943698316561,0.562440430351433,0.25931049215383395,task-model mean across ten CV folds
easygese:soybean,Wilt,cnn,raw,0.9953074896203683,9.117000726895371,0.303220518936221,task-model mean across ten CV folds
easygese:soybean,Wilt,deepgs,affine,0.9330338565755909,1.0166678311108424,0.40461201303107563,task-model mean across ten CV folds
easygese:soybean,Wilt,deepgs,isotonic,0.9696392705617238,0.7070081857353637,0.36502961596212935,task-model mean across ten CV folds
easygese:soybean,Wilt,deepgs,raw,0.9804864823497134,1.1814318836197597,0.40461201303107563,task-model mean across ten CV folds
easygese:soybean,Wilt,dnngp,affine,0.952015555059992,0.8416759695133942,0.34158420765525477,task-model mean across ten CV folds
easygese:soybean,Wilt,dnngp,isotonic,0.985593879831215,0.63286991065454,0.3233391356461776,task-model mean across ten CV folds
easygese:soybean,Wilt,dnngp,raw,1.0229946896426596,1.5560595074646457,0.34158420765525477,task-model mean across ten CV folds
easygese:soybean,Wilt,mlp,affine,0.9448842696783736,1.0028125671899137,0.3916052913189487,task-model mean across ten CV folds
easygese:soybean,Wilt,mlp,isotonic,0.9761879099783627,0.7252164803012835,0.3752848818955457,task-model mean across ten CV folds
easygese:soybean,Wilt,mlp,raw,1.1131302016137428,0.5220304756070387,0.39160529131894883,task-model mean across ten CV folds
easygese:soybean,Wilt,pnngs,affine,0.9905228924894779,1.1703826323265143,0.25124568600443165,task-model mean across ten CV folds
easygese:soybean,Wilt,pnngs,isotonic,1.0077947262259581,0.6454824763677407,0.2591018886127388,task-model mean across ten CV folds
easygese:soybean,Wilt,pnngs,raw,1.0044160997055072,3.554890014245127,0.25124568600443176,task-model mean across ten CV folds
easygese:soybean,Wilt,soydngp,affine,1.002985073898724,0.3172753165476323,0.19710383180639002,task-model mean across ten CV folds
easygese:soybean,Wilt,soydngp,isotonic,1.0364670030787324,0.3697219909117127,0.20760817749486304,task-model mean across ten CV folds
easygese:soybean,Wilt,soydngp,raw,1.1084749173303907,-15.294482761906542,0.19710383180639215,task-model mean across ten CV folds
easygese:soybean,Wilt,transformer,affine,1.0017298694703505,1.566429370067416,0.2266974388373829,task-model mean across ten CV folds
easygese:soybean,Wilt,transformer,isotonic,1.019377629615902,0.5791223161836412,0.22047175435840455,task-model mean across ten CV folds
easygese:soybean,Wilt,transformer,raw,1.3415911891455283,0.3886161945934195,0.22669743883738286,task-model mean across ten CV folds
easygese:wheatG,DTR,cnn,affine,0.998249864747225,0.8228552757100365,0.3117408542041353,task-model mean across ten CV folds
easygese:wheatG,DTR,cnn,isotonic,1.0170306885361349,0.5330962385967355,0.2763788872526688,task-model mean across ten CV folds
easygese:wheatG,DTR,cnn,raw,1.0461235192381673,1.0669024981301884,0.3117408542041352,task-model mean across ten CV folds
easygese:wheatG,DTR,deepgs,affine,0.9588818508252267,0.8483770921228787,0.39465063194438643,task-model mean across ten CV folds
easygese:wheatG,DTR,deepgs,isotonic,0.992975700436415,0.6314091639125113,0.3769902058935845,task-model mean across ten CV folds
easygese:wheatG,DTR,deepgs,raw,1.144644468676597,1.0474499143137241,0.3946506319443865,task-model mean across ten CV folds
easygese:wheatG,DTR,dnngp,affine,0.9550059329365409,0.9981858402637791,0.4300605429875567,task-model mean across ten CV folds
easygese:wheatG,DTR,dnngp,isotonic,0.9672116362261594,0.7915702940032058,0.421512113191109,task-model mean across ten CV folds
easygese:wheatG,DTR,dnngp,raw,0.9356002538640775,1.7051656950921825,0.43006054298755664,task-model mean across ten CV folds
easygese:wheatG,DTR,mlp,affine,0.9497344774365182,0.9029063690027355,0.40755917296259964,task-model mean across ten CV folds
easygese:wheatG,DTR,mlp,isotonic,0.99366454448086,0.6788017236074696,0.3776723456561114,task-model mean across ten CV folds
easygese:wheatG,DTR,mlp,raw,1.5632050495658016,0.33890440700814983,0.4075591729625997,task-model mean across ten CV folds
easygese:wheatG,DTR,pnngs,affine,0.98576092155485,-0.17839165224048367,0.2623362218889176,task-model mean across ten CV folds
easygese:wheatG,DTR,pnngs,isotonic,1.0164515490976922,0.8954615261111079,0.3096485464739388,task-model mean across ten CV folds
easygese:wheatG,DTR,pnngs,raw,1.0480379589796274,2.8968355483910786,0.36007709160489804,task-model mean across ten CV folds
easygese:wheatG,DTR,soydngp,affine,0.9661101071614068,0.8569928385429858,0.3738294541390621,task-model mean across ten CV folds
easygese:wheatG,DTR,soydngp,isotonic,1.0093869935277906,0.5984771719478972,0.3320799217020582,task-model mean across ten CV folds
easygese:wheatG,DTR,soydngp,raw,1.1029090844672802,18.076125822102423,0.373829454139062,task-model mean across ten CV folds
easygese:wheatG,DTR,transformer,affine,0.9742968787861587,0.9581848295774643,0.3275916794082671,task-model mean across ten CV folds
easygese:wheatG,DTR,transformer,isotonic,1.0098931000509814,0.6100231555639596,0.29040599879375784,task-model mean across ten CV folds
easygese:wheatG,DTR,transformer,raw,1.036286955232566,0.5295804479765877,0.32759167940826717,task-model mean across ten CV folds
easygese:wheatG,EW,cnn,affine,0.9713337779971625,0.9174055365321625,0.2797965435141628,task-model mean across ten CV folds
easygese:wheatG,EW,cnn,isotonic,0.9941872523866154,0.5533545508783042,0.27439022389143947,task-model mean across ten CV folds
easygese:wheatG,EW,cnn,raw,1.2083415223143525,1.2420947882655589,0.2797965435141628,task-model mean across ten CV folds
easygese:wheatG,EW,deepgs,affine,0.9586919914162731,0.9906425752059921,0.33145710472435197,task-model mean across ten CV folds
easygese:wheatG,EW,deepgs,isotonic,0.9900459380321772,0.644215042635026,0.2897157400748055,task-model mean across ten CV folds
easygese:wheatG,EW,deepgs,raw,1.4280522904688326,0.9108159053744199,0.3314571047243519,task-model mean across ten CV folds
easygese:wheatG,EW,dnngp,affine,0.9673877753876965,0.9873496303951994,0.31609509196891816,task-model mean across ten CV folds
easygese:wheatG,EW,dnngp,isotonic,1.0220977412702728,0.5375929520720752,0.26230391422243604,task-model mean across ten CV folds
easygese:wheatG,EW,dnngp,raw,0.9602206482503997,1.3923292191931023,0.31609509196891816,task-model mean across ten CV folds
easygese:wheatG,EW,mlp,affine,0.9472417123621414,1.0782274323928163,0.3670684964752451,task-model mean across ten CV folds
easygese:wheatG,EW,mlp,isotonic,0.974147767414626,0.6909314424847232,0.347725663228226,task-model mean across ten CV folds
easygese:wheatG,EW,mlp,raw,1.034043686955284,0.5125808988739063,0.36706849647524503,task-model mean across ten CV folds
easygese:wheatG,EW,pnngs,affine,1.0018616199907808,0.699440896401242,0.20279366705192614,task-model mean across ten CV folds
easygese:wheatG,EW,pnngs,isotonic,1.0311234815595522,0.40442952849112973,0.17920873634266005,task-model mean across ten CV folds
easygese:wheatG,EW,pnngs,raw,1.0404241961853873,6.230392129127803,0.20279366705192475,task-model mean across ten CV folds
easygese:wheatG,EW,soydngp,affine,0.976394971593001,0.9388080969513531,0.28272764243634413,task-model mean across ten CV folds
easygese:wheatG,EW,soydngp,isotonic,1.0074839319141673,0.5570088903463883,0.25681539755670724,task-model mean across ten CV folds
easygese:wheatG,EW,soydngp,raw,1.0959691131659968,20.33995641143061,0.2827276424363431,task-model mean across ten CV folds
easygese:wheatG,EW,transformer,affine,0.9553155922762826,1.1571649971624287,0.3471164095671711,task-model mean across ten CV folds
easygese:wheatG,EW,transformer,isotonic,0.9816114158093876,0.7045826066588917,0.30128481802841145,task-model mean across ten CV folds
easygese:wheatG,EW,transformer,raw,1.1572184006147361,0.6548117763279286,0.347116409567171,task-model mean across ten CV folds
easygese:wheatG,FHB,cnn,affine,0.8110390272502415,0.9602965352373654,0.6187884212307976,task-model mean across ten CV folds
easygese:wheatG,FHB,cnn,isotonic,0.8433755983906753,0.803844466415975,0.5905046522809908,task-model mean across ten CV folds
easygese:wheatG,FHB,cnn,raw,0.9040660035244071,1.1999269315220116,0.6187884212307976,task-model mean across ten CV folds
easygese:wheatG,FHB,deepgs,affine,0.7486236305053328,0.9888935549870972,0.6845086938930727,task-model mean across ten CV folds
easygese:wheatG,FHB,deepgs,isotonic,0.7501438498222903,0.9075924277713405,0.6836618357303179,task-model mean across ten CV folds
easygese:wheatG,FHB,deepgs,raw,1.0677477734131338,2.151249085523834,0.6845086938930728,task-model mean across ten CV folds
easygese:wheatG,FHB,dnngp,affine,0.7692158246297007,0.9509020481424159,0.665748932076701,task-model mean across ten CV folds
easygese:wheatG,FHB,dnngp,isotonic,0.7852962170327203,0.8510958497804225,0.6602113095004624,task-model mean across ten CV folds
easygese:wheatG,FHB,dnngp,raw,0.7963674309417657,1.462220204062622,0.6657489320767008,task-model mean across ten CV folds
easygese:wheatG,FHB,mlp,affine,0.7305707201989408,0.9985854271254458,0.7035676973367488,task-model mean across ten CV folds
easygese:wheatG,FHB,mlp,isotonic,0.7452811460921613,0.8866746955357131,0.6937349024893757,task-model mean across ten CV folds
easygese:wheatG,FHB,mlp,raw,0.8732345166040238,0.6404113958030061,0.7035676973367486,task-model mean across ten CV folds
easygese:wheatG,FHB,pnngs,affine,0.8663841019804813,0.992153175586812,0.5584878251264677,task-model mean across ten CV folds
easygese:wheatG,FHB,pnngs,isotonic,0.8860845206113537,0.764906909342953,0.5483615671747611,task-model mean across ten CV folds
easygese:wheatG,FHB,pnngs,raw,1.044544388769999,3.547907342479404,0.5584878251264677,task-model mean across ten CV folds
easygese:wheatG,FHB,soydngp,affine,0.7546722154344294,0.9589847047050455,0.676966993148936,task-model mean across ten CV folds
easygese:wheatG,FHB,soydngp,isotonic,0.7802396893678528,0.8493825494489246,0.659988957277547,task-model mean across ten CV folds
easygese:wheatG,FHB,soydngp,raw,0.9377630863333499,22.047125746942008,0.676966993148936,task-model mean across ten CV folds
easygese:wheatG,FHB,transformer,affine,0.8218479497289988,1.0049464696819759,0.6032348250826282,task-model mean across ten CV folds
easygese:wheatG,FHB,transformer,isotonic,0.8521560071861639,0.8090200134658936,0.5773794489778223,task-model mean across ten CV folds
easygese:wheatG,FHB,transformer,raw,1.009744505815777,0.9990128851096965,0.6032348250826282,task-model mean across ten CV folds
easygese:wheatG,GH,cnn,affine,0.9211515265345829,1.0485245408535013,0.4623550886753363,task-model mean across ten CV folds
easygese:wheatG,GH,cnn,isotonic,0.9502517699016148,0.749223794925501,0.43685491880570193,task-model mean across ten CV folds
easygese:wheatG,GH,cnn,raw,1.8183870826752249,0.7758708473405643,0.4623550886753362,task-model mean across ten CV folds
easygese:wheatG,GH,deepgs,affine,0.874052390969001,1.0120101235821335,0.5374804099883546,task-model mean across ten CV folds
easygese:wheatG,GH,deepgs,isotonic,0.9146325195841472,0.8271372889049126,0.5060735321405174,task-model mean across ten CV folds
easygese:wheatG,GH,deepgs,raw,0.9900263744388544,1.5986414601849366,0.5374804099883547,task-model mean across ten CV folds
easygese:wheatG,GH,dnngp,affine,0.8598856244879605,1.092816871630267,0.5503571575349955,task-model mean across ten CV folds
easygese:wheatG,GH,dnngp,isotonic,0.8913990042393726,0.8842125915355883,0.533533653579125,task-model mean across ten CV folds
easygese:wheatG,GH,dnngp,raw,0.8687871395519329,1.568930844410362,0.5503571575349955,task-model mean across ten CV folds
easygese:wheatG,GH,mlp,affine,0.8513218599697592,1.031123933353747,0.571305245932182,task-model mean across ten CV folds
easygese:wheatG,GH,mlp,isotonic,0.8781776973664192,0.8622259905798639,0.5619652221893316,task-model mean across ten CV folds
easygese:wheatG,GH,mlp,raw,0.8909496616877458,0.6608478771100768,0.5713052459321821,task-model mean across ten CV folds
easygese:wheatG,GH,pnngs,affine,0.970765279885813,1.2079322817235614,0.3545027795336674,task-model mean across ten CV folds
easygese:wheatG,GH,pnngs,isotonic,1.0037229802175178,0.7874133275631118,0.3313593677375518,task-model mean across ten CV folds
easygese:wheatG,GH,pnngs,raw,1.0154728191742524,4.914264693560522,0.3545027795336672,task-model mean across ten CV folds
easygese:wheatG,GH,soydngp,affine,0.8549278222727628,1.0214100431980726,0.5451927107387565,task-model mean across ten CV folds
easygese:wheatG,GH,soydngp,isotonic,0.9284372135635441,0.7532488058100956,0.4933009524635579,task-model mean across ten CV folds
easygese:wheatG,GH,soydngp,raw,1.1197481411028454,0.7842053465064595,0.5451927107387566,task-model mean across ten CV folds
easygese:wheatG,GH,transformer,affine,0.9426313920576505,0.9190459678227185,0.4283786789733391,task-model mean across ten CV folds
easygese:wheatG,GH,transformer,isotonic,0.9886576820995794,0.7008811449177713,0.3976757627242393,task-model mean across ten CV folds
easygese:wheatG,GH,transformer,raw,1.1651679945196063,0.6969339897584774,0.42837867897333914,task-model mean across ten CV folds
easygese:wheatG,GPE,cnn,affine,0.9882203049006397,1.1392122325446141,0.2689970210484868,task-model mean across ten CV folds
easygese:wheatG,GPE,cnn,isotonic,1.0053666601478934,0.7208590218468999,0.27525237118703566,task-model mean across ten CV folds
easygese:wheatG,GPE,cnn,raw,1.159730125991117,1.1167087207023374,0.26899702104848694,task-model mean across ten CV folds
easygese:wheatG,GPE,deepgs,affine,0.9971670726552041,0.7513342915215553,0.2834898853514636,task-model mean across ten CV folds
easygese:wheatG,GPE,deepgs,isotonic,1.0046669718875303,0.6004707464880218,0.2863981706266728,task-model mean across ten CV folds
easygese:wheatG,GPE,deepgs,raw,1.3882187630198328,0.7158093725789878,0.2834898853514637,task-model mean across ten CV folds
easygese:wheatG,GPE,dnngp,affine,0.9981092308966575,1.0944479447434339,0.2794642963413786,task-model mean across ten CV folds
easygese:wheatG,GPE,dnngp,isotonic,1.039559239657847,0.5871662751457524,0.26543411624205715,task-model mean across ten CV folds
easygese:wheatG,GPE,dnngp,raw,0.9788663909660306,1.4081194338236735,0.2794642963413786,task-model mean across ten CV folds
easygese:wheatG,GPE,mlp,affine,0.9771368844465756,1.0296934975765013,0.31542630370776675,task-model mean across ten CV folds
easygese:wheatG,GPE,mlp,isotonic,1.0041823670828172,0.6199918479613721,0.2949934505491474,task-model mean across ten CV folds
easygese:wheatG,GPE,mlp,raw,1.6053996396096042,0.2647201920683325,0.3154263037077669,task-model mean across ten CV folds
easygese:wheatG,GPE,pnngs,affine,1.0161413988602435,1.2128575854525618,0.18132895696121215,task-model mean across ten CV folds
easygese:wheatG,GPE,pnngs,isotonic,1.0461870891921612,0.41721883281705247,0.16958622640119914,task-model mean across ten CV folds
easygese:wheatG,GPE,pnngs,raw,1.039618517536501,5.292611948418948,0.18132895696121248,task-model mean across ten CV folds
easygese:wheatG,GPE,soydngp,affine,1.0194268857116762,0.6212887794831431,0.22186089364443232,task-model mean across ten CV folds
easygese:wheatG,GPE,soydngp,isotonic,1.042876610275905,0.44632641827433994,0.2293242812109121,task-model mean across ten CV folds
easygese:wheatG,GPE,soydngp,raw,1.0237921530484215,14.053311068838028,0.22186089364443212,task-model mean across ten CV folds
easygese:wheatG,GPE,transformer,affine,1.017096710215946,1.2071391386409025,0.2035734842057452,task-model mean across ten CV folds
easygese:wheatG,GPE,transformer,isotonic,1.061519083310706,0.5674119587051546,0.19265023151888117,task-model mean across ten CV folds
easygese:wheatG,GPE,transformer,raw,1.1970446424192542,0.3512344129417885,0.20357348420574528,task-model mean across ten CV folds
easygese:wheatG,GY,cnn,affine,0.8525405013356269,1.1157261602793684,0.5520370777500223,task-model mean across ten CV folds
easygese:wheatG,GY,cnn,isotonic,0.8826770652288799,0.8621352784986126,0.5074941625440698,task-model mean across ten CV folds
easygese:wheatG,GY,cnn,raw,1.0636973796733011,1.3913205041590826,0.5520370777500224,task-model mean across ten CV folds
easygese:wheatG,GY,deepgs,affine,0.8206745528675977,1.116816253703495,0.6047107291726725,task-model mean across ten CV folds
easygese:wheatG,GY,deepgs,isotonic,0.8310468203969483,0.9322241659752484,0.588891183510222,task-model mean across ten CV folds
easygese:wheatG,GY,deepgs,raw,0.9434439230515592,1.999731977917289,0.6047107291726725,task-model mean across ten CV folds
easygese:wheatG,GY,dnngp,affine,0.8624219359880281,1.032988604746805,0.5459213415890277,task-model mean across ten CV folds
easygese:wheatG,GY,dnngp,isotonic,0.895464692821528,0.9083328305744554,0.5098771930119842,task-model mean across ten CV folds
easygese:wheatG,GY,dnngp,raw,0.9126990961843525,1.4996578998897883,0.5459213415890278,task-model mean across ten CV folds
easygese:wheatG,GY,mlp,affine,0.8267154803431522,1.170572129780346,0.6042829653588088,task-model mean across ten CV folds
easygese:wheatG,GY,mlp,isotonic,0.8587187311699772,0.8965900974908372,0.5572650973044055,task-model mean across ten CV folds
easygese:wheatG,GY,mlp,raw,1.0559416154130732,0.5753109498709438,0.604282965358809,task-model mean across ten CV folds
easygese:wheatG,GY,pnngs,affine,0.9019466446786805,1.0103874184055355,0.4665027545226403,task-model mean across ten CV folds
easygese:wheatG,GY,pnngs,isotonic,0.9229929353171034,0.7551403796815417,0.44113498162392595,task-model mean across ten CV folds
easygese:wheatG,GY,pnngs,raw,1.3673584210093657,4.801647489180743,0.46650275452263984,task-model mean across ten CV folds
easygese:wheatG,GY,soydngp,affine,0.861915162622588,1.0280569739233751,0.5401767374002948,task-model mean across ten CV folds
easygese:wheatG,GY,soydngp,isotonic,0.8861819179982303,0.8360887680103959,0.5146864797061829,task-model mean across ten CV folds
easygese:wheatG,GY,soydngp,raw,0.9847647904318176,8.054671145946312,0.5401767374002961,task-model mean across ten CV folds
easygese:wheatG,GY,transformer,affine,0.9173404306666552,1.2105645857796148,0.4584366149426936,task-model mean across ten CV folds
easygese:wheatG,GY,transformer,isotonic,0.9489838371425539,0.8396778272632159,0.43009103247061453,task-model mean across ten CV folds
easygese:wheatG,GY,transformer,raw,1.4671152604558368,0.8037483859298573,0.4584366149426935,task-model mean across ten CV folds
easygese:wheatG,HAG,cnn,affine,0.9798435003845766,0.8223874047259704,0.33084636006660906,task-model mean across ten CV folds
easygese:wheatG,HAG,cnn,isotonic,1.0020803275446781,0.5653684030859896,0.3186404216777686,task-model mean across ten CV folds
easygese:wheatG,HAG,cnn,raw,1.2449573881252873,1.6850916258788533,0.3308463600666091,task-model mean across ten CV folds
easygese:wheatG,HAG,deepgs,affine,0.9226104791569462,0.962858823281066,0.45601184592180716,task-model mean across ten CV folds
easygese:wheatG,HAG,deepgs,isotonic,0.9674925608984204,0.7330467442533443,0.40915473443970096,task-model mean across ten CV folds
easygese:wheatG,HAG,deepgs,raw,0.9526042677771123,1.2569547715593727,0.4560118459218071,task-model mean across ten CV folds
easygese:wheatG,HAG,dnngp,affine,0.950872039651711,1.025694834117467,0.4236683022806288,task-model mean across ten CV folds
easygese:wheatG,HAG,dnngp,isotonic,0.9740384506184746,0.7425500132527184,0.3942785421774717,task-model mean across ten CV folds
easygese:wheatG,HAG,dnngp,raw,0.9231216435620455,1.5042081714966655,0.4236683022806286,task-model mean across ten CV folds
easygese:wheatG,HAG,mlp,affine,0.921832188529993,0.9610464330596807,0.44889297073484136,task-model mean across ten CV folds
easygese:wheatG,HAG,mlp,isotonic,0.9576343972033061,0.7426660222420833,0.41059674576667354,task-model mean across ten CV folds
easygese:wheatG,HAG,mlp,raw,1.0353350794262492,0.5073756036726186,0.44889297073484136,task-model mean across ten CV folds
easygese:wheatG,HAG,pnngs,affine,1.0434189263568292,0.2722626559410447,0.09792986480235111,task-model mean across ten CV folds
easygese:wheatG,HAG,pnngs,isotonic,1.0879262006780712,0.21978822833644926,0.10304512523717506,task-model mean across ten CV folds
easygese:wheatG,HAG,pnngs,raw,1.0090644097819035,1.643610671918387,0.09792986480235086,task-model mean across ten CV folds
easygese:wheatG,HAG,soydngp,affine,0.9410995543344172,0.9057456707165509,0.41253273094417003,task-model mean across ten CV folds
easygese:wheatG,HAG,soydngp,isotonic,0.9931266882050418,0.610881336545342,0.37604289986044503,task-model mean across ten CV folds
easygese:wheatG,HAG,soydngp,raw,0.9674426908226043,28.09066265622193,0.412532730944172,task-model mean across ten CV folds
easygese:wheatG,HAG,transformer,affine,0.97347436426462,0.8865615983305671,0.34500249964020546,task-model mean across ten CV folds
easygese:wheatG,HAG,transformer,isotonic,0.9969736502318834,0.6334643123568773,0.3300435268937548,task-model mean across ten CV folds
easygese:wheatG,HAG,transformer,raw,1.0819616302981883,0.6706999743906792,0.34500249964020546,task-model mean across ten CV folds
easygese:wheatG,HD,cnn,affine,0.8504206288744685,1.084992005540991,0.557303944402042,task-model mean across ten CV folds
easygese:wheatG,HD,cnn,isotonic,0.8586181921877258,0.8641314980054512,0.5398223486653617,task-model mean across ten CV folds
easygese:wheatG,HD,cnn,raw,0.9831725368040674,1.1124457720400867,0.5573039444020422,task-model mean across ten CV folds
easygese:wheatG,HD,deepgs,affine,0.7475184951659888,1.0650734783363156,0.6805060995490171,task-model mean across ten CV folds
easygese:wheatG,HD,deepgs,isotonic,0.7673450525221852,0.916614639153069,0.655480418633162,task-model mean across ten CV folds
easygese:wheatG,HD,deepgs,raw,0.8476083190033012,1.7697036694996242,0.6805060995490171,task-model mean across ten CV folds
easygese:wheatG,HD,dnngp,affine,0.7732738592664254,1.056875496905127,0.6431753272395385,task-model mean across ten CV folds
easygese:wheatG,HD,dnngp,isotonic,0.7667795681056551,0.9737872412521827,0.6484373668482691,task-model mean across ten CV folds
easygese:wheatG,HD,dnngp,raw,0.8348679714027207,2.221473192643223,0.6431753272395389,task-model mean across ten CV folds
easygese:wheatG,HD,mlp,affine,0.7385036307506395,1.0755359207750765,0.6951293187321039,task-model mean across ten CV folds
easygese:wheatG,HD,mlp,isotonic,0.7515228050612296,0.935541706849681,0.674953495569272,task-model mean across ten CV folds
easygese:wheatG,HD,mlp,raw,0.8105736006051775,0.7031809837393227,0.6951293187321036,task-model mean across ten CV folds
easygese:wheatG,HD,pnngs,affine,0.9529985680576905,0.9252723308135161,0.40382021306509597,task-model mean across ten CV folds
easygese:wheatG,HD,pnngs,isotonic,0.9733438796534479,0.6835032173057455,0.3734539213204817,task-model mean across ten CV folds
easygese:wheatG,HD,pnngs,raw,1.039601817845576,3.345886352035511,0.4038202130650963,task-model mean across ten CV folds
easygese:wheatG,HD,soydngp,affine,0.7801235239718904,1.0229334796818088,0.6487729141675314,task-model mean across ten CV folds
easygese:wheatG,HD,soydngp,isotonic,0.7946974817290218,0.8933914494209938,0.6261059901994595,task-model mean across ten CV folds
easygese:wheatG,HD,soydngp,raw,0.8667250435026771,1.3491845826649331,0.6487729141675314,task-model mean across ten CV folds
easygese:wheatG,HD,transformer,affine,0.8488667584299968,1.0448956583787148,0.5543555397823339,task-model mean across ten CV folds
easygese:wheatG,HD,transformer,isotonic,0.8568425102668045,0.8641244568475772,0.5430249845706566,task-model mean across ten CV folds
easygese:wheatG,HD,transformer,raw,0.9726382721204991,0.809392900261608,0.5543555397823341,task-model mean across ten CV folds
easygese:wheatG,PC,cnn,affine,0.8245518156391108,1.1665522490005948,0.595204350710935,task-model mean across ten CV folds
easygese:wheatG,PC,cnn,isotonic,0.8498661356292994,0.8860592100957195,0.5556294663697696,task-model mean across ten CV folds
easygese:wheatG,PC,cnn,raw,1.7106416543822607,0.8110233219453551,0.5952043507109351,task-model mean across ten CV folds
easygese:wheatG,PC,deepgs,affine,0.7682525102713635,1.0897930385790129,0.6612188809556914,task-model mean across ten CV folds
easygese:wheatG,PC,deepgs,isotonic,0.8027154449573969,0.9361897420644238,0.6254515953713194,task-model mean across ten CV folds
easygese:wheatG,PC,deepgs,raw,0.8946679473004782,2.2857740186862214,0.6612188809556915,task-model mean across ten CV folds
easygese:wheatG,PC,dnngp,affine,0.8026785585916982,0.9918860203648272,0.6108855388030233,task-model mean across ten CV folds
easygese:wheatG,PC,dnngp,isotonic,0.8413432255034342,0.8929369687339825,0.5975345341208586,task-model mean across ten CV folds
easygese:wheatG,PC,dnngp,raw,0.8693250318336837,2.1031164650965537,0.6108855388030234,task-model mean across ten CV folds
easygese:wheatG,PC,mlp,affine,0.7815359722244873,1.1201470194299046,0.6547713620011816,task-model mean across ten CV folds
easygese:wheatG,PC,mlp,isotonic,0.8227375952219846,0.9449954506668856,0.6266924481515892,task-model mean across ten CV folds
easygese:wheatG,PC,mlp,raw,1.3140210365471081,0.5549643180275533,0.6547713620011816,task-model mean across ten CV folds
easygese:wheatG,PC,pnngs,affine,0.8634132592858901,1.1258026825832874,0.5199789435601753,task-model mean across ten CV folds
easygese:wheatG,PC,pnngs,isotonic,0.8855866194355595,0.8780602490307567,0.4884059676663292,task-model mean across ten CV folds
easygese:wheatG,PC,pnngs,raw,1.1110271269876348,6.2064765392727095,0.5199789435601756,task-model mean across ten CV folds
easygese:wheatG,PC,soydngp,affine,0.7908282776772009,1.0489524810592041,0.6363784889540374,task-model mean across ten CV folds
easygese:wheatG,PC,soydngp,isotonic,0.8526406345348526,0.8869553581343121,0.581112320356145,task-model mean across ten CV folds
easygese:wheatG,PC,soydngp,raw,0.9064466040518806,2.5959872714376475,0.6363784889540375,task-model mean across ten CV folds
easygese:wheatG,PC,transformer,affine,0.8699217876097572,1.1325280783648233,0.5306904137357441,task-model mean across ten CV folds
easygese:wheatG,PC,transformer,isotonic,0.8990739621102295,0.8380282415107384,0.4928626233924012,task-model mean across ten CV folds
easygese:wheatG,PC,transformer,raw,1.3014762677981195,0.6976782173949774,0.5306904137357441,task-model mean across ten CV folds
easygese:wheatG,PH,cnn,affine,0.691239697284147,1.0466366480792944,0.7336194692776201,task-model mean across ten CV folds
easygese:wheatG,PH,cnn,isotonic,0.7067083384277559,0.9410120361866456,0.7229546416997291,task-model mean across ten CV folds
easygese:wheatG,PH,cnn,raw,1.3426536190807683,0.7842672624088761,0.7336194692776201,task-model mean across ten CV folds
easygese:wheatG,PH,deepgs,affine,0.605514578091482,1.0206934774773342,0.8031148078239811,task-model mean across ten CV folds
easygese:wheatG,PH,deepgs,isotonic,0.6340906431136493,0.9452973161641859,0.7838879689306442,task-model mean across ten CV folds
easygese:wheatG,PH,deepgs,raw,0.7855130781598738,2.317280745697647,0.8031148078239811,task-model mean across ten CV folds
easygese:wheatG,PH,dnngp,affine,0.6430773244750261,0.9737108280422777,0.7731861093658032,task-model mean across ten CV folds
easygese:wheatG,PH,dnngp,isotonic,0.6504263793012215,0.9318595161825189,0.76801311908338,task-model mean across ten CV folds
easygese:wheatG,PH,dnngp,raw,0.7188929650030886,1.7247735136866766,0.7731861093658032,task-model mean across ten CV folds
easygese:wheatG,PH,mlp,affine,0.6083104941231986,1.018797998371058,0.8007987987916627,task-model mean across ten CV folds
easygese:wheatG,PH,mlp,isotonic,0.6444795430208015,0.940987143413117,0.7763785775849086,task-model mean across ten CV folds
easygese:wheatG,PH,mlp,raw,0.7871509886767284,0.643970082172878,0.8007987987916627,task-model mean across ten CV folds
easygese:wheatG,PH,pnngs,affine,0.8648458659346578,1.0290905998395785,0.5343161378634865,task-model mean across ten CV folds
easygese:wheatG,PH,pnngs,isotonic,0.903853595363417,0.7674963124824037,0.4941641862275373,task-model mean across ten CV folds
easygese:wheatG,PH,pnngs,raw,1.029571833423426,3.5524969789918104,0.5343161378634864,task-model mean across ten CV folds
easygese:wheatG,PH,soydngp,affine,0.635424594360259,1.009553367569124,0.7834428501896509,task-model mean across ten CV folds
easygese:wheatG,PH,soydngp,isotonic,0.6600753078534338,0.9363910856987205,0.7661650834385194,task-model mean across ten CV folds
easygese:wheatG,PH,soydngp,raw,0.6850033081558877,1.1529044386606577,0.7834428501896508,task-model mean across ten CV folds
easygese:wheatG,PH,transformer,affine,0.7162270139468458,1.0570353821003926,0.7152522667702312,task-model mean across ten CV folds
easygese:wheatG,PH,transformer,isotonic,0.7417727208547976,0.9327585116709545,0.6957878929274524,task-model mean across ten CV folds
easygese:wheatG,PH,transformer,raw,0.912199387695089,0.6348152819475529,0.7152522667702312,task-model mean across ten CV folds
easygese:wheatG,SDS,cnn,affine,0.8093162109547022,1.0078661035960255,0.6223307337434896,task-model mean across ten CV folds
easygese:wheatG,SDS,cnn,isotonic,0.8296089199878128,0.8548466787998906,0.6041717419700929,task-model mean across ten CV folds
easygese:wheatG,SDS,cnn,raw,1.310271320047763,0.8882694091342749,0.6223307337434896,task-model mean across ten CV folds
easygese:wheatG,SDS,deepgs,affine,0.6715621996558719,1.0142950651392266,0.7523055197751722,task-model mean across ten CV folds
easygese:wheatG,SDS,deepgs,isotonic,0.6980187536740354,0.9275207933716594,0.7298568437533048,task-model mean across ten CV folds
easygese:wheatG,SDS,deepgs,raw,0.8033080048973755,1.9235023518980001,0.7523055197751722,task-model mean across ten CV folds
easygese:wheatG,SDS,dnngp,affine,0.6868430367401437,1.0113843934343492,0.7449187297115152,task-model mean across ten CV folds
easygese:wheatG,SDS,dnngp,isotonic,0.6917655646806982,0.9145165265368087,0.7391078645678291,task-model mean across ten CV folds
easygese:wheatG,SDS,dnngp,raw,0.7215246825513985,1.467847715150541,0.7449187297115152,task-model mean across ten CV folds
easygese:wheatG,SDS,mlp,affine,0.6832254674829901,1.0194195022928838,0.7431866633312024,task-model mean across ten CV folds
easygese:wheatG,SDS,mlp,isotonic,0.7105853090492247,0.9108734749633621,0.7290516866784501,task-model mean across ten CV folds
easygese:wheatG,SDS,mlp,raw,0.7825646587264832,0.6677795405290828,0.7431866633312023,task-model mean across ten CV folds
easygese:wheatG,SDS,pnngs,affine,0.947750561739879,1.221152569761858,0.42296047044118,task-model mean across ten CV folds
easygese:wheatG,SDS,pnngs,isotonic,0.9772371175866045,0.7495917175782729,0.3675360232003661,task-model mean across ten CV folds
easygese:wheatG,SDS,pnngs,raw,1.054894542355889,4.498663942001299,0.4229604704411801,task-model mean across ten CV folds
easygese:wheatG,SDS,soydngp,affine,0.6951465853705351,0.9896816776777871,0.7342815114500817,task-model mean across ten CV folds
easygese:wheatG,SDS,soydngp,isotonic,0.7086014455150775,0.9181079183905055,0.7253186568719083,task-model mean across ten CV folds
easygese:wheatG,SDS,soydngp,raw,0.8085906103468565,0.8860099921838192,0.7342815114500817,task-model mean across ten CV folds
easygese:wheatG,SDS,transformer,affine,0.8141685854150257,0.9609225566528558,0.6070716135003497,task-model mean across ten CV folds
easygese:wheatG,SDS,transformer,isotonic,0.827933454239108,0.8528904418355001,0.603007716344283,task-model mean across ten CV folds
easygese:wheatG,SDS,transformer,raw,1.0278767698309514,0.9429467703509525,0.6070716135003495,task-model mean across ten CV folds
easygese:wheatG,SEP,cnn,affine,0.9752087190106307,1.1200472583676446,0.3858747089673209,task-model mean across ten CV folds
easygese:wheatG,SEP,cnn,isotonic,1.0004224185310062,0.7498528112768953,0.36329932634281026,task-model mean across ten CV folds
easygese:wheatG,SEP,cnn,raw,1.027426366333525,1.8878292842343725,0.38587470896732096,task-model mean across ten CV folds
easygese:wheatG,SEP,deepgs,affine,0.9402381026239249,1.034506119326145,0.4601110005143423,task-model mean across ten CV folds
easygese:wheatG,SEP,deepgs,isotonic,0.9678069004949794,0.8380019528928834,0.4269427106056569,task-model mean across ten CV folds
easygese:wheatG,SEP,deepgs,raw,1.00837718952185,1.359104518121837,0.46011100051434245,task-model mean across ten CV folds
easygese:wheatG,SEP,dnngp,affine,0.9390950525720992,1.0042594461434928,0.46613293641010933,task-model mean across ten CV folds
easygese:wheatG,SEP,dnngp,isotonic,0.9700226412381212,0.7552920145443953,0.44338181806953925,task-model mean across ten CV folds
easygese:wheatG,SEP,dnngp,raw,0.9214023417849789,1.9667680415690747,0.4661329364101093,task-model mean across ten CV folds
easygese:wheatG,SEP,mlp,affine,0.9238134012164739,1.0186500555182765,0.4839673541511246,task-model mean across ten CV folds
easygese:wheatG,SEP,mlp,isotonic,0.9629607129749094,0.8062238409358358,0.44068966372538637,task-model mean across ten CV folds
easygese:wheatG,SEP,mlp,raw,1.0175053204060758,0.5421710986098517,0.4839673541511246,task-model mean across ten CV folds
easygese:wheatG,SEP,pnngs,affine,1.0165568121694435,0.7869247719747335,0.2563865744888026,task-model mean across ten CV folds
easygese:wheatG,SEP,pnngs,isotonic,1.0577838790231904,0.460751989206858,0.2071288436073541,task-model mean across ten CV folds
easygese:wheatG,SEP,pnngs,raw,1.00032298942897,2.8788000509875404,0.25638657448880264,task-model mean across ten CV folds
easygese:wheatG,SEP,soydngp,affine,0.957476338310372,0.8774291973873064,0.43527489146108084,task-model mean across ten CV folds
easygese:wheatG,SEP,soydngp,isotonic,1.0079461898370754,0.7316172410642012,0.40998717271346113,task-model mean across ten CV folds
easygese:wheatG,SEP,soydngp,raw,0.9773670119116392,2.5080160064216943,0.43527489146108067,task-model mean across ten CV folds
easygese:wheatG,SEP,transformer,affine,0.9984738059787407,0.9933514867845398,0.3281734824784963,task-model mean across ten CV folds
easygese:wheatG,SEP,transformer,isotonic,1.0298195296765669,0.6848003061792942,0.3059983317453299,task-model mean across ten CV folds
easygese:wheatG,SEP,transformer,raw,1.5791459519386253,0.7985860897742436,0.3281734824784963,task-model mean across ten CV folds
easygese:wheatG,STC,cnn,affine,0.9031234593889179,1.1489299395806112,0.4612331874331931,task-model mean across ten CV folds
easygese:wheatG,STC,cnn,isotonic,0.9414738021818392,0.7829114293679501,0.4009968085952318,task-model mean across ten CV folds
easygese:wheatG,STC,cnn,raw,0.9413559966629693,1.149927777613737,0.46123318743319325,task-model mean across ten CV folds
easygese:wheatG,STC,deepgs,affine,0.8503257311313197,1.0355888123980797,0.5421365039698032,task-model mean across ten CV folds
easygese:wheatG,STC,deepgs,isotonic,0.8742764318736211,0.8432887016430971,0.5239995304607261,task-model mean across ten CV folds
easygese:wheatG,STC,deepgs,raw,1.0007153871068206,1.597696582379637,0.5421365039698024,task-model mean across ten CV folds
easygese:wheatG,STC,dnngp,affine,0.8514395961643579,1.0837491324389679,0.547932379517817,task-model mean across ten CV folds
easygese:wheatG,STC,dnngp,isotonic,0.8805937665784519,0.8500509345990885,0.5207527328187315,task-model mean across ten CV folds
easygese:wheatG,STC,dnngp,raw,0.8975048504882329,1.3488293537814375,0.547932379517817,task-model mean across ten CV folds
easygese:wheatG,STC,mlp,affine,0.839651774409357,1.0681001198707194,0.5676919433967904,task-model mean across ten CV folds
easygese:wheatG,STC,mlp,isotonic,0.8592740536765653,0.8882085231482619,0.5430070584649742,task-model mean across ten CV folds
easygese:wheatG,STC,mlp,raw,0.9190088902170072,0.6190036401939104,0.5676919433967906,task-model mean across ten CV folds
easygese:wheatG,STC,pnngs,affine,0.95077700660116,1.503599560489283,0.3980110324654135,task-model mean across ten CV folds
easygese:wheatG,STC,pnngs,isotonic,0.9847453179777936,0.7426633135336479,0.3625085078941803,task-model mean across ten CV folds
easygese:wheatG,STC,pnngs,raw,1.1527434404114683,3.91389016387001,0.39801103246541675,task-model mean across ten CV folds
easygese:wheatG,STC,soydngp,affine,0.8748782880289104,0.9823726434716974,0.5081802324773701,task-model mean across ten CV folds
easygese:wheatG,STC,soydngp,isotonic,0.9062696174002829,0.7666580814021736,0.47494622647320534,task-model mean across ten CV folds
easygese:wheatG,STC,soydngp,raw,0.9023870362326711,6.108449977466739,0.5081802324773685,task-model mean across ten CV folds
easygese:wheatG,STC,transformer,affine,0.9352679325580203,1.0697314926752524,0.39575293329483485,task-model mean across ten CV folds
easygese:wheatG,STC,transformer,isotonic,0.9700960897095984,0.7794681297019713,0.36540496892695373,task-model mean across ten CV folds
easygese:wheatG,STC,transformer,raw,0.9894104182003133,0.7546671358896527,0.39575293329483613,task-model mean across ten CV folds
easygese:wheatG,SW,cnn,affine,0.7818431168748265,1.0458428831592284,0.6426939141801477,task-model mean across ten CV folds
easygese:wheatG,SW,cnn,isotonic,0.8169995720056583,0.8587683378262362,0.6161421952748967,task-model mean across ten CV folds
easygese:wheatG,SW,cnn,raw,1.3342194516974817,0.8281267289672396,0.6426939141801478,task-model mean across ten CV folds
easygese:wheatG,SW,deepgs,affine,0.6958048180645295,1.1224999203272075,0.7363617104026767,task-model mean across ten CV folds
easygese:wheatG,SW,deepgs,isotonic,0.7319281797997501,0.9505746173132815,0.7027182717195927,task-model mean across ten CV folds
easygese:wheatG,SW,deepgs,raw,0.803145393443262,2.0835387205597673,0.7363617104026766,task-model mean across ten CV folds
easygese:wheatG,SW,dnngp,affine,0.7116392978425434,1.092653564392947,0.7251695168621193,task-model mean across ten CV folds
easygese:wheatG,SW,dnngp,isotonic,0.741647556366081,0.9490262712964916,0.6937776957590123,task-model mean across ten CV folds
easygese:wheatG,SW,dnngp,raw,0.749492382223337,1.506096118382181,0.7251695168621193,task-model mean across ten CV folds
easygese:wheatG,SW,mlp,affine,0.6959074675045869,1.1124676674836043,0.7386295867298192,task-model mean across ten CV folds
easygese:wheatG,SW,mlp,isotonic,0.7281693078510283,0.9606501534193879,0.7086162386015922,task-model mean across ten CV folds
easygese:wheatG,SW,mlp,raw,0.88197654384517,0.5881864736443103,0.7386295867298193,task-model mean across ten CV folds
easygese:wheatG,SW,pnngs,affine,0.8544717852834316,1.1129893502347443,0.5458473322519761,task-model mean across ten CV folds
easygese:wheatG,SW,pnngs,isotonic,0.8850872349144542,0.8543393215407494,0.5055226671189554,task-model mean across ten CV folds
easygese:wheatG,SW,pnngs,raw,1.1277599970131342,3.090786723697204,0.5458473322519763,task-model mean across ten CV folds
easygese:wheatG,SW,soydngp,affine,0.7608154608712188,1.1275441277491218,0.6818977685484044,task-model mean across ten CV folds
easygese:wheatG,SW,soydngp,isotonic,0.7841371013653247,0.9862216015261926,0.6493428598588087,task-model mean across ten CV folds
easygese:wheatG,SW,soydngp,raw,0.9392627716599632,12.303488035973967,0.6818977685484032,task-model mean across ten CV folds
easygese:wheatG,SW,transformer,affine,0.7870491478035506,1.0564926578609997,0.6413520016179258,task-model mean across ten CV folds
easygese:wheatG,SW,transformer,isotonic,0.8056644490795304,0.8552939756103658,0.6178293210422069,task-model mean across ten CV folds
easygese:wheatG,SW,transformer,raw,0.9350119922430556,0.7410051460111684,0.6413520016179257,task-model mean across ten CV folds
easygese:wheatG,TKW,cnn,affine,0.9727329107464848,0.866893452704924,0.29762625934699755,task-model mean across ten CV folds
easygese:wheatG,TKW,cnn,isotonic,1.0001453631494923,0.5999784229971332,0.2806508353757291,task-model mean across ten CV folds
easygese:wheatG,TKW,cnn,raw,1.0044808524298294,2.4415603587254013,0.2976262593469968,task-model mean across ten CV folds
easygese:wheatG,TKW,deepgs,affine,0.9341940357854661,0.8844663452528053,0.4019637002535279,task-model mean across ten CV folds
easygese:wheatG,TKW,deepgs,isotonic,0.9701798972892497,0.6478631512084927,0.36103249661529885,task-model mean across ten CV folds
easygese:wheatG,TKW,deepgs,raw,1.1904660393865796,0.9774727684483697,0.401963700253528,task-model mean across ten CV folds
easygese:wheatG,TKW,dnngp,affine,0.9365938739292311,1.1951165352976458,0.40409420127997364,task-model mean across ten CV folds
easygese:wheatG,TKW,dnngp,isotonic,0.9680344403918933,0.7777521098444526,0.37784037638362167,task-model mean across ten CV folds
easygese:wheatG,TKW,dnngp,raw,0.9310125364054977,1.4327115690773635,0.40409420127997364,task-model mean across ten CV folds
easygese:wheatG,TKW,mlp,affine,0.9337284746095691,0.956465388234814,0.4076067863544532,task-model mean across ten CV folds
easygese:wheatG,TKW,mlp,isotonic,0.9632821692391739,0.7318992127231249,0.3800603187556024,task-model mean across ten CV folds
easygese:wheatG,TKW,mlp,raw,1.0659693673982946,0.47523521560134113,0.4076067863544532,task-model mean across ten CV folds
easygese:wheatG,TKW,pnngs,affine,1.0126636565185452,0.8195802178183154,0.13008863191437187,task-model mean across ten CV folds
easygese:wheatG,TKW,pnngs,isotonic,1.0530186174068161,0.24843328222208888,0.10970111934961972,task-model mean across ten CV folds
easygese:wheatG,TKW,pnngs,raw,1.0261459267720479,2.462493045122512,0.13008863191437234,task-model mean across ten CV folds
easygese:wheatG,TKW,soydngp,affine,0.9473484591558844,0.9143598575141274,0.3751390246447712,task-model mean across ten CV folds
easygese:wheatG,TKW,soydngp,isotonic,0.9758044158243848,0.6799567566466981,0.35177724796420823,task-model mean across ten CV folds
easygese:wheatG,TKW,soydngp,raw,1.012597342486535,3.6119293987161307,0.37513902464477156,task-model mean across ten CV folds
easygese:wheatG,TKW,transformer,affine,0.9766615402237923,0.9338839903693505,0.27245948302955225,task-model mean across ten CV folds
easygese:wheatG,TKW,transformer,isotonic,0.9998382918200643,0.58515050074138,0.24733746089434305,task-model mean across ten CV folds
easygese:wheatG,TKW,transformer,raw,1.0889484590605523,0.5343442230641375,0.27245948302955225,task-model mean across ten CV folds
easygese:wheatG,ZEL,cnn,affine,0.7518189592060903,1.0812957545022712,0.6753459480041188,task-model mean across ten CV folds
easygese:wheatG,ZEL,cnn,isotonic,0.7895567851137892,0.9197319403189924,0.6403345157699675,task-model mean across ten CV folds
easygese:wheatG,ZEL,cnn,raw,1.537848889542557,0.8774297009286078,0.675345948004119,task-model mean across ten CV folds
easygese:wheatG,ZEL,deepgs,affine,0.6462375758003588,1.0402828136026843,0.770423792859328,task-model mean across ten CV folds
easygese:wheatG,ZEL,deepgs,isotonic,0.6838330174108996,0.9522987173197176,0.7421192981229839,task-model mean across ten CV folds
easygese:wheatG,ZEL,deepgs,raw,0.7977378353405598,2.0674004901735286,0.7704237928593279,task-model mean across ten CV folds
easygese:wheatG,ZEL,dnngp,affine,0.6773582909785528,1.0157903138704745,0.7499606351591258,task-model mean across ten CV folds
easygese:wheatG,ZEL,dnngp,isotonic,0.6917004984118281,0.9309578480555828,0.74460399883353,task-model mean across ten CV folds
easygese:wheatG,ZEL,dnngp,raw,0.7033463019741784,1.3508605664580824,0.7499606351591259,task-model mean across ten CV folds
easygese:wheatG,ZEL,mlp,affine,0.6545317927694352,1.0327694242909105,0.765728715527587,task-model mean across ten CV folds
easygese:wheatG,ZEL,mlp,isotonic,0.6721572407046879,0.9541151177073608,0.7533140561645937,task-model mean across ten CV folds
easygese:wheatG,ZEL,mlp,raw,0.7547985876788995,0.6655987950862969,0.765728715527587,task-model mean across ten CV folds
easygese:wheatG,ZEL,pnngs,affine,0.9004336207431743,1.2127028005531089,0.500730163976508,task-model mean across ten CV folds
easygese:wheatG,ZEL,pnngs,isotonic,0.9291881057348743,0.792511272035316,0.4466650254171924,task-model mean across ten CV folds
easygese:wheatG,ZEL,pnngs,raw,1.0451822551212926,5.018398071010795,0.500730163976508,task-model mean across ten CV folds
easygese:wheatG,ZEL,soydngp,affine,0.6791392512154966,1.0228235274684436,0.7473029461569946,task-model mean across ten CV folds
easygese:wheatG,ZEL,soydngp,isotonic,0.7229544050028943,0.9182570201697768,0.7124201209387307,task-model mean across ten CV folds
easygese:wheatG,ZEL,soydngp,raw,0.7612114564846828,0.9968799661541017,0.7473029461569944,task-model mean across ten CV folds
easygese:wheatG,ZEL,transformer,affine,0.7949764895526257,0.9952758541432962,0.623842074418214,task-model mean across ten CV folds
easygese:wheatG,ZEL,transformer,isotonic,0.8068563372314752,0.8534199185600568,0.6112737785380825,task-model mean across ten CV folds
easygese:wheatG,ZEL,transformer,raw,0.962352939110585,0.8636420724275542,0.6238420744182142,task-model mean across ten CV folds
soynam:height,height,cnn,affine,0.7911120776345807,1.218488175390003,0.6337239980283919,task-model mean across ten CV folds
soynam:height,height,cnn,isotonic,0.7953595137546897,1.0854170493352642,0.6209804400703735,task-model mean across ten CV folds
soynam:height,height,cnn,raw,0.9417610390175527,6.904964222206925,0.633723998028392,task-model mean across ten CV folds
soynam:height,height,deepgs,affine,0.7830369496918705,1.2192297658202738,0.6494731143188177,task-model mean across ten CV folds
soynam:height,height,deepgs,isotonic,0.7961245103457071,1.0323560105977376,0.625437442921138,task-model mean across ten CV folds
soynam:height,height,deepgs,raw,0.8323627322396489,1.0456030054554786,0.6494731143188177,task-model mean across ten CV folds
soynam:height,height,dnngp,affine,0.8303980460897644,1.2726186087242803,0.5847325280573344,task-model mean across ten CV folds
soynam:height,height,dnngp,isotonic,0.8361729327741578,1.0847018021063584,0.5669184842806916,task-model mean across ten CV folds
soynam:height,height,dnngp,raw,0.9488285659842269,0.6448397083262007,0.5847325280573344,task-model mean across ten CV folds
soynam:height,height,mlp,affine,0.748917470195771,1.164517039282206,0.6826378199172313,task-model mean across ten CV folds
soynam:height,height,mlp,isotonic,0.7576429538033764,1.0802779501577144,0.6684561634905165,task-model mean across ten CV folds
soynam:height,height,mlp,raw,0.7848539177615774,0.7436129880078021,0.682637819917231,task-model mean across ten CV folds
soynam:height,height,pnngs,affine,0.8496816180655404,1.359254216678226,0.5526832321541661,task-model mean across ten CV folds
soynam:height,height,pnngs,isotonic,0.8548271997798936,1.129258003092303,0.5369921397974189,task-model mean across ten CV folds
soynam:height,height,pnngs,raw,0.9877429826888401,1.825149907319809,0.5526832321541661,task-model mean across ten CV folds
soynam:height,height,soydngp,affine,0.7735269659355442,1.147662590728086,0.6516366098135659,task-model mean across ten CV folds
soynam:height,height,soydngp,isotonic,0.7867589816942464,1.0704563896857224,0.6333333810226561,task-model mean across ten CV folds
soynam:height,height,soydngp,raw,1.3423526193363604,0.39216921547914574,0.651636609813566,task-model mean across ten CV folds
soynam:height,height,transformer,affine,0.8018461221554066,1.2046234154246591,0.6194727358011459,task-model mean across ten CV folds
soynam:height,height,transformer,isotonic,0.8085607126077224,1.0766614484230934,0.6055325204384666,task-model mean across ten CV folds
soynam:height,height,transformer,raw,1.8222763842909928,1.6824013324113516,0.6194727358011459,task-model mean across ten CV folds
soynam:oil,oil,cnn,affine,0.7865791803278984,1.1827196622884555,0.6463665651930739,task-model mean across ten CV folds
soynam:oil,oil,cnn,isotonic,0.7915605693345051,1.1180189084032843,0.6362155322889584,task-model mean across ten CV folds
soynam:oil,oil,cnn,raw,1.000585577973602,40.51840861022863,0.6463665651930733,task-model mean across ten CV folds
soynam:oil,oil,deepgs,affine,0.7452393477298962,1.1947317530450927,0.694652910329443,task-model mean across ten CV folds
soynam:oil,oil,deepgs,isotonic,0.7550331172852804,1.109963575430108,0.6789862884416148,task-model mean across ten CV folds
soynam:oil,oil,deepgs,raw,0.7880656159512267,1.0229116166716294,0.694652910329443,task-model mean across ten CV folds
soynam:oil,oil,dnngp,affine,0.7890860892920457,1.2086768179625924,0.6461238758131312,task-model mean across ten CV folds
soynam:oil,oil,dnngp,isotonic,0.7964198835297103,1.0850642862312445,0.631433060165424,task-model mean across ten CV folds
soynam:oil,oil,dnngp,raw,1.0530533843134262,0.5789911396679737,0.6461238758131311,task-model mean across ten CV folds
soynam:oil,oil,mlp,affine,0.7245639316056041,1.127993382059587,0.7105479012715248,task-model mean across ten CV folds
soynam:oil,oil,mlp,isotonic,0.7347454434928858,1.052145868477355,0.6978773438525518,task-model mean across ten CV folds
soynam:oil,oil,mlp,raw,0.7853435649606644,0.7020269752652368,0.7105479012715248,task-model mean across ten CV folds
soynam:oil,oil,pnngs,affine,0.8175954212474613,1.225769288303342,0.6095937200620427,task-model mean across ten CV folds
soynam:oil,oil,pnngs,isotonic,0.8225118722734657,1.124538746249245,0.5957523091471139,task-model mean across ten CV folds
soynam:oil,oil,pnngs,raw,0.9177535706396167,3.1787294417041005,0.6095937200620427,task-model mean across ten CV folds
soynam:oil,oil,soydngp,affine,0.7646814899614879,1.2039978043186141,0.6717434596640361,task-model mean across ten CV folds
soynam:oil,oil,soydngp,isotonic,0.7745925090364829,1.0791897578069012,0.6537059299510274,task-model mean across ten CV folds
soynam:oil,oil,soydngp,raw,0.7498906020221086,0.9108975807551044,0.6717434596640361,task-model mean across ten CV folds
soynam:oil,oil,transformer,affine,0.7907396264561486,1.230826647620716,0.6466923707985447,task-model mean across ten CV folds
soynam:oil,oil,transformer,isotonic,0.7935154410153602,1.1333968095308389,0.6362470549419698,task-model mean across ten CV folds
soynam:oil,oil,transformer,raw,0.9250193202457286,1.0069970737587255,0.6466923707985447,task-model mean across ten CV folds
soynam:protein,protein,cnn,affine,0.7685937647224537,1.0548146887194787,0.6529324890088011,task-model mean across ten CV folds
soynam:protein,protein,cnn,isotonic,0.7788980520324928,0.972233065532085,0.6416438831558285,task-model mean across ten CV folds
soynam:protein,protein,cnn,raw,0.9944172182887415,31.211996555752798,0.6529324890088005,task-model mean across ten CV folds
soynam:protein,protein,deepgs,affine,0.7066482618994124,1.0758948843352052,0.7166696888377146,task-model mean across ten CV folds
soynam:protein,protein,deepgs,isotonic,0.721785695251721,0.9783633926325332,0.7016755009344093,task-model mean across ten CV folds
soynam:protein,protein,deepgs,raw,0.846681022952939,1.0509162054771486,0.7166696888377146,task-model mean across ten CV folds
soynam:protein,protein,dnngp,affine,0.7590939395478643,1.095101877996586,0.6639352246645298,task-model mean across ten CV folds
soynam:protein,protein,dnngp,isotonic,0.769282064684081,1.0298390605190046,0.6520816968040475,task-model mean across ten CV folds
soynam:protein,protein,dnngp,raw,0.78306578113977,1.1021922192031,0.6639352246645298,task-model mean across ten CV folds
soynam:protein,protein,mlp,affine,0.6978196550391977,1.070328299529326,0.728873908597236,task-model mean across ten CV folds
soynam:protein,protein,mlp,isotonic,0.706993328554893,1.0264245962777,0.7188803296564041,task-model mean across ten CV folds
soynam:protein,protein,mlp,raw,0.7581588126342014,0.7218639954068254,0.728873908597236,task-model mean across ten CV folds
soynam:protein,protein,pnngs,affine,0.7934553342519651,1.0559352534215332,0.6156886577954226,task-model mean across ten CV folds
soynam:protein,protein,pnngs,isotonic,0.8050004821457948,0.9685039253418593,0.6033612937224815,task-model mean across ten CV folds
soynam:protein,protein,pnngs,raw,0.8748075425677074,1.784607372881173,0.6156886577954225,task-model mean across ten CV folds
soynam:protein,protein,soydngp,affine,0.7384084957920865,1.0706790970633278,0.6890491238235303,task-model mean across ten CV folds
soynam:protein,protein,soydngp,isotonic,0.745989869929262,0.9915988416024589,0.6790192851555616,task-model mean across ten CV folds
soynam:protein,protein,soydngp,raw,0.7434562785550305,0.8471078626487076,0.6890491238235305,task-model mean across ten CV folds
soynam:protein,protein,transformer,affine,0.7923154881629781,1.2390400707564617,0.6357904801887602,task-model mean across ten CV folds
soynam:protein,protein,transformer,isotonic,0.7965126130698087,1.1163888171860799,0.6235204961866861,task-model mean across ten CV folds
soynam:protein,protein,transformer,raw,1.02613855078302,1.566875997319067,0.6357904801887602,task-model mean across ten CV folds
soynam:yield,yield,cnn,affine,0.7772540638932496,1.0453023856666201,0.6574695290366341,task-model mean across ten CV folds
soynam:yield,yield,cnn,isotonic,0.7781057259695261,0.910536950753982,0.6451346972790515,task-model mean across ten CV folds
soynam:yield,yield,cnn,raw,0.9862761361780924,20.451963971440776,0.6574695290366341,task-model mean across ten CV folds
soynam:yield,yield,deepgs,affine,0.7485789751764736,1.0656472969034279,0.6940486442638898,task-model mean across ten CV folds
soynam:yield,yield,deepgs,isotonic,0.750283738166863,0.9005464678806281,0.6845492638778984,task-model mean across ten CV folds
soynam:yield,yield,deepgs,raw,0.8840245539571034,0.995787360529547,0.6940486442638899,task-model mean across ten CV folds
soynam:yield,yield,dnngp,affine,0.7707265884221081,1.0606354734006889,0.6640112625069964,task-model mean across ten CV folds
soynam:yield,yield,dnngp,isotonic,0.7810195399143549,0.9323385334010247,0.6468669977246159,task-model mean across ten CV folds
soynam:yield,yield,dnngp,raw,1.2230207722780997,0.5850305094578406,0.6640112625069964,task-model mean across ten CV folds
soynam:yield,yield,mlp,affine,0.7330687257278632,0.9606521849436644,0.698096474737568,task-model mean across ten CV folds
soynam:yield,yield,mlp,isotonic,0.7434495681719617,0.9036752070835288,0.6873894355503489,task-model mean across ten CV folds
soynam:yield,yield,mlp,raw,0.724804827402172,0.8990381393080149,0.698096474737568,task-model mean across ten CV folds
soynam:yield,yield,pnngs,affine,0.7755418426606606,1.0385171448010604,0.6558135852532365,task-model mean across ten CV folds
soynam:yield,yield,pnngs,isotonic,0.7900119378700565,0.8848937778838379,0.6425641819936775,task-model mean across ten CV folds
soynam:yield,yield,pnngs,raw,0.8902739270500748,3.057019374239886,0.6558135852532364,task-model mean across ten CV folds
soynam:yield,yield,soydngp,affine,0.7766919065103407,1.0321174132806017,0.6603976473874017,task-model mean across ten CV folds
soynam:yield,yield,soydngp,isotonic,0.781106389613346,0.9256546086944717,0.643070672215015,task-model mean across ten CV folds
soynam:yield,yield,soydngp,raw,0.8287008381478111,2.382282451322234,0.6603976473874017,task-model mean across ten CV folds
soynam:yield,yield,transformer,affine,0.7875270720134703,1.1185688023898728,0.6510404573319509,task-model mean across ten CV folds
soynam:yield,yield,transformer,isotonic,0.7850889776256336,0.9223345906457079,0.6398994496342967,task-model mean across ten CV folds
soynam:yield,yield,transformer,raw,0.8985574457574126,1.9932737758902648,0.6510404573319508,task-model mean across ten CV folds
wheat,env1,cnn,affine,0.8705556271693968,0.9339311247462376,0.5048705103875861,task-model mean across ten CV folds
wheat,env1,cnn,isotonic,0.8866366787368787,0.8066995735197937,0.48650465561377076,task-model mean across ten CV folds
wheat,env1,cnn,raw,1.32226554689342,0.599692006849731,0.504870510387586,task-model mean across ten CV folds
wheat,env1,deepgs,affine,0.861789356980806,1.0221793715322909,0.5205026357880224,task-model mean across ten CV folds
wheat,env1,deepgs,isotonic,0.8845441549582768,0.8642403270856038,0.48651258989531365,task-model mean across ten CV folds
wheat,env1,deepgs,raw,0.9610483957271025,1.1879749368443864,0.5205026357880224,task-model mean across ten CV folds
wheat,env1,dnngp,affine,0.870813084019326,1.011646177534646,0.5096657172966369,task-model mean across ten CV folds
wheat,env1,dnngp,isotonic,0.8874566495208829,0.856964469468568,0.4943194663090775,task-model mean across ten CV folds
wheat,env1,dnngp,raw,1.5812460354272262,0.4888241052155535,0.5096657172966369,task-model mean across ten CV folds
wheat,env1,mlp,affine,0.8450423670095552,1.0358218733056443,0.548338305365176,task-model mean across ten CV folds
wheat,env1,mlp,isotonic,0.8560841494350399,0.9064535321884126,0.534930533643741,task-model mean across ten CV folds
wheat,env1,mlp,raw,0.9619163041042812,0.5522618545326263,0.548338305365176,task-model mean across ten CV folds
wheat,env1,pnngs,affine,0.9351379102482994,0.8851583659251784,0.38018036960907436,task-model mean across ten CV folds
wheat,env1,pnngs,isotonic,0.9548575825657661,0.6982434442060121,0.3636520902684547,task-model mean across ten CV folds
wheat,env1,pnngs,raw,1.1101905412955972,1.3960874581712668,0.38018036960907436,task-model mean across ten CV folds
wheat,env1,soydngp,affine,0.8634202197498511,0.9744860021026269,0.515918787794662,task-model mean across ten CV folds
wheat,env1,soydngp,isotonic,0.8835146549985293,0.821048391222533,0.49123400712944376,task-model mean across ten CV folds
wheat,env1,soydngp,raw,1.0012970983298801,0.9430473496238256,0.5159187877946619,task-model mean across ten CV folds
wheat,env1,transformer,affine,0.9179496675455286,0.8849992481225831,0.4156268845801382,task-model mean across ten CV folds
wheat,env1,transformer,isotonic,0.9392199497862945,0.7120855548711388,0.40213793567032596,task-model mean across ten CV folds
wheat,env1,transformer,raw,0.9835120488432094,2.055871537543841,0.4156268845801381,task-model mean across ten CV folds
wheat,env2,cnn,affine,0.9300883154169259,0.983917593479179,0.40010264127580497,task-model mean across ten CV folds
wheat,env2,cnn,isotonic,0.9536901513707718,0.7730439351187784,0.3693220885653965,task-model mean across ten CV folds
wheat,env2,cnn,raw,1.4697775726058868,0.5295090525982639,0.40010264127580497,task-model mean across ten CV folds
wheat,env2,deepgs,affine,0.9069289294619397,1.092084814978239,0.45157231635014955,task-model mean across ten CV folds
wheat,env2,deepgs,isotonic,0.9313704294226974,0.8483740228625442,0.41616132135056694,task-model mean across ten CV folds
wheat,env2,deepgs,raw,0.9820936606110078,1.2547042727720763,0.4515723163501496,task-model mean across ten CV folds
wheat,env2,dnngp,affine,0.9373189764995817,1.2542517746867132,0.40244909973103055,task-model mean across ten CV folds
wheat,env2,dnngp,isotonic,0.9587246337158586,0.8378706531970345,0.3691382760404124,task-model mean across ten CV folds
wheat,env2,dnngp,raw,1.2453559110180188,1.0846474394881298,0.40244909973103055,task-model mean across ten CV folds
wheat,env2,mlp,affine,0.8932557604944575,1.0416950883942744,0.4720780895473314,task-model mean across ten CV folds
wheat,env2,mlp,isotonic,0.9245024677406398,0.7931169638481529,0.4303363629792737,task-model mean across ten CV folds
wheat,env2,mlp,raw,0.9913636250968691,0.5894240456921394,0.4720780895473314,task-model mean across ten CV folds
wheat,env2,pnngs,affine,0.9809960311352729,0.8426713562150221,0.24910238990388756,task-model mean across ten CV folds
wheat,env2,pnngs,isotonic,1.021146015077564,0.45831960473945826,0.2021712563038184,task-model mean across ten CV folds
wheat,env2,pnngs,raw,1.1079369169547302,1.0940156312980203,0.2491023899038876,task-model mean across ten CV folds
wheat,env2,soydngp,affine,0.9445043339092173,0.9756092685745242,0.35839484786073916,task-model mean across ten CV folds
wheat,env2,soydngp,isotonic,0.9591079101553017,0.7131213814489679,0.34671339218300684,task-model mean across ten CV folds
wheat,env2,soydngp,raw,1.0069481227671848,24.203073873552697,0.35839484786073916,task-model mean across ten CV folds
wheat,env2,transformer,affine,0.9782708063059304,0.9651096515533817,0.2539287193385593,task-model mean across ten CV folds
wheat,env2,transformer,isotonic,1.0018339213785663,0.6022950795464987,0.23770168568089992,task-model mean across ten CV folds
wheat,env2,transformer,raw,1.289204305862072,0.9544684546748528,0.25392871933855937,task-model mean across ten CV folds
wheat,env3,cnn,affine,0.9449344146628107,1.021779124176222,0.372067127842117,task-model mean across ten CV folds
wheat,env3,cnn,isotonic,0.9659278119783419,0.7395463053262259,0.34477568713336043,task-model mean across ten CV folds
wheat,env3,cnn,raw,1.305991861558142,0.5061887974704883,0.3720671278421169,task-model mean across ten CV folds
wheat,env3,deepgs,affine,0.9481264036949779,1.1329923313543513,0.3790284083912403,task-model mean across ten CV folds
wheat,env3,deepgs,isotonic,0.9737312305341874,0.6855691945239692,0.3339576812838565,task-model mean across ten CV folds
wheat,env3,deepgs,raw,1.0381675620563173,1.0187469055736809,0.3790284083912402,task-model mean across ten CV folds
wheat,env3,dnngp,affine,0.9503392031754666,1.1875578399927496,0.3696601865396888,task-model mean across ten CV folds
wheat,env3,dnngp,isotonic,0.9770170058732479,0.7239959151344654,0.32111059322778157,task-model mean across ten CV folds
wheat,env3,dnngp,raw,1.1646788009198201,0.7278804160439085,0.36966018653968885,task-model mean across ten CV folds
wheat,env3,mlp,affine,0.937353990649776,1.134143773137518,0.40304271913937395,task-model mean across ten CV folds
wheat,env3,mlp,isotonic,0.9571888451125335,0.739909525961384,0.36832732541360025,task-model mean across ten CV folds
wheat,env3,mlp,raw,1.036495256301082,0.4935648285217991,0.40304271913937395,task-model mean across ten CV folds
wheat,env3,pnngs,affine,0.9793931315455234,0.8735399959256542,0.26390366197561527,task-model mean across ten CV folds
wheat,env3,pnngs,isotonic,1.0021150718663452,0.5823139363950365,0.2351736391253283,task-model mean across ten CV folds
wheat,env3,pnngs,raw,1.1755650011416965,1.2724822364230304,0.2639036619756152,task-model mean across ten CV folds
wheat,env3,soydngp,affine,0.9690591221319161,0.960970240648566,0.3241195097459958,task-model mean across ten CV folds
wheat,env3,soydngp,isotonic,0.9888566714593144,0.6425352057492713,0.29672560678448884,task-model mean across ten CV folds
wheat,env3,soydngp,raw,0.9851476277141732,2.745326063228992,0.32411950974599585,task-model mean across ten CV folds
wheat,env3,transformer,affine,0.977788041934596,1.2494464731913162,0.27491032618828637,task-model mean across ten CV folds
wheat,env3,transformer,isotonic,0.996217817528638,0.7052444928402407,0.24361942646305454,task-model mean across ten CV folds
wheat,env3,transformer,raw,1.0131127821717505,1.2290188693847164,0.2749103261882863,task-model mean across ten CV folds
wheat,env4,cnn,affine,0.8927621933849776,0.916653734484893,0.4766017248278288,task-model mean across ten CV folds
wheat,env4,cnn,isotonic,0.9268028341943084,0.7206651984982254,0.4476864765671144,task-model mean across ten CV folds
wheat,env4,cnn,raw,1.3379987019955208,0.529544055323422,0.4766017248278288,task-model mean across ten CV folds
wheat,env4,deepgs,affine,0.9247585104447144,0.9865139886189487,0.4248798544130829,task-model mean across ten CV folds
wheat,env4,deepgs,isotonic,0.9567770915023868,0.7229825128940134,0.3874159255292225,task-model mean across ten CV folds
wheat,env4,deepgs,raw,1.0684761256484505,1.1901780518062495,0.424879854413083,task-model mean across ten CV folds
wheat,env4,dnngp,affine,0.9049695223920102,0.9949575982923253,0.45341170405292486,task-model mean across ten CV folds
wheat,env4,dnngp,isotonic,0.9282743973463947,0.7976394615459481,0.43499479035667915,task-model mean across ten CV folds
wheat,env4,dnngp,raw,1.6422879065885436,0.7222688845541869,0.45341170405292486,task-model mean across ten CV folds
wheat,env4,mlp,affine,0.9077372651171887,1.0012527115874672,0.4566324793981911,task-model mean across ten CV folds
wheat,env4,mlp,isotonic,0.9390157540364875,0.7329366690759181,0.42242914913706003,task-model mean across ten CV folds
wheat,env4,mlp,raw,1.0558599065807708,0.48166236070872853,0.456632479398191,task-model mean across ten CV folds
wheat,env4,pnngs,affine,0.9763755173389559,0.9766518771029364,0.27387235393425446,task-model mean across ten CV folds
wheat,env4,pnngs,isotonic,1.0130366538923552,0.5559363607863439,0.2369975910101715,task-model mean across ten CV folds
wheat,env4,pnngs,raw,1.0270653162644034,1.1846312593533146,0.27387235393425446,task-model mean across ten CV folds
wheat,env4,soydngp,affine,0.9050545178489019,0.9573364744604206,0.4570091475171722,task-model mean across ten CV folds
wheat,env4,soydngp,isotonic,0.9359303871431219,0.738365547156332,0.42687239004398714,task-model mean across ten CV folds
wheat,env4,soydngp,raw,0.9821886576784145,0.6515685976197975,0.4570091475171722,task-model mean across ten CV folds
wheat,env4,transformer,affine,0.9646732362611147,1.1024465154451248,0.3162169449566299,task-model mean across ten CV folds
wheat,env4,transformer,isotonic,0.9861414724158999,0.647488458510455,0.28949746382525293,task-model mean across ten CV folds
wheat,env4,transformer,raw,1.0515453640864658,0.9463313178323473,0.3162169449566298,task-model mean across ten CV folds
