dataset,trait,model,repeat,fold,seed,affine,isotonic,raw,delta_r,comparable
easygese:barley,BaMMV,cnn,1,1,0,0.5947636047676949,0.5953799431970299,0.5947636047676952,-3.3306690738754696e-16,True
easygese:barley,BaMMV,cnn,1,2,0,0.5786108571327897,0.5717329845233817,0.5786108571327898,-1.1102230246251565e-16,True
easygese:barley,BaMMV,cnn,1,3,0,0.6421994315110335,0.6284772269647343,0.6421994315110339,-3.3306690738754696e-16,True
easygese:barley,BaMMV,cnn,1,4,0,0.5680469228427225,0.5544752786692553,0.5680469228427227,-2.220446049250313e-16,True
easygese:barley,BaMMV,cnn,1,5,0,0.604861764067969,0.6036211264799585,0.604861764067969,0.0,True
easygese:barley,BaMMV,cnn,2,1,0,0.5707663197896807,0.5786890711598444,0.5707663197896808,-1.1102230246251565e-16,True
easygese:barley,BaMMV,cnn,2,2,0,0.5419560218096214,0.5009575878585526,0.541956021809621,4.440892098500626e-16,True
easygese:barley,BaMMV,cnn,2,3,0,0.6178152640069257,0.6242323327872508,0.6178152640069257,0.0,True
easygese:barley,BaMMV,cnn,2,4,0,0.6297340593687779,0.6169534262160644,0.6297340593687778,1.1102230246251565e-16,True
easygese:barley,BaMMV,cnn,2,5,0,0.6037993815183114,0.5992399535223398,0.6037993815183116,-2.220446049250313e-16,True
easygese:barley,BaMMV,deepgs,1,1,0,0.6613819341478632,0.6501025199793101,0.6613819341478635,-3.3306690738754696e-16,True
easygese:barley,BaMMV,deepgs,1,2,0,0.6070230504862519,0.6048219583267407,0.6070230504862522,-2.220446049250313e-16,True
easygese:barley,BaMMV,deepgs,1,3,0,0.7291815802888189,0.7207058146072719,0.7291815802888194,-5.551115123125783e-16,True
easygese:barley,BaMMV,deepgs,1,4,0,0.6337955416815849,0.6258076653388135,0.6337955416815848,1.1102230246251565e-16,True
easygese:barley,BaMMV,deepgs,1,5,0,0.6197044220540943,0.6115381467432927,0.6197044220540944,-1.1102230246251565e-16,True
easygese:barley,BaMMV,deepgs,2,1,0,0.6265709522291838,0.6212431252711501,0.6265709522291834,4.440892098500626e-16,True
easygese:barley,BaMMV,deepgs,2,2,0,0.5798112250733348,0.5714751825536789,0.5798112250733349,-1.1102230246251565e-16,True
easygese:barley,BaMMV,deepgs,2,3,0,0.6496179535126373,0.6483979544088262,0.6496179535126371,2.220446049250313e-16,True
easygese:barley,BaMMV,deepgs,2,4,0,0.6707579823755427,0.6711888827526588,0.6707579823755426,1.1102230246251565e-16,True
easygese:barley,BaMMV,deepgs,2,5,0,0.629068276980126,0.6098011543882038,0.629068276980126,0.0,True
easygese:barley,BaMMV,dnngp,1,1,0,0.6342731590479994,0.6381403385729512,0.6342731590479996,-2.220446049250313e-16,True
easygese:barley,BaMMV,dnngp,1,2,0,0.6196738914607389,0.5998486316433688,0.6196738914607389,0.0,True
easygese:barley,BaMMV,dnngp,1,3,0,0.7000950647812584,0.697868686825173,0.7000950647812587,-3.3306690738754696e-16,True
easygese:barley,BaMMV,dnngp,1,4,0,0.6312417182412121,0.6407590187986908,0.6312417182412118,3.3306690738754696e-16,True
easygese:barley,BaMMV,dnngp,1,5,0,0.6392743375052073,0.6348265397400713,0.6392743375052078,-4.440892098500626e-16,True
easygese:barley,BaMMV,dnngp,2,1,0,0.6052047240497825,0.5950126322050479,0.6052047240497826,-1.1102230246251565e-16,True
easygese:barley,BaMMV,dnngp,2,2,0,0.6229070197018626,0.6108743800990394,0.622907019701862,5.551115123125783e-16,True
easygese:barley,BaMMV,dnngp,2,3,0,0.6551708260686113,0.6416271403536817,0.6551708260686113,0.0,True
easygese:barley,BaMMV,dnngp,2,4,0,0.6655593872673821,0.6538157151734617,0.6655593872673821,0.0,True
easygese:barley,BaMMV,dnngp,2,5,0,0.6295800462407802,0.6284905446585307,0.6295800462407805,-2.220446049250313e-16,True
easygese:barley,BaMMV,mlp,1,1,0,0.6531707924334096,0.6462704060504891,0.6531707924334099,-3.3306690738754696e-16,True
easygese:barley,BaMMV,mlp,1,2,0,0.6098533068570968,0.6134783265665389,0.6098533068570967,1.1102230246251565e-16,True
easygese:barley,BaMMV,mlp,1,3,0,0.706935867860125,0.7024267872076213,0.7069358678601254,-4.440892098500626e-16,True
easygese:barley,BaMMV,mlp,1,4,0,0.6356179481111373,0.631224919556133,0.6356179481111374,-1.1102230246251565e-16,True
easygese:barley,BaMMV,mlp,1,5,0,0.6576820784821292,0.6602774403566719,0.6576820784821293,-1.1102230246251565e-16,True
easygese:barley,BaMMV,mlp,2,1,0,0.6449110695228982,0.6443068081394682,0.6449110695228988,-5.551115123125783e-16,True
easygese:barley,BaMMV,mlp,2,2,0,0.6424769258384845,0.6437926166946795,0.6424769258384843,2.220446049250313e-16,True
easygese:barley,BaMMV,mlp,2,3,0,0.6912088047164631,0.6936047016560839,0.6912088047164628,2.220446049250313e-16,True
easygese:barley,BaMMV,mlp,2,4,0,0.6701782774764061,0.6749920680708967,0.6701782774764059,2.220446049250313e-16,True
easygese:barley,BaMMV,mlp,2,5,0,0.6303860537618867,0.6290092939440957,0.6303860537618867,0.0,True
easygese:barley,BaMMV,pnngs,1,1,0,0.6000388545374097,0.606188560451283,0.6000388545374098,-1.1102230246251565e-16,True
easygese:barley,BaMMV,pnngs,1,2,0,0.572311669241992,0.5814910496941185,0.5723116692419918,1.1102230246251565e-16,True
easygese:barley,BaMMV,pnngs,1,3,0,0.5665754659739036,0.5618201275204914,0.5665754659739036,0.0,True
easygese:barley,BaMMV,pnngs,1,4,0,0.5873040851967305,0.5813811998530244,0.5873040851967305,0.0,True
easygese:barley,BaMMV,pnngs,1,5,0,0.546336520325978,0.5286550586661787,0.5463365203259781,-1.1102230246251565e-16,True
easygese:barley,BaMMV,pnngs,2,1,0,0.6121907266960206,0.6094530982072178,0.6121907266960201,4.440892098500626e-16,True
easygese:barley,BaMMV,pnngs,2,2,0,0.5179794837862951,0.5043695819334981,0.5179794837862951,0.0,True
easygese:barley,BaMMV,pnngs,2,3,0,0.6196773849772551,0.6141454828045599,0.6196773849772553,-2.220446049250313e-16,True
easygese:barley,BaMMV,pnngs,2,4,0,0.5751101505541173,0.571644157125247,0.5751101505541171,2.220446049250313e-16,True
easygese:barley,BaMMV,pnngs,2,5,0,0.5887117799784312,0.5968792219106103,0.5887117799784313,-1.1102230246251565e-16,True
easygese:barley,BaMMV,soydngp,1,1,0,0.6040320325345981,0.5921064227184205,0.604032032534598,1.1102230246251565e-16,True
easygese:barley,BaMMV,soydngp,1,2,0,0.5981410669474032,0.587558135283617,0.5981410669474039,-6.661338147750939e-16,True
easygese:barley,BaMMV,soydngp,1,3,0,0.6626541277333657,0.6491461477946527,0.6626541277333656,1.1102230246251565e-16,True
easygese:barley,BaMMV,soydngp,1,4,0,0.6046863260860043,0.5989774348273376,0.6046863260860044,-1.1102230246251565e-16,True
easygese:barley,BaMMV,soydngp,1,5,0,0.5912347277874523,0.5977474982616298,0.5912347277874522,1.1102230246251565e-16,True
easygese:barley,BaMMV,soydngp,2,1,0,0.5414065365048547,0.5277701685351128,0.5414065365048546,1.1102230246251565e-16,True
easygese:barley,BaMMV,soydngp,2,2,0,0.5988630360035658,0.600662354190612,0.5988630360035654,4.440892098500626e-16,True
easygese:barley,BaMMV,soydngp,2,3,0,0.6491332787329008,0.6396908088814859,0.6491332787329004,4.440892098500626e-16,True
easygese:barley,BaMMV,soydngp,2,4,0,0.6647391054232944,0.6394670447835819,0.6647391054232943,1.1102230246251565e-16,True
easygese:barley,BaMMV,soydngp,2,5,0,0.6072031420451602,0.61191480954053,0.6072031420451599,3.3306690738754696e-16,True
easygese:barley,BaMMV,transformer,1,1,0,0.6119046457711094,0.5910657113151816,0.6119046457711097,-3.3306690738754696e-16,True
easygese:barley,BaMMV,transformer,1,2,0,0.6150625597495304,0.6087225646596941,0.6150625597495303,1.1102230246251565e-16,True
easygese:barley,BaMMV,transformer,1,3,0,0.6781390838619267,0.6567926146870051,0.6781390838619268,-1.1102230246251565e-16,True
easygese:barley,BaMMV,transformer,1,4,0,0.5805986285197502,0.5745979170449782,0.5805986285197504,-2.220446049250313e-16,True
easygese:barley,BaMMV,transformer,1,5,0,0.5859477027762248,0.5637515583838698,0.585947702776225,-2.220446049250313e-16,True
easygese:barley,BaMMV,transformer,2,1,0,0.5789430738167292,0.5945664857320565,0.5789430738167293,-1.1102230246251565e-16,True
easygese:barley,BaMMV,transformer,2,2,0,0.5720970755598607,0.5894853341969563,0.5720970755598608,-1.1102230246251565e-16,True
easygese:barley,BaMMV,transformer,2,3,0,0.6620076215503687,0.6510807473528316,0.6620076215503687,0.0,True
easygese:barley,BaMMV,transformer,2,4,0,0.5827656019964723,0.5916964109916408,0.5827656019964724,-1.1102230246251565e-16,True
easygese:barley,BaMMV,transformer,2,5,0,0.6184095778525098,0.6119196899374612,0.6184095778525105,-6.661338147750939e-16,True
easygese:barley,BaYMV,cnn,1,1,0,0.3972125315395702,0.3737883777887756,0.3972125315395704,-2.220446049250313e-16,True
easygese:barley,BaYMV,cnn,1,2,0,0.4329602544993018,0.44089374409854404,0.43296025449930164,1.6653345369377348e-16,True
easygese:barley,BaYMV,cnn,1,3,0,0.4696185782238608,0.4656928698612359,0.46961857822386066,1.6653345369377348e-16,True
easygese:barley,BaYMV,cnn,1,4,0,0.3977340699763652,0.3639231327395643,0.3977340699763649,2.7755575615628914e-16,True
easygese:barley,BaYMV,cnn,1,5,0,0.5057938432127861,0.5103221230047461,0.5057938432127863,-2.220446049250313e-16,True
easygese:barley,BaYMV,cnn,2,1,0,0.4829171307510838,0.4703061084026073,0.4829171307510844,-6.106226635438361e-16,True
easygese:barley,BaYMV,cnn,2,2,0,0.4326206379556347,0.4091893661724227,0.43262063795563527,-5.551115123125783e-16,True
easygese:barley,BaYMV,cnn,2,3,0,0.3677316149351426,0.34882876171736416,0.3677316149351421,4.996003610813204e-16,True
easygese:barley,BaYMV,cnn,2,4,0,0.5077552533446203,0.4855235472172232,0.5077552533446205,-1.1102230246251565e-16,True
easygese:barley,BaYMV,cnn,2,5,0,0.4798465527844831,0.4853345954876084,0.47984655278448274,3.885780586188048e-16,True
easygese:barley,BaYMV,deepgs,1,1,0,0.4393089286238948,0.41471703110579355,0.439308928623895,-1.6653345369377348e-16,True
easygese:barley,BaYMV,deepgs,1,2,0,0.45956488116470956,0.4491325583926583,0.4595648811647096,-5.551115123125783e-17,True
easygese:barley,BaYMV,deepgs,1,3,0,0.5132840888021094,0.5336528161760827,0.5132840888021096,-2.220446049250313e-16,True
easygese:barley,BaYMV,deepgs,1,4,0,0.5064337938296869,0.48484936911407006,0.506433793829687,-1.1102230246251565e-16,True
easygese:barley,BaYMV,deepgs,1,5,0,0.5440758421820888,0.5317182467156704,0.5440758421820888,0.0,True
easygese:barley,BaYMV,deepgs,2,1,0,0.5487091736564286,0.5452706502740561,0.5487091736564287,-1.1102230246251565e-16,True
easygese:barley,BaYMV,deepgs,2,2,0,0.4381669997829063,0.4223190368408646,0.4381669997829062,1.1102230246251565e-16,True
easygese:barley,BaYMV,deepgs,2,3,0,0.5008460212295408,0.5077492092499891,0.5008460212295412,-4.440892098500626e-16,True
easygese:barley,BaYMV,deepgs,2,4,0,0.5175585178956963,0.5029372349870631,0.5175585178956963,0.0,True
easygese:barley,BaYMV,deepgs,2,5,0,0.49876056867305374,0.49486925912027774,0.49876056867305385,-1.1102230246251565e-16,True
easygese:barley,BaYMV,dnngp,1,1,0,0.4437762833959759,0.4549801574807561,0.4437762833959756,3.3306690738754696e-16,True
easygese:barley,BaYMV,dnngp,1,2,0,0.4891469427490011,0.5066449595937448,0.48914694274900095,1.6653345369377348e-16,True
easygese:barley,BaYMV,dnngp,1,3,0,0.4909846005908531,0.5176143126831108,0.4909846005908532,-1.1102230246251565e-16,True
easygese:barley,BaYMV,dnngp,1,4,0,0.4570488132481744,0.45968765977104165,0.45704881324817426,1.6653345369377348e-16,True
easygese:barley,BaYMV,dnngp,1,5,0,0.5649391777643583,0.5649472608825049,0.5649391777643583,0.0,True
easygese:barley,BaYMV,dnngp,2,1,0,0.5201848686778792,0.5048167445742521,0.5201848686778798,-6.661338147750939e-16,True
easygese:barley,BaYMV,dnngp,2,2,0,0.4412052091530736,0.42559218814238836,0.4412052091530736,0.0,True
easygese:barley,BaYMV,dnngp,2,3,0,0.45960203813233136,0.44440891196659765,0.45960203813233125,1.1102230246251565e-16,True
easygese:barley,BaYMV,dnngp,2,4,0,0.5114001471975349,0.5151748634648988,0.5114001471975349,0.0,True
easygese:barley,BaYMV,dnngp,2,5,0,0.49292403543556473,0.4899770978079387,0.4929240354355649,-1.6653345369377348e-16,True
easygese:barley,BaYMV,mlp,1,1,0,0.4716109362120639,0.4728993385177182,0.4716109362120638,1.1102230246251565e-16,True
easygese:barley,BaYMV,mlp,1,2,0,0.4641212996368634,0.4771260358956377,0.46412129963686327,1.1102230246251565e-16,True
easygese:barley,BaYMV,mlp,1,3,0,0.4758246048528509,0.4718463472933944,0.47582460485285105,-1.6653345369377348e-16,True
easygese:barley,BaYMV,mlp,1,4,0,0.4619595126664412,0.44293051480032614,0.4619595126664411,1.1102230246251565e-16,True
easygese:barley,BaYMV,mlp,1,5,0,0.568259008590699,0.5609726399238525,0.5682590085906991,-1.1102230246251565e-16,True
easygese:barley,BaYMV,mlp,2,1,0,0.5624888861923445,0.5620016210940374,0.5624888861923445,0.0,True
easygese:barley,BaYMV,mlp,2,2,0,0.4241580523885922,0.40095765221128055,0.4241580523885923,-5.551115123125783e-17,True
easygese:barley,BaYMV,mlp,2,3,0,0.519296832014413,0.5142021044818351,0.519296832014413,0.0,True
easygese:barley,BaYMV,mlp,2,4,0,0.5400795378774423,0.5252435287080288,0.5400795378774423,0.0,True
easygese:barley,BaYMV,mlp,2,5,0,0.5239511987382012,0.5096571390893139,0.5239511987382013,-1.1102230246251565e-16,True
easygese:barley,BaYMV,pnngs,1,1,0,0.4119877175179166,0.42331950591017126,0.41198771751791624,3.3306690738754696e-16,True
easygese:barley,BaYMV,pnngs,1,2,0,0.4481612106705538,0.4540829299390044,0.4481612106705539,-1.1102230246251565e-16,True
easygese:barley,BaYMV,pnngs,1,3,0,0.3991757834436646,0.4179772985501541,0.3991757834436647,-1.1102230246251565e-16,True
easygese:barley,BaYMV,pnngs,1,4,0,0.4258429875493524,0.4098073613421642,0.42584298754935246,-5.551115123125783e-17,True
easygese:barley,BaYMV,pnngs,1,5,0,0.4927925822348092,0.47395519450393153,0.49279258223480904,1.6653345369377348e-16,True
easygese:barley,BaYMV,pnngs,2,1,0,0.46778842788013525,0.4482272702416791,0.46778842788013547,-2.220446049250313e-16,True
easygese:barley,BaYMV,pnngs,2,2,0,0.3969508031748115,0.36510965950530605,0.39695080317481185,-3.3306690738754696e-16,True
easygese:barley,BaYMV,pnngs,2,3,0,0.49339388023305075,0.4912768246176121,0.4933938802330509,-1.6653345369377348e-16,True
easygese:barley,BaYMV,pnngs,2,4,0,0.4875697732246218,0.480096436085845,0.48756977322462164,1.6653345369377348e-16,True
easygese:barley,BaYMV,pnngs,2,5,0,0.44951952664038436,0.452073305449251,0.4495195266403845,-1.6653345369377348e-16,True
easygese:barley,BaYMV,soydngp,1,1,0,0.38468888416715336,0.4013279094151837,0.3846888841671537,-3.3306690738754696e-16,True
easygese:barley,BaYMV,soydngp,1,2,0,0.5053567838240811,0.49438019041464515,0.5053567838240813,-2.220446049250313e-16,True
easygese:barley,BaYMV,soydngp,1,3,0,0.4814317583093025,0.4973101367151757,0.48143175830930257,-5.551115123125783e-17,True
easygese:barley,BaYMV,soydngp,1,4,0,0.43123218321815404,0.43289722675755604,0.43123218321815376,2.7755575615628914e-16,True
easygese:barley,BaYMV,soydngp,1,5,0,0.5211171354629793,0.4725485156785338,0.5211171354629792,1.1102230246251565e-16,True
easygese:barley,BaYMV,soydngp,2,1,0,0.5334862236560468,0.5210343578645995,0.5334862236560467,1.1102230246251565e-16,True
easygese:barley,BaYMV,soydngp,2,2,0,0.3781205954202076,0.3566595180961128,0.3781205954202076,0.0,True
easygese:barley,BaYMV,soydngp,2,3,0,0.5094959951992816,0.5154227685925515,0.5094959951992812,3.3306690738754696e-16,True
easygese:barley,BaYMV,soydngp,2,4,0,0.5017912879963777,0.48865562745029245,0.5017912879963773,4.440892098500626e-16,True
easygese:barley,BaYMV,soydngp,2,5,0,0.4553725669545068,0.4766324848275549,0.4553725669545068,0.0,True
easygese:barley,BaYMV,transformer,1,1,0,0.4083313684884683,0.42266769875565885,0.40833136848846835,-5.551115123125783e-17,True
easygese:barley,BaYMV,transformer,1,2,0,0.4634113849991592,0.46991707375342456,0.46341138499915907,1.1102230246251565e-16,True
easygese:barley,BaYMV,transformer,1,3,0,0.4660311921649599,0.48605414592530855,0.4660311921649598,1.1102230246251565e-16,True
easygese:barley,BaYMV,transformer,1,4,0,0.4772389579902396,0.4818813565107671,0.4772389579902397,-1.1102230246251565e-16,True
easygese:barley,BaYMV,transformer,1,5,0,0.4947657370678803,0.47226682081920773,0.49476573706788024,5.551115123125783e-17,True
easygese:barley,BaYMV,transformer,2,1,0,0.4800928190152828,0.4771718168056908,0.48009281901528283,-5.551115123125783e-17,True
easygese:barley,BaYMV,transformer,2,2,0,0.37143025949133124,0.3920717414808429,0.3714302594913311,1.1102230246251565e-16,True
easygese:barley,BaYMV,transformer,2,3,0,0.42028066821266374,0.4220799789476405,0.42028066821266385,-1.1102230246251565e-16,True
easygese:barley,BaYMV,transformer,2,4,0,0.48866457282284764,0.4566122806525733,0.48866457282284786,-2.220446049250313e-16,True
easygese:barley,BaYMV,transformer,2,5,0,0.46826597545627163,0.4751259203149753,0.4682659754562715,1.1102230246251565e-16,True
easygese:bean,DF,cnn,1,1,0,0.696697944861061,0.6633658007352489,0.6966979448610613,-3.3306690738754696e-16,True
easygese:bean,DF,cnn,1,2,0,0.6861777412151175,0.6623824365555107,0.6861777412151172,3.3306690738754696e-16,True
easygese:bean,DF,cnn,1,3,0,0.7415041386299617,0.7817582683967705,0.7415041386299615,2.220446049250313e-16,True
easygese:bean,DF,cnn,1,4,0,0.7561320628040991,0.7349006781703445,0.7561320628040988,2.220446049250313e-16,True
easygese:bean,DF,cnn,1,5,0,0.8019810922935945,0.8120217431354123,0.8019810922935943,2.220446049250313e-16,True
easygese:bean,DF,cnn,2,1,0,0.702988016798551,0.7008445604740765,0.702988016798551,0.0,True
easygese:bean,DF,cnn,2,2,0,0.802502384566537,0.7864596783532887,0.8025023845665366,4.440892098500626e-16,True
easygese:bean,DF,cnn,2,3,0,0.6333198294710324,0.6111122572202308,0.6333198294710327,-3.3306690738754696e-16,True
easygese:bean,DF,cnn,2,4,0,0.6376604753632784,0.6060817103066909,0.6376604753632787,-3.3306690738754696e-16,True
easygese:bean,DF,cnn,2,5,0,0.7559320924663311,0.7518327279592711,0.7559320924663312,-1.1102230246251565e-16,True
easygese:bean,DF,deepgs,1,1,0,0.6385153471360552,0.5795554471694998,0.6385153471360548,3.3306690738754696e-16,True
easygese:bean,DF,deepgs,1,2,0,0.6277468531508186,0.6147572071450939,0.6277468531508182,3.3306690738754696e-16,True
easygese:bean,DF,deepgs,1,3,0,0.6294947625245583,0.6472903686486805,0.6294947625245578,4.440892098500626e-16,True
easygese:bean,DF,deepgs,1,4,0,0.6670875683485713,0.5632216398246047,0.6670875683485712,1.1102230246251565e-16,True
easygese:bean,DF,deepgs,1,5,0,0.72912651802059,0.7138655311567074,0.7291265180205901,-1.1102230246251565e-16,True
easygese:bean,DF,deepgs,2,1,0,0.6233727872535281,0.5911092796482766,0.6233727872535283,-2.220446049250313e-16,True
easygese:bean,DF,deepgs,2,2,0,0.7353967288017957,0.7207412166363373,0.735396728801796,-2.220446049250313e-16,True
easygese:bean,DF,deepgs,2,3,0,0.6518733493616825,0.6402797032774283,0.6518733493616824,1.1102230246251565e-16,True
easygese:bean,DF,deepgs,2,4,0,0.5615001723271282,0.5925189503408209,0.5615001723271281,1.1102230246251565e-16,True
easygese:bean,DF,deepgs,2,5,0,0.7432161357608069,0.7437595191602344,0.7432161357608068,1.1102230246251565e-16,True
easygese:bean,DF,dnngp,1,1,0,0.6525948508789906,0.6186641665855258,0.6525948508789904,2.220446049250313e-16,True
easygese:bean,DF,dnngp,1,2,0,0.6464077518036188,0.6794052284506509,0.646407751803619,-2.220446049250313e-16,True
easygese:bean,DF,dnngp,1,3,0,0.6718830883558038,0.6437765388466798,0.6718830883558039,-1.1102230246251565e-16,True
easygese:bean,DF,dnngp,1,4,0,0.5848493161506177,0.5465082976869767,0.5848493161506179,-1.1102230246251565e-16,True
easygese:bean,DF,dnngp,1,5,0,0.7648709910254065,0.7679391094727468,0.7648709910254066,-1.1102230246251565e-16,True
easygese:bean,DF,dnngp,2,1,0,0.6064269191284772,0.59533060921535,0.6064269191284773,-1.1102230246251565e-16,True
easygese:bean,DF,dnngp,2,2,0,0.7349565484556008,0.7520659400960054,0.7349565484556008,0.0,True
easygese:bean,DF,dnngp,2,3,0,0.6519769856465588,0.6391971779617496,0.6519769856465581,6.661338147750939e-16,True
easygese:bean,DF,dnngp,2,4,0,0.5780260126223187,0.5704867683838959,0.5780260126223187,0.0,True
easygese:bean,DF,dnngp,2,5,0,0.7264932288871678,0.6871972584976633,0.726493228887168,-2.220446049250313e-16,True
easygese:bean,DF,mlp,1,1,0,0.7521153897089173,0.7054517920694355,0.7521153897089176,-2.220446049250313e-16,True
easygese:bean,DF,mlp,1,2,0,0.6975995354570174,0.6755147668269976,0.6975995354570177,-3.3306690738754696e-16,True
easygese:bean,DF,mlp,1,3,0,0.6860360397158503,0.6094424720022462,0.6860360397158503,0.0,True
easygese:bean,DF,mlp,1,4,0,0.6968867230637178,0.6487965197005443,0.6968867230637178,0.0,True
easygese:bean,DF,mlp,1,5,0,0.7860003868908078,0.7965417487942255,0.7860003868908081,-3.3306690738754696e-16,True
easygese:bean,DF,mlp,2,1,0,0.681744266028817,0.6659655104778439,0.681744266028817,0.0,True
easygese:bean,DF,mlp,2,2,0,0.7997556777754792,0.7781374160392766,0.7997556777754792,0.0,True
easygese:bean,DF,mlp,2,3,0,0.7319963341803923,0.7315219701059805,0.7319963341803926,-2.220446049250313e-16,True
easygese:bean,DF,mlp,2,4,0,0.6214038615217589,0.6137329514786718,0.6214038615217591,-2.220446049250313e-16,True
easygese:bean,DF,mlp,2,5,0,0.6868371699083,0.6907723267904345,0.6868371699083001,-1.1102230246251565e-16,True
easygese:bean,DF,pnngs,1,1,0,0.7312604174628085,0.6857728470879567,0.7312604174628078,6.661338147750939e-16,True
easygese:bean,DF,pnngs,1,2,0,0.6894283349660979,0.6795868907013275,0.6894283349660987,-7.771561172376096e-16,True
easygese:bean,DF,pnngs,1,3,0,0.7235035536485852,0.7353192091893209,0.7235035536485852,0.0,True
easygese:bean,DF,pnngs,1,4,0,0.7010497893637145,0.6798275961288416,0.7010497893637153,-7.771561172376096e-16,True
easygese:bean,DF,pnngs,1,5,0,0.771274232164845,0.785116649062966,0.7712742321648443,7.771561172376096e-16,True
easygese:bean,DF,pnngs,2,1,0,0.6994305819696067,0.6796142426822359,0.6994305819696064,3.3306690738754696e-16,True
easygese:bean,DF,pnngs,2,2,0,0.7633753645563749,0.7635042571994569,0.7633753645563744,4.440892098500626e-16,True
easygese:bean,DF,pnngs,2,3,0,0.757061540511712,0.7729725863943673,0.757061540511712,0.0,True
easygese:bean,DF,pnngs,2,4,0,0.5977861533228979,0.5772802067442478,0.5977861533228966,1.2212453270876722e-15,True
easygese:bean,DF,pnngs,2,5,0,0.7802478559932138,0.7589917808882451,0.7802478559932139,-1.1102230246251565e-16,True
easygese:bean,DF,soydngp,1,1,0,0.7371611808518693,0.7259416651755853,0.7371611808518697,-3.3306690738754696e-16,True
easygese:bean,DF,soydngp,1,2,0,0.7321491887432324,0.716724340343735,0.7321491887432324,0.0,True
easygese:bean,DF,soydngp,1,3,0,0.7466785970996759,0.7170105480851566,0.746678597099676,-1.1102230246251565e-16,True
easygese:bean,DF,soydngp,1,4,0,0.755650734444777,0.754637644081279,0.7556507344447766,4.440892098500626e-16,True
easygese:bean,DF,soydngp,1,5,0,0.7730393389354091,0.7509255028062924,0.7730393389354089,2.220446049250313e-16,True
easygese:bean,DF,soydngp,2,1,0,0.7346455706379338,0.6810475912536751,0.7346455706379341,-3.3306690738754696e-16,True
easygese:bean,DF,soydngp,2,2,0,0.8162956934326882,0.7643469670040637,0.8162956934326884,-2.220446049250313e-16,True
easygese:bean,DF,soydngp,2,3,0,0.7420196225916644,0.7198252607486266,0.7420196225916639,5.551115123125783e-16,True
easygese:bean,DF,soydngp,2,4,0,0.690822997952134,0.6884849262739843,0.6908229979521341,-1.1102230246251565e-16,True
easygese:bean,DF,soydngp,2,5,0,0.8078553095741748,0.7897243198822446,0.8078553095741753,-4.440892098500626e-16,True
easygese:bean,DF,transformer,1,1,0,0.7343443662539998,0.7233618334188192,0.7343443662539993,4.440892098500626e-16,True
easygese:bean,DF,transformer,1,2,0,0.7449549041157021,0.7017257106264712,0.7449549041157024,-3.3306690738754696e-16,True
easygese:bean,DF,transformer,1,3,0,0.7196670430349992,0.7032653387158684,0.7196670430349988,3.3306690738754696e-16,True
easygese:bean,DF,transformer,1,4,0,0.7679222360312123,0.7028838645839375,0.7679222360312119,4.440892098500626e-16,True
easygese:bean,DF,transformer,1,5,0,0.8281960824484751,0.7944891696268552,0.828196082448475,1.1102230246251565e-16,True
easygese:bean,DF,transformer,2,1,0,0.713153815240534,0.7125005689266415,0.713153815240534,0.0,True
easygese:bean,DF,transformer,2,2,0,0.8129154327167046,0.8102243734344372,0.8129154327167046,0.0,True
easygese:bean,DF,transformer,2,3,0,0.740214537545564,0.7333875445659875,0.7402145375455639,1.1102230246251565e-16,True
easygese:bean,DF,transformer,2,4,0,0.6153983933117912,0.6213617401961531,0.6153983933117912,0.0,True
easygese:bean,DF,transformer,2,5,0,0.7413544966019147,0.7147856042462704,0.7413544966019144,2.220446049250313e-16,True
easygese:bean,DPM,cnn,1,1,0,0.6497852399857,0.6177044751825723,0.6497852399857,0.0,True
easygese:bean,DPM,cnn,1,2,0,0.611425393074385,0.5619361030534571,0.6114253930743848,2.220446049250313e-16,True
easygese:bean,DPM,cnn,1,3,0,0.5404028343962906,0.5241544001374637,0.5404028343962913,-7.771561172376096e-16,True
easygese:bean,DPM,cnn,1,4,0,0.6127790675694602,0.5400289922217574,0.6127790675694602,0.0,True
easygese:bean,DPM,cnn,1,5,0,0.4438487741132906,0.4560103144724176,0.4438487741132902,3.885780586188048e-16,True
easygese:bean,DPM,cnn,2,1,0,0.6162362149661678,0.5633168379998437,0.6162362149661668,9.992007221626409e-16,True
easygese:bean,DPM,cnn,2,2,0,0.6424592251531059,0.6133973280768407,0.6424592251531053,6.661338147750939e-16,True
easygese:bean,DPM,cnn,2,3,0,0.6617140549587175,0.6236110315863899,0.6617140549587176,-1.1102230246251565e-16,True
easygese:bean,DPM,cnn,2,4,0,0.5291358597674158,0.4749736495544487,0.5291358597674161,-2.220446049250313e-16,True
easygese:bean,DPM,cnn,2,5,0,0.7036437718998879,0.6577176125988187,0.7036437718998879,0.0,True
easygese:bean,DPM,deepgs,1,1,0,0.6127342659351812,0.5962058613951619,0.6127342659351814,-2.220446049250313e-16,True
easygese:bean,DPM,deepgs,1,2,0,0.6400891831946608,0.5414535697326297,0.6400891831946602,5.551115123125783e-16,True
easygese:bean,DPM,deepgs,1,3,0,0.5823714661667349,0.48642716408788816,0.5823714661667345,3.3306690738754696e-16,True
easygese:bean,DPM,deepgs,1,4,0,0.6377909725534476,0.5570712547797398,0.6377909725534481,-4.440892098500626e-16,True
easygese:bean,DPM,deepgs,1,5,0,0.5198202175022205,0.4898168613787413,0.5198202175022202,3.3306690738754696e-16,True
easygese:bean,DPM,deepgs,2,1,0,0.5814432385394225,0.5757585273445299,0.5814432385394219,5.551115123125783e-16,True
easygese:bean,DPM,deepgs,2,2,0,0.705419373890107,0.6584505314475936,0.7054193738901069,1.1102230246251565e-16,True
easygese:bean,DPM,deepgs,2,3,0,0.6083552600204492,0.5961585284787968,0.6083552600204494,-2.220446049250313e-16,True
easygese:bean,DPM,deepgs,2,4,0,0.5725188783948153,0.5275693066064144,0.5725188783948156,-3.3306690738754696e-16,True
easygese:bean,DPM,deepgs,2,5,0,0.6673584456984984,0.6776244859065566,0.6673584456984983,1.1102230246251565e-16,True
easygese:bean,DPM,dnngp,1,1,0,0.5505127938861215,0.5133844144159586,0.5505127938861217,-2.220446049250313e-16,True
easygese:bean,DPM,dnngp,1,2,0,0.6119417574922961,0.6005018749682354,0.6119417574922961,0.0,True
easygese:bean,DPM,dnngp,1,3,0,0.5573890561516208,0.4799330666656701,0.5573890561516216,-7.771561172376096e-16,True
easygese:bean,DPM,dnngp,1,4,0,0.5504511372983282,0.5061799806790677,0.550451137298328,2.220446049250313e-16,True
easygese:bean,DPM,dnngp,1,5,0,0.6118321212679195,0.4957910579542319,0.6118321212679192,3.3306690738754696e-16,True
easygese:bean,DPM,dnngp,2,1,0,0.5893676891739139,0.52231737490241,0.5893676891739139,0.0,True
easygese:bean,DPM,dnngp,2,2,0,0.7328100926811347,0.6780436780418687,0.7328100926811347,0.0,True
easygese:bean,DPM,dnngp,2,3,0,0.5936215764124899,0.5751541143378468,0.5936215764124898,1.1102230246251565e-16,True
easygese:bean,DPM,dnngp,2,4,0,0.5489266338861015,0.5359177726071788,0.5489266338861015,0.0,True
easygese:bean,DPM,dnngp,2,5,0,0.5772390375516723,0.5334733104372836,0.5772390375516725,-2.220446049250313e-16,True
easygese:bean,DPM,mlp,1,1,0,0.6763137358969096,0.6668942331247876,0.6763137358969095,1.1102230246251565e-16,True
easygese:bean,DPM,mlp,1,2,0,0.7348165724280733,0.6920618489035301,0.7348165724280731,2.220446049250313e-16,True
easygese:bean,DPM,mlp,1,3,0,0.5900031288451829,0.5881430211172652,0.5900031288451829,0.0,True
easygese:bean,DPM,mlp,1,4,0,0.5697638564162109,0.48963414721322596,0.5697638564162107,1.1102230246251565e-16,True
easygese:bean,DPM,mlp,1,5,0,0.6172856276268668,0.6030512736989014,0.6172856276268671,-3.3306690738754696e-16,True
easygese:bean,DPM,mlp,2,1,0,0.6178610926276821,0.6113536162226884,0.6178610926276821,0.0,True
easygese:bean,DPM,mlp,2,2,0,0.6872228637657309,0.6347590957361913,0.687222863765731,-1.1102230246251565e-16,True
easygese:bean,DPM,mlp,2,3,0,0.5600699391694834,0.5476840856366121,0.5600699391694831,3.3306690738754696e-16,True
easygese:bean,DPM,mlp,2,4,0,0.5883839805345416,0.5737173349962964,0.5883839805345414,1.1102230246251565e-16,True
easygese:bean,DPM,mlp,2,5,0,0.7213868767259625,0.6529176279572471,0.7213868767259628,-3.3306690738754696e-16,True
easygese:bean,DPM,pnngs,1,1,0,0.5818237019494551,0.5729996166303625,0.5818237019494561,-9.992007221626409e-16,True
easygese:bean,DPM,pnngs,1,2,0,0.42014761482304064,0.3898757343697654,0.42014761482304097,-3.3306690738754696e-16,True
easygese:bean,DPM,pnngs,1,3,0,0.4740413175460527,0.4418405472057936,0.4740413175460526,1.1102230246251565e-16,True
easygese:bean,DPM,pnngs,1,4,0,0.6247254661316287,0.5696413693542723,0.6247254661316289,-2.220446049250313e-16,True
easygese:bean,DPM,pnngs,1,5,0,0.5868707726625049,0.5417747208198256,0.5868707726625059,-9.992007221626409e-16,True
easygese:bean,DPM,pnngs,2,1,0,0.4932946210878954,0.45455076618643,0.4932946210878957,-2.7755575615628914e-16,True
easygese:bean,DPM,pnngs,2,2,0,0.5504614177020365,0.5326106512250639,0.5504614177020373,-7.771561172376096e-16,True
easygese:bean,DPM,pnngs,2,3,0,0.592550588081306,0.5630617676286865,0.5925505880813066,-5.551115123125783e-16,True
easygese:bean,DPM,pnngs,2,4,0,0.4426465203909469,0.4540117860036698,0.44264652039094415,2.7200464103316335e-15,True
easygese:bean,DPM,pnngs,2,5,0,0.5607455393128523,0.5924530371342813,0.5607455393128529,-5.551115123125783e-16,True
easygese:bean,DPM,soydngp,1,1,0,0.5256639472077013,0.4849986423765715,0.525663947207701,2.220446049250313e-16,True
easygese:bean,DPM,soydngp,1,2,0,0.42227383796248613,0.3680500129281007,0.4222738379624864,-2.7755575615628914e-16,True
easygese:bean,DPM,soydngp,1,3,0,0.518146931536228,0.4341269060305011,0.5181469315362283,-2.220446049250313e-16,True
easygese:bean,DPM,soydngp,1,4,0,0.46650144608505695,0.3028377771471319,0.466501446085057,-5.551115123125783e-17,True
easygese:bean,DPM,soydngp,1,5,0,0.46613003592128166,0.4274767377266656,0.46613003592128066,9.992007221626409e-16,True
easygese:bean,DPM,soydngp,2,1,0,0.48958908354414804,0.4361218346085841,0.4895890835441487,-6.661338147750939e-16,True
easygese:bean,DPM,soydngp,2,2,0,0.5243041561231124,0.4983842997463359,0.5243041561231125,-1.1102230246251565e-16,True
easygese:bean,DPM,soydngp,2,3,0,0.37119231968028743,0.3199454298468175,0.37119231968028804,-6.106226635438361e-16,True
easygese:bean,DPM,soydngp,2,4,0,0.4620876768190254,0.4210165742828397,0.46208767681902563,-2.220446049250313e-16,True
easygese:bean,DPM,soydngp,2,5,0,0.599267796848977,0.5079904189642185,0.5992677968489767,3.3306690738754696e-16,True
easygese:bean,DPM,transformer,1,1,0,0.693502780875564,0.6448648913346227,0.6935027808755642,-1.1102230246251565e-16,True
easygese:bean,DPM,transformer,1,2,0,0.5818642296943697,0.5169376879784247,0.5818642296943698,-1.1102230246251565e-16,True
easygese:bean,DPM,transformer,1,3,0,0.4354172493238722,0.40974255558827305,0.43541724932387216,5.551115123125783e-17,True
easygese:bean,DPM,transformer,1,4,0,0.6295976220514026,0.5798619884645325,0.6295976220514026,0.0,True
easygese:bean,DPM,transformer,1,5,0,0.46369708488219996,0.44639496630208314,0.4636970848821998,1.6653345369377348e-16,True
easygese:bean,DPM,transformer,2,1,0,0.5506265063422487,0.521280340757648,0.5506265063422489,-1.1102230246251565e-16,True
easygese:bean,DPM,transformer,2,2,0,0.6053217596665258,0.552589041996478,0.6053217596665256,2.220446049250313e-16,True
easygese:bean,DPM,transformer,2,3,0,0.5292637078347269,0.4961040582937693,0.5292637078347269,0.0,True
easygese:bean,DPM,transformer,2,4,0,0.5415031501434665,0.48244543325393885,0.5415031501434668,-3.3306690738754696e-16,True
easygese:bean,DPM,transformer,2,5,0,0.6724441425961514,0.6842078366700303,0.672444142596151,3.3306690738754696e-16,True
easygese:bean,PHI,cnn,1,1,0,0.5765627700092688,0.5430608541478761,0.576562770009269,-2.220446049250313e-16,True
easygese:bean,PHI,cnn,1,2,0,0.29169709919814185,0.2054346612053186,0.29169709919814146,3.885780586188048e-16,True
easygese:bean,PHI,cnn,1,3,0,0.3114407357510744,0.30949129535921327,0.3114407357510748,-3.885780586188048e-16,True
easygese:bean,PHI,cnn,1,4,0,0.21208764924729617,0.14073450136562687,0.2120876492472961,8.326672684688674e-17,True
easygese:bean,PHI,cnn,1,5,0,0.37258714917144253,0.34215552768212043,0.37258714917144287,-3.3306690738754696e-16,True
easygese:bean,PHI,cnn,2,1,0,0.4432245359903567,0.47817136119886094,0.4432245359903568,-1.1102230246251565e-16,True
easygese:bean,PHI,cnn,2,2,0,0.33560482216416204,0.33990317168247725,0.3356048221641618,2.220446049250313e-16,True
easygese:bean,PHI,cnn,2,3,0,0.4421015172948622,0.49563084543895713,0.44210151729486263,-4.440892098500626e-16,True
easygese:bean,PHI,cnn,2,4,0,0.3710613788077503,0.33629586630449254,0.37106137880775003,2.7755575615628914e-16,True
easygese:bean,PHI,cnn,2,5,0,0.48160584570032927,0.41826008462232445,0.4816058457003293,-5.551115123125783e-17,True
easygese:bean,PHI,deepgs,1,1,0,0.3441693883928159,0.3011244611772521,0.3441693883928156,3.3306690738754696e-16,True
easygese:bean,PHI,deepgs,1,2,0,0.4383425901307309,0.367857563555281,0.4383425901307306,2.7755575615628914e-16,True
easygese:bean,PHI,deepgs,1,3,0,0.3942454899316237,0.3871712204204736,0.3942454899316239,-1.6653345369377348e-16,True
easygese:bean,PHI,deepgs,1,4,0,0.38305153807641407,0.3842937451904221,0.3830515380764139,1.6653345369377348e-16,True
easygese:bean,PHI,deepgs,1,5,0,0.4967405935342453,0.4641611146997004,0.4967405935342451,2.220446049250313e-16,True
easygese:bean,PHI,deepgs,2,1,0,0.4153186948875241,0.4093432363161692,0.4153186948875241,0.0,True
easygese:bean,PHI,deepgs,2,2,0,0.464669680631691,0.5226124125872754,0.4646696806316912,-1.6653345369377348e-16,True
easygese:bean,PHI,deepgs,2,3,0,0.3929427375896576,0.38274204327733835,0.39294273758965753,5.551115123125783e-17,True
easygese:bean,PHI,deepgs,2,4,0,0.3634938184258061,0.3050685817598713,0.3634938184258058,2.7755575615628914e-16,True
easygese:bean,PHI,deepgs,2,5,0,0.3182516201173406,0.27852773163466493,0.3182516201173401,4.996003610813204e-16,True
easygese:bean,PHI,dnngp,1,1,0,0.2811514101215363,0.2579811392475918,0.2811514101215365,-1.6653345369377348e-16,True
easygese:bean,PHI,dnngp,1,2,0,0.25439720681729594,0.2676414267301934,0.25439720681729566,2.7755575615628914e-16,True
easygese:bean,PHI,dnngp,1,3,0,0.2500205810941393,0.23252193016434408,0.2500205810941389,4.440892098500626e-16,True
easygese:bean,PHI,dnngp,1,4,0,0.19384115644467262,0.0770427346973996,0.19384115644467223,3.885780586188048e-16,True
easygese:bean,PHI,dnngp,1,5,0,0.42857129066279576,0.40403357535959084,0.4285712906627954,3.3306690738754696e-16,True
easygese:bean,PHI,dnngp,2,1,0,0.3618643868917631,0.3476138238594701,0.3618643868917633,-2.220446049250313e-16,True
easygese:bean,PHI,dnngp,2,2,0,0.44413754313164017,0.400203747074494,0.44413754313164006,1.1102230246251565e-16,True
easygese:bean,PHI,dnngp,2,3,0,0.2916189156338991,0.19424435276660176,0.29161891563389897,1.1102230246251565e-16,True
easygese:bean,PHI,dnngp,2,4,0,0.3194445360423506,0.3199451442075199,0.31944453604235007,5.551115123125783e-16,True
easygese:bean,PHI,dnngp,2,5,0,0.30188922877203606,0.3177618050109794,0.3018892287720353,7.771561172376096e-16,True
easygese:bean,PHI,mlp,1,1,0,0.4934303561282311,0.3517372560300871,0.4934303561282303,8.326672684688674e-16,True
easygese:bean,PHI,mlp,1,2,0,0.32662553879476947,0.29877799398927757,0.32662553879476935,1.1102230246251565e-16,True
easygese:bean,PHI,mlp,1,3,0,0.3763068491379979,0.37473664130173623,0.3763068491379979,0.0,True
easygese:bean,PHI,mlp,1,4,0,0.22278906260806683,0.19816014069783375,0.22278906260806586,9.71445146547012e-16,True
easygese:bean,PHI,mlp,1,5,0,0.4998283805676267,0.28765090126004716,0.49982838056762635,3.3306690738754696e-16,True
easygese:bean,PHI,mlp,2,1,0,0.27209382974317703,0.18928736749054334,0.2720938297431773,-2.7755575615628914e-16,True
easygese:bean,PHI,mlp,2,2,0,0.2610767965537007,0.2871101001934755,0.26107679655370136,-6.661338147750939e-16,True
easygese:bean,PHI,mlp,2,3,0,0.48639689610750503,0.5012649392861709,0.48639689610750536,-3.3306690738754696e-16,True
easygese:bean,PHI,mlp,2,4,0,0.3232696180738055,0.31315845562661393,0.3232696180738059,-3.885780586188048e-16,True
easygese:bean,PHI,mlp,2,5,0,0.4384950632140123,0.4279121301370961,0.4384950632140125,-1.6653345369377348e-16,True
easygese:bean,PHI,pnngs,1,1,0,0.609184804380666,0.616055775053487,0.609184804380666,0.0,True
easygese:bean,PHI,pnngs,1,2,0,0.2704741182191487,0.24289428672670288,0.27047411821914774,9.43689570931383e-16,True
easygese:bean,PHI,pnngs,1,3,0,0.41784640465704326,0.46862056241396827,0.41784640465704354,-2.7755575615628914e-16,True
easygese:bean,PHI,pnngs,1,4,0,0.3053366577977788,0.19301430001793368,0.3053366577977789,-1.1102230246251565e-16,True
easygese:bean,PHI,pnngs,1,5,0,0.36252600211048963,0.30826619787332266,0.3625260021104895,1.1102230246251565e-16,True
easygese:bean,PHI,pnngs,2,1,0,0.42027622366331946,0.3040296730243841,0.42027622366331974,-2.7755575615628914e-16,True
easygese:bean,PHI,pnngs,2,2,0,0.2572793652283016,0.14030615036627428,0.25727936522830136,2.220446049250313e-16,True
easygese:bean,PHI,pnngs,2,3,0,0.39416168706918897,0.42677102388689886,0.3941616870691897,-7.216449660063518e-16,True
easygese:bean,PHI,pnngs,2,4,0,0.2614818038562406,0.3097370492476954,0.2614818038562416,-9.992007221626409e-16,True
easygese:bean,PHI,pnngs,2,5,0,0.5021724258314374,0.4526667612997082,0.5021724258314375,-1.1102230246251565e-16,True
easygese:bean,PHI,soydngp,1,1,0,0.46932318967112,0.3244136525368638,0.4693231896711203,-2.7755575615628914e-16,True
easygese:bean,PHI,soydngp,1,2,0,0.10718738512479342,0.14518383551126499,0.10718738512470034,9.307832282701156e-14,True
easygese:bean,PHI,soydngp,1,3,0,0.16037125489979573,0.14902116549182257,0.1603712548997953,4.163336342344337e-16,True
easygese:bean,PHI,soydngp,1,4,0,0.23557280766774802,0.2999676065456344,0.23557280766774852,-4.996003610813204e-16,True
easygese:bean,PHI,soydngp,1,5,0,0.0793120326234503,0.11670838051993507,0.07931203262344433,5.9674487573602164e-15,True
easygese:bean,PHI,soydngp,2,1,0,0.2423863587841257,0.1652488063646488,0.24238635878412518,5.273559366969494e-16,True
easygese:bean,PHI,soydngp,2,2,0,-0.15775068841617404,-0.145808097172795,-0.1577506884166074,4.3334780208681423e-13,True
easygese:bean,PHI,soydngp,2,3,0,0.33537077572237783,0.27483481874886595,0.33537077572237783,0.0,True
easygese:bean,PHI,soydngp,2,4,0,0.36345073367990105,0.2889924354875772,0.36345073367990066,3.885780586188048e-16,True
easygese:bean,PHI,soydngp,2,5,0,0.22663735795181938,0.29848022212189856,0.22663735795182013,-7.494005416219807e-16,True
easygese:bean,PHI,transformer,1,1,0,0.4525178666532331,0.3942508402898789,0.4525178666532332,-5.551115123125783e-17,True
easygese:bean,PHI,transformer,1,2,0,0.36177252254463527,0.33281533522515966,0.36177252254463593,-6.661338147750939e-16,True
easygese:bean,PHI,transformer,1,3,0,0.2686404132455376,0.2652969729074655,0.2686404132455378,-1.6653345369377348e-16,True
easygese:bean,PHI,transformer,1,4,0,0.32613775034120324,0.32288310577911017,0.3261377503412028,4.440892098500626e-16,True
easygese:bean,PHI,transformer,1,5,0,0.4031544725299641,0.4000752154546626,0.40315447252996406,5.551115123125783e-17,True
easygese:bean,PHI,transformer,2,1,0,0.45950632813930165,0.41650190111824537,0.45950632813930176,-1.1102230246251565e-16,True
easygese:bean,PHI,transformer,2,2,0,0.4193995148672445,0.35358736159675025,0.4193995148672449,-3.885780586188048e-16,True
easygese:bean,PHI,transformer,2,3,0,0.3375506006542225,0.3185557487873051,0.3375506006542223,1.6653345369377348e-16,True
easygese:bean,PHI,transformer,2,4,0,0.3085453770732647,0.2916194837333669,0.3085453770732646,5.551115123125783e-17,True
easygese:bean,PHI,transformer,2,5,0,0.35558828638144185,0.33117398463793707,0.3555882863814414,4.440892098500626e-16,True
easygese:bean,X100SdW,cnn,1,1,0,0.26402806848911853,0.23757808873058225,0.26402806848912064,-2.1094237467877974e-15,True
easygese:bean,X100SdW,cnn,1,2,0,0.44452218873109633,0.3984793172544624,0.4445221887310965,-1.6653345369377348e-16,True
easygese:bean,X100SdW,cnn,1,3,0,0.5122351373477226,0.4763589938699366,0.5122351373477222,4.440892098500626e-16,True
easygese:bean,X100SdW,cnn,1,4,0,0.5278954688160381,0.5211962063559032,0.5278954688160375,5.551115123125783e-16,True
easygese:bean,X100SdW,cnn,1,5,0,0.605962060827023,0.5800687523186638,0.6059620608270229,1.1102230246251565e-16,True
easygese:bean,X100SdW,cnn,2,1,0,0.2832759099597995,0.29466143497240566,0.28327590995979957,-5.551115123125783e-17,True
easygese:bean,X100SdW,cnn,2,2,0,0.3662962087671226,0.2802657669876786,0.3662962087671222,3.885780586188048e-16,True
easygese:bean,X100SdW,cnn,2,3,0,0.4129050252482227,0.35887185178539915,0.41290502524822315,-4.440892098500626e-16,True
easygese:bean,X100SdW,cnn,2,4,0,0.6088500650139483,0.6227940034941751,0.6088500650139486,-2.220446049250313e-16,True
easygese:bean,X100SdW,cnn,2,5,0,0.3490069466605274,0.30912702765082667,0.3490069466605271,2.7755575615628914e-16,True
easygese:bean,X100SdW,deepgs,1,1,0,0.6939077379370954,0.6945388508867522,0.6939077379370955,-1.1102230246251565e-16,True
easygese:bean,X100SdW,deepgs,1,2,0,0.6448701279234903,0.6174365025451133,0.6448701279234907,-4.440892098500626e-16,True
easygese:bean,X100SdW,deepgs,1,3,0,0.5173110937839605,0.5061298129457442,0.5173110937839606,-1.1102230246251565e-16,True
easygese:bean,X100SdW,deepgs,1,4,0,0.5493913135621886,0.532450981152293,0.5493913135621887,-1.1102230246251565e-16,True
easygese:bean,X100SdW,deepgs,1,5,0,0.648624017371132,0.6360538328310911,0.6486240173711321,-1.1102230246251565e-16,True
easygese:bean,X100SdW,deepgs,2,1,0,0.5425195487687801,0.44351135334724057,0.5425195487687804,-3.3306690738754696e-16,True
easygese:bean,X100SdW,deepgs,2,2,0,0.6160137136320011,0.6062346258884708,0.6160137136320012,-1.1102230246251565e-16,True
easygese:bean,X100SdW,deepgs,2,3,0,0.5834029350218298,0.5526855108839623,0.5834029350218295,3.3306690738754696e-16,True
easygese:bean,X100SdW,deepgs,2,4,0,0.6365377236753386,0.6197941817068767,0.6365377236753383,2.220446049250313e-16,True
easygese:bean,X100SdW,deepgs,2,5,0,0.6414806296798259,0.5811189354118322,0.6414806296798257,2.220446049250313e-16,True
easygese:bean,X100SdW,dnngp,1,1,0,0.5500389417039189,0.5469551816815988,0.5500389417039184,4.440892098500626e-16,True
easygese:bean,X100SdW,dnngp,1,2,0,0.6397540812548775,0.6157488214376556,0.6397540812548784,-8.881784197001252e-16,True
easygese:bean,X100SdW,dnngp,1,3,0,0.4575248985046698,0.4161868094485688,0.4575248985046697,1.1102230246251565e-16,True
easygese:bean,X100SdW,dnngp,1,4,0,0.4557449382985753,0.4122214910440469,0.4557449382985752,1.1102230246251565e-16,True
easygese:bean,X100SdW,dnngp,1,5,0,0.6948997024657958,0.6903496196788591,0.6948997024657956,2.220446049250313e-16,True
easygese:bean,X100SdW,dnngp,2,1,0,0.5407835607839808,0.40690289102261873,0.5407835607839808,0.0,True
easygese:bean,X100SdW,dnngp,2,2,0,0.5932754019615145,0.5718905448880275,0.5932754019615143,2.220446049250313e-16,True
easygese:bean,X100SdW,dnngp,2,3,0,0.5078027008766195,0.5371834126196218,0.5078027008766196,-1.1102230246251565e-16,True
easygese:bean,X100SdW,dnngp,2,4,0,0.6965371164962026,0.6492582390272459,0.6965371164962024,2.220446049250313e-16,True
easygese:bean,X100SdW,dnngp,2,5,0,0.5631401942134067,0.5300733764039236,0.5631401942134069,-2.220446049250313e-16,True
easygese:bean,X100SdW,mlp,1,1,0,0.5715315304733065,0.5301272428950295,0.5715315304733068,-3.3306690738754696e-16,True
easygese:bean,X100SdW,mlp,1,2,0,0.6825541963345645,0.6539275250154303,0.6825541963345643,2.220446049250313e-16,True
easygese:bean,X100SdW,mlp,1,3,0,0.5879471401261621,0.5724396602601554,0.5879471401261621,0.0,True
easygese:bean,X100SdW,mlp,1,4,0,0.5360433647938728,0.4684542598702673,0.5360433647938727,1.1102230246251565e-16,True
easygese:bean,X100SdW,mlp,1,5,0,0.6937343366210286,0.6673046653350334,0.6937343366210287,-1.1102230246251565e-16,True
easygese:bean,X100SdW,mlp,2,1,0,0.5469728709234867,0.5319340188489946,0.5469728709234869,-2.220446049250313e-16,True
easygese:bean,X100SdW,mlp,2,2,0,0.60519314749222,0.5967292618799809,0.6051931474922199,1.1102230246251565e-16,True
easygese:bean,X100SdW,mlp,2,3,0,0.613773482689924,0.5723005403651079,0.6137734826899243,-2.220446049250313e-16,True
easygese:bean,X100SdW,mlp,2,4,0,0.6515760856818769,0.6725437834301766,0.6515760856818773,-4.440892098500626e-16,True
easygese:bean,X100SdW,mlp,2,5,0,0.5811936476027821,0.5338625593965518,0.5811936476027822,-1.1102230246251565e-16,True
easygese:bean,X100SdW,pnngs,1,1,0,0.30640600136924634,0.27178497631235654,0.3064060013692463,5.551115123125783e-17,True
easygese:bean,X100SdW,pnngs,1,2,0,0.4105969053964318,0.37694893738013785,0.41059690539643134,4.440892098500626e-16,True
easygese:bean,X100SdW,pnngs,1,3,0,0.35330219034921356,0.43102805492348806,0.35330219034921345,1.1102230246251565e-16,True
easygese:bean,X100SdW,pnngs,1,4,0,0.3786175054789932,0.3614026438039176,0.3786175054789935,-2.7755575615628914e-16,True
easygese:bean,X100SdW,pnngs,1,5,0,0.6178228457611433,0.6042529341342455,0.6178228457611433,0.0,True
easygese:bean,X100SdW,pnngs,2,1,0,0.345581537538738,0.3104743708274836,0.3455815375387382,-2.220446049250313e-16,True
easygese:bean,X100SdW,pnngs,2,2,0,0.40737837402790417,0.4370486650472622,0.4073783740279036,5.551115123125783e-16,True
easygese:bean,X100SdW,pnngs,2,3,0,0.2535429106089879,0.2612581598470385,0.2535429106089879,0.0,True
easygese:bean,X100SdW,pnngs,2,4,0,0.5423311978132352,0.5473391897290681,0.5423311978132352,0.0,True
easygese:bean,X100SdW,pnngs,2,5,0,0.4326842700952813,0.41442250555565624,0.4326842700952815,-1.6653345369377348e-16,True
easygese:bean,X100SdW,soydngp,1,1,0,0.4120609678362349,0.47510764424240615,0.4120609678362346,3.3306690738754696e-16,True
easygese:bean,X100SdW,soydngp,1,2,0,0.32911926929373775,0.39125632199732713,0.32911926929373936,-1.609823385706477e-15,True
easygese:bean,X100SdW,soydngp,1,3,0,0.5324789559646859,0.5303374089867279,0.5324789559646855,3.3306690738754696e-16,True
easygese:bean,X100SdW,soydngp,1,4,0,0.5463638995079149,0.5417748918606954,0.5463638995079145,3.3306690738754696e-16,True
easygese:bean,X100SdW,soydngp,1,5,0,0.4325306106385555,0.3515654045424672,0.43253061063855514,3.885780586188048e-16,True
easygese:bean,X100SdW,soydngp,2,1,0,0.42113614672400207,0.4331193814097072,0.42113614672400207,0.0,True
easygese:bean,X100SdW,soydngp,2,2,0,0.500606002532202,0.47866809823399376,0.5006060025322022,-2.220446049250313e-16,True
easygese:bean,X100SdW,soydngp,2,3,0,0.5288783971630603,0.48715098614655883,0.5288783971630602,1.1102230246251565e-16,True
easygese:bean,X100SdW,soydngp,2,4,0,0.5535317548184919,0.5462505086227095,0.5535317548184924,-4.440892098500626e-16,True
easygese:bean,X100SdW,soydngp,2,5,0,0.5092490919220076,0.4828441065742408,0.5092490919220075,1.1102230246251565e-16,True
easygese:bean,X100SdW,transformer,1,1,0,0.6260687218306307,0.5941262596868351,0.6260687218306306,1.1102230246251565e-16,True
easygese:bean,X100SdW,transformer,1,2,0,0.7044501364766531,0.5596838300574944,0.7044501364766527,4.440892098500626e-16,True
easygese:bean,X100SdW,transformer,1,3,0,0.4075500625768967,0.4101014609957738,0.4075500625768966,1.1102230246251565e-16,True
easygese:bean,X100SdW,transformer,1,4,0,0.5798126187162812,0.5440530774554014,0.5798126187162811,1.1102230246251565e-16,True
easygese:bean,X100SdW,transformer,1,5,0,0.6913345540898546,0.6747142612357675,0.6913345540898547,-1.1102230246251565e-16,True
easygese:bean,X100SdW,transformer,2,1,0,0.4414740030632361,0.30498430576445856,0.4414740030632363,-2.220446049250313e-16,True
easygese:bean,X100SdW,transformer,2,2,0,0.6111074172591863,0.60678741759071,0.6111074172591868,-5.551115123125783e-16,True
easygese:bean,X100SdW,transformer,2,3,0,0.5554667573551153,0.5460885161343255,0.5554667573551153,0.0,True
easygese:bean,X100SdW,transformer,2,4,0,0.5844210030558782,0.5704988195473444,0.5844210030558779,3.3306690738754696e-16,True
easygese:bean,X100SdW,transformer,2,5,0,0.5950217045639788,0.5585946399939195,0.5950217045639791,-2.220446049250313e-16,True
easygese:bean,Yd,cnn,1,1,0,0.4767179657603509,0.29129487501972484,0.47671796576035075,1.6653345369377348e-16,True
easygese:bean,Yd,cnn,1,2,0,0.2066665601372436,0.22567759969222392,0.20666656013724372,-1.1102230246251565e-16,True
easygese:bean,Yd,cnn,1,3,0,0.23261096972934261,0.21743265151182303,0.23261096972934253,8.326672684688674e-17,True
easygese:bean,Yd,cnn,1,4,0,0.23202051765858825,0.19918476158252596,0.23202051765858836,-1.1102230246251565e-16,True
easygese:bean,Yd,cnn,1,5,0,0.3301558848521754,0.3247938542857825,0.33015588485217523,1.6653345369377348e-16,True
easygese:bean,Yd,cnn,2,1,0,0.11088729682876526,0.10954311016043743,0.11088729682876519,6.938893903907228e-17,True
easygese:bean,Yd,cnn,2,2,0,0.21579705302807772,0.1734053054208462,0.21579705302807772,0.0,True
easygese:bean,Yd,cnn,2,3,0,0.21782358593270543,0.18979521469717486,0.21782358593270543,0.0,True
easygese:bean,Yd,cnn,2,4,0,0.22376291472543164,0.2465353297262072,0.22376291472543167,-2.7755575615628914e-17,True
easygese:bean,Yd,cnn,2,5,0,0.5149362144254063,0.47101604215499815,0.5149362144254066,-3.3306690738754696e-16,True
easygese:bean,Yd,deepgs,1,1,0,0.3806834104311015,0.2416890699996328,0.3806834104311016,-1.1102230246251565e-16,True
easygese:bean,Yd,deepgs,1,2,0,0.3253257102754081,0.3975741169770592,0.3253257102754083,-2.220446049250313e-16,True
easygese:bean,Yd,deepgs,1,3,0,0.20817013412282598,0.183828710281595,0.2081701341228259,8.326672684688674e-17,True
easygese:bean,Yd,deepgs,1,4,0,0.2724911069244092,0.2800501037382016,0.27249110692440903,1.6653345369377348e-16,True
easygese:bean,Yd,deepgs,1,5,0,0.41974946968906207,0.38013986137191297,0.41974946968906185,2.220446049250313e-16,True
easygese:bean,Yd,deepgs,2,1,0,0.2594823235278942,0.2282986383956987,0.25948232352789413,5.551115123125783e-17,True
easygese:bean,Yd,deepgs,2,2,0,0.3774292219258628,0.32160604039544516,0.37742922192586276,5.551115123125783e-17,True
easygese:bean,Yd,deepgs,2,3,0,0.3248570193215851,0.19272664013132584,0.3248570193215853,-1.6653345369377348e-16,True
easygese:bean,Yd,deepgs,2,4,0,0.29630172729012394,0.28231247901088746,0.29630172729012394,0.0,True
easygese:bean,Yd,deepgs,2,5,0,0.5758511751348879,0.5008902706829953,0.5758511751348879,0.0,True
easygese:bean,Yd,dnngp,1,1,0,0.2694061960656524,0.19905418313814954,0.2694061960656522,2.220446049250313e-16,True
easygese:bean,Yd,dnngp,1,2,0,0.13225305292871173,0.2026362418533092,0.13225305292871178,-5.551115123125783e-17,True
easygese:bean,Yd,dnngp,1,3,0,0.08153986497646415,0.1528759799112264,0.08153986497646411,4.163336342344337e-17,True
easygese:bean,Yd,dnngp,1,4,0,0.12894802746799125,0.09372010743353837,0.12894802746799122,2.7755575615628914e-17,True
easygese:bean,Yd,dnngp,1,5,0,0.38211256900157287,0.3053871701436711,0.3821125690015726,2.7755575615628914e-16,True
easygese:bean,Yd,dnngp,2,1,0,0.35865864675571035,0.24037299404178192,0.35865864675571024,1.1102230246251565e-16,True
easygese:bean,Yd,dnngp,2,2,0,0.3459814673510801,0.3685111224739259,0.3459814673510802,-1.1102230246251565e-16,True
easygese:bean,Yd,dnngp,2,3,0,0.2153095667791059,0.2210568939226708,0.2153095667791057,1.942890293094024e-16,True
easygese:bean,Yd,dnngp,2,4,0,0.13736560450338847,0.21532056209231717,0.13736560450338847,0.0,True
easygese:bean,Yd,dnngp,2,5,0,0.5575354987493566,0.43660553520567336,0.5575354987493565,1.1102230246251565e-16,True
easygese:bean,Yd,mlp,1,1,0,0.43227251844118103,0.41567534272203976,0.432272518441181,5.551115123125783e-17,True
easygese:bean,Yd,mlp,1,2,0,0.18765768981279823,0.2156205315515488,0.18765768981279818,5.551115123125783e-17,True
easygese:bean,Yd,mlp,1,3,0,0.2658795911970576,0.25986664671104753,0.26587959119705756,5.551115123125783e-17,True
easygese:bean,Yd,mlp,1,4,0,0.23853625680095503,0.26714762262742286,0.23853625680095497,5.551115123125783e-17,True
easygese:bean,Yd,mlp,1,5,0,0.4314519771542278,0.4385550274644831,0.43145197715422806,-2.7755575615628914e-16,True
easygese:bean,Yd,mlp,2,1,0,0.3235219453264857,0.2414677557650889,0.3235219453264859,-2.220446049250313e-16,True
easygese:bean,Yd,mlp,2,2,0,0.24210906483203545,0.23790511326344124,0.24210906483203554,-8.326672684688674e-17,True
easygese:bean,Yd,mlp,2,3,0,0.25403096322466406,0.2342088592905783,0.254030963224664,5.551115123125783e-17,True
easygese:bean,Yd,mlp,2,4,0,0.288621308384929,0.24912295350000904,0.28862130838492905,-5.551115123125783e-17,True
easygese:bean,Yd,mlp,2,5,0,0.45627679993874387,0.40898825693215635,0.456276799938744,-1.1102230246251565e-16,True
easygese:bean,Yd,pnngs,1,1,0,0.42903491183824627,0.24494187788650298,0.4290349118382463,-5.551115123125783e-17,True
easygese:bean,Yd,pnngs,1,2,0,0.1300994597578458,0.02075385341120227,0.13009945975784576,2.7755575615628914e-17,True
easygese:bean,Yd,pnngs,1,3,0,0.18404570614578628,0.21086113513798102,0.18404570614578655,-2.7755575615628914e-16,True
easygese:bean,Yd,pnngs,1,4,0,0.052127513827707715,0.056203303905474525,0.05212751382770768,3.469446951953614e-17,True
easygese:bean,Yd,pnngs,1,5,0,0.17015781296135857,0.17447857358820018,0.1701578129613586,-2.7755575615628914e-17,True
easygese:bean,Yd,pnngs,2,1,0,0.060778327994636304,0.06983100076468036,0.060778327994636304,0.0,True
easygese:bean,Yd,pnngs,2,2,0,0.2004763168248545,0.154017088108074,0.20047631682485456,-5.551115123125783e-17,True
easygese:bean,Yd,pnngs,2,3,0,0.24632204639254518,0.13420056170193728,0.24632204639254515,2.7755575615628914e-17,True
easygese:bean,Yd,pnngs,2,4,0,0.22201274077221536,0.19873660831282558,0.22201274077221536,0.0,True
easygese:bean,Yd,pnngs,2,5,0,0.4245623161733632,0.3521038315185641,0.42456231617336315,5.551115123125783e-17,True
easygese:bean,Yd,soydngp,1,1,0,0.03978376884382622,-0.06655110485706586,0.03978376884382846,-2.2412627309620348e-15,True
easygese:bean,Yd,soydngp,1,2,0,0.09940223630844533,0.03273753049854335,0.09940223630844558,-2.498001805406602e-16,True
easygese:bean,Yd,soydngp,1,3,0,0.17549781985123303,0.19624540625288825,0.17549781985123805,-5.023759186428833e-15,True
easygese:bean,Yd,soydngp,1,4,0,-0.0305374552829848,-0.007967117624403285,-0.030537455282984734,-6.591949208711867e-17,True
easygese:bean,Yd,soydngp,1,5,0,0.11525594728119314,0.11136401238660133,0.11525594728118543,7.702172233337023e-15,True
easygese:bean,Yd,soydngp,2,1,0,0.0967080786743122,0.11354079343455169,0.09670807867431223,-2.7755575615628914e-17,True
easygese:bean,Yd,soydngp,2,2,0,0.09360987643345407,0.02679449886560156,0.09360987643345421,-1.3877787807814457e-16,True
easygese:bean,Yd,soydngp,2,3,0,0.22379086326852776,0.05243452577664063,0.22379086326852787,-1.1102230246251565e-16,True
easygese:bean,Yd,soydngp,2,4,0,0.25187007397542566,0.24174039907838246,0.25187007397542566,0.0,True
easygese:bean,Yd,soydngp,2,5,0,0.29379827968906685,0.2675447872337337,0.29379827968906713,-2.7755575615628914e-16,True
easygese:bean,Yd,transformer,1,1,0,0.4227068172359445,0.3230514675035616,0.42270681723594444,5.551115123125783e-17,True
easygese:bean,Yd,transformer,1,2,0,0.3682345577875076,0.3250085846766113,0.3682345577875074,1.6653345369377348e-16,True
easygese:bean,Yd,transformer,1,3,0,0.3273996133230936,0.38460158123323523,0.3273996133230935,1.1102230246251565e-16,True
easygese:bean,Yd,transformer,1,4,0,0.1437246214319839,0.07543789177321869,0.14372462143198383,5.551115123125783e-17,True
easygese:bean,Yd,transformer,1,5,0,0.37498240709054614,0.37221609037745695,0.3749824070905458,3.3306690738754696e-16,True
easygese:bean,Yd,transformer,2,1,0,0.2815998418470636,0.23504021021236948,0.2815998418470636,0.0,True
easygese:bean,Yd,transformer,2,2,0,0.3475552166531636,0.28147294769464787,0.34755521665316375,-1.6653345369377348e-16,True
easygese:bean,Yd,transformer,2,3,0,0.1911539816193048,0.12671447177844677,0.19115398161930494,-1.3877787807814457e-16,True
easygese:bean,Yd,transformer,2,4,0,0.15564430326216275,0.10791055925122163,0.15564430326216272,2.7755575615628914e-17,True
easygese:bean,Yd,transformer,2,5,0,0.4521186592344359,0.38816093828669057,0.4521186592344357,1.6653345369377348e-16,True
easygese:lentil,DTF,cnn,1,1,0,0.8506168006955414,0.8156506641234488,0.8506168006955411,2.220446049250313e-16,True
easygese:lentil,DTF,cnn,1,2,0,0.8064701497907553,0.81867993667322,0.806470149790755,2.220446049250313e-16,True
easygese:lentil,DTF,cnn,1,3,0,0.6402779227215657,0.6763266051256468,0.6402779227215655,2.220446049250313e-16,True
easygese:lentil,DTF,cnn,1,4,0,0.67327118907159,0.6742706871619207,0.6732711890715896,4.440892098500626e-16,True
easygese:lentil,DTF,cnn,1,5,0,0.8190626971959029,0.789934945339172,0.819062697195903,-1.1102230246251565e-16,True
easygese:lentil,DTF,cnn,2,1,0,0.744699133558001,0.7284341356366838,0.7446991335580013,-3.3306690738754696e-16,True
easygese:lentil,DTF,cnn,2,2,0,0.820498026191133,0.7749844295574503,0.8204980261911328,2.220446049250313e-16,True
easygese:lentil,DTF,cnn,2,3,0,0.776270335811734,0.686548956808534,0.7762703358117342,-2.220446049250313e-16,True
easygese:lentil,DTF,cnn,2,4,0,0.8193025317496476,0.7801220115681764,0.8193025317496478,-2.220446049250313e-16,True
easygese:lentil,DTF,cnn,2,5,0,0.6605792069636354,0.6441708332624497,0.6605792069636358,-4.440892098500626e-16,True
easygese:lentil,DTF,deepgs,1,1,0,0.8570754818996976,0.8464992072806696,0.8570754818996974,2.220446049250313e-16,True
easygese:lentil,DTF,deepgs,1,2,0,0.8044439726583104,0.7817993381986573,0.8044439726583099,4.440892098500626e-16,True
easygese:lentil,DTF,deepgs,1,3,0,0.64233984152596,0.6662638087831654,0.6423398415259596,4.440892098500626e-16,True
easygese:lentil,DTF,deepgs,1,4,0,0.8055691015049025,0.7556600187996083,0.8055691015049029,-4.440892098500626e-16,True
easygese:lentil,DTF,deepgs,1,5,0,0.8227005126975817,0.7992151928228713,0.8227005126975809,7.771561172376096e-16,True
easygese:lentil,DTF,deepgs,2,1,0,0.8762355655991035,0.8564453450903575,0.8762355655991031,4.440892098500626e-16,True
easygese:lentil,DTF,deepgs,2,2,0,0.8539181487595432,0.7850865312014259,0.8539181487595432,0.0,True
easygese:lentil,DTF,deepgs,2,3,0,0.7867643274427982,0.7109298689718541,0.7867643274427982,0.0,True
easygese:lentil,DTF,deepgs,2,4,0,0.792019504894964,0.7785817694529329,0.7920195048949641,-1.1102230246251565e-16,True
easygese:lentil,DTF,deepgs,2,5,0,0.6519700271113589,0.6245936728946991,0.6519700271113598,-8.881784197001252e-16,True
easygese:lentil,DTF,dnngp,1,1,0,0.8618471936540218,0.8418925973104656,0.8618471936540221,-2.220446049250313e-16,True
easygese:lentil,DTF,dnngp,1,2,0,0.8265554300116298,0.8179300900936995,0.8265554300116303,-5.551115123125783e-16,True
easygese:lentil,DTF,dnngp,1,3,0,0.655075158704719,0.6630022539145632,0.6550751587047187,3.3306690738754696e-16,True
easygese:lentil,DTF,dnngp,1,4,0,0.8038841407099078,0.7688214536773982,0.8038841407099074,3.3306690738754696e-16,True
easygese:lentil,DTF,dnngp,1,5,0,0.7897777410318965,0.7745313196566056,0.7897777410318971,-6.661338147750939e-16,True
easygese:lentil,DTF,dnngp,2,1,0,0.8769577187574946,0.8674735713255324,0.8769577187574943,3.3306690738754696e-16,True
easygese:lentil,DTF,dnngp,2,2,0,0.8451354526949302,0.7919758963618599,0.8451354526949297,4.440892098500626e-16,True
easygese:lentil,DTF,dnngp,2,3,0,0.7774918328051593,0.7315580562074212,0.7774918328051598,-4.440892098500626e-16,True
easygese:lentil,DTF,dnngp,2,4,0,0.750865646048836,0.7396981066693425,0.7508656460488359,1.1102230246251565e-16,True
easygese:lentil,DTF,dnngp,2,5,0,0.6404074029500324,0.49777327968827384,0.6404074029500323,1.1102230246251565e-16,True
easygese:lentil,DTF,mlp,1,1,0,0.8571421865481607,0.8600013770357879,0.8571421865481604,2.220446049250313e-16,True
easygese:lentil,DTF,mlp,1,2,0,0.8269605964320136,0.8108857893557125,0.8269605964320135,1.1102230246251565e-16,True
easygese:lentil,DTF,mlp,1,3,0,0.6917454219199131,0.7203107058021712,0.6917454219199135,-4.440892098500626e-16,True
easygese:lentil,DTF,mlp,1,4,0,0.8405299608221541,0.8138761723423048,0.840529960822154,1.1102230246251565e-16,True
easygese:lentil,DTF,mlp,1,5,0,0.8105090194950416,0.7903428514244768,0.8105090194950404,1.2212453270876722e-15,True
easygese:lentil,DTF,mlp,2,1,0,0.8886520965677476,0.8734132425723796,0.8886520965677481,-5.551115123125783e-16,True
easygese:lentil,DTF,mlp,2,2,0,0.8764319161534595,0.8380652919451897,0.8764319161534596,-1.1102230246251565e-16,True
easygese:lentil,DTF,mlp,2,3,0,0.7976437202173638,0.7721732695312309,0.7976437202173636,2.220446049250313e-16,True
easygese:lentil,DTF,mlp,2,4,0,0.8217264418333298,0.8169151032506674,0.82172644183333,-2.220446049250313e-16,True
easygese:lentil,DTF,mlp,2,5,0,0.7013147748143012,0.6498105393404852,0.7013147748143015,-3.3306690738754696e-16,True
easygese:lentil,DTF,pnngs,1,1,0,0.7092986373980249,0.7556730411601089,0.7092986373980247,2.220446049250313e-16,True
easygese:lentil,DTF,pnngs,1,2,0,0.7399953719387534,0.7740512691951686,0.7399953719387535,-1.1102230246251565e-16,True
easygese:lentil,DTF,pnngs,1,3,0,0.5245972448119457,0.5051067012125496,0.5245972448119455,2.220446049250313e-16,True
easygese:lentil,DTF,pnngs,1,4,0,0.6258451557765287,0.6137861091485879,0.6258451557765288,-1.1102230246251565e-16,True
easygese:lentil,DTF,pnngs,1,5,0,0.7023517877767521,0.6883945631612638,0.7023517877767521,0.0,True
easygese:lentil,DTF,pnngs,2,1,0,0.7423538236577932,0.7144733348362553,0.742353823657793,2.220446049250313e-16,True
easygese:lentil,DTF,pnngs,2,2,0,0.7648317119223461,0.7401158177145475,0.7648317119223466,-4.440892098500626e-16,True
easygese:lentil,DTF,pnngs,2,3,0,0.669795091110953,0.5676152465415967,0.6697950911109533,-2.220446049250313e-16,True
easygese:lentil,DTF,pnngs,2,4,0,0.78582746977518,0.7606882210259485,0.7858274697751803,-2.220446049250313e-16,True
easygese:lentil,DTF,pnngs,2,5,0,0.6209465126754562,0.5092279864935731,0.6209465126754562,0.0,True
easygese:lentil,DTF,soydngp,1,1,0,0.8201450530304996,0.7880821018062262,0.820145053030499,5.551115123125783e-16,True
easygese:lentil,DTF,soydngp,1,2,0,0.7784037537549698,0.7958206949970038,0.77840375375497,-1.1102230246251565e-16,True
easygese:lentil,DTF,soydngp,1,3,0,0.6230058834647381,0.6192688490452289,0.6230058834647374,6.661338147750939e-16,True
easygese:lentil,DTF,soydngp,1,4,0,0.7907149293377641,0.7719466403484455,0.7907149293377641,0.0,True
easygese:lentil,DTF,soydngp,1,5,0,0.8010672618084165,0.7758071924398281,0.801067261808416,4.440892098500626e-16,True
easygese:lentil,DTF,soydngp,2,1,0,0.8673499669991482,0.8424914379009459,0.8673499669991485,-2.220446049250313e-16,True
easygese:lentil,DTF,soydngp,2,2,0,0.8203050879636219,0.787567757951642,0.8203050879636221,-2.220446049250313e-16,True
easygese:lentil,DTF,soydngp,2,3,0,0.7143990636211199,0.7221053528938091,0.71439906362112,-1.1102230246251565e-16,True
easygese:lentil,DTF,soydngp,2,4,0,0.8231309469518959,0.7986979241072907,0.8231309469518963,-3.3306690738754696e-16,True
easygese:lentil,DTF,soydngp,2,5,0,0.5972482580199122,0.5656855469182426,0.5972482580199124,-2.220446049250313e-16,True
easygese:lentil,DTF,transformer,1,1,0,0.8056265931058643,0.8102935532366484,0.8056265931058647,-4.440892098500626e-16,True
easygese:lentil,DTF,transformer,1,2,0,0.7729058778001126,0.7819422751037867,0.7729058778001123,2.220446049250313e-16,True
easygese:lentil,DTF,transformer,1,3,0,0.5580118060023682,0.552268659718759,0.5580118060023685,-3.3306690738754696e-16,True
easygese:lentil,DTF,transformer,1,4,0,0.7788653733673645,0.762589999646985,0.7788653733673643,2.220446049250313e-16,True
easygese:lentil,DTF,transformer,1,5,0,0.8006040326893225,0.7891972858055439,0.8006040326893228,-3.3306690738754696e-16,True
easygese:lentil,DTF,transformer,2,1,0,0.7821241059941747,0.7415253601354348,0.7821241059941749,-2.220446049250313e-16,True
easygese:lentil,DTF,transformer,2,2,0,0.8440052238344651,0.8004809756482417,0.8440052238344652,-1.1102230246251565e-16,True
easygese:lentil,DTF,transformer,2,3,0,0.7218232912194075,0.7055134018851051,0.7218232912194078,-3.3306690738754696e-16,True
easygese:lentil,DTF,transformer,2,4,0,0.8060601639761371,0.8061902101679856,0.8060601639761368,3.3306690738754696e-16,True
easygese:lentil,DTF,transformer,2,5,0,0.6269942402804808,0.6135410530455345,0.6269942402804811,-3.3306690738754696e-16,True
easygese:lentil,DTM,cnn,1,1,0,0.8660329882132705,0.8587094311124156,0.8660329882132701,3.3306690738754696e-16,True
easygese:lentil,DTM,cnn,1,2,0,0.8105627379748049,0.7942829800600669,0.8105627379748052,-2.220446049250313e-16,True
easygese:lentil,DTM,cnn,1,3,0,0.7361713097479355,0.7021133045267106,0.7361713097479352,3.3306690738754696e-16,True
easygese:lentil,DTM,cnn,1,4,0,0.7801577611820157,0.7656284086549443,0.7801577611820153,4.440892098500626e-16,True
easygese:lentil,DTM,cnn,1,5,0,0.8766227879407625,0.8536713131159872,0.8766227879407631,-5.551115123125783e-16,True
easygese:lentil,DTM,cnn,2,1,0,0.8595454142554424,0.813957104946785,0.8595454142554428,-4.440892098500626e-16,True
easygese:lentil,DTM,cnn,2,2,0,0.8791687468040488,0.8792398190024062,0.8791687468040496,-7.771561172376096e-16,True
easygese:lentil,DTM,cnn,2,3,0,0.84529359899452,0.842209803536118,0.84529359899452,0.0,True
easygese:lentil,DTM,cnn,2,4,0,0.8377422225082286,0.8311832034610789,0.8377422225082292,-5.551115123125783e-16,True
easygese:lentil,DTM,cnn,2,5,0,0.7277934653733926,0.7102240547609848,0.7277934653733926,0.0,True
easygese:lentil,DTM,deepgs,1,1,0,0.8730887403216212,0.8598104203413366,0.8730887403216208,4.440892098500626e-16,True
easygese:lentil,DTM,deepgs,1,2,0,0.8359900651610119,0.8133511217224817,0.835990065161012,-1.1102230246251565e-16,True
easygese:lentil,DTM,deepgs,1,3,0,0.7442767820125394,0.6914917737830528,0.7442767820125398,-3.3306690738754696e-16,True
easygese:lentil,DTM,deepgs,1,4,0,0.829060126605645,0.7841211377903791,0.8290601266056448,2.220446049250313e-16,True
easygese:lentil,DTM,deepgs,1,5,0,0.8471435095816952,0.8173180593066194,0.8471435095816949,2.220446049250313e-16,True
easygese:lentil,DTM,deepgs,2,1,0,0.8798296945507225,0.8676541164689885,0.8798296945507229,-4.440892098500626e-16,True
easygese:lentil,DTM,deepgs,2,2,0,0.8692898392232956,0.8667954391649613,0.8692898392232953,3.3306690738754696e-16,True
easygese:lentil,DTM,deepgs,2,3,0,0.8615789891430976,0.8586721246660874,0.8615789891430972,4.440892098500626e-16,True
easygese:lentil,DTM,deepgs,2,4,0,0.8179475010331144,0.8071308320702741,0.817947501033115,-5.551115123125783e-16,True
easygese:lentil,DTM,deepgs,2,5,0,0.7394744586480496,0.7335201647016462,0.7394744586480498,-2.220446049250313e-16,True
easygese:lentil,DTM,dnngp,1,1,0,0.8873875317329977,0.8507640309632455,0.8873875317329979,-2.220446049250313e-16,True
easygese:lentil,DTM,dnngp,1,2,0,0.8051459725174938,0.8077514926935201,0.805145972517494,-2.220446049250313e-16,True
easygese:lentil,DTM,dnngp,1,3,0,0.7098533629710244,0.6749625996250648,0.7098533629710243,1.1102230246251565e-16,True
easygese:lentil,DTM,dnngp,1,4,0,0.819692840089637,0.7869879486022089,0.8196928400896373,-2.220446049250313e-16,True
easygese:lentil,DTM,dnngp,1,5,0,0.8349253334564919,0.810916049405981,0.834925333456492,-1.1102230246251565e-16,True
easygese:lentil,DTM,dnngp,2,1,0,0.8848488356760656,0.8823558080720794,0.8848488356760654,2.220446049250313e-16,True
easygese:lentil,DTM,dnngp,2,2,0,0.853532858273275,0.8295783890043191,0.8535328582732755,-5.551115123125783e-16,True
easygese:lentil,DTM,dnngp,2,3,0,0.8095452814701822,0.7819963057013725,0.8095452814701818,4.440892098500626e-16,True
easygese:lentil,DTM,dnngp,2,4,0,0.8042632587227161,0.7845093472912256,0.8042632587227164,-3.3306690738754696e-16,True
easygese:lentil,DTM,dnngp,2,5,0,0.7297795393962015,0.7086544204854128,0.7297795393962013,2.220446049250313e-16,True
easygese:lentil,DTM,mlp,1,1,0,0.8884941404305671,0.8483664878498768,0.8884941404305672,-1.1102230246251565e-16,True
easygese:lentil,DTM,mlp,1,2,0,0.8349101719625298,0.8145684239529104,0.8349101719625295,3.3306690738754696e-16,True
easygese:lentil,DTM,mlp,1,3,0,0.7540144646067116,0.730866369055717,0.7540144646067117,-1.1102230246251565e-16,True
easygese:lentil,DTM,mlp,1,4,0,0.8314900985927097,0.8094131817360105,0.8314900985927092,5.551115123125783e-16,True
easygese:lentil,DTM,mlp,1,5,0,0.8640105190529751,0.8198333914650893,0.8640105190529754,-3.3306690738754696e-16,True
easygese:lentil,DTM,mlp,2,1,0,0.8973688651969031,0.8521958117765824,0.8973688651969032,-1.1102230246251565e-16,True
easygese:lentil,DTM,mlp,2,2,0,0.8623963233456163,0.8399559535888177,0.8623963233456166,-2.220446049250313e-16,True
easygese:lentil,DTM,mlp,2,3,0,0.8565354338775273,0.8351375650157882,0.8565354338775274,-1.1102230246251565e-16,True
easygese:lentil,DTM,mlp,2,4,0,0.8481090843764078,0.8518147647425945,0.8481090843764079,-1.1102230246251565e-16,True
easygese:lentil,DTM,mlp,2,5,0,0.724563513509112,0.709425589310992,0.7245635135091123,-3.3306690738754696e-16,True
easygese:lentil,DTM,pnngs,1,1,0,0.7907707641093722,0.7762589465862723,0.7907707641093722,0.0,True
easygese:lentil,DTM,pnngs,1,2,0,0.7939188777742048,0.7356180586960323,0.7939188777742051,-3.3306690738754696e-16,True
easygese:lentil,DTM,pnngs,1,3,0,0.6884238564145146,0.6875612211402348,0.6884238564145145,1.1102230246251565e-16,True
easygese:lentil,DTM,pnngs,1,4,0,0.7527491565960702,0.7606243759198904,0.7527491565960696,6.661338147750939e-16,True
easygese:lentil,DTM,pnngs,1,5,0,0.843252341323758,0.8252375328101387,0.8432523413237576,4.440892098500626e-16,True
easygese:lentil,DTM,pnngs,2,1,0,0.7873260072352625,0.7626027070627067,0.7873260072352631,-6.661338147750939e-16,True
easygese:lentil,DTM,pnngs,2,2,0,0.8412609997887422,0.7988953090488264,0.841260999788742,2.220446049250313e-16,True
easygese:lentil,DTM,pnngs,2,3,0,0.7765347237301097,0.7938764549120937,0.7765347237301098,-1.1102230246251565e-16,True
easygese:lentil,DTM,pnngs,2,4,0,0.8248098937922435,0.7903873760759585,0.8248098937922432,2.220446049250313e-16,True
easygese:lentil,DTM,pnngs,2,5,0,0.6680070903202658,0.6812765368775568,0.6680070903202664,-5.551115123125783e-16,True
easygese:lentil,DTM,soydngp,1,1,0,0.8314154164549861,0.8124011968372626,0.8314154164549864,-3.3306690738754696e-16,True
easygese:lentil,DTM,soydngp,1,2,0,0.8066583850671167,0.8142039640409199,0.8066583850671164,3.3306690738754696e-16,True
easygese:lentil,DTM,soydngp,1,3,0,0.705177635967762,0.6936832770531833,0.7051776359677624,-4.440892098500626e-16,True
easygese:lentil,DTM,soydngp,1,4,0,0.7916309168296268,0.77073038380399,0.7916309168296267,1.1102230246251565e-16,True
easygese:lentil,DTM,soydngp,1,5,0,0.8531454678314676,0.8215064923551101,0.853145467831468,-4.440892098500626e-16,True
easygese:lentil,DTM,soydngp,2,1,0,0.8417207697346514,0.8120659178314585,0.8417207697346515,-1.1102230246251565e-16,True
easygese:lentil,DTM,soydngp,2,2,0,0.8050528707786254,0.7860139452290373,0.805052870778625,4.440892098500626e-16,True
easygese:lentil,DTM,soydngp,2,3,0,0.8359868231359394,0.7539183285745075,0.8359868231359394,0.0,True
easygese:lentil,DTM,soydngp,2,4,0,0.8291898042454277,0.7886269614582321,0.8291898042454278,-1.1102230246251565e-16,True
easygese:lentil,DTM,soydngp,2,5,0,0.6828032249548865,0.6893255665752819,0.6828032249548865,0.0,True
easygese:lentil,DTM,transformer,1,1,0,0.867318258893155,0.8408866011284754,0.867318258893155,0.0,True
easygese:lentil,DTM,transformer,1,2,0,0.8366125797215953,0.8296753222540902,0.8366125797215954,-1.1102230246251565e-16,True
easygese:lentil,DTM,transformer,1,3,0,0.7318438072390422,0.7216112355720673,0.7318438072390422,0.0,True
easygese:lentil,DTM,transformer,1,4,0,0.7932431663440868,0.7966625269255706,0.7932431663440866,1.1102230246251565e-16,True
easygese:lentil,DTM,transformer,1,5,0,0.8410625482247265,0.8317839288575666,0.8410625482247268,-3.3306690738754696e-16,True
easygese:lentil,DTM,transformer,2,1,0,0.7700771784558147,0.6926848623983161,0.7700771784558145,2.220446049250313e-16,True
easygese:lentil,DTM,transformer,2,2,0,0.8255851241018677,0.8080557177921955,0.8255851241018674,3.3306690738754696e-16,True
easygese:lentil,DTM,transformer,2,3,0,0.8565911715437527,0.8007680022791882,0.8565911715437524,3.3306690738754696e-16,True
easygese:lentil,DTM,transformer,2,4,0,0.7800710979048372,0.7714654358671755,0.7800710979048366,5.551115123125783e-16,True
easygese:lentil,DTM,transformer,2,5,0,0.6683827941558214,0.700570143841751,0.6683827941558218,-4.440892098500626e-16,True
easygese:lentil,DTS,cnn,1,1,0,0.8976768011398651,0.9059528425649745,0.8976768011398649,2.220446049250313e-16,True
easygese:lentil,DTS,cnn,1,2,0,0.8412391606411914,0.8598526120051375,0.8412391606411915,-1.1102230246251565e-16,True
easygese:lentil,DTS,cnn,1,3,0,0.7339347932914377,0.7233525766511303,0.7339347932914377,0.0,True
easygese:lentil,DTS,cnn,1,4,0,0.774255728654988,0.7574014617287734,0.7742557286549888,-7.771561172376096e-16,True
easygese:lentil,DTS,cnn,1,5,0,0.892208792381248,0.8719054129199971,0.8922087923812484,-4.440892098500626e-16,True
easygese:lentil,DTS,cnn,2,1,0,0.833546297669432,0.8096939059445031,0.833546297669432,0.0,True
easygese:lentil,DTS,cnn,2,2,0,0.8468476002586602,0.8323728136724776,0.8468476002586603,-1.1102230246251565e-16,True
easygese:lentil,DTS,cnn,2,3,0,0.8477055657781747,0.8359962471674354,0.8477055657781754,-6.661338147750939e-16,True
easygese:lentil,DTS,cnn,2,4,0,0.8369092400143386,0.8087631133112541,0.8369092400143384,2.220446049250313e-16,True
easygese:lentil,DTS,cnn,2,5,0,0.7480312821510303,0.7204831090688145,0.7480312821510308,-4.440892098500626e-16,True
easygese:lentil,DTS,deepgs,1,1,0,0.8840585492631422,0.8727602084638668,0.8840585492631422,0.0,True
easygese:lentil,DTS,deepgs,1,2,0,0.8412031411059927,0.8459396423725941,0.8412031411059925,2.220446049250313e-16,True
easygese:lentil,DTS,deepgs,1,3,0,0.7095311069759839,0.7100438473731461,0.7095311069759842,-3.3306690738754696e-16,True
easygese:lentil,DTS,deepgs,1,4,0,0.8524006251012515,0.8454155459026098,0.8524006251012515,0.0,True
easygese:lentil,DTS,deepgs,1,5,0,0.8951967185498226,0.8749675649604515,0.8951967185498225,1.1102230246251565e-16,True
easygese:lentil,DTS,deepgs,2,1,0,0.914404758646974,0.9142208200313542,0.9144047586469742,-2.220446049250313e-16,True
easygese:lentil,DTS,deepgs,2,2,0,0.8705807534833163,0.8411094052885899,0.8705807534833162,1.1102230246251565e-16,True
easygese:lentil,DTS,deepgs,2,3,0,0.8265339279144555,0.8300246257813504,0.8265339279144548,6.661338147750939e-16,True
easygese:lentil,DTS,deepgs,2,4,0,0.8409991990540552,0.8267190694919002,0.8409991990540551,1.1102230246251565e-16,True
easygese:lentil,DTS,deepgs,2,5,0,0.7347402874015405,0.746110998867607,0.7347402874015412,-6.661338147750939e-16,True
easygese:lentil,DTS,dnngp,1,1,0,0.8795414881864511,0.8846917732248232,0.8795414881864511,0.0,True
easygese:lentil,DTS,dnngp,1,2,0,0.8200547032717396,0.8254745064198894,0.8200547032717395,1.1102230246251565e-16,True
easygese:lentil,DTS,dnngp,1,3,0,0.7028694756761206,0.7203090715329777,0.7028694756761206,0.0,True
easygese:lentil,DTS,dnngp,1,4,0,0.839413646091682,0.8183698491992831,0.8394136460916813,6.661338147750939e-16,True
easygese:lentil,DTS,dnngp,1,5,0,0.8677345322894009,0.8418208315012246,0.8677345322894007,2.220446049250313e-16,True
easygese:lentil,DTS,dnngp,2,1,0,0.8993171286193739,0.9000497441322046,0.899317128619374,-1.1102230246251565e-16,True
easygese:lentil,DTS,dnngp,2,2,0,0.8620957773208195,0.8413983595255639,0.8620957773208194,1.1102230246251565e-16,True
easygese:lentil,DTS,dnngp,2,3,0,0.7947033034304091,0.770483979442817,0.7947033034304093,-2.220446049250313e-16,True
easygese:lentil,DTS,dnngp,2,4,0,0.8275134436899022,0.7910963193749999,0.827513443689902,2.220446049250313e-16,True
easygese:lentil,DTS,dnngp,2,5,0,0.721871352362904,0.7206642650344135,0.7218713523629047,-6.661338147750939e-16,True
easygese:lentil,DTS,mlp,1,1,0,0.8826836368808265,0.8821178941098496,0.8826836368808263,2.220446049250313e-16,True
easygese:lentil,DTS,mlp,1,2,0,0.8456236472640406,0.8254131184530002,0.8456236472640402,4.440892098500626e-16,True
easygese:lentil,DTS,mlp,1,3,0,0.7381499344550044,0.7212992673533182,0.7381499344550048,-3.3306690738754696e-16,True
easygese:lentil,DTS,mlp,1,4,0,0.8497146522919804,0.814048291488199,0.8497146522919806,-2.220446049250313e-16,True
easygese:lentil,DTS,mlp,1,5,0,0.8894527556535776,0.8776163112305374,0.8894527556535777,-1.1102230246251565e-16,True
easygese:lentil,DTS,mlp,2,1,0,0.9225562679070836,0.9118123688314633,0.9225562679070829,6.661338147750939e-16,True
easygese:lentil,DTS,mlp,2,2,0,0.8941461358253793,0.8674792414703206,0.8941461358253797,-4.440892098500626e-16,True
easygese:lentil,DTS,mlp,2,3,0,0.850435100107124,0.8723205453324813,0.8504351001071241,-1.1102230246251565e-16,True
easygese:lentil,DTS,mlp,2,4,0,0.8688298353776985,0.8654816615060751,0.8688298353776986,-1.1102230246251565e-16,True
easygese:lentil,DTS,mlp,2,5,0,0.7762429984636693,0.7239147776247993,0.776242998463669,3.3306690738754696e-16,True
easygese:lentil,DTS,pnngs,1,1,0,0.8344595838804196,0.8220251220323256,0.8344595838804192,4.440892098500626e-16,True
easygese:lentil,DTS,pnngs,1,2,0,0.7907808290252911,0.77931427485292,0.7907808290252908,3.3306690738754696e-16,True
easygese:lentil,DTS,pnngs,1,3,0,0.658364084170069,0.660218476049446,0.6583640841700689,1.1102230246251565e-16,True
easygese:lentil,DTS,pnngs,1,4,0,0.7492880533047427,0.747260303204438,0.7492880533047424,3.3306690738754696e-16,True
easygese:lentil,DTS,pnngs,1,5,0,0.8457102955452173,0.8270465311480963,0.8457102955452174,-1.1102230246251565e-16,True
easygese:lentil,DTS,pnngs,2,1,0,0.7920582978362375,0.794328874556739,0.7920582978362372,3.3306690738754696e-16,True
easygese:lentil,DTS,pnngs,2,2,0,0.8376718982566443,0.7976947409814905,0.8376718982566447,-3.3306690738754696e-16,True
easygese:lentil,DTS,pnngs,2,3,0,0.7574404922838631,0.7045894272354567,0.7574404922838631,0.0,True
easygese:lentil,DTS,pnngs,2,4,0,0.8271081216075639,0.7907942609842796,0.8271081216075645,-6.661338147750939e-16,True
easygese:lentil,DTS,pnngs,2,5,0,0.663481995763209,0.694462553409806,0.6634819957632099,-8.881784197001252e-16,True
easygese:lentil,DTS,soydngp,1,1,0,0.8527572399551896,0.8614438293824507,0.8527572399551899,-3.3306690738754696e-16,True
easygese:lentil,DTS,soydngp,1,2,0,0.8377043994725283,0.8548832114552425,0.8377043994725292,-8.881784197001252e-16,True
easygese:lentil,DTS,soydngp,1,3,0,0.6466189823496217,0.5980087803177693,0.6466189823496149,6.772360450213455e-15,True
easygese:lentil,DTS,soydngp,1,4,0,0.8238181818263712,0.8183507965326235,0.8238181818263718,-5.551115123125783e-16,True
easygese:lentil,DTS,soydngp,1,5,0,0.8639597932261835,0.839675391503078,0.8639597932261842,-6.661338147750939e-16,True
easygese:lentil,DTS,soydngp,2,1,0,0.8581045351387485,0.8134057714543319,0.8581045351387484,1.1102230246251565e-16,True
easygese:lentil,DTS,soydngp,2,2,0,0.8068868118376518,0.7740698839327614,0.8068868118376515,2.220446049250313e-16,True
easygese:lentil,DTS,soydngp,2,3,0,0.8074814680437088,0.7844636749869465,0.8074814680437095,-6.661338147750939e-16,True
easygese:lentil,DTS,soydngp,2,4,0,0.8466940910918235,0.8263377765491065,0.8466940910918248,-1.3322676295501878e-15,True
easygese:lentil,DTS,soydngp,2,5,0,0.7359941427433623,0.7135808799227285,0.7359941427433614,8.881784197001252e-16,True
easygese:lentil,DTS,transformer,1,1,0,0.810746468975597,0.8033486497030098,0.8107464689755971,-1.1102230246251565e-16,True
easygese:lentil,DTS,transformer,1,2,0,0.8002721050221443,0.820605474015108,0.8002721050221444,-1.1102230246251565e-16,True
easygese:lentil,DTS,transformer,1,3,0,0.7176503471497832,0.7176381216332164,0.7176503471497829,2.220446049250313e-16,True
easygese:lentil,DTS,transformer,1,4,0,0.8153937482481934,0.7674768894085652,0.8153937482481931,3.3306690738754696e-16,True
easygese:lentil,DTS,transformer,1,5,0,0.8510804069640302,0.8110183388649145,0.8510804069640304,-2.220446049250313e-16,True
easygese:lentil,DTS,transformer,2,1,0,0.8926360341908527,0.8554354259687117,0.8926360341908532,-5.551115123125783e-16,True
easygese:lentil,DTS,transformer,2,2,0,0.8338178944322451,0.7802000364037026,0.8338178944322452,-1.1102230246251565e-16,True
easygese:lentil,DTS,transformer,2,3,0,0.8313490973266777,0.8245037109959885,0.8313490973266783,-5.551115123125783e-16,True
easygese:lentil,DTS,transformer,2,4,0,0.8253334368198852,0.8405094668041103,0.825333436819885,2.220446049250313e-16,True
easygese:lentil,DTS,transformer,2,5,0,0.7330382009729256,0.7119090015027726,0.7330382009729255,1.1102230246251565e-16,True
easygese:lentil,REP,cnn,1,1,0,0.7628722679872502,0.751321177048525,0.7628722679872502,0.0,True
easygese:lentil,REP,cnn,1,2,0,0.6919580737818672,0.6867026240935582,0.6919580737818678,-5.551115123125783e-16,True
easygese:lentil,REP,cnn,1,3,0,0.6719530752635385,0.6155410958433913,0.6719530752635386,-1.1102230246251565e-16,True
easygese:lentil,REP,cnn,1,4,0,0.5479678206723079,0.5387214245254841,0.5479678206723079,0.0,True
easygese:lentil,REP,cnn,1,5,0,0.6121126126149271,0.5912228963702276,0.612112612614927,1.1102230246251565e-16,True
easygese:lentil,REP,cnn,2,1,0,0.745071863747817,0.720091185000719,0.7450718637478171,-1.1102230246251565e-16,True
easygese:lentil,REP,cnn,2,2,0,0.6240504948049653,0.6188169520777702,0.6240504948049654,-1.1102230246251565e-16,True
easygese:lentil,REP,cnn,2,3,0,0.694031688354625,0.5932341906814783,0.6940316883546253,-2.220446049250313e-16,True
easygese:lentil,REP,cnn,2,4,0,0.5473857825051136,0.5313918448899846,0.5473857825051147,-1.1102230246251565e-15,True
easygese:lentil,REP,cnn,2,5,0,0.7173558902886665,0.7282185797092215,0.7173558902886665,0.0,True
easygese:lentil,REP,deepgs,1,1,0,0.7469800844514153,0.7200011437699306,0.746980084451416,-6.661338147750939e-16,True
easygese:lentil,REP,deepgs,1,2,0,0.7463224284518968,0.7090306085300045,0.7463224284518971,-3.3306690738754696e-16,True
easygese:lentil,REP,deepgs,1,3,0,0.6948810263998578,0.677441244090507,0.6948810263998577,1.1102230246251565e-16,True
easygese:lentil,REP,deepgs,1,4,0,0.6479438497508615,0.595915086962228,0.6479438497508617,-2.220446049250313e-16,True
easygese:lentil,REP,deepgs,1,5,0,0.5957901381263017,0.5329983185267224,0.5957901381263014,2.220446049250313e-16,True
easygese:lentil,REP,deepgs,2,1,0,0.8017293308912326,0.781567028635084,0.8017293308912328,-2.220446049250313e-16,True
easygese:lentil,REP,deepgs,2,2,0,0.6637144913596901,0.6174843425444775,0.6637144913596899,2.220446049250313e-16,True
easygese:lentil,REP,deepgs,2,3,0,0.666555455286029,0.6428350319287782,0.6665554552860288,2.220446049250313e-16,True
easygese:lentil,REP,deepgs,2,4,0,0.6204564813696832,0.5774539913566848,0.6204564813696831,1.1102230246251565e-16,True
easygese:lentil,REP,deepgs,2,5,0,0.6319233160486123,0.6697698812996524,0.6319233160486123,0.0,True
easygese:lentil,REP,dnngp,1,1,0,0.7402036128428043,0.690829476372846,0.7402036128428047,-3.3306690738754696e-16,True
easygese:lentil,REP,dnngp,1,2,0,0.598615762669636,0.5801802379898351,0.5986157626696361,-1.1102230246251565e-16,True
easygese:lentil,REP,dnngp,1,3,0,0.6870370097474789,0.669492486252765,0.6870370097474792,-2.220446049250313e-16,True
easygese:lentil,REP,dnngp,1,4,0,0.6630726444459926,0.5967107404925098,0.6630726444459923,2.220446049250313e-16,True
easygese:lentil,REP,dnngp,1,5,0,0.583077736948475,0.59602005891736,0.583077736948475,0.0,True
easygese:lentil,REP,dnngp,2,1,0,0.790917601034122,0.7776902800080016,0.7909176010341225,-4.440892098500626e-16,True
easygese:lentil,REP,dnngp,2,2,0,0.6244539387591971,0.5818338551996823,0.6244539387591974,-3.3306690738754696e-16,True
easygese:lentil,REP,dnngp,2,3,0,0.6756232441312053,0.618451044560845,0.675623244131206,-6.661338147750939e-16,True
easygese:lentil,REP,dnngp,2,4,0,0.6555215863526017,0.642644276820489,0.6555215863526016,1.1102230246251565e-16,True
easygese:lentil,REP,dnngp,2,5,0,0.6395299829707534,0.5728814027141672,0.6395299829707531,2.220446049250313e-16,True
easygese:lentil,REP,mlp,1,1,0,0.7595385926077243,0.7066297930262824,0.7595385926077243,0.0,True
easygese:lentil,REP,mlp,1,2,0,0.7695536299963824,0.7483819827165862,0.7695536299963819,5.551115123125783e-16,True
easygese:lentil,REP,mlp,1,3,0,0.6842520160471789,0.6664612184391858,0.6842520160471788,1.1102230246251565e-16,True
easygese:lentil,REP,mlp,1,4,0,0.6607738091622942,0.5850829544436722,0.6607738091622944,-2.220446049250313e-16,True
easygese:lentil,REP,mlp,1,5,0,0.6568242679675641,0.6805546692797306,0.6568242679675644,-3.3306690738754696e-16,True
easygese:lentil,REP,mlp,2,1,0,0.766968611907864,0.6724777698282911,0.766968611907864,0.0,True
easygese:lentil,REP,mlp,2,2,0,0.6455171605398159,0.6354761295745037,0.6455171605398158,1.1102230246251565e-16,True
easygese:lentil,REP,mlp,2,3,0,0.6719821869712354,0.6565838214193841,0.6719821869712354,0.0,True
easygese:lentil,REP,mlp,2,4,0,0.6404633666503162,0.638692341431466,0.6404633666503161,1.1102230246251565e-16,True
easygese:lentil,REP,mlp,2,5,0,0.6710986391757773,0.6633398245634898,0.6710986391757772,1.1102230246251565e-16,True
easygese:lentil,REP,pnngs,1,1,0,0.4552357668031151,0.557613656594494,0.45523576680311545,-3.3306690738754696e-16,True
easygese:lentil,REP,pnngs,1,2,0,0.5946005880094481,0.5581300254325148,0.5946005880094489,-7.771561172376096e-16,True
easygese:lentil,REP,pnngs,1,3,0,0.4786408728400058,0.5358964137075649,0.478640872840006,-2.220446049250313e-16,True
easygese:lentil,REP,pnngs,1,4,0,0.47185890809293696,0.43324691306518315,0.4718589080929368,1.6653345369377348e-16,True
easygese:lentil,REP,pnngs,1,5,0,0.5392209922131069,0.5190419737473144,0.5392209922131072,-2.220446049250313e-16,True
easygese:lentil,REP,pnngs,2,1,0,0.33104151352131633,0.32455031952628294,0.3310415135213169,-5.551115123125783e-16,True
easygese:lentil,REP,pnngs,2,2,0,0.29804131433533004,0.3645989960662791,0.2980413143353298,2.220446049250313e-16,True
easygese:lentil,REP,pnngs,2,3,0,0.4188658100937782,0.34892136139456426,0.4188658100937785,-2.7755575615628914e-16,True
easygese:lentil,REP,pnngs,2,4,0,0.3790366186125102,0.4072208310596073,0.3790366186125103,-1.1102230246251565e-16,True
easygese:lentil,REP,pnngs,2,5,0,0.4884124118455911,0.45500633362266896,0.4884124118455919,-8.326672684688674e-16,True
easygese:lentil,REP,soydngp,1,1,0,0.7100294728670328,0.6434021902813984,0.7100294728670326,2.220446049250313e-16,True
easygese:lentil,REP,soydngp,1,2,0,0.6341207421365036,0.588507334230162,0.6341207421365035,1.1102230246251565e-16,True
easygese:lentil,REP,soydngp,1,3,0,0.6494919770274818,0.6380488704281497,0.6494919770274817,1.1102230246251565e-16,True
easygese:lentil,REP,soydngp,1,4,0,0.5903190375403415,0.5177594970556647,0.5903190375403414,1.1102230246251565e-16,True
easygese:lentil,REP,soydngp,1,5,0,0.6179253273916607,0.5677145302006932,0.6179253273916613,-5.551115123125783e-16,True
easygese:lentil,REP,soydngp,2,1,0,0.8052277559576229,0.7706636602085128,0.8052277559576229,0.0,True
easygese:lentil,REP,soydngp,2,2,0,0.578255981168067,0.5236822791383622,0.5782559811680673,-3.3306690738754696e-16,True
easygese:lentil,REP,soydngp,2,3,0,0.6155814577282114,0.5176382319183768,0.6155814577282123,-8.881784197001252e-16,True
easygese:lentil,REP,soydngp,2,4,0,0.556395252970628,0.5496149220046535,0.5563952529706279,1.1102230246251565e-16,True
easygese:lentil,REP,soydngp,2,5,0,0.4556608132643622,0.4988704387084378,0.45566081326436225,-5.551115123125783e-17,True
easygese:lentil,REP,transformer,1,1,0,0.6590576955902542,0.5566136044403036,0.6590576955902548,-6.661338147750939e-16,True
easygese:lentil,REP,transformer,1,2,0,0.7179985216167897,0.6452228754252695,0.7179985216167898,-1.1102230246251565e-16,True
easygese:lentil,REP,transformer,1,3,0,0.6208168345900454,0.6482690790877798,0.6208168345900451,3.3306690738754696e-16,True
easygese:lentil,REP,transformer,1,4,0,0.5918832221471471,0.4762722363693592,0.5918832221471473,-2.220446049250313e-16,True
easygese:lentil,REP,transformer,1,5,0,0.5829128438000692,0.5411801095984901,0.5829128438000697,-4.440892098500626e-16,True
easygese:lentil,REP,transformer,2,1,0,0.7438086179188463,0.6951855141404782,0.7438086179188461,2.220446049250313e-16,True
easygese:lentil,REP,transformer,2,2,0,0.5248927816672827,0.5238666318292385,0.5248927816672827,0.0,True
easygese:lentil,REP,transformer,2,3,0,0.6427022218406834,0.5448330107638759,0.6427022218406832,2.220446049250313e-16,True
easygese:lentil,REP,transformer,2,4,0,0.5704835608265065,0.49297390282872633,0.5704835608265063,2.220446049250313e-16,True
easygese:lentil,REP,transformer,2,5,0,0.4440389551668137,0.4299777843394308,0.44403895516681363,5.551115123125783e-17,True
easygese:lentil,VEG,cnn,1,1,0,0.8579220213788944,0.8395109609615424,0.8579220213788945,-1.1102230246251565e-16,True
easygese:lentil,VEG,cnn,1,2,0,0.819687642014958,0.8252171387422879,0.8196876420149577,3.3306690738754696e-16,True
easygese:lentil,VEG,cnn,1,3,0,0.7041881979175312,0.7083453129141616,0.7041881979175308,3.3306690738754696e-16,True
easygese:lentil,VEG,cnn,1,4,0,0.7474435075263693,0.7408541895531163,0.7474435075263691,2.220446049250313e-16,True
easygese:lentil,VEG,cnn,1,5,0,0.8491225356623152,0.8417545422184524,0.8491225356623153,-1.1102230246251565e-16,True
easygese:lentil,VEG,cnn,2,1,0,0.7870593485847133,0.7581579511031447,0.7870593485847139,-6.661338147750939e-16,True
easygese:lentil,VEG,cnn,2,2,0,0.8335067792967722,0.8152337440091503,0.833506779296772,2.220446049250313e-16,True
easygese:lentil,VEG,cnn,2,3,0,0.7972001608817987,0.7888758692648289,0.7972001608817988,-1.1102230246251565e-16,True
easygese:lentil,VEG,cnn,2,4,0,0.8467471899155956,0.8164071646075358,0.8467471899155953,3.3306690738754696e-16,True
easygese:lentil,VEG,cnn,2,5,0,0.6899865081914146,0.6729834855542399,0.6899865081914155,-8.881784197001252e-16,True
easygese:lentil,VEG,deepgs,1,1,0,0.8651573265140711,0.8562889935420481,0.8651573265140706,4.440892098500626e-16,True
easygese:lentil,VEG,deepgs,1,2,0,0.8238948008978048,0.8119400208033016,0.8238948008978049,-1.1102230246251565e-16,True
easygese:lentil,VEG,deepgs,1,3,0,0.6792797782149159,0.6826863715503448,0.6792797782149157,2.220446049250313e-16,True
easygese:lentil,VEG,deepgs,1,4,0,0.8313890199359245,0.7753010366780542,0.8313890199359248,-3.3306690738754696e-16,True
easygese:lentil,VEG,deepgs,1,5,0,0.8500522072649989,0.8215864051457494,0.8500522072649997,-8.881784197001252e-16,True
easygese:lentil,VEG,deepgs,2,1,0,0.8827776166601922,0.8664895704507904,0.8827776166601924,-2.220446049250313e-16,True
easygese:lentil,VEG,deepgs,2,2,0,0.8666228628668098,0.8131290519035398,0.8666228628668099,-1.1102230246251565e-16,True
easygese:lentil,VEG,deepgs,2,3,0,0.8215976823504448,0.7967703826714341,0.8215976823504445,3.3306690738754696e-16,True
easygese:lentil,VEG,deepgs,2,4,0,0.8265922845066566,0.8276729099851087,0.8265922845066563,2.220446049250313e-16,True
easygese:lentil,VEG,deepgs,2,5,0,0.6815162578950963,0.6229941361971966,0.6815162578950968,-5.551115123125783e-16,True
easygese:lentil,VEG,dnngp,1,1,0,0.8711686343259188,0.8570947382583668,0.8711686343259183,5.551115123125783e-16,True
easygese:lentil,VEG,dnngp,1,2,0,0.8319501090336957,0.8210227320433005,0.8319501090336954,3.3306690738754696e-16,True
easygese:lentil,VEG,dnngp,1,3,0,0.7119240839690073,0.7147578457797736,0.7119240839690075,-2.220446049250313e-16,True
easygese:lentil,VEG,dnngp,1,4,0,0.8140065458268949,0.7875383446048866,0.8140065458268954,-4.440892098500626e-16,True
easygese:lentil,VEG,dnngp,1,5,0,0.8271988133385477,0.8132520280156075,0.8271988133385482,-4.440892098500626e-16,True
easygese:lentil,VEG,dnngp,2,1,0,0.8915517451491713,0.8802963005693897,0.8915517451491713,0.0,True
easygese:lentil,VEG,dnngp,2,2,0,0.8442516174695489,0.8075043107047377,0.8442516174695488,1.1102230246251565e-16,True
easygese:lentil,VEG,dnngp,2,3,0,0.8301925052256459,0.7933202718452013,0.8301925052256462,-3.3306690738754696e-16,True
easygese:lentil,VEG,dnngp,2,4,0,0.8237573350611521,0.8118576171071424,0.8237573350611525,-3.3306690738754696e-16,True
easygese:lentil,VEG,dnngp,2,5,0,0.6579667660069881,0.5773986211781026,0.6579667660069878,3.3306690738754696e-16,True
easygese:lentil,VEG,mlp,1,1,0,0.891587358383932,0.8835015491775239,0.8915873583839318,2.220446049250313e-16,True
easygese:lentil,VEG,mlp,1,2,0,0.8313006771720415,0.7870456164903588,0.8313006771720415,0.0,True
easygese:lentil,VEG,mlp,1,3,0,0.7244728783003066,0.6952195181137779,0.7244728783003064,2.220446049250313e-16,True
easygese:lentil,VEG,mlp,1,4,0,0.851148713761663,0.8181090097140004,0.8511487137616628,2.220446049250313e-16,True
easygese:lentil,VEG,mlp,1,5,0,0.8417054431814183,0.818680406529124,0.8417054431814174,8.881784197001252e-16,True
easygese:lentil,VEG,mlp,2,1,0,0.8990899618134328,0.8903983910510889,0.8990899618134327,1.1102230246251565e-16,True
easygese:lentil,VEG,mlp,2,2,0,0.8767088251486979,0.8528137034429694,0.8767088251486984,-5.551115123125783e-16,True
easygese:lentil,VEG,mlp,2,3,0,0.8723636405420471,0.8758335568780984,0.8723636405420467,3.3306690738754696e-16,True
easygese:lentil,VEG,mlp,2,4,0,0.8542355944865833,0.8526201227641166,0.854235594486583,2.220446049250313e-16,True
easygese:lentil,VEG,mlp,2,5,0,0.7101539518145523,0.6591175099820596,0.7101539518145528,-4.440892098500626e-16,True
easygese:lentil,VEG,pnngs,1,1,0,0.7752752775058912,0.7777577695153332,0.7752752775058913,-1.1102230246251565e-16,True
easygese:lentil,VEG,pnngs,1,2,0,0.7371061165034644,0.7585493085085014,0.7371061165034647,-3.3306690738754696e-16,True
easygese:lentil,VEG,pnngs,1,3,0,0.5558452962574838,0.5117310111766485,0.5558452962574835,3.3306690738754696e-16,True
easygese:lentil,VEG,pnngs,1,4,0,0.6961783975750792,0.7396279639553711,0.6961783975750793,-1.1102230246251565e-16,True
easygese:lentil,VEG,pnngs,1,5,0,0.7520250931280886,0.7103280207522357,0.7520250931280886,0.0,True
easygese:lentil,VEG,pnngs,2,1,0,0.8019377109331359,0.7815055144534246,0.801937710933136,-1.1102230246251565e-16,True
easygese:lentil,VEG,pnngs,2,2,0,0.8333465767036498,0.7971014948427154,0.8333465767036495,2.220446049250313e-16,True
easygese:lentil,VEG,pnngs,2,3,0,0.7285835225409221,0.6565695194792127,0.7285835225409223,-2.220446049250313e-16,True
easygese:lentil,VEG,pnngs,2,4,0,0.755517166155626,0.7450458301833219,0.7555171661556265,-4.440892098500626e-16,True
easygese:lentil,VEG,pnngs,2,5,0,0.6408113400356695,0.645278216091611,0.6408113400356703,-7.771561172376096e-16,True
easygese:lentil,VEG,soydngp,1,1,0,0.8274777423424557,0.799833332406415,0.8274777423424557,0.0,True
easygese:lentil,VEG,soydngp,1,2,0,0.8275938823538509,0.8316062955817342,0.827593882353851,-1.1102230246251565e-16,True
easygese:lentil,VEG,soydngp,1,3,0,0.6638476580226009,0.6539897225016053,0.6638476580226007,2.220446049250313e-16,True
easygese:lentil,VEG,soydngp,1,4,0,0.8046510543048179,0.7904782857081543,0.8046510543048178,1.1102230246251565e-16,True
easygese:lentil,VEG,soydngp,1,5,0,0.8239781019068216,0.8138995640304978,0.8239781019068212,4.440892098500626e-16,True
easygese:lentil,VEG,soydngp,2,1,0,0.8232384337801734,0.8112774090205221,0.8232384337801737,-3.3306690738754696e-16,True
easygese:lentil,VEG,soydngp,2,2,0,0.7800118532921261,0.7424083609093515,0.7800118532921261,0.0,True
easygese:lentil,VEG,soydngp,2,3,0,0.7865214666388927,0.7560048746072193,0.7865214666388928,-1.1102230246251565e-16,True
easygese:lentil,VEG,soydngp,2,4,0,0.8440628164593235,0.7786213215035128,0.8440628164593227,7.771561172376096e-16,True
easygese:lentil,VEG,soydngp,2,5,0,0.6639679614343288,0.6073409113790988,0.6639679614343291,-3.3306690738754696e-16,True
easygese:lentil,VEG,transformer,1,1,0,0.8282417084035911,0.8161703976174435,0.8282417084035918,-6.661338147750939e-16,True
easygese:lentil,VEG,transformer,1,2,0,0.8272659287679203,0.8147570974602708,0.8272659287679199,3.3306690738754696e-16,True
easygese:lentil,VEG,transformer,1,3,0,0.6198929559885835,0.6036871949111493,0.6198929559885837,-2.220446049250313e-16,True
easygese:lentil,VEG,transformer,1,4,0,0.7875318140210481,0.7759431776532562,0.7875318140210484,-3.3306690738754696e-16,True
easygese:lentil,VEG,transformer,1,5,0,0.8384299906395682,0.8065417494618973,0.8384299906395681,1.1102230246251565e-16,True
easygese:lentil,VEG,transformer,2,1,0,0.8296508562051127,0.815339278340084,0.8296508562051131,-4.440892098500626e-16,True
easygese:lentil,VEG,transformer,2,2,0,0.8178705995916736,0.8065541755874933,0.8178705995916737,-1.1102230246251565e-16,True
easygese:lentil,VEG,transformer,2,3,0,0.8413643426663897,0.829283756750305,0.8413643426663903,-5.551115123125783e-16,True
easygese:lentil,VEG,transformer,2,4,0,0.8261129451121283,0.8217910196628634,0.8261129451121282,1.1102230246251565e-16,True
easygese:lentil,VEG,transformer,2,5,0,0.6382344997797514,0.5987204262490722,0.6382344997797516,-1.1102230246251565e-16,True
easygese:maize,Ear_Height_cm,cnn,1,1,0,0.7842551676588446,0.7878889916079012,0.7842551676588452,-5.551115123125783e-16,True
easygese:maize,Ear_Height_cm,cnn,1,2,0,0.7628565187270555,0.7689773520716998,0.7628565187270553,2.220446049250313e-16,True
easygese:maize,Ear_Height_cm,cnn,1,3,0,0.7335844538417812,0.7322166551662977,0.7335844538417816,-4.440892098500626e-16,True
easygese:maize,Ear_Height_cm,cnn,1,4,0,0.7644081119017085,0.7634117134632499,0.7644081119017082,3.3306690738754696e-16,True
easygese:maize,Ear_Height_cm,cnn,1,5,0,0.7565565657481903,0.7486550194246459,0.7565565657481903,0.0,True
easygese:maize,Ear_Height_cm,cnn,2,1,0,0.7827377905042315,0.7709310752534695,0.782737790504232,-4.440892098500626e-16,True
easygese:maize,Ear_Height_cm,cnn,2,2,0,0.7781340674559675,0.774844749883865,0.7781340674559668,6.661338147750939e-16,True
easygese:maize,Ear_Height_cm,cnn,2,3,0,0.7609285359368892,0.7454174791475913,0.7609285359368889,3.3306690738754696e-16,True
easygese:maize,Ear_Height_cm,cnn,2,4,0,0.7416940844178218,0.7360932823227111,0.7416940844178217,1.1102230246251565e-16,True
easygese:maize,Ear_Height_cm,cnn,2,5,0,0.7531867159099042,0.7469517283993418,0.7531867159099039,2.220446049250313e-16,True
easygese:maize,Ear_Height_cm,deepgs,1,1,0,0.8151224834627153,0.8130687515122875,0.8151224834627152,1.1102230246251565e-16,True
easygese:maize,Ear_Height_cm,deepgs,1,2,0,0.8153240104921279,0.811630722700712,0.8153240104921273,5.551115123125783e-16,True
easygese:maize,Ear_Height_cm,deepgs,1,3,0,0.7963617627553977,0.7958536824412596,0.7963617627553975,2.220446049250313e-16,True
easygese:maize,Ear_Height_cm,deepgs,1,4,0,0.8252247204957541,0.8220244833007498,0.825224720495754,1.1102230246251565e-16,True
easygese:maize,Ear_Height_cm,deepgs,1,5,0,0.8122610228429434,0.8065553149977861,0.8122610228429432,2.220446049250313e-16,True
easygese:maize,Ear_Height_cm,deepgs,2,1,0,0.8299397531575101,0.8139059392186132,0.8299397531575099,2.220446049250313e-16,True
easygese:maize,Ear_Height_cm,deepgs,2,2,0,0.8309423372358142,0.8232887043216093,0.830942337235814,2.220446049250313e-16,True
easygese:maize,Ear_Height_cm,deepgs,2,3,0,0.8111149398971986,0.8101131739959833,0.8111149398971985,1.1102230246251565e-16,True
easygese:maize,Ear_Height_cm,deepgs,2,4,0,0.7993215191828816,0.7913371734206788,0.7993215191828823,-6.661338147750939e-16,True
easygese:maize,Ear_Height_cm,deepgs,2,5,0,0.804820327778724,0.8018161611073964,0.8048203277787244,-3.3306690738754696e-16,True
easygese:maize,Ear_Height_cm,dnngp,1,1,0,0.806830873576173,0.7966562583142586,0.8068308735761731,-1.1102230246251565e-16,True
easygese:maize,Ear_Height_cm,dnngp,1,2,0,0.8101030387295167,0.8052474839630179,0.8101030387295173,-5.551115123125783e-16,True
easygese:maize,Ear_Height_cm,dnngp,1,3,0,0.8036436262053492,0.8009189441232809,0.8036436262053495,-2.220446049250313e-16,True
easygese:maize,Ear_Height_cm,dnngp,1,4,0,0.8042553871472767,0.8022680646108108,0.8042553871472766,1.1102230246251565e-16,True
easygese:maize,Ear_Height_cm,dnngp,1,5,0,0.8128017755766722,0.8074932119003577,0.8128017755766721,1.1102230246251565e-16,True
easygese:maize,Ear_Height_cm,dnngp,2,1,0,0.8247510923227924,0.8170618157628841,0.8247510923227925,-1.1102230246251565e-16,True
easygese:maize,Ear_Height_cm,dnngp,2,2,0,0.8162043942666324,0.8111076302013018,0.8162043942666326,-2.220446049250313e-16,True
easygese:maize,Ear_Height_cm,dnngp,2,3,0,0.7850070457829423,0.7736792822520264,0.7850070457829418,5.551115123125783e-16,True
easygese:maize,Ear_Height_cm,dnngp,2,4,0,0.8057704062893571,0.8043193765820783,0.8057704062893578,-6.661338147750939e-16,True
easygese:maize,Ear_Height_cm,dnngp,2,5,0,0.7868594272834564,0.7839093495669683,0.7868594272834564,0.0,True
easygese:maize,Ear_Height_cm,mlp,1,1,0,0.8313014988037687,0.8284481023631792,0.8313014988037686,1.1102230246251565e-16,True
easygese:maize,Ear_Height_cm,mlp,1,2,0,0.8204624877669925,0.8205302325504462,0.8204624877669923,2.220446049250313e-16,True
easygese:maize,Ear_Height_cm,mlp,1,3,0,0.7971533103090063,0.795664029417809,0.797153310309006,2.220446049250313e-16,True
easygese:maize,Ear_Height_cm,mlp,1,4,0,0.8294793571251786,0.8240325973856965,0.8294793571251781,5.551115123125783e-16,True
easygese:maize,Ear_Height_cm,mlp,1,5,0,0.8250887781124132,0.815097676481829,0.8250887781124132,0.0,True
easygese:maize,Ear_Height_cm,mlp,2,1,0,0.832345952715709,0.8221980367664418,0.8323459527157088,2.220446049250313e-16,True
easygese:maize,Ear_Height_cm,mlp,2,2,0,0.8268607258352947,0.8211813038117748,0.8268607258352941,5.551115123125783e-16,True
easygese:maize,Ear_Height_cm,mlp,2,3,0,0.8122330019850769,0.8068166184599873,0.8122330019850764,4.440892098500626e-16,True
easygese:maize,Ear_Height_cm,mlp,2,4,0,0.8145478217463006,0.8125806448223767,0.8145478217463005,1.1102230246251565e-16,True
easygese:maize,Ear_Height_cm,mlp,2,5,0,0.8062910343381126,0.8017859507736708,0.8062910343381127,-1.1102230246251565e-16,True
easygese:maize,Ear_Height_cm,pnngs,1,1,0,0.6938712165276654,0.6864907673557799,0.6938712165276654,0.0,True
easygese:maize,Ear_Height_cm,pnngs,1,2,0,0.6867932165254004,0.6807987136213789,0.6867932165254006,-2.220446049250313e-16,True
easygese:maize,Ear_Height_cm,pnngs,1,3,0,0.6777277509495846,0.661650448064074,0.6777277509495846,0.0,True
easygese:maize,Ear_Height_cm,pnngs,1,4,0,0.6652396666324408,0.6549708146421368,0.665239666632441,-2.220446049250313e-16,True
easygese:maize,Ear_Height_cm,pnngs,1,5,0,0.6815269554202831,0.6645019920074922,0.6815269554202834,-3.3306690738754696e-16,True
easygese:maize,Ear_Height_cm,pnngs,2,1,0,0.7055087119079476,0.6840686442417575,0.7055087119079473,3.3306690738754696e-16,True
easygese:maize,Ear_Height_cm,pnngs,2,2,0,0.6917448516979116,0.6835617374768883,0.6917448516979117,-1.1102230246251565e-16,True
easygese:maize,Ear_Height_cm,pnngs,2,3,0,0.6887497640703226,0.678063711024047,0.6887497640703224,2.220446049250313e-16,True
easygese:maize,Ear_Height_cm,pnngs,2,4,0,0.6575614711359745,0.6552781405046441,0.6575614711359746,-1.1102230246251565e-16,True
easygese:maize,Ear_Height_cm,pnngs,2,5,0,0.6706515971984859,0.6638871287911154,0.6706515971984861,-2.220446049250313e-16,True
easygese:maize,Ear_Height_cm,soydngp,1,1,0,0.749506103073809,0.7489551345731338,0.7495061030738088,2.220446049250313e-16,True
easygese:maize,Ear_Height_cm,soydngp,1,2,0,0.7620208960668338,0.7612833929562028,0.7620208960668335,2.220446049250313e-16,True
easygese:maize,Ear_Height_cm,soydngp,1,3,0,0.73718126965635,0.7383641533282133,0.7371812696563502,-2.220446049250313e-16,True
easygese:maize,Ear_Height_cm,soydngp,1,4,0,0.7569430171091763,0.7533744341231705,0.7569430171091763,0.0,True
easygese:maize,Ear_Height_cm,soydngp,1,5,0,0.7384489398467158,0.7296596509103557,0.7384489398467157,1.1102230246251565e-16,True
easygese:maize,Ear_Height_cm,soydngp,2,1,0,0.7677904659148326,0.7638277168721406,0.7677904659148325,1.1102230246251565e-16,True
easygese:maize,Ear_Height_cm,soydngp,2,2,0,0.7550576949831654,0.749969293905898,0.755057694983165,4.440892098500626e-16,True
easygese:maize,Ear_Height_cm,soydngp,2,3,0,0.7615321747149518,0.7547764120857338,0.7615321747149522,-3.3306690738754696e-16,True
easygese:maize,Ear_Height_cm,soydngp,2,4,0,0.742947588225639,0.7325191371887781,0.7429475882256386,4.440892098500626e-16,True
easygese:maize,Ear_Height_cm,soydngp,2,5,0,0.7357311490677606,0.7288585111409789,0.7357311490677605,1.1102230246251565e-16,True
easygese:maize,Ear_Height_cm,transformer,1,1,0,0.7693802580249733,0.7636802975829666,0.7693802580249739,-5.551115123125783e-16,True
easygese:maize,Ear_Height_cm,transformer,1,2,0,0.7280371856072617,0.720917126430328,0.7280371856072617,0.0,True
easygese:maize,Ear_Height_cm,transformer,1,3,0,0.7280845607879978,0.7256025790202038,0.7280845607879975,2.220446049250313e-16,True
easygese:maize,Ear_Height_cm,transformer,1,4,0,0.7277477518343545,0.7218175378464503,0.7277477518343547,-2.220446049250313e-16,True
easygese:maize,Ear_Height_cm,transformer,1,5,0,0.744627013638592,0.7343214973858606,0.744627013638592,0.0,True
easygese:maize,Ear_Height_cm,transformer,2,1,0,0.7697919410158668,0.7669681743967444,0.7697919410158668,0.0,True
easygese:maize,Ear_Height_cm,transformer,2,2,0,0.7343152270392999,0.7270833922234594,0.7343152270393002,-3.3306690738754696e-16,True
easygese:maize,Ear_Height_cm,transformer,2,3,0,0.7464470323410782,0.7451642988068571,0.746447032341079,-7.771561172376096e-16,True
easygese:maize,Ear_Height_cm,transformer,2,4,0,0.7380464263933612,0.7303282727695789,0.7380464263933612,0.0,True
easygese:maize,Ear_Height_cm,transformer,2,5,0,0.7382055798397613,0.7294350972373441,0.738205579839762,-6.661338147750939e-16,True
easygese:maize,Grain_Moisture,cnn,1,1,0,0.8579259503479957,0.8565379802695855,0.8579259503479952,4.440892098500626e-16,True
easygese:maize,Grain_Moisture,cnn,1,2,0,0.863125702019926,0.8633326033855103,0.8631257020199258,2.220446049250313e-16,True
easygese:maize,Grain_Moisture,cnn,1,3,0,0.8610192245769871,0.8545416626226839,0.861019224576987,1.1102230246251565e-16,True
easygese:maize,Grain_Moisture,cnn,1,4,0,0.8255475077489751,0.8155028880148024,0.8255475077489756,-4.440892098500626e-16,True
easygese:maize,Grain_Moisture,cnn,1,5,0,0.8372112148823412,0.8341119694437323,0.8372112148823406,5.551115123125783e-16,True
easygese:maize,Grain_Moisture,cnn,2,1,0,0.8564358828256909,0.8551785404172828,0.8564358828256909,0.0,True
easygese:maize,Grain_Moisture,cnn,2,2,0,0.8486552866198241,0.8459985018330969,0.8486552866198239,2.220446049250313e-16,True
easygese:maize,Grain_Moisture,cnn,2,3,0,0.8526672600765676,0.8512182452659265,0.8526672600765685,-8.881784197001252e-16,True
easygese:maize,Grain_Moisture,cnn,2,4,0,0.8521257391831114,0.8474325529607105,0.8521257391831115,-1.1102230246251565e-16,True
easygese:maize,Grain_Moisture,cnn,2,5,0,0.8658548520412576,0.8641509856622981,0.865854852041257,5.551115123125783e-16,True
easygese:maize,Grain_Moisture,deepgs,1,1,0,0.8734835990050817,0.8757977383897034,0.8734835990050815,1.1102230246251565e-16,True
easygese:maize,Grain_Moisture,deepgs,1,2,0,0.8896639943330272,0.8962645589141406,0.8896639943330271,1.1102230246251565e-16,True
easygese:maize,Grain_Moisture,deepgs,1,3,0,0.8840827971835309,0.8797983964135525,0.884082797183531,-1.1102230246251565e-16,True
easygese:maize,Grain_Moisture,deepgs,1,4,0,0.8661085066584705,0.8652156106965012,0.8661085066584704,1.1102230246251565e-16,True
easygese:maize,Grain_Moisture,deepgs,1,5,0,0.8618333320508335,0.8619588960599343,0.8618333320508338,-3.3306690738754696e-16,True
easygese:maize,Grain_Moisture,deepgs,2,1,0,0.8711850779714566,0.8762337218164984,0.8711850779714563,3.3306690738754696e-16,True
easygese:maize,Grain_Moisture,deepgs,2,2,0,0.8697820423017232,0.867345447772953,0.869782042301723,2.220446049250313e-16,True
easygese:maize,Grain_Moisture,deepgs,2,3,0,0.868780464728008,0.8679478077235059,0.8687804647280088,-8.881784197001252e-16,True
easygese:maize,Grain_Moisture,deepgs,2,4,0,0.8754779021471906,0.8703657337665235,0.8754779021471909,-3.3306690738754696e-16,True
easygese:maize,Grain_Moisture,deepgs,2,5,0,0.8780392230389389,0.8739551977793792,0.8780392230389386,3.3306690738754696e-16,True
easygese:maize,Grain_Moisture,dnngp,1,1,0,0.8796993314161219,0.869670478001941,0.8796993314161228,-8.881784197001252e-16,True
easygese:maize,Grain_Moisture,dnngp,1,2,0,0.8848000333969809,0.87361354221965,0.884800033396981,-1.1102230246251565e-16,True
easygese:maize,Grain_Moisture,dnngp,1,3,0,0.8778061542057185,0.873521341061572,0.8778061542057185,0.0,True
easygese:maize,Grain_Moisture,dnngp,1,4,0,0.8650007041377957,0.858612994043992,0.8650007041377954,3.3306690738754696e-16,True
easygese:maize,Grain_Moisture,dnngp,1,5,0,0.8586802387391652,0.8551038744697825,0.8586802387391652,0.0,True
easygese:maize,Grain_Moisture,dnngp,2,1,0,0.8715734556446806,0.8686337201892513,0.8715734556446803,3.3306690738754696e-16,True
easygese:maize,Grain_Moisture,dnngp,2,2,0,0.8556844417368595,0.8482402710447979,0.8556844417368596,-1.1102230246251565e-16,True
easygese:maize,Grain_Moisture,dnngp,2,3,0,0.8632918665866769,0.859898148277864,0.8632918665866774,-5.551115123125783e-16,True
easygese:maize,Grain_Moisture,dnngp,2,4,0,0.8722948147044491,0.8700856018261294,0.8722948147044496,-4.440892098500626e-16,True
easygese:maize,Grain_Moisture,dnngp,2,5,0,0.8674082566968359,0.8729357382248639,0.8674082566968363,-4.440892098500626e-16,True
easygese:maize,Grain_Moisture,mlp,1,1,0,0.8828976796617639,0.8782840254263532,0.882897679661764,-1.1102230246251565e-16,True
easygese:maize,Grain_Moisture,mlp,1,2,0,0.8952791057853994,0.8926773684442737,0.8952791057853995,-1.1102230246251565e-16,True
easygese:maize,Grain_Moisture,mlp,1,3,0,0.8889487223137336,0.8860410637757313,0.8889487223137337,-1.1102230246251565e-16,True
easygese:maize,Grain_Moisture,mlp,1,4,0,0.879103163181181,0.8728156977024242,0.8791031631811814,-4.440892098500626e-16,True
easygese:maize,Grain_Moisture,mlp,1,5,0,0.8663990534504991,0.864368944464927,0.8663990534504986,4.440892098500626e-16,True
easygese:maize,Grain_Moisture,mlp,2,1,0,0.8847348833366778,0.876872392506637,0.884734883336678,-2.220446049250313e-16,True
easygese:maize,Grain_Moisture,mlp,2,2,0,0.8764748504465848,0.8741291200479266,0.8764748504465842,5.551115123125783e-16,True
easygese:maize,Grain_Moisture,mlp,2,3,0,0.8805289414546565,0.878769621827095,0.8805289414546561,4.440892098500626e-16,True
easygese:maize,Grain_Moisture,mlp,2,4,0,0.8853126710710405,0.8854913080796947,0.8853126710710406,-1.1102230246251565e-16,True
easygese:maize,Grain_Moisture,mlp,2,5,0,0.8784310259554017,0.880227300045689,0.8784310259554018,-1.1102230246251565e-16,True
easygese:maize,Grain_Moisture,pnngs,1,1,0,0.8000119169725175,0.7966211912716007,0.8000119169725178,-3.3306690738754696e-16,True
easygese:maize,Grain_Moisture,pnngs,1,2,0,0.8104729976822744,0.8033293257787036,0.8104729976822744,0.0,True
easygese:maize,Grain_Moisture,pnngs,1,3,0,0.825717199928743,0.8205212224056894,0.8257171999287426,4.440892098500626e-16,True
easygese:maize,Grain_Moisture,pnngs,1,4,0,0.7808067699562813,0.7772640965463193,0.7808067699562813,0.0,True
easygese:maize,Grain_Moisture,pnngs,1,5,0,0.7850508422511603,0.7819674708082809,0.7850508422511601,2.220446049250313e-16,True
easygese:maize,Grain_Moisture,pnngs,2,1,0,0.7867431972207691,0.7773572711123237,0.7867431972207686,5.551115123125783e-16,True
easygese:maize,Grain_Moisture,pnngs,2,2,0,0.7740118278011592,0.7713492962382981,0.774011827801159,2.220446049250313e-16,True
easygese:maize,Grain_Moisture,pnngs,2,3,0,0.8097869276663028,0.8101427163965674,0.8097869276663024,3.3306690738754696e-16,True
easygese:maize,Grain_Moisture,pnngs,2,4,0,0.8039861078045795,0.8003571348413696,0.8039861078045794,1.1102230246251565e-16,True
easygese:maize,Grain_Moisture,pnngs,2,5,0,0.8060483919011272,0.8027689770847111,0.8060483919011275,-3.3306690738754696e-16,True
easygese:maize,Grain_Moisture,soydngp,1,1,0,0.849777478077787,0.8425627701625826,0.8497774780777873,-2.220446049250313e-16,True
easygese:maize,Grain_Moisture,soydngp,1,2,0,0.8630367874677868,0.8619108332233715,0.8630367874677871,-3.3306690738754696e-16,True
easygese:maize,Grain_Moisture,soydngp,1,3,0,0.8624201803047253,0.8599568139932446,0.8624201803047253,0.0,True
easygese:maize,Grain_Moisture,soydngp,1,4,0,0.844411872378572,0.836540820737226,0.8444118723785722,-2.220446049250313e-16,True
easygese:maize,Grain_Moisture,soydngp,1,5,0,0.8408976242504197,0.8441701279959329,0.8408976242504195,2.220446049250313e-16,True
easygese:maize,Grain_Moisture,soydngp,2,1,0,0.8688464640710457,0.8660914415181603,0.8688464640710456,1.1102230246251565e-16,True
easygese:maize,Grain_Moisture,soydngp,2,2,0,0.8556525326654786,0.8387983968853125,0.8556525326654786,0.0,True
easygese:maize,Grain_Moisture,soydngp,2,3,0,0.8538962488233368,0.8551668432741453,0.8538962488233369,-1.1102230246251565e-16,True
easygese:maize,Grain_Moisture,soydngp,2,4,0,0.8552022066988105,0.8566090202739947,0.8552022066988098,7.771561172376096e-16,True
easygese:maize,Grain_Moisture,soydngp,2,5,0,0.8624024485263582,0.8608126637028645,0.8624024485263578,3.3306690738754696e-16,True
easygese:maize,Grain_Moisture,transformer,1,1,0,0.8514054782893203,0.848796598328162,0.85140547828932,3.3306690738754696e-16,True
easygese:maize,Grain_Moisture,transformer,1,2,0,0.861400944958468,0.8575610813244711,0.8614009449584676,3.3306690738754696e-16,True
easygese:maize,Grain_Moisture,transformer,1,3,0,0.8586131388128979,0.8555456134205722,0.8586131388128976,3.3306690738754696e-16,True
easygese:maize,Grain_Moisture,transformer,1,4,0,0.8440266388615898,0.8384776111581906,0.8440266388615894,4.440892098500626e-16,True
easygese:maize,Grain_Moisture,transformer,1,5,0,0.815470044442182,0.8105056784251408,0.8154700444421819,1.1102230246251565e-16,True
easygese:maize,Grain_Moisture,transformer,2,1,0,0.8381683305390512,0.8371768299160532,0.838168330539052,-8.881784197001252e-16,True
easygese:maize,Grain_Moisture,transformer,2,2,0,0.8469127017056459,0.8364878569036284,0.8469127017056461,-2.220446049250313e-16,True
easygese:maize,Grain_Moisture,transformer,2,3,0,0.8532013110207087,0.848240086456609,0.8532013110207087,0.0,True
easygese:maize,Grain_Moisture,transformer,2,4,0,0.8539488067346259,0.8517175707359298,0.8539488067346257,2.220446049250313e-16,True
easygese:maize,Grain_Moisture,transformer,2,5,0,0.8518789713310679,0.8532929398696341,0.8518789713310683,-3.3306690738754696e-16,True
easygese:maize,Plant_Height_cm,cnn,1,1,0,0.8199107894067172,0.8162499362549274,0.8199107894067171,1.1102230246251565e-16,True
easygese:maize,Plant_Height_cm,cnn,1,2,0,0.8300597562661765,0.8307525840274967,0.8300597562661766,-1.1102230246251565e-16,True
easygese:maize,Plant_Height_cm,cnn,1,3,0,0.7834242724135287,0.7833467174191692,0.7834242724135287,0.0,True
easygese:maize,Plant_Height_cm,cnn,1,4,0,0.7993881339745786,0.7957545969463081,0.7993881339745782,4.440892098500626e-16,True
easygese:maize,Plant_Height_cm,cnn,1,5,0,0.8149177328375108,0.8107145148125255,0.814917732837511,-2.220446049250313e-16,True
easygese:maize,Plant_Height_cm,cnn,2,1,0,0.8129681717785007,0.8040214857696248,0.8129681717785008,-1.1102230246251565e-16,True
easygese:maize,Plant_Height_cm,cnn,2,2,0,0.8062823551052637,0.8090925919835279,0.8062823551052635,2.220446049250313e-16,True
easygese:maize,Plant_Height_cm,cnn,2,3,0,0.7820185947653929,0.7807430124980486,0.7820185947653929,0.0,True
easygese:maize,Plant_Height_cm,cnn,2,4,0,0.8054750562019503,0.8013619767576384,0.80547505620195,2.220446049250313e-16,True
easygese:maize,Plant_Height_cm,cnn,2,5,0,0.7899180756184674,0.7956457697786709,0.7899180756184679,-5.551115123125783e-16,True
easygese:maize,Plant_Height_cm,deepgs,1,1,0,0.8418301115224458,0.8370029284824461,0.841830111522446,-2.220446049250313e-16,True
easygese:maize,Plant_Height_cm,deepgs,1,2,0,0.8469323334520624,0.8469508621782441,0.8469323334520623,1.1102230246251565e-16,True
easygese:maize,Plant_Height_cm,deepgs,1,3,0,0.8386180484796052,0.8342174420972481,0.8386180484796049,3.3306690738754696e-16,True
easygese:maize,Plant_Height_cm,deepgs,1,4,0,0.8444372984488706,0.8392590769010302,0.8444372984488705,1.1102230246251565e-16,True
easygese:maize,Plant_Height_cm,deepgs,1,5,0,0.8519020326640092,0.8462794453009603,0.8519020326640095,-3.3306690738754696e-16,True
easygese:maize,Plant_Height_cm,deepgs,2,1,0,0.8613355855355224,0.8546359869397815,0.8613355855355225,-1.1102230246251565e-16,True
easygese:maize,Plant_Height_cm,deepgs,2,2,0,0.8462191286581312,0.8431538803939838,0.8462191286581312,0.0,True
easygese:maize,Plant_Height_cm,deepgs,2,3,0,0.8374778271270222,0.8331338569589254,0.8374778271270222,0.0,True
easygese:maize,Plant_Height_cm,deepgs,2,4,0,0.832098868383802,0.8233672416727806,0.8320988683838018,2.220446049250313e-16,True
easygese:maize,Plant_Height_cm,deepgs,2,5,0,0.8379676645363797,0.8282884731368774,0.8379676645363793,4.440892098500626e-16,True
easygese:maize,Plant_Height_cm,dnngp,1,1,0,0.8355247798730339,0.8318012973269232,0.8355247798730338,1.1102230246251565e-16,True
easygese:maize,Plant_Height_cm,dnngp,1,2,0,0.8285818935650203,0.8225778647042319,0.8285818935650205,-2.220446049250313e-16,True
easygese:maize,Plant_Height_cm,dnngp,1,3,0,0.8122096953231994,0.8083050605843254,0.8122096953231991,3.3306690738754696e-16,True
easygese:maize,Plant_Height_cm,dnngp,1,4,0,0.820061435082048,0.8155818290672044,0.820061435082048,0.0,True
easygese:maize,Plant_Height_cm,dnngp,1,5,0,0.8365382274213824,0.8334050396977408,0.8365382274213828,-4.440892098500626e-16,True
easygese:maize,Plant_Height_cm,dnngp,2,1,0,0.8401692630615761,0.8352564401512361,0.8401692630615757,4.440892098500626e-16,True
easygese:maize,Plant_Height_cm,dnngp,2,2,0,0.8206683590524809,0.810346778893281,0.8206683590524808,1.1102230246251565e-16,True
easygese:maize,Plant_Height_cm,dnngp,2,3,0,0.828869380090374,0.8235413191498661,0.8288693800903746,-5.551115123125783e-16,True
easygese:maize,Plant_Height_cm,dnngp,2,4,0,0.8331550316668846,0.8249944587477969,0.8331550316668843,3.3306690738754696e-16,True
easygese:maize,Plant_Height_cm,dnngp,2,5,0,0.8246860142515586,0.8179849561872489,0.8246860142515581,5.551115123125783e-16,True
easygese:maize,Plant_Height_cm,mlp,1,1,0,0.8493907068158639,0.8434109508394624,0.8493907068158648,-8.881784197001252e-16,True
easygese:maize,Plant_Height_cm,mlp,1,2,0,0.8508059247325793,0.8481914929158286,0.8508059247325794,-1.1102230246251565e-16,True
easygese:maize,Plant_Height_cm,mlp,1,3,0,0.8461627970080298,0.8383049916412713,0.8461627970080295,2.220446049250313e-16,True
easygese:maize,Plant_Height_cm,mlp,1,4,0,0.8455916682105116,0.8361785958610922,0.8455916682105119,-3.3306690738754696e-16,True
easygese:maize,Plant_Height_cm,mlp,1,5,0,0.8562387261662187,0.8486989917923659,0.856238726166219,-3.3306690738754696e-16,True
easygese:maize,Plant_Height_cm,mlp,2,1,0,0.8566877758421572,0.8470387870843173,0.856687775842157,1.1102230246251565e-16,True
easygese:maize,Plant_Height_cm,mlp,2,2,0,0.8355300728256972,0.8311495221127189,0.8355300728256969,3.3306690738754696e-16,True
easygese:maize,Plant_Height_cm,mlp,2,3,0,0.8377270221358294,0.8303429033480415,0.8377270221358288,5.551115123125783e-16,True
easygese:maize,Plant_Height_cm,mlp,2,4,0,0.8479547088112763,0.8404799662815333,0.8479547088112765,-2.220446049250313e-16,True
easygese:maize,Plant_Height_cm,mlp,2,5,0,0.8446992823347931,0.8405298123779611,0.8446992823347926,4.440892098500626e-16,True
easygese:maize,Plant_Height_cm,pnngs,1,1,0,0.7564659372264602,0.7535516447545993,0.7564659372264605,-3.3306690738754696e-16,True
easygese:maize,Plant_Height_cm,pnngs,1,2,0,0.7390689120620856,0.733918214732937,0.7390689120620857,-1.1102230246251565e-16,True
easygese:maize,Plant_Height_cm,pnngs,1,3,0,0.7208584698434206,0.7161447736299551,0.7208584698434205,1.1102230246251565e-16,True
easygese:maize,Plant_Height_cm,pnngs,1,4,0,0.7119910076509233,0.7051482301760483,0.7119910076509237,-4.440892098500626e-16,True
easygese:maize,Plant_Height_cm,pnngs,1,5,0,0.750011138250063,0.7447792041664323,0.7500111382500629,1.1102230246251565e-16,True
easygese:maize,Plant_Height_cm,pnngs,2,1,0,0.7733710108444103,0.7661829904672829,0.773371010844411,-6.661338147750939e-16,True
easygese:maize,Plant_Height_cm,pnngs,2,2,0,0.7167282937955209,0.7079268862376914,0.7167282937955205,4.440892098500626e-16,True
easygese:maize,Plant_Height_cm,pnngs,2,3,0,0.7490986961182948,0.7471954615207911,0.7490986961182947,1.1102230246251565e-16,True
easygese:maize,Plant_Height_cm,pnngs,2,4,0,0.7098999358633081,0.7110929344199866,0.7098999358633084,-2.220446049250313e-16,True
easygese:maize,Plant_Height_cm,pnngs,2,5,0,0.7593497120722026,0.7538863273357529,0.7593497120722026,0.0,True
easygese:maize,Plant_Height_cm,soydngp,1,1,0,0.7780941018861255,0.765746285444597,0.7780941018861259,-4.440892098500626e-16,True
easygese:maize,Plant_Height_cm,soydngp,1,2,0,0.7948176355064711,0.7937692355484278,0.7948176355064709,2.220446049250313e-16,True
easygese:maize,Plant_Height_cm,soydngp,1,3,0,0.7775470356655366,0.778552930389299,0.7775470356655365,1.1102230246251565e-16,True
easygese:maize,Plant_Height_cm,soydngp,1,4,0,0.7778962656923124,0.7756118861274454,0.7778962656923127,-3.3306690738754696e-16,True
easygese:maize,Plant_Height_cm,soydngp,1,5,0,0.8058281984446706,0.7965014555218974,0.8058281984446712,-6.661338147750939e-16,True
easygese:maize,Plant_Height_cm,soydngp,2,1,0,0.801007099155657,0.7926046012689123,0.8010070991556573,-2.220446049250313e-16,True
easygese:maize,Plant_Height_cm,soydngp,2,2,0,0.7747951104612403,0.7761148372422992,0.7747951104612399,3.3306690738754696e-16,True
easygese:maize,Plant_Height_cm,soydngp,2,3,0,0.7947052802609488,0.7851294402942695,0.7947052802609492,-4.440892098500626e-16,True
easygese:maize,Plant_Height_cm,soydngp,2,4,0,0.7870561065833995,0.7833797391092541,0.7870561065833994,1.1102230246251565e-16,True
easygese:maize,Plant_Height_cm,soydngp,2,5,0,0.7700962337061874,0.7717229243814898,0.770096233706188,-5.551115123125783e-16,True
easygese:maize,Plant_Height_cm,transformer,1,1,0,0.807046802706307,0.7982623415361911,0.807046802706307,0.0,True
easygese:maize,Plant_Height_cm,transformer,1,2,0,0.8025061248218079,0.8017408864398329,0.8025061248218079,0.0,True
easygese:maize,Plant_Height_cm,transformer,1,3,0,0.7448077803228967,0.7400933105347296,0.7448077803228971,-3.3306690738754696e-16,True
easygese:maize,Plant_Height_cm,transformer,1,4,0,0.7663901547532705,0.7652567072482291,0.7663901547532707,-1.1102230246251565e-16,True
easygese:maize,Plant_Height_cm,transformer,1,5,0,0.8011530795025831,0.7908369606053904,0.801153079502583,1.1102230246251565e-16,True
easygese:maize,Plant_Height_cm,transformer,2,1,0,0.8126392779740448,0.8048254425143623,0.8126392779740452,-4.440892098500626e-16,True
easygese:maize,Plant_Height_cm,transformer,2,2,0,0.7387579316950272,0.7324440342516009,0.7387579316950272,0.0,True
easygese:maize,Plant_Height_cm,transformer,2,3,0,0.7928860961337273,0.782239474522466,0.7928860961337272,1.1102230246251565e-16,True
easygese:maize,Plant_Height_cm,transformer,2,4,0,0.7875055404803311,0.7889115344193004,0.7875055404803312,-1.1102230246251565e-16,True
easygese:maize,Plant_Height_cm,transformer,2,5,0,0.7827802110729947,0.7783787713088411,0.7827802110729947,0.0,True
easygese:maize,Pollen_DAP_days,cnn,1,1,0,0.9161215548996579,0.9142560587687487,0.9161215548996575,3.3306690738754696e-16,True
easygese:maize,Pollen_DAP_days,cnn,1,2,0,0.9049448001172375,0.90134123198749,0.9049448001172373,2.220446049250313e-16,True
easygese:maize,Pollen_DAP_days,cnn,1,3,0,0.9179698624171012,0.9134337297986574,0.9179698624171011,1.1102230246251565e-16,True
easygese:maize,Pollen_DAP_days,cnn,1,4,0,0.910283555543042,0.906957613312284,0.9102835555430422,-2.220446049250313e-16,True
easygese:maize,Pollen_DAP_days,cnn,1,5,0,0.915814910824821,0.9143576853658275,0.9158149108248212,-2.220446049250313e-16,True
easygese:maize,Pollen_DAP_days,cnn,2,1,0,0.9215111960554032,0.91828607410253,0.9215111960554031,1.1102230246251565e-16,True
easygese:maize,Pollen_DAP_days,cnn,2,2,0,0.9121629472900723,0.9098051697531215,0.9121629472900724,-1.1102230246251565e-16,True
easygese:maize,Pollen_DAP_days,cnn,2,3,0,0.9116383742078531,0.9087686977694406,0.9116383742078529,2.220446049250313e-16,True
easygese:maize,Pollen_DAP_days,cnn,2,4,0,0.9105508301067278,0.908730247173863,0.9105508301067275,2.220446049250313e-16,True
easygese:maize,Pollen_DAP_days,cnn,2,5,0,0.9118107504462659,0.9083361250574518,0.9118107504462662,-3.3306690738754696e-16,True
easygese:maize,Pollen_DAP_days,deepgs,1,1,0,0.9348333022919446,0.9351218568781592,0.9348333022919447,-1.1102230246251565e-16,True
easygese:maize,Pollen_DAP_days,deepgs,1,2,0,0.9242903765524935,0.9247990312386656,0.9242903765524936,-1.1102230246251565e-16,True
easygese:maize,Pollen_DAP_days,deepgs,1,3,0,0.9270229163368078,0.9279021489560942,0.9270229163368079,-1.1102230246251565e-16,True
easygese:maize,Pollen_DAP_days,deepgs,1,4,0,0.9237756405304849,0.9244081751114548,0.9237756405304841,7.771561172376096e-16,True
easygese:maize,Pollen_DAP_days,deepgs,1,5,0,0.9232303294820937,0.9258876514972256,0.9232303294820938,-1.1102230246251565e-16,True
easygese:maize,Pollen_DAP_days,deepgs,2,1,0,0.9373033767644507,0.9355268128148899,0.9373033767644509,-1.1102230246251565e-16,True
easygese:maize,Pollen_DAP_days,deepgs,2,2,0,0.9321017471027956,0.9313819523043814,0.9321017471027953,3.3306690738754696e-16,True
easygese:maize,Pollen_DAP_days,deepgs,2,3,0,0.9286608592444591,0.9277017390794963,0.9286608592444588,2.220446049250313e-16,True
easygese:maize,Pollen_DAP_days,deepgs,2,4,0,0.9157252676542281,0.9170016148369208,0.9157252676542283,-2.220446049250313e-16,True
easygese:maize,Pollen_DAP_days,deepgs,2,5,0,0.9188116569629264,0.915618776874261,0.9188116569629265,-1.1102230246251565e-16,True
easygese:maize,Pollen_DAP_days,dnngp,1,1,0,0.930526819951362,0.9256142203386979,0.9305268199513617,3.3306690738754696e-16,True
easygese:maize,Pollen_DAP_days,dnngp,1,2,0,0.9178026560937884,0.9149473713651117,0.917802656093788,4.440892098500626e-16,True
easygese:maize,Pollen_DAP_days,dnngp,1,3,0,0.9267423543597186,0.9263331993651694,0.9267423543597185,1.1102230246251565e-16,True
easygese:maize,Pollen_DAP_days,dnngp,1,4,0,0.9172279331215069,0.9094896532113808,0.9172279331215072,-3.3306690738754696e-16,True
easygese:maize,Pollen_DAP_days,dnngp,1,5,0,0.9180103431171183,0.9158548381355522,0.9180103431171186,-3.3306690738754696e-16,True
easygese:maize,Pollen_DAP_days,dnngp,2,1,0,0.9313669881147119,0.9301617289225147,0.9313669881147124,-5.551115123125783e-16,True
easygese:maize,Pollen_DAP_days,dnngp,2,2,0,0.9150097287645411,0.9115835988059064,0.915009728764542,-8.881784197001252e-16,True
easygese:maize,Pollen_DAP_days,dnngp,2,3,0,0.9226301370047679,0.9207399599150753,0.922630137004768,-1.1102230246251565e-16,True
easygese:maize,Pollen_DAP_days,dnngp,2,4,0,0.9101900349018486,0.9097738847532092,0.9101900349018492,-6.661338147750939e-16,True
easygese:maize,Pollen_DAP_days,dnngp,2,5,0,0.9167122636840602,0.9134945996256632,0.9167122636840604,-2.220446049250313e-16,True
easygese:maize,Pollen_DAP_days,mlp,1,1,0,0.9342745746167064,0.9294814757303078,0.9342745746167066,-2.220446049250313e-16,True
easygese:maize,Pollen_DAP_days,mlp,1,2,0,0.9238299707639231,0.9211923988004252,0.9238299707639236,-4.440892098500626e-16,True
easygese:maize,Pollen_DAP_days,mlp,1,3,0,0.9304030102831526,0.9309268900581259,0.9304030102831525,1.1102230246251565e-16,True
easygese:maize,Pollen_DAP_days,mlp,1,4,0,0.9331321527957909,0.9281171736561343,0.9331321527957903,5.551115123125783e-16,True
easygese:maize,Pollen_DAP_days,mlp,1,5,0,0.9320430881255619,0.9307996521908622,0.932043088125562,-1.1102230246251565e-16,True
easygese:maize,Pollen_DAP_days,mlp,2,1,0,0.929635419261885,0.9266342488887302,0.9296354192618848,2.220446049250313e-16,True
easygese:maize,Pollen_DAP_days,mlp,2,2,0,0.9352966433012241,0.9341006155842345,0.9352966433012236,4.440892098500626e-16,True
easygese:maize,Pollen_DAP_days,mlp,2,3,0,0.9299959276384459,0.9274934112541389,0.9299959276384455,3.3306690738754696e-16,True
easygese:maize,Pollen_DAP_days,mlp,2,4,0,0.9203029367950317,0.9175006117072787,0.920302936795032,-2.220446049250313e-16,True
easygese:maize,Pollen_DAP_days,mlp,2,5,0,0.9248212057508955,0.920483138257726,0.9248212057508955,0.0,True
easygese:maize,Pollen_DAP_days,pnngs,1,1,0,0.8637540983240045,0.8646787233204992,0.8637540983240053,-7.771561172376096e-16,True
easygese:maize,Pollen_DAP_days,pnngs,1,2,0,0.843825064501677,0.8377316959448513,0.8438250645016775,-4.440892098500626e-16,True
easygese:maize,Pollen_DAP_days,pnngs,1,3,0,0.8515641679167637,0.8488485217964634,0.851564167916764,-3.3306690738754696e-16,True
easygese:maize,Pollen_DAP_days,pnngs,1,4,0,0.8555842052078757,0.8503414915183883,0.8555842052078755,2.220446049250313e-16,True
easygese:maize,Pollen_DAP_days,pnngs,1,5,0,0.864289744947832,0.8581396633154855,0.8642897449478313,6.661338147750939e-16,True
easygese:maize,Pollen_DAP_days,pnngs,2,1,0,0.8761710967873039,0.8734143666760275,0.876171096787304,-1.1102230246251565e-16,True
easygese:maize,Pollen_DAP_days,pnngs,2,2,0,0.8734930588062485,0.8661939826708082,0.8734930588062485,0.0,True
easygese:maize,Pollen_DAP_days,pnngs,2,3,0,0.8599650737476366,0.8560260262727982,0.8599650737476371,-4.440892098500626e-16,True
easygese:maize,Pollen_DAP_days,pnngs,2,4,0,0.8486809255769109,0.8424051071061529,0.848680925576911,-1.1102230246251565e-16,True
easygese:maize,Pollen_DAP_days,pnngs,2,5,0,0.8479128218952022,0.8469236787794351,0.8479128218952022,0.0,True
easygese:maize,Pollen_DAP_days,soydngp,1,1,0,0.9160903942520583,0.9116487697822148,0.9160903942520577,5.551115123125783e-16,True
easygese:maize,Pollen_DAP_days,soydngp,1,2,0,0.9091003988030415,0.9069819521832956,0.909100398803041,4.440892098500626e-16,True
easygese:maize,Pollen_DAP_days,soydngp,1,3,0,0.9160583257490146,0.9139896236965113,0.9160583257490147,-1.1102230246251565e-16,True
easygese:maize,Pollen_DAP_days,soydngp,1,4,0,0.910594434284577,0.9085798755048781,0.9105944342845769,1.1102230246251565e-16,True
easygese:maize,Pollen_DAP_days,soydngp,1,5,0,0.9077927436082157,0.905702578626297,0.9077927436082158,-1.1102230246251565e-16,True
easygese:maize,Pollen_DAP_days,soydngp,2,1,0,0.9177729956794671,0.9169270770594158,0.9177729956794678,-6.661338147750939e-16,True
easygese:maize,Pollen_DAP_days,soydngp,2,2,0,0.9138857116831536,0.9125175778766768,0.9138857116831535,1.1102230246251565e-16,True
easygese:maize,Pollen_DAP_days,soydngp,2,3,0,0.9153123847405581,0.9129545346129132,0.9153123847405578,3.3306690738754696e-16,True
easygese:maize,Pollen_DAP_days,soydngp,2,4,0,0.9050351505622038,0.9020836719175751,0.9050351505622041,-2.220446049250313e-16,True
easygese:maize,Pollen_DAP_days,soydngp,2,5,0,0.9110309282227619,0.907725757893308,0.9110309282227614,4.440892098500626e-16,True
easygese:maize,Pollen_DAP_days,transformer,1,1,0,0.9153951788882707,0.911470267985909,0.9153951788882706,1.1102230246251565e-16,True
easygese:maize,Pollen_DAP_days,transformer,1,2,0,0.8991950663316243,0.8970498155111063,0.899195066331624,2.220446049250313e-16,True
easygese:maize,Pollen_DAP_days,transformer,1,3,0,0.9078371765035947,0.9056313145663714,0.9078371765035951,-3.3306690738754696e-16,True
easygese:maize,Pollen_DAP_days,transformer,1,4,0,0.8966002600855599,0.8931914228951185,0.8966002600855596,3.3306690738754696e-16,True
easygese:maize,Pollen_DAP_days,transformer,1,5,0,0.9042594805143908,0.9031026713510617,0.9042594805143905,2.220446049250313e-16,True
easygese:maize,Pollen_DAP_days,transformer,2,1,0,0.9048490247594154,0.8981671257452465,0.9048490247594153,1.1102230246251565e-16,True
easygese:maize,Pollen_DAP_days,transformer,2,2,0,0.9125034805782183,0.9104055018999246,0.9125034805782182,1.1102230246251565e-16,True
easygese:maize,Pollen_DAP_days,transformer,2,3,0,0.8960942955128912,0.8963223515619965,0.8960942955128911,1.1102230246251565e-16,True
easygese:maize,Pollen_DAP_days,transformer,2,4,0,0.8986649013461393,0.8984056122072177,0.8986649013461393,0.0,True
easygese:maize,Pollen_DAP_days,transformer,2,5,0,0.9045636877232125,0.8991005001338989,0.9045636877232126,-1.1102230246251565e-16,True
easygese:maize,Silk_DAP_days,cnn,1,1,0,0.9030938612537494,0.8964418349981346,0.9030938612537491,2.220446049250313e-16,True
easygese:maize,Silk_DAP_days,cnn,1,2,0,0.9054308152136298,0.9020916358163984,0.9054308152136297,1.1102230246251565e-16,True
easygese:maize,Silk_DAP_days,cnn,1,3,0,0.9058998347156298,0.9029877643461391,0.9058998347156302,-3.3306690738754696e-16,True
easygese:maize,Silk_DAP_days,cnn,1,4,0,0.9130251640927922,0.909618032131007,0.9130251640927923,-1.1102230246251565e-16,True
easygese:maize,Silk_DAP_days,cnn,1,5,0,0.9102209612677502,0.9086507901503963,0.91022096126775,2.220446049250313e-16,True
easygese:maize,Silk_DAP_days,cnn,2,1,0,0.9200020016917873,0.9167208865960665,0.9200020016917867,5.551115123125783e-16,True
easygese:maize,Silk_DAP_days,cnn,2,2,0,0.9174588071178842,0.9159227097217761,0.9174588071178839,3.3306690738754696e-16,True
easygese:maize,Silk_DAP_days,cnn,2,3,0,0.9063098517854953,0.9059146823793424,0.9063098517854956,-3.3306690738754696e-16,True
easygese:maize,Silk_DAP_days,cnn,2,4,0,0.9071940757282402,0.9061371866063178,0.9071940757282396,5.551115123125783e-16,True
easygese:maize,Silk_DAP_days,cnn,2,5,0,0.8952990225795,0.8931497500363432,0.8952990225794992,7.771561172376096e-16,True
easygese:maize,Silk_DAP_days,deepgs,1,1,0,0.9270335077022362,0.9246408174211255,0.9270335077022365,-2.220446049250313e-16,True
easygese:maize,Silk_DAP_days,deepgs,1,2,0,0.9265969387709841,0.9227383513407584,0.9265969387709845,-3.3306690738754696e-16,True
easygese:maize,Silk_DAP_days,deepgs,1,3,0,0.9245893755777114,0.9248192071198406,0.9245893755777108,5.551115123125783e-16,True
easygese:maize,Silk_DAP_days,deepgs,1,4,0,0.9233476930269842,0.9260121883104953,0.9233476930269838,3.3306690738754696e-16,True
easygese:maize,Silk_DAP_days,deepgs,1,5,0,0.9171727297326485,0.9179919389174394,0.917172729732649,-4.440892098500626e-16,True
easygese:maize,Silk_DAP_days,deepgs,2,1,0,0.9302901953161563,0.9278329810730447,0.9302901953161566,-3.3306690738754696e-16,True
easygese:maize,Silk_DAP_days,deepgs,2,2,0,0.9288738853619053,0.9301700506550613,0.9288738853619045,7.771561172376096e-16,True
easygese:maize,Silk_DAP_days,deepgs,2,3,0,0.9289308234694993,0.9278988343515907,0.9289308234694994,-1.1102230246251565e-16,True
easygese:maize,Silk_DAP_days,deepgs,2,4,0,0.923986722411118,0.9263299922227696,0.9239867224111188,-7.771561172376096e-16,True
easygese:maize,Silk_DAP_days,deepgs,2,5,0,0.903241335329438,0.9056120063893326,0.9032413353294375,4.440892098500626e-16,True
easygese:maize,Silk_DAP_days,dnngp,1,1,0,0.9135994202246299,0.9077520970595694,0.9135994202246298,1.1102230246251565e-16,True
easygese:maize,Silk_DAP_days,dnngp,1,2,0,0.9233704451440432,0.9172031060668162,0.9233704451440437,-4.440892098500626e-16,True
easygese:maize,Silk_DAP_days,dnngp,1,3,0,0.916275242950796,0.9143483667386859,0.916275242950796,0.0,True
easygese:maize,Silk_DAP_days,dnngp,1,4,0,0.9212968456555953,0.9178868489917175,0.9212968456555953,0.0,True
easygese:maize,Silk_DAP_days,dnngp,1,5,0,0.9167842365024129,0.9129149179775997,0.9167842365024126,3.3306690738754696e-16,True
easygese:maize,Silk_DAP_days,dnngp,2,1,0,0.924764094616484,0.9213274348851023,0.9247640946164841,-1.1102230246251565e-16,True
easygese:maize,Silk_DAP_days,dnngp,2,2,0,0.9281250986831702,0.9227604307717381,0.9281250986831706,-4.440892098500626e-16,True
easygese:maize,Silk_DAP_days,dnngp,2,3,0,0.9220314212861099,0.9199254969190566,0.922031421286111,-1.1102230246251565e-15,True
easygese:maize,Silk_DAP_days,dnngp,2,4,0,0.9161483014643559,0.9171548864532134,0.9161483014643563,-4.440892098500626e-16,True
easygese:maize,Silk_DAP_days,dnngp,2,5,0,0.9007822236665215,0.8993389672830937,0.9007822236665217,-2.220446049250313e-16,True
easygese:maize,Silk_DAP_days,mlp,1,1,0,0.9236943719778635,0.919758492896889,0.9236943719778637,-2.220446049250313e-16,True
easygese:maize,Silk_DAP_days,mlp,1,2,0,0.9216926209215935,0.9174297741194192,0.9216926209215942,-6.661338147750939e-16,True
easygese:maize,Silk_DAP_days,mlp,1,3,0,0.9310427602483777,0.9295586972140296,0.9310427602483776,1.1102230246251565e-16,True
easygese:maize,Silk_DAP_days,mlp,1,4,0,0.9292169948486478,0.9282618725456245,0.9292169948486477,1.1102230246251565e-16,True
easygese:maize,Silk_DAP_days,mlp,1,5,0,0.9179072734625798,0.9148185860593622,0.9179072734625799,-1.1102230246251565e-16,True
easygese:maize,Silk_DAP_days,mlp,2,1,0,0.9333415122640125,0.9288340458685619,0.9333415122640127,-2.220446049250313e-16,True
easygese:maize,Silk_DAP_days,mlp,2,2,0,0.9342694389789595,0.9312865728616104,0.9342694389789595,0.0,True
easygese:maize,Silk_DAP_days,mlp,2,3,0,0.9318615874845624,0.9280302984795422,0.9318615874845625,-1.1102230246251565e-16,True
easygese:maize,Silk_DAP_days,mlp,2,4,0,0.9257966015348008,0.9210433484668913,0.9257966015348014,-5.551115123125783e-16,True
easygese:maize,Silk_DAP_days,mlp,2,5,0,0.9087011660662327,0.90714360825578,0.908701166066233,-2.220446049250313e-16,True
easygese:maize,Silk_DAP_days,pnngs,1,1,0,0.8561703262402348,0.8456063440596255,0.8561703262402347,1.1102230246251565e-16,True
easygese:maize,Silk_DAP_days,pnngs,1,2,0,0.8439104542073221,0.8428535776493822,0.8439104542073216,5.551115123125783e-16,True
easygese:maize,Silk_DAP_days,pnngs,1,3,0,0.855019131366487,0.8501219003976566,0.8550191313664873,-3.3306690738754696e-16,True
easygese:maize,Silk_DAP_days,pnngs,1,4,0,0.8471272729627656,0.8394435615363239,0.8471272729627658,-2.220446049250313e-16,True
easygese:maize,Silk_DAP_days,pnngs,1,5,0,0.8668139987285033,0.8613964251651015,0.8668139987285034,-1.1102230246251565e-16,True
easygese:maize,Silk_DAP_days,pnngs,2,1,0,0.8627151379112199,0.8598076178366939,0.8627151379112195,4.440892098500626e-16,True
easygese:maize,Silk_DAP_days,pnngs,2,2,0,0.8506692820470736,0.8487940070984559,0.8506692820470736,0.0,True
easygese:maize,Silk_DAP_days,pnngs,2,3,0,0.8640758295732622,0.8608082812102211,0.8640758295732629,-6.661338147750939e-16,True
easygese:maize,Silk_DAP_days,pnngs,2,4,0,0.8512141197029277,0.8429494457366423,0.8512141197029282,-4.440892098500626e-16,True
easygese:maize,Silk_DAP_days,pnngs,2,5,0,0.8433897488083424,0.8412971776651672,0.8433897488083427,-3.3306690738754696e-16,True
easygese:maize,Silk_DAP_days,soydngp,1,1,0,0.8982078241961925,0.8970991203601171,0.8982078241961923,2.220446049250313e-16,True
easygese:maize,Silk_DAP_days,soydngp,1,2,0,0.9038165504862873,0.9001027620932929,0.9038165504862872,1.1102230246251565e-16,True
easygese:maize,Silk_DAP_days,soydngp,1,3,0,0.9042303058251343,0.901302893808507,0.9042303058251342,1.1102230246251565e-16,True
easygese:maize,Silk_DAP_days,soydngp,1,4,0,0.9136754996069607,0.9073727391614808,0.9136754996069605,2.220446049250313e-16,True
easygese:maize,Silk_DAP_days,soydngp,1,5,0,0.9042685896550584,0.8982251033797641,0.9042685896550585,-1.1102230246251565e-16,True
easygese:maize,Silk_DAP_days,soydngp,2,1,0,0.9217881977761606,0.9148272574317797,0.9217881977761605,1.1102230246251565e-16,True
easygese:maize,Silk_DAP_days,soydngp,2,2,0,0.916394181021574,0.9157166061526255,0.9163941810215739,1.1102230246251565e-16,True
easygese:maize,Silk_DAP_days,soydngp,2,3,0,0.9125587083886261,0.9095119746568544,0.9125587083886257,3.3306690738754696e-16,True
easygese:maize,Silk_DAP_days,soydngp,2,4,0,0.9050698483021822,0.9066443350468966,0.9050698483021818,3.3306690738754696e-16,True
easygese:maize,Silk_DAP_days,soydngp,2,5,0,0.8873742598853676,0.8896325438594185,0.8873742598853668,7.771561172376096e-16,True
easygese:maize,Silk_DAP_days,transformer,1,1,0,0.8980882107346723,0.8915849474246037,0.8980882107346723,0.0,True
easygese:maize,Silk_DAP_days,transformer,1,2,0,0.9040644440536278,0.89881271264072,0.9040644440536274,4.440892098500626e-16,True
easygese:maize,Silk_DAP_days,transformer,1,3,0,0.8979260586640825,0.8929147623204327,0.8979260586640823,2.220446049250313e-16,True
easygese:maize,Silk_DAP_days,transformer,1,4,0,0.9019543792804228,0.8951915243553037,0.9019543792804232,-4.440892098500626e-16,True
easygese:maize,Silk_DAP_days,transformer,1,5,0,0.8972504776636748,0.8922403890126286,0.8972504776636754,-5.551115123125783e-16,True
easygese:maize,Silk_DAP_days,transformer,2,1,0,0.8988599568395371,0.8937939610789531,0.8988599568395373,-2.220446049250313e-16,True
easygese:maize,Silk_DAP_days,transformer,2,2,0,0.8970354196302117,0.8945806333857611,0.8970354196302116,1.1102230246251565e-16,True
easygese:maize,Silk_DAP_days,transformer,2,3,0,0.9038583998891214,0.8961232514427061,0.9038583998891215,-1.1102230246251565e-16,True
easygese:maize,Silk_DAP_days,transformer,2,4,0,0.9109625917064554,0.9102984183686886,0.9109625917064551,3.3306690738754696e-16,True
easygese:maize,Silk_DAP_days,transformer,2,5,0,0.8820120745533432,0.8820089477695093,0.8820120745533426,5.551115123125783e-16,True
easygese:maize,Yield_Mg_ha,cnn,1,1,0,0.6144110246578431,0.6055366122407558,0.6144110246578426,5.551115123125783e-16,True
easygese:maize,Yield_Mg_ha,cnn,1,2,0,0.5551095404990987,0.5447536958905155,0.5551095404990984,2.220446049250313e-16,True
easygese:maize,Yield_Mg_ha,cnn,1,3,0,0.6190789023103956,0.6123517448403558,0.6190789023103955,1.1102230246251565e-16,True
easygese:maize,Yield_Mg_ha,cnn,1,4,0,0.6148290210889286,0.6106346371411372,0.6148290210889285,1.1102230246251565e-16,True
easygese:maize,Yield_Mg_ha,cnn,1,5,0,0.5965089854867643,0.5836418725426297,0.5965089854867643,0.0,True
easygese:maize,Yield_Mg_ha,cnn,2,1,0,0.5423944235062887,0.5321614968620052,0.542394423506289,-2.220446049250313e-16,True
easygese:maize,Yield_Mg_ha,cnn,2,2,0,0.5824340629059758,0.5750094646149602,0.582434062905976,-2.220446049250313e-16,True
easygese:maize,Yield_Mg_ha,cnn,2,3,0,0.637598178884317,0.6296233587741344,0.6375981788843171,-1.1102230246251565e-16,True
easygese:maize,Yield_Mg_ha,cnn,2,4,0,0.5878004046372916,0.5839826721024007,0.5878004046372917,-1.1102230246251565e-16,True
easygese:maize,Yield_Mg_ha,cnn,2,5,0,0.5744627960953909,0.5668057796485375,0.5744627960953911,-2.220446049250313e-16,True
easygese:maize,Yield_Mg_ha,deepgs,1,1,0,0.6708404091096349,0.6623093800116652,0.6708404091096347,2.220446049250313e-16,True
easygese:maize,Yield_Mg_ha,deepgs,1,2,0,0.6051864935355858,0.5942269049216272,0.6051864935355863,-4.440892098500626e-16,True
easygese:maize,Yield_Mg_ha,deepgs,1,3,0,0.6697660219934148,0.6453789314360058,0.6697660219934148,0.0,True
easygese:maize,Yield_Mg_ha,deepgs,1,4,0,0.6533903177773405,0.6532036495129026,0.6533903177773405,0.0,True
easygese:maize,Yield_Mg_ha,deepgs,1,5,0,0.6302860143576869,0.6298953845375612,0.6302860143576869,0.0,True
easygese:maize,Yield_Mg_ha,deepgs,2,1,0,0.6004611883440333,0.5934886121791929,0.6004611883440333,0.0,True
easygese:maize,Yield_Mg_ha,deepgs,2,2,0,0.6398502842723057,0.6221651827295318,0.6398502842723058,-1.1102230246251565e-16,True
easygese:maize,Yield_Mg_ha,deepgs,2,3,0,0.6822150346901585,0.6736708763583332,0.6822150346901581,4.440892098500626e-16,True
easygese:maize,Yield_Mg_ha,deepgs,2,4,0,0.6761653559057494,0.6677170643428985,0.6761653559057491,3.3306690738754696e-16,True
easygese:maize,Yield_Mg_ha,deepgs,2,5,0,0.6192497694696087,0.6205278458518304,0.6192497694696085,2.220446049250313e-16,True
easygese:maize,Yield_Mg_ha,dnngp,1,1,0,0.6284898304151341,0.6230915321619629,0.6284898304151344,-3.3306690738754696e-16,True
easygese:maize,Yield_Mg_ha,dnngp,1,2,0,0.5820235111195018,0.569816810060998,0.582023511119502,-2.220446049250313e-16,True
easygese:maize,Yield_Mg_ha,dnngp,1,3,0,0.6471205704612968,0.6341148272121251,0.6471205704612978,-9.992007221626409e-16,True
easygese:maize,Yield_Mg_ha,dnngp,1,4,0,0.614977053108221,0.605661988662946,0.6149770531082214,-3.3306690738754696e-16,True
easygese:maize,Yield_Mg_ha,dnngp,1,5,0,0.6028471207035746,0.5918309259917456,0.6028471207035753,-6.661338147750939e-16,True
easygese:maize,Yield_Mg_ha,dnngp,2,1,0,0.5723685473867844,0.5664225566801289,0.5723685473867844,0.0,True
easygese:maize,Yield_Mg_ha,dnngp,2,2,0,0.6040297740304771,0.5864746040569948,0.6040297740304769,2.220446049250313e-16,True
easygese:maize,Yield_Mg_ha,dnngp,2,3,0,0.6392999385005095,0.6282748910352439,0.6392999385005095,0.0,True
easygese:maize,Yield_Mg_ha,dnngp,2,4,0,0.6166783352761935,0.6120619606252802,0.6166783352761934,1.1102230246251565e-16,True
easygese:maize,Yield_Mg_ha,dnngp,2,5,0,0.5735258239604115,0.577074307185717,0.573525823960412,-4.440892098500626e-16,True
easygese:maize,Yield_Mg_ha,mlp,1,1,0,0.6513851186729309,0.6404969382678528,0.6513851186729306,3.3306690738754696e-16,True
easygese:maize,Yield_Mg_ha,mlp,1,2,0,0.6356374659720399,0.6237952092509761,0.6356374659720401,-2.220446049250313e-16,True
easygese:maize,Yield_Mg_ha,mlp,1,3,0,0.6842181984958998,0.6672847192563381,0.6842181984959,-2.220446049250313e-16,True
easygese:maize,Yield_Mg_ha,mlp,1,4,0,0.6493745793404972,0.6431753534891635,0.649374579340497,2.220446049250313e-16,True
easygese:maize,Yield_Mg_ha,mlp,1,5,0,0.6401212212531795,0.6358989703528543,0.6401212212531792,3.3306690738754696e-16,True
easygese:maize,Yield_Mg_ha,mlp,2,1,0,0.6120493998786032,0.587820751841234,0.6120493998786031,1.1102230246251565e-16,True
easygese:maize,Yield_Mg_ha,mlp,2,2,0,0.6493474325782811,0.6402345440731109,0.6493474325782809,2.220446049250313e-16,True
easygese:maize,Yield_Mg_ha,mlp,2,3,0,0.6752484811918106,0.6684294795880672,0.6752484811918104,2.220446049250313e-16,True
easygese:maize,Yield_Mg_ha,mlp,2,4,0,0.6666962852340048,0.6554547197928076,0.6666962852340049,-1.1102230246251565e-16,True
easygese:maize,Yield_Mg_ha,mlp,2,5,0,0.6244152102914912,0.6235308592961161,0.624415210291491,1.1102230246251565e-16,True
easygese:maize,Yield_Mg_ha,pnngs,1,1,0,0.5593863736308637,0.5283324584591864,0.559386373630864,-2.220446049250313e-16,True
easygese:maize,Yield_Mg_ha,pnngs,1,2,0,0.49305267862223484,0.4733312831298403,0.4930526786222348,5.551115123125783e-17,True
easygese:maize,Yield_Mg_ha,pnngs,1,3,0,0.49229095816253654,0.47574688962567113,0.4922909581625368,-2.7755575615628914e-16,True
easygese:maize,Yield_Mg_ha,pnngs,1,4,0,0.5434650285535583,0.5387034139363955,0.5434650285535586,-3.3306690738754696e-16,True
easygese:maize,Yield_Mg_ha,pnngs,1,5,0,0.5138469184803514,0.4956957405344769,0.513846918480351,3.3306690738754696e-16,True
easygese:maize,Yield_Mg_ha,pnngs,2,1,0,0.47855009481450006,0.4747720810099571,0.4785500948145001,-5.551115123125783e-17,True
easygese:maize,Yield_Mg_ha,pnngs,2,2,0,0.5269784561341966,0.5240637533673275,0.5269784561341967,-1.1102230246251565e-16,True
easygese:maize,Yield_Mg_ha,pnngs,2,3,0,0.5927862278961361,0.5818253092206841,0.5927862278961363,-2.220446049250313e-16,True
easygese:maize,Yield_Mg_ha,pnngs,2,4,0,0.5653288590663432,0.5529064045613966,0.5653288590663436,-3.3306690738754696e-16,True
easygese:maize,Yield_Mg_ha,pnngs,2,5,0,0.5511925800879999,0.5482528440665704,0.5511925800879995,3.3306690738754696e-16,True
easygese:maize,Yield_Mg_ha,soydngp,1,1,0,0.5741748229808546,0.5644670263493603,0.5741748229808544,2.220446049250313e-16,True
easygese:maize,Yield_Mg_ha,soydngp,1,2,0,0.5630274479038947,0.5380603991961478,0.5630274479038946,1.1102230246251565e-16,True
easygese:maize,Yield_Mg_ha,soydngp,1,3,0,0.5955603749350077,0.5931798764911915,0.5955603749350076,1.1102230246251565e-16,True
easygese:maize,Yield_Mg_ha,soydngp,1,4,0,0.5814138070194065,0.5743370082084148,0.5814138070194065,0.0,True
easygese:maize,Yield_Mg_ha,soydngp,1,5,0,0.582112475512373,0.5701418152015765,0.5821124755123732,-2.220446049250313e-16,True
easygese:maize,Yield_Mg_ha,soydngp,2,1,0,0.5518791206875829,0.5220839665983045,0.5518791206875828,1.1102230246251565e-16,True
easygese:maize,Yield_Mg_ha,soydngp,2,2,0,0.594804345772437,0.5865999313585695,0.5948043457724371,-1.1102230246251565e-16,True
easygese:maize,Yield_Mg_ha,soydngp,2,3,0,0.6184278277301857,0.6059827516733285,0.618427827730186,-3.3306690738754696e-16,True
easygese:maize,Yield_Mg_ha,soydngp,2,4,0,0.6225799164880769,0.6146035516878027,0.6225799164880773,-4.440892098500626e-16,True
easygese:maize,Yield_Mg_ha,soydngp,2,5,0,0.5488617985432864,0.547517498170996,0.5488617985432864,0.0,True
easygese:maize,Yield_Mg_ha,transformer,1,1,0,0.584054580435306,0.561688794651796,0.5840545804353061,-1.1102230246251565e-16,True
easygese:maize,Yield_Mg_ha,transformer,1,2,0,0.560297802797149,0.5518365872050837,0.5602978027971497,-6.661338147750939e-16,True
easygese:maize,Yield_Mg_ha,transformer,1,3,0,0.5616343233579529,0.549376181291341,0.5616343233579529,0.0,True
easygese:maize,Yield_Mg_ha,transformer,1,4,0,0.5767564786287818,0.5570834711045691,0.576756478628782,-2.220446049250313e-16,True
easygese:maize,Yield_Mg_ha,transformer,1,5,0,0.5553922036768465,0.5491907565313467,0.5553922036768468,-3.3306690738754696e-16,True
easygese:maize,Yield_Mg_ha,transformer,2,1,0,0.5453145450604727,0.536500489622364,0.5453145450604729,-2.220446049250313e-16,True
easygese:maize,Yield_Mg_ha,transformer,2,2,0,0.5643648158752875,0.5643153200249295,0.5643648158752879,-3.3306690738754696e-16,True
easygese:maize,Yield_Mg_ha,transformer,2,3,0,0.5584534890671965,0.5573799936911963,0.5584534890671965,0.0,True
easygese:maize,Yield_Mg_ha,transformer,2,4,0,0.5780536853456368,0.5636701699204602,0.5780536853456366,2.220446049250313e-16,True
easygese:maize,Yield_Mg_ha,transformer,2,5,0,0.5468598484828382,0.5361214209736853,0.5468598484828382,0.0,True
easygese:oyster,daydead,cnn,1,1,0,0.18416163040589298,0.1957564336235384,0.18416163040589298,0.0,True
easygese:oyster,daydead,cnn,1,2,0,0.11302416820680901,0.04866042550098955,0.11302416820680931,-3.0531133177191805e-16,True
easygese:oyster,daydead,cnn,1,3,0,0.4227368042481852,0.43991426475203826,0.4227368042481852,0.0,True
easygese:oyster,daydead,cnn,1,4,0,0.12728519169668845,-0.0010171676990255178,0.12728519169668825,1.942890293094024e-16,True
easygese:oyster,daydead,cnn,1,5,0,0.3593825038547702,0.44655967145110587,0.35938250385477033,-1.1102230246251565e-16,True
easygese:oyster,daydead,cnn,2,1,0,0.20913514123143745,0.35581448316460174,0.2091351412314378,-3.608224830031759e-16,True
easygese:oyster,daydead,cnn,2,2,0,0.3234068622118574,0.3334025927402129,0.32340686221185805,-6.661338147750939e-16,True
easygese:oyster,daydead,cnn,2,3,0,0.38755364895605643,0.2541804356609096,0.38755364895605643,0.0,True
easygese:oyster,daydead,cnn,2,4,0,0.1655930644157187,0.20209105701371063,0.16559306441571867,2.7755575615628914e-17,True
easygese:oyster,daydead,cnn,2,5,0,0.2758739167764007,0.2720123826436404,0.27587391677640055,1.6653345369377348e-16,True
easygese:oyster,daydead,deepgs,1,1,0,0.12373820855414976,0.15152109812367606,0.12373820855414985,-9.71445146547012e-17,True
easygese:oyster,daydead,deepgs,1,2,0,0.23244241162377233,0.27136720645296963,0.23244241162377233,0.0,True
easygese:oyster,daydead,deepgs,1,3,0,0.44710978828234604,0.3468532963180615,0.447109788282346,5.551115123125783e-17,True
easygese:oyster,daydead,deepgs,1,4,0,0.12537680449836355,0.08267375095789248,0.1253768044983636,-5.551115123125783e-17,True
easygese:oyster,daydead,deepgs,1,5,0,0.38994450692318,0.4232603239955107,0.38994450692318006,-5.551115123125783e-17,True
easygese:oyster,daydead,deepgs,2,1,0,0.16952247992945277,0.10389909792909427,0.16952247992945288,-1.1102230246251565e-16,True
easygese:oyster,daydead,deepgs,2,2,0,0.2552452961242579,0.35069290297808947,0.2552452961242579,0.0,True
easygese:oyster,daydead,deepgs,2,3,0,0.25102942304319636,0.2338515577382816,0.25102942304319625,1.1102230246251565e-16,True
easygese:oyster,daydead,deepgs,2,4,0,0.07848792828003784,0.10738236601099503,0.07848792828003782,1.3877787807814457e-17,True
easygese:oyster,daydead,deepgs,2,5,0,0.38907978155354334,0.360850246084815,0.389079781553543,3.3306690738754696e-16,True
easygese:oyster,daydead,dnngp,1,1,0,0.1808259821338967,0.19062696587134223,0.18082598213389692,-2.220446049250313e-16,True
easygese:oyster,daydead,dnngp,1,2,0,0.06591684740585062,0.1036295225601308,0.06591684740585062,0.0,True
easygese:oyster,daydead,dnngp,1,3,0,0.36095999170767634,0.1265865998560659,0.36095999170767634,0.0,True
easygese:oyster,daydead,dnngp,1,4,0,0.054589643610380226,0.09930966629392234,0.05458964361038014,8.326672684688674e-17,True
easygese:oyster,daydead,dnngp,1,5,0,0.25444986740517067,0.21741249147272415,0.2544498674051707,-5.551115123125783e-17,True
easygese:oyster,daydead,dnngp,2,1,0,0.19910638399062042,0.1382368096807579,0.19910638399062042,0.0,True
easygese:oyster,daydead,dnngp,2,2,0,0.33835339795433983,0.2955184895175474,0.3383533979543401,-2.7755575615628914e-16,True
easygese:oyster,daydead,dnngp,2,3,0,0.2067063261761443,0.2319751855682303,0.20670632617614426,2.7755575615628914e-17,True
easygese:oyster,daydead,dnngp,2,4,0,0.15936587929097318,0.20110498563237006,0.1593658792909733,-1.1102230246251565e-16,True
easygese:oyster,daydead,dnngp,2,5,0,0.32835910154163483,0.4392888342885517,0.3283591015416348,5.551115123125783e-17,True
easygese:oyster,daydead,mlp,1,1,0,0.07358623218004764,0.1487860387680715,0.07358623218004766,-1.3877787807814457e-17,True
easygese:oyster,daydead,mlp,1,2,0,0.27381436525790487,0.2190274361906564,0.2738143652579048,5.551115123125783e-17,True
easygese:oyster,daydead,mlp,1,3,0,0.42102325476110586,0.49517587223529386,0.42102325476110586,0.0,True
easygese:oyster,daydead,mlp,1,4,0,0.16468370750196998,0.17778710995046493,0.16468370750197003,-5.551115123125783e-17,True
easygese:oyster,daydead,mlp,1,5,0,0.4233633001575965,0.44529510856985205,0.4233633001575965,0.0,True
easygese:oyster,daydead,mlp,2,1,0,0.16524935832910667,0.053446539369668325,0.16524935832910664,2.7755575615628914e-17,True
easygese:oyster,daydead,mlp,2,2,0,0.3961472445533282,0.4326023498732469,0.39614724455332817,5.551115123125783e-17,True
easygese:oyster,daydead,mlp,2,3,0,0.285267445505525,0.3644213321671333,0.2852674455055252,-1.6653345369377348e-16,True
easygese:oyster,daydead,mlp,2,4,0,0.10055633075784341,0.07030932124079288,0.1005563307578434,1.3877787807814457e-17,True
easygese:oyster,daydead,mlp,2,5,0,0.39901943937801326,0.32864638467590374,0.3990194393780133,-5.551115123125783e-17,True
easygese:oyster,daydead,pnngs,1,1,0,0.15248230628539872,0.0702690157906332,0.15248230628539874,-2.7755575615628914e-17,True
easygese:oyster,daydead,pnngs,1,2,0,0.24101845430298252,0.22967509947632164,0.24101845430298263,-1.1102230246251565e-16,True
easygese:oyster,daydead,pnngs,1,3,0,0.43696909043817617,0.41277306553094095,0.4369690904381759,2.7755575615628914e-16,True
easygese:oyster,daydead,pnngs,1,4,0,0.22331520087224832,0.15513467710878212,0.2233152008722485,-1.6653345369377348e-16,True
easygese:oyster,daydead,pnngs,1,5,0,-0.07377280154388959,-0.16270529490526128,-0.0737728015438913,1.7208456881689926e-15,True
easygese:oyster,daydead,pnngs,2,1,0,0.16577269758152985,0.20632395879759158,0.16577269758152993,-8.326672684688674e-17,True
easygese:oyster,daydead,pnngs,2,2,0,0.2557197292838828,0.3659120994213141,0.25571972928388303,-2.220446049250313e-16,True
easygese:oyster,daydead,pnngs,2,3,0,0.39089846328611416,0.3999121274507973,0.3908984632861142,-5.551115123125783e-17,True
easygese:oyster,daydead,pnngs,2,4,0,0.18366878151628566,0.16843013769396356,0.18366878151628566,0.0,True
easygese:oyster,daydead,pnngs,2,5,0,0.41521938919003304,0.4193628248836753,0.41521938919003337,-3.3306690738754696e-16,True
easygese:oyster,daydead,soydngp,1,1,0,0.18229413319087104,0.22468438237482494,0.18229413319087084,1.942890293094024e-16,True
easygese:oyster,daydead,soydngp,1,2,0,0.31179012833126485,0.28158711673998504,0.31179012833126496,-1.1102230246251565e-16,True
easygese:oyster,daydead,soydngp,1,3,0,0.515666443279304,0.4807593277646292,0.5156664432793034,5.551115123125783e-16,True
easygese:oyster,daydead,soydngp,1,4,0,0.08436913822795453,0.07405642664037249,0.08436913822796673,-1.2198575483068907e-14,True
easygese:oyster,daydead,soydngp,1,5,0,0.11066850542120707,0.10808268886228282,0.11066850542121272,-5.648259637780484e-15,True
easygese:oyster,daydead,soydngp,2,1,0,0.3306888755089552,0.3619041587297859,0.3306888755089552,0.0,True
easygese:oyster,daydead,soydngp,2,2,0,0.4523994789544416,0.4317525926956513,0.45239947895443994,1.6653345369377348e-15,True
easygese:oyster,daydead,soydngp,2,3,0,0.3777773998443264,0.40252978301127473,0.37777739984432634,5.551115123125783e-17,True
easygese:oyster,daydead,soydngp,2,4,0,0.29521329501705484,0.3331478504193555,0.29521329501705496,-1.1102230246251565e-16,True
easygese:oyster,daydead,soydngp,2,5,0,0.44362183497719254,0.45148349834489243,0.44362183497719265,-1.1102230246251565e-16,True
easygese:oyster,daydead,transformer,1,1,0,-0.1896758504836795,-0.23652013331568963,-0.18967585048367952,2.7755575615628914e-17,True
easygese:oyster,daydead,transformer,1,2,0,0.19546043958269615,0.24637535218564774,0.19546043958269618,-2.7755575615628914e-17,True
easygese:oyster,daydead,transformer,1,3,0,0.44247004550108143,0.36636795670624434,0.4424700455010817,-2.7755575615628914e-16,True
easygese:oyster,daydead,transformer,1,4,0,0.1466402000706617,0.14316082559400545,0.1466402000706616,8.326672684688674e-17,True
easygese:oyster,daydead,transformer,1,5,0,0.3624853116274487,0.4743636510838441,0.3624853116274486,5.551115123125783e-17,True
easygese:oyster,daydead,transformer,2,1,0,0.28037708610141093,0.2165587858568175,0.2803770861014109,5.551115123125783e-17,True
easygese:oyster,daydead,transformer,2,2,0,0.33722268496666635,0.14520583489699426,0.33722268496666613,2.220446049250313e-16,True
easygese:oyster,daydead,transformer,2,3,0,0.3505981523530644,0.33804743163729395,0.35059815235306435,5.551115123125783e-17,True
easygese:oyster,daydead,transformer,2,4,0,-0.04316998310376003,-0.0004514784496198213,-0.04316998310375999,-4.163336342344337e-17,True
easygese:oyster,daydead,transformer,2,5,0,0.3545368710341871,0.4066521506369333,0.354536871034187,5.551115123125783e-17,True
easygese:oyster,mm,cnn,1,1,0,0.38573769650446793,0.3910177705456394,0.3857376965044657,2.220446049250313e-15,True
easygese:oyster,mm,cnn,1,2,0,0.47478007642558706,0.4364143659903045,0.47478007642558717,-1.1102230246251565e-16,True
easygese:oyster,mm,cnn,1,3,0,0.4558645712476705,0.4336408497364579,0.4558645712476711,-6.106226635438361e-16,True
easygese:oyster,mm,cnn,1,4,0,0.3644747868682702,0.31561956814927505,0.3644747868682705,-3.3306690738754696e-16,True
easygese:oyster,mm,cnn,1,5,0,0.29871351370223054,0.2562228044178748,0.2987135137022303,2.220446049250313e-16,True
easygese:oyster,mm,cnn,2,1,0,0.45078673464755825,0.39369731314687256,0.45078673464755964,-1.3877787807814457e-15,True
easygese:oyster,mm,cnn,2,2,0,0.5053815622076517,0.5142836821466655,0.5053815622076521,-3.3306690738754696e-16,True
easygese:oyster,mm,cnn,2,3,0,0.4489150651447229,0.43167347199221623,0.44891506514472285,5.551115123125783e-17,True
easygese:oyster,mm,cnn,2,4,0,0.2242511728917221,0.2404115618365732,0.2242511728917225,-3.885780586188048e-16,True
easygese:oyster,mm,cnn,2,5,0,0.542435529160326,0.47902257765620765,0.5424355291603267,-6.661338147750939e-16,True
easygese:oyster,mm,deepgs,1,1,0,0.4088711037180045,0.44465166506906706,0.40887110371800434,1.6653345369377348e-16,True
easygese:oyster,mm,deepgs,1,2,0,0.5397466340031332,0.5349906847370172,0.5397466340031325,6.661338147750939e-16,True
easygese:oyster,mm,deepgs,1,3,0,0.4552665766440379,0.34125230584651894,0.45526657664403786,5.551115123125783e-17,True
easygese:oyster,mm,deepgs,1,4,0,0.36088986538181034,0.3177403030719057,0.3608898653818099,4.440892098500626e-16,True
easygese:oyster,mm,deepgs,1,5,0,0.2350693173446982,0.31852085619628906,0.23506931734469835,-1.6653345369377348e-16,True
easygese:oyster,mm,deepgs,2,1,0,0.355074002172398,0.33216245650979254,0.35507400217239743,5.551115123125783e-16,True
easygese:oyster,mm,deepgs,2,2,0,0.4769493062177031,0.4516200398891282,0.47694930621770304,5.551115123125783e-17,True
easygese:oyster,mm,deepgs,2,3,0,0.3026089431346782,0.3267622125705518,0.30260894313467823,-5.551115123125783e-17,True
easygese:oyster,mm,deepgs,2,4,0,0.27155912728614157,0.22537174352041486,0.2715591272861417,-1.1102230246251565e-16,True
easygese:oyster,mm,deepgs,2,5,0,0.5734993525580476,0.5726565256895823,0.5734993525580473,3.3306690738754696e-16,True
easygese:oyster,mm,dnngp,1,1,0,0.356154568796858,0.4061438275862966,0.356154568796858,0.0,True
easygese:oyster,mm,dnngp,1,2,0,0.48063934397165353,0.45795994017694164,0.4806393439716534,1.1102230246251565e-16,True
easygese:oyster,mm,dnngp,1,3,0,0.5754275221876466,0.5144410053318628,0.5754275221876469,-3.3306690738754696e-16,True
easygese:oyster,mm,dnngp,1,4,0,0.2333818222908024,0.18502882507444104,0.23338182229080248,-8.326672684688674e-17,True
easygese:oyster,mm,dnngp,1,5,0,0.28219808438040367,0.18692012641671946,0.2821980843804038,-1.1102230246251565e-16,True
easygese:oyster,mm,dnngp,2,1,0,0.3678123682216503,0.3964339378574093,0.3678123682216499,3.885780586188048e-16,True
easygese:oyster,mm,dnngp,2,2,0,0.4416015312282737,0.3571752898411656,0.44160153122827367,5.551115123125783e-17,True
easygese:oyster,mm,dnngp,2,3,0,0.4269461991741607,0.43237879946456237,0.4269461991741605,2.220446049250313e-16,True
easygese:oyster,mm,dnngp,2,4,0,0.29338587268465727,0.23334309036315096,0.29338587268465705,2.220446049250313e-16,True
easygese:oyster,mm,dnngp,2,5,0,0.5204175849874061,0.5187792434642741,0.5204175849874063,-2.220446049250313e-16,True
easygese:oyster,mm,mlp,1,1,0,0.5807482774995152,0.5070299821978762,0.5807482774995155,-3.3306690738754696e-16,True
easygese:oyster,mm,mlp,1,2,0,0.5335072525116492,0.5270869105539975,0.5335072525116493,-1.1102230246251565e-16,True
easygese:oyster,mm,mlp,1,3,0,0.49693006642848436,0.47983526906522644,0.4969300664284848,-4.440892098500626e-16,True
easygese:oyster,mm,mlp,1,4,0,0.31228240376272337,0.33782338480574037,0.31228240376272337,0.0,True
easygese:oyster,mm,mlp,1,5,0,0.21692861873223482,0.28077243440167976,0.21692861873223476,5.551115123125783e-17,True
easygese:oyster,mm,mlp,2,1,0,0.3863418256447231,0.3985426923493524,0.38634182564472297,1.1102230246251565e-16,True
easygese:oyster,mm,mlp,2,2,0,0.463390442551509,0.39590892805326283,0.4633904425515089,1.1102230246251565e-16,True
easygese:oyster,mm,mlp,2,3,0,0.4275277483716945,0.40539637774064,0.42752774837169477,-2.7755575615628914e-16,True
easygese:oyster,mm,mlp,2,4,0,0.3486246379025533,0.3110572528390674,0.3486246379025531,2.220446049250313e-16,True
easygese:oyster,mm,mlp,2,5,0,0.5027235969263126,0.495121465503297,0.5027235969263127,-1.1102230246251565e-16,True
easygese:oyster,mm,pnngs,1,1,0,0.4239417482421857,0.3300061955370353,0.42394174824218533,3.885780586188048e-16,True
easygese:oyster,mm,pnngs,1,2,0,0.35298590873173696,0.3365365793312318,0.35298590873173813,-1.1657341758564144e-15,True
easygese:oyster,mm,pnngs,1,3,0,0.4296872154944891,0.3188906084953094,0.4296872154944895,-3.885780586188048e-16,True
easygese:oyster,mm,pnngs,1,4,0,0.21559283901381457,0.19943504625970923,0.21559283901381515,-5.828670879282072e-16,True
easygese:oyster,mm,pnngs,1,5,0,0.30186611786990314,0.21251009984946503,0.30186611786990275,3.885780586188048e-16,True
easygese:oyster,mm,pnngs,2,1,0,0.3593589859727552,0.3260990113493813,0.35935898597275556,-3.885780586188048e-16,True
easygese:oyster,mm,pnngs,2,2,0,0.44138610062290445,0.383213720922899,0.4413861006229036,8.326672684688674e-16,True
easygese:oyster,mm,pnngs,2,3,0,0.3796691996819544,0.3379933034671507,0.3796691996819546,-2.220446049250313e-16,True
easygese:oyster,mm,pnngs,2,4,0,0.20905064454637187,0.24750361247570882,0.20905064454637154,3.3306690738754696e-16,True
easygese:oyster,mm,pnngs,2,5,0,0.573316453488389,0.5022343965408931,0.5733164534883898,-7.771561172376096e-16,True
easygese:oyster,mm,soydngp,1,1,0,0.39875866283028844,0.35927249684014767,0.3987586628302892,-7.771561172376096e-16,True
easygese:oyster,mm,soydngp,1,2,0,0.5474450754802306,0.5320408282133154,0.5474450754802306,0.0,True
easygese:oyster,mm,soydngp,1,3,0,0.5818063947148362,0.445688383007907,0.5818063947148355,6.661338147750939e-16,True
easygese:oyster,mm,soydngp,1,4,0,0.3449265989763774,0.38886917726196446,0.3449265989763772,2.220446049250313e-16,True
easygese:oyster,mm,soydngp,1,5,0,0.17601850864471297,0.1606494376924275,0.17601850864471363,-6.661338147750939e-16,True
easygese:oyster,mm,soydngp,2,1,0,0.337788842923073,0.32789034395570915,0.337788842923073,0.0,True
easygese:oyster,mm,soydngp,2,2,0,0.4591298303594063,0.4466474564676573,0.45912983035940663,-3.3306690738754696e-16,True
easygese:oyster,mm,soydngp,2,3,0,0.448417153223669,0.48820720496885434,0.44841715322366926,-2.7755575615628914e-16,True
easygese:oyster,mm,soydngp,2,4,0,0.21532072455198054,0.1454875773528537,0.2153207245519791,1.4432899320127035e-15,True
easygese:oyster,mm,soydngp,2,5,0,0.428660121095839,0.38032312582208794,0.42866012109583895,5.551115123125783e-17,True
easygese:oyster,mm,transformer,1,1,0,0.34876761177092974,0.358517871506385,0.3487676117709295,2.220446049250313e-16,True
easygese:oyster,mm,transformer,1,2,0,0.49186899323569433,0.4692124095191615,0.49186899323569383,4.996003610813204e-16,True
easygese:oyster,mm,transformer,1,3,0,0.5142319337824842,0.4733320353006191,0.5142319337824844,-2.220446049250313e-16,True
easygese:oyster,mm,transformer,1,4,0,0.3410263596675939,0.3283190001552535,0.34102635966759404,-1.1102230246251565e-16,True
easygese:oyster,mm,transformer,1,5,0,0.2029233581729338,0.2317340028734386,0.2029233581729337,1.1102230246251565e-16,True
easygese:oyster,mm,transformer,2,1,0,0.32043225839848166,0.351947394731933,0.32043225839848155,1.1102230246251565e-16,True
easygese:oyster,mm,transformer,2,2,0,0.4841318649459027,0.4689941502282489,0.48413186494590277,-5.551115123125783e-17,True
easygese:oyster,mm,transformer,2,3,0,0.4133690396148714,0.36939313247746036,0.4133690396148715,-5.551115123125783e-17,True
easygese:oyster,mm,transformer,2,4,0,0.2928173275938923,0.3163911357525986,0.29281732759389245,-1.6653345369377348e-16,True
easygese:oyster,mm,transformer,2,5,0,0.4803561490647173,0.3987268299831609,0.4803561490647175,-2.220446049250313e-16,True
easygese:pig,MS,cnn,1,1,0,0.11843979015349713,0.0733887851297544,0.11843979015349726,-1.249000902703301e-16,True
easygese:pig,MS,cnn,1,2,0,0.17097808764758277,0.17315582859612083,0.17097808764758363,-8.604228440844963e-16,True
easygese:pig,MS,cnn,1,3,0,0.21327168479458206,0.25175670570877784,0.21327168479458197,8.326672684688674e-17,True
easygese:pig,MS,cnn,1,4,0,0.2667555777362543,0.24128639388005352,0.26675557773625413,1.6653345369377348e-16,True
easygese:pig,MS,cnn,1,5,0,0.21715231086233813,0.14121707580878853,0.21715231086233813,0.0,True
easygese:pig,MS,cnn,2,1,0,0.27903215350978683,0.27375726415097923,0.27903215350978655,2.7755575615628914e-16,True
easygese:pig,MS,cnn,2,2,0,0.25800709935106453,0.2654399049241362,0.25800709935106486,-3.3306690738754696e-16,True
easygese:pig,MS,cnn,2,3,0,0.19569917283861704,0.202518989399339,0.19569917283861704,0.0,True
easygese:pig,MS,cnn,2,4,0,0.15693856853456206,0.1644618524223379,0.156938568534562,5.551115123125783e-17,True
easygese:pig,MS,cnn,2,5,0,0.31663644929025136,0.31188412266758847,0.3166364492902515,-1.1102230246251565e-16,True
easygese:pig,MS,deepgs,1,1,0,0.2726623935047893,0.23754807672315215,0.2726623935047894,-5.551115123125783e-17,True
easygese:pig,MS,deepgs,1,2,0,0.26511929169300713,0.26412751469916335,0.2651192916930072,-5.551115123125783e-17,True
easygese:pig,MS,deepgs,1,3,0,0.3910525772450011,0.34292852873220747,0.3910525772450009,1.6653345369377348e-16,True
easygese:pig,MS,deepgs,1,4,0,0.2718704195209569,0.2731923692694791,0.27187041952095686,5.551115123125783e-17,True
easygese:pig,MS,deepgs,1,5,0,0.31855196608268066,0.36162305208508927,0.3185519660826806,5.551115123125783e-17,True
easygese:pig,MS,deepgs,2,1,0,0.27810834721335254,0.2568004437686866,0.2781083472133525,5.551115123125783e-17,True
easygese:pig,MS,deepgs,2,2,0,0.25198717353948497,0.28592616897898976,0.2519871735394848,1.6653345369377348e-16,True
easygese:pig,MS,deepgs,2,3,0,0.27830260124824974,0.25736115913663166,0.2783026012482499,-1.6653345369377348e-16,True
easygese:pig,MS,deepgs,2,4,0,0.225704373724124,0.24452771884315233,0.22570437372412397,2.7755575615628914e-17,True
easygese:pig,MS,deepgs,2,5,0,0.3569309742266368,0.32843025696637407,0.35693097422663683,-5.551115123125783e-17,True
easygese:pig,MS,dnngp,1,1,0,0.2303665323154919,0.20452578962350942,0.23036653231549173,1.6653345369377348e-16,True
easygese:pig,MS,dnngp,1,2,0,0.25106219182749495,0.25612294097150445,0.2510621918274949,5.551115123125783e-17,True
easygese:pig,MS,dnngp,1,3,0,0.3116197392923743,0.30548812147086424,0.31161973929237424,5.551115123125783e-17,True
easygese:pig,MS,dnngp,1,4,0,0.2630934711886634,0.23965141519777308,0.26309347118866333,5.551115123125783e-17,True
easygese:pig,MS,dnngp,1,5,0,0.2872410222440544,0.27143708281321793,0.2872410222440544,0.0,True
easygese:pig,MS,dnngp,2,1,0,0.1895012436332637,0.12558086829549805,0.18950124363326384,-1.3877787807814457e-16,True
easygese:pig,MS,dnngp,2,2,0,0.2782205067626697,0.2766561223844145,0.2782205067626696,1.1102230246251565e-16,True
easygese:pig,MS,dnngp,2,3,0,0.22733155700123137,0.25980486652700924,0.22733155700123145,-8.326672684688674e-17,True
easygese:pig,MS,dnngp,2,4,0,0.23472931037202907,0.17776680931999575,0.2347293103720293,-2.220446049250313e-16,True
easygese:pig,MS,dnngp,2,5,0,0.3568647757891228,0.3564334240369506,0.3568647757891226,1.6653345369377348e-16,True
easygese:pig,MS,mlp,1,1,0,0.28175372100216417,0.2567072978935592,0.28175372100216417,0.0,True
easygese:pig,MS,mlp,1,2,0,0.303605195306535,0.3045902768724748,0.3036051953065353,-2.7755575615628914e-16,True
easygese:pig,MS,mlp,1,3,0,0.3111259453695506,0.2811265820026409,0.3111259453695505,1.1102230246251565e-16,True
easygese:pig,MS,mlp,1,4,0,0.33055224750640994,0.34062341217744124,0.3305522475064101,-1.6653345369377348e-16,True
easygese:pig,MS,mlp,1,5,0,0.3346852726412136,0.2893716970464361,0.3346852726412135,1.1102230246251565e-16,True
easygese:pig,MS,mlp,2,1,0,0.2815460101176483,0.30627110877550523,0.2815460101176484,-1.1102230246251565e-16,True
easygese:pig,MS,mlp,2,2,0,0.28485080833748994,0.2188659686376904,0.2848508083374899,5.551115123125783e-17,True
easygese:pig,MS,mlp,2,3,0,0.2787752898869457,0.25933488591279347,0.2787752898869457,0.0,True
easygese:pig,MS,mlp,2,4,0,0.29198377447220697,0.24995170176093226,0.29198377447220714,-1.6653345369377348e-16,True
easygese:pig,MS,mlp,2,5,0,0.4216790569438054,0.41069975790641133,0.42167905694380553,-1.1102230246251565e-16,True
easygese:pig,MS,pnngs,1,1,0,0.2143666566075324,0.1807344062352904,0.21436665660753254,-1.3877787807814457e-16,True
easygese:pig,MS,pnngs,1,2,0,0.20227647351770556,0.2046379796563732,0.2022764735177054,1.6653345369377348e-16,True
easygese:pig,MS,pnngs,1,3,0,0.2731207381131128,0.2756908656058831,0.2731207381131127,1.1102230246251565e-16,True
easygese:pig,MS,pnngs,1,4,0,0.20584578212320515,0.17921044467309952,0.2058457821232051,5.551115123125783e-17,True
easygese:pig,MS,pnngs,1,5,0,0.2277429386245231,0.20706196953005065,0.227742938624523,1.1102230246251565e-16,True
easygese:pig,MS,pnngs,2,1,0,0.20551147040372683,0.23840187405017985,0.2055114704037268,2.7755575615628914e-17,True
easygese:pig,MS,pnngs,2,2,0,0.24295617555680885,0.23735217349361068,0.24295617555680882,2.7755575615628914e-17,True
easygese:pig,MS,pnngs,2,3,0,0.2200173800300717,0.29868568266093865,0.22001738003007182,-1.1102230246251565e-16,True
easygese:pig,MS,pnngs,2,4,0,0.13776511470423541,0.18232633983122873,0.13776511470423553,-1.1102230246251565e-16,True
easygese:pig,MS,pnngs,2,5,0,0.24626002580131776,0.2520828808063704,0.24626002580131773,2.7755575615628914e-17,True
easygese:pig,MS,soydngp,1,1,0,0.25063394173112474,0.2303185615642473,0.25063394173112485,-1.1102230246251565e-16,True
easygese:pig,MS,soydngp,1,2,0,0.2747498593243064,0.23466128646120182,0.27474985932430646,-5.551115123125783e-17,True
easygese:pig,MS,soydngp,1,3,0,0.1709933790113908,0.16700924132832715,0.1709933790113901,6.938893903907228e-16,True
easygese:pig,MS,soydngp,1,4,0,0.328915883546888,0.3235632425588203,0.32891588354688783,1.6653345369377348e-16,True
easygese:pig,MS,soydngp,1,5,0,0.23486890921413245,0.24652439653657618,0.2348689092141325,-5.551115123125783e-17,True
easygese:pig,MS,soydngp,2,1,0,0.19815464235296582,0.19692196424084205,0.19815464235296584,-2.7755575615628914e-17,True
easygese:pig,MS,soydngp,2,2,0,0.2825459498161623,0.25176188394825877,0.2825459498161624,-5.551115123125783e-17,True
easygese:pig,MS,soydngp,2,3,0,0.29005531263107864,0.26405449425096467,0.2900553126310787,-5.551115123125783e-17,True
easygese:pig,MS,soydngp,2,4,0,0.22552938883855567,0.24041058762760667,0.22552938883855556,1.1102230246251565e-16,True
easygese:pig,MS,soydngp,2,5,0,0.390618589422221,0.35616461827852836,0.3906185894222209,1.1102230246251565e-16,True
easygese:pig,MS,transformer,1,1,0,0.253571090208036,0.23637738830912747,0.25357109020803587,1.1102230246251565e-16,True
easygese:pig,MS,transformer,1,2,0,0.2707529258586222,0.2605664354021272,0.2707529258586221,1.1102230246251565e-16,True
easygese:pig,MS,transformer,1,3,0,0.3542396890385627,0.3213974840299588,0.35423968903856273,-5.551115123125783e-17,True
easygese:pig,MS,transformer,1,4,0,0.24618308849896653,0.25393507404468724,0.24618308849896642,1.1102230246251565e-16,True
easygese:pig,MS,transformer,1,5,0,0.25429200255729584,0.2584562652807516,0.2542920025572958,5.551115123125783e-17,True
easygese:pig,MS,transformer,2,1,0,0.27113171070648884,0.2914126526845741,0.27113171070648884,0.0,True
easygese:pig,MS,transformer,2,2,0,0.23751267052302363,0.23421458168390155,0.2375126705230236,2.7755575615628914e-17,True
easygese:pig,MS,transformer,2,3,0,0.2644156794788982,0.21883300096522756,0.2644156794788984,-1.6653345369377348e-16,True
easygese:pig,MS,transformer,2,4,0,0.22659124575679607,0.188727289861873,0.22659124575679615,-8.326672684688674e-17,True
easygese:pig,MS,transformer,2,5,0,0.3276368965703563,0.30510594039744665,0.3276368965703565,-2.220446049250313e-16,True
easygese:pig,PFAI,cnn,1,1,0,0.13914178811088193,0.11004299734878117,0.1391417881108821,-1.6653345369377348e-16,True
easygese:pig,PFAI,cnn,1,2,0,0.1656605081766204,0.13176921389761756,0.1656605081766206,-1.942890293094024e-16,True
easygese:pig,PFAI,cnn,1,3,0,0.24015514748130656,0.21386779868453204,0.24015514748130642,1.3877787807814457e-16,True
easygese:pig,PFAI,cnn,1,4,0,0.22432205614691667,0.22126027903399362,0.22432205614691675,-8.326672684688674e-17,True
easygese:pig,PFAI,cnn,1,5,0,0.14644627686533412,0.19950507950215418,0.14644627686533412,0.0,True
easygese:pig,PFAI,cnn,2,1,0,0.2361458076096365,0.2821620865000606,0.23614580760963624,2.498001805406602e-16,True
easygese:pig,PFAI,cnn,2,2,0,0.1698503882536234,0.19619179694075087,0.16985038825362356,-1.6653345369377348e-16,True
easygese:pig,PFAI,cnn,2,3,0,0.10428393128567304,0.05400951766857339,0.104283931285673,4.163336342344337e-17,True
easygese:pig,PFAI,cnn,2,4,0,0.16039566137401198,0.15380927258171342,0.16039566137401196,2.7755575615628914e-17,True
easygese:pig,PFAI,cnn,2,5,0,0.2683182858690945,0.24503454595822133,0.2683182858690943,2.220446049250313e-16,True
easygese:pig,PFAI,deepgs,1,1,0,0.21025074343428313,0.1742787541473048,0.21025074343428304,8.326672684688674e-17,True
easygese:pig,PFAI,deepgs,1,2,0,0.209719794009407,0.23093654976441086,0.20971979400940702,-2.7755575615628914e-17,True
easygese:pig,PFAI,deepgs,1,3,0,0.26731364728533435,0.31758662787527264,0.2673136472853345,-1.6653345369377348e-16,True
easygese:pig,PFAI,deepgs,1,4,0,0.23394185380169902,0.2410033951334336,0.23394185380169913,-1.1102230246251565e-16,True
easygese:pig,PFAI,deepgs,1,5,0,0.2897511732846143,0.30131562811147033,0.2897511732846142,1.1102230246251565e-16,True
easygese:pig,PFAI,deepgs,2,1,0,0.24645799405736873,0.2683114716776867,0.2464579940573687,2.7755575615628914e-17,True
easygese:pig,PFAI,deepgs,2,2,0,0.18915489981739853,0.16081993814416623,0.1891548998173984,1.3877787807814457e-16,True
easygese:pig,PFAI,deepgs,2,3,0,0.20870821430959363,0.23644472146760814,0.2087082143095936,2.7755575615628914e-17,True
easygese:pig,PFAI,deepgs,2,4,0,0.22447364851038576,0.24133738848339015,0.2244736485103857,5.551115123125783e-17,True
easygese:pig,PFAI,deepgs,2,5,0,0.34794809246585273,0.3501394127877115,0.34794809246585306,-3.3306690738754696e-16,True
easygese:pig,PFAI,dnngp,1,1,0,0.2528193910951371,0.28081109054106185,0.25281939109513707,5.551115123125783e-17,True
easygese:pig,PFAI,dnngp,1,2,0,0.24341361151262922,0.2085547323216834,0.24341361151262925,-2.7755575615628914e-17,True
easygese:pig,PFAI,dnngp,1,3,0,0.2980695123368567,0.2464436518889562,0.29806951233685675,-5.551115123125783e-17,True
easygese:pig,PFAI,dnngp,1,4,0,0.21274607118546682,0.2417952832067178,0.2127460711854667,1.1102230246251565e-16,True
easygese:pig,PFAI,dnngp,1,5,0,0.23143154400707658,0.2239257344029908,0.2314315440070767,-1.1102230246251565e-16,True
easygese:pig,PFAI,dnngp,2,1,0,0.13537175022592504,0.12237750056423423,0.13537175022592504,0.0,True
easygese:pig,PFAI,dnngp,2,2,0,0.22861673480645506,0.3282460490775873,0.2286167348064552,-1.3877787807814457e-16,True
easygese:pig,PFAI,dnngp,2,3,0,0.1755558243220379,0.18659043725063768,0.1755558243220378,8.326672684688674e-17,True
easygese:pig,PFAI,dnngp,2,4,0,0.2248669660997445,0.1770522079350255,0.22486696609974455,-5.551115123125783e-17,True
easygese:pig,PFAI,dnngp,2,5,0,0.35603440882286913,0.33048588942006485,0.35603440882286924,-1.1102230246251565e-16,True
easygese:pig,PFAI,mlp,1,1,0,0.2398623837169157,0.2392950953714842,0.23986238371691573,-2.7755575615628914e-17,True
easygese:pig,PFAI,mlp,1,2,0,0.26387706643838016,0.25251644668164575,0.26387706643838027,-1.1102230246251565e-16,True
easygese:pig,PFAI,mlp,1,3,0,0.29817385656107265,0.313083972582755,0.2981738565610728,-1.6653345369377348e-16,True
easygese:pig,PFAI,mlp,1,4,0,0.31110472863392197,0.2888168440735139,0.3111047286339218,1.6653345369377348e-16,True
easygese:pig,PFAI,mlp,1,5,0,0.30825461460733605,0.28700630911204633,0.3082546146073362,-1.6653345369377348e-16,True
easygese:pig,PFAI,mlp,2,1,0,0.24394429432986126,0.28183593540090884,0.24394429432986114,1.1102230246251565e-16,True
easygese:pig,PFAI,mlp,2,2,0,0.21086039159096642,0.17545948545951592,0.21086039159096645,-2.7755575615628914e-17,True
easygese:pig,PFAI,mlp,2,3,0,0.17661959865911217,0.15635371597126885,0.17661959865911211,5.551115123125783e-17,True
easygese:pig,PFAI,mlp,2,4,0,0.27961244940805535,0.2649236094459536,0.2796124494080555,-1.6653345369377348e-16,True
easygese:pig,PFAI,mlp,2,5,0,0.3728471268366904,0.3532372371969423,0.37284712683669063,-2.220446049250313e-16,True
easygese:pig,PFAI,pnngs,1,1,0,0.19055429597957968,0.18877015766181102,0.19055429597957976,-8.326672684688674e-17,True
easygese:pig,PFAI,pnngs,1,2,0,0.13080956450451584,0.10601832480311871,0.13080956450451572,1.1102230246251565e-16,True
easygese:pig,PFAI,pnngs,1,3,0,0.19117393151684303,0.19409489317364198,0.19117393151684278,2.498001805406602e-16,True
easygese:pig,PFAI,pnngs,1,4,0,0.17308802710072266,0.16874170663597107,0.1730880271007227,-5.551115123125783e-17,True
easygese:pig,PFAI,pnngs,1,5,0,0.12032996161253136,0.11904908828766785,0.12032996161253132,4.163336342344337e-17,True
easygese:pig,PFAI,pnngs,2,1,0,0.17780102882696278,0.2113741063462031,0.17780102882696264,1.3877787807814457e-16,True
easygese:pig,PFAI,pnngs,2,2,0,0.1798808343638877,0.10689518241728055,0.17988083436388763,5.551115123125783e-17,True
easygese:pig,PFAI,pnngs,2,3,0,0.13919565864265504,0.16461806109692537,0.13919565864265498,5.551115123125783e-17,True
easygese:pig,PFAI,pnngs,2,4,0,0.14213322960757233,0.2047713614659428,0.14213322960757233,0.0,True
easygese:pig,PFAI,pnngs,2,5,0,0.2515299211300958,0.2409443280993406,0.2515299211300957,1.1102230246251565e-16,True
easygese:pig,PFAI,soydngp,1,1,0,0.1466584280998281,0.17192208143363932,0.14665842809982815,-5.551115123125783e-17,True
easygese:pig,PFAI,soydngp,1,2,0,0.25561004189971515,0.2526119038049198,0.25561004189971503,1.1102230246251565e-16,True
easygese:pig,PFAI,soydngp,1,3,0,0.20605153443602953,0.20190779770852318,0.20605153443602947,5.551115123125783e-17,True
easygese:pig,PFAI,soydngp,1,4,0,0.31333344713586453,0.3164325783897279,0.31333344713586486,-3.3306690738754696e-16,True
easygese:pig,PFAI,soydngp,1,5,0,0.19141410326527794,0.1287941981134042,0.191414103265278,-5.551115123125783e-17,True
easygese:pig,PFAI,soydngp,2,1,0,0.1648447492191873,0.20785425615395137,0.16484474921918732,-2.7755575615628914e-17,True
easygese:pig,PFAI,soydngp,2,2,0,0.23950262259506233,0.22554432512995834,0.23950262259506228,5.551115123125783e-17,True
easygese:pig,PFAI,soydngp,2,3,0,0.2553795730287025,0.22550593322685777,0.2553795730287025,0.0,True
easygese:pig,PFAI,soydngp,2,4,0,0.17203540056362984,0.19576457831361718,0.17203540056362981,2.7755575615628914e-17,True
easygese:pig,PFAI,soydngp,2,5,0,0.26986025079771636,0.3074219574896178,0.26986025079771636,0.0,True
easygese:pig,PFAI,transformer,1,1,0,0.19775127557071112,0.19290986615123323,0.19775127557071112,0.0,True
easygese:pig,PFAI,transformer,1,2,0,0.22508292386586,0.23541190346634008,0.22508292386585985,1.6653345369377348e-16,True
easygese:pig,PFAI,transformer,1,3,0,0.266994798553478,0.27154173785054997,0.2669947985534781,-5.551115123125783e-17,True
easygese:pig,PFAI,transformer,1,4,0,0.22640918905367324,0.20861470402914242,0.22640918905367322,2.7755575615628914e-17,True
easygese:pig,PFAI,transformer,1,5,0,0.18165088847007496,0.20101900987927754,0.18165088847007504,-8.326672684688674e-17,True
easygese:pig,PFAI,transformer,2,1,0,0.2390915843888415,0.34399360509147214,0.2390915843888417,-1.942890293094024e-16,True
easygese:pig,PFAI,transformer,2,2,0,0.18901660934720654,0.15690217523614994,0.18901660934720652,2.7755575615628914e-17,True
easygese:pig,PFAI,transformer,2,3,0,0.24376358805356982,0.25881336439386626,0.2437635880535699,-8.326672684688674e-17,True
easygese:pig,PFAI,transformer,2,4,0,0.2124566623316925,0.15897347318956756,0.21245666233169247,2.7755575615628914e-17,True
easygese:pig,PFAI,transformer,2,5,0,0.3168923038564534,0.29695634847677127,0.3168923038564536,-2.220446049250313e-16,True
easygese:pine,BA,cnn,1,1,0,0.7665178208182224,0.7570685409574586,0.7665178208182218,5.551115123125783e-16,True
easygese:pine,BA,cnn,1,2,0,0.7094785867678379,0.6700991625419626,0.7094785867678385,-5.551115123125783e-16,True
easygese:pine,BA,cnn,1,3,0,0.6791064503671315,0.6710767374762325,0.679106450367131,4.440892098500626e-16,True
easygese:pine,BA,cnn,1,4,0,0.7368673467736266,0.7234155074682205,0.7368673467736274,-7.771561172376096e-16,True
easygese:pine,BA,cnn,1,5,0,0.7966102466595244,0.7782914756940871,0.7966102466595243,1.1102230246251565e-16,True
easygese:pine,BA,cnn,2,1,0,0.6674766985531327,0.6731093967958444,0.6674766985531324,3.3306690738754696e-16,True
easygese:pine,BA,cnn,2,2,0,0.7519017359798561,0.7154600349177507,0.7519017359798559,2.220446049250313e-16,True
easygese:pine,BA,cnn,2,3,0,0.7156605391788532,0.6866930190966388,0.7156605391788534,-2.220446049250313e-16,True
easygese:pine,BA,cnn,2,4,0,0.7534892492602493,0.7380224865463382,0.753489249260249,3.3306690738754696e-16,True
easygese:pine,BA,cnn,2,5,0,0.6778488014546331,0.6735317901079524,0.6778488014546337,-5.551115123125783e-16,True
easygese:pine,BA,deepgs,1,1,0,0.8020293806312269,0.8021634011216189,0.8020293806312265,3.3306690738754696e-16,True
easygese:pine,BA,deepgs,1,2,0,0.7797552074803779,0.7656435109993589,0.7797552074803783,-4.440892098500626e-16,True
easygese:pine,BA,deepgs,1,3,0,0.788102642080647,0.7541441084506363,0.7881026420806475,-5.551115123125783e-16,True
easygese:pine,BA,deepgs,1,4,0,0.8099114746765217,0.7865405941377008,0.8099114746765224,-6.661338147750939e-16,True
easygese:pine,BA,deepgs,1,5,0,0.8303427615877856,0.8108251114239976,0.8303427615877853,3.3306690738754696e-16,True
easygese:pine,BA,deepgs,2,1,0,0.7661611976831574,0.7545711244452666,0.7661611976831584,-9.992007221626409e-16,True
easygese:pine,BA,deepgs,2,2,0,0.840683316024648,0.8308689957219035,0.8406833160246477,2.220446049250313e-16,True
easygese:pine,BA,deepgs,2,3,0,0.785195244284933,0.7713733327171169,0.7851952442849325,5.551115123125783e-16,True
easygese:pine,BA,deepgs,2,4,0,0.8248452849681025,0.8020260907032637,0.8248452849681026,-1.1102230246251565e-16,True
easygese:pine,BA,deepgs,2,5,0,0.7639499478264059,0.7516718785247042,0.763949947826406,-1.1102230246251565e-16,True
easygese:pine,BA,dnngp,1,1,0,0.8122074999065048,0.8030577856384765,0.8122074999065049,-1.1102230246251565e-16,True
easygese:pine,BA,dnngp,1,2,0,0.790735161106986,0.7718923430383955,0.7907351611069865,-4.440892098500626e-16,True
easygese:pine,BA,dnngp,1,3,0,0.7889988155265231,0.7606389590333268,0.7889988155265225,5.551115123125783e-16,True
easygese:pine,BA,dnngp,1,4,0,0.7924362250982225,0.774956365927584,0.7924362250982225,0.0,True
easygese:pine,BA,dnngp,1,5,0,0.8159689542553558,0.7835746084853176,0.8159689542553565,-7.771561172376096e-16,True
easygese:pine,BA,dnngp,2,1,0,0.7623438522613908,0.7565956649443785,0.7623438522613909,-1.1102230246251565e-16,True
easygese:pine,BA,dnngp,2,2,0,0.814786823436976,0.7968190339340347,0.8147868234369764,-4.440892098500626e-16,True
easygese:pine,BA,dnngp,2,3,0,0.7779233197784748,0.7835690686654089,0.7779233197784753,-4.440892098500626e-16,True
easygese:pine,BA,dnngp,2,4,0,0.8102668929701374,0.8005395313599497,0.8102668929701373,1.1102230246251565e-16,True
easygese:pine,BA,dnngp,2,5,0,0.7758493774866634,0.7570455886532793,0.7758493774866627,6.661338147750939e-16,True
easygese:pine,BA,mlp,1,1,0,0.8236302690570696,0.8062582722945925,0.8236302690570692,4.440892098500626e-16,True
easygese:pine,BA,mlp,1,2,0,0.7877182517993685,0.7699061817054499,0.7877182517993687,-2.220446049250313e-16,True
easygese:pine,BA,mlp,1,3,0,0.7924532516847898,0.7961918101988052,0.79245325168479,-2.220446049250313e-16,True
easygese:pine,BA,mlp,1,4,0,0.799201002986087,0.7664821813273723,0.7992010029860878,-7.771561172376096e-16,True
easygese:pine,BA,mlp,1,5,0,0.8408202104705722,0.8210876539011488,0.8408202104705723,-1.1102230246251565e-16,True
easygese:pine,BA,mlp,2,1,0,0.786319330590302,0.7792593093560295,0.7863193305903019,1.1102230246251565e-16,True
easygese:pine,BA,mlp,2,2,0,0.838532832604968,0.8343679493567542,0.8385328326049686,-5.551115123125783e-16,True
easygese:pine,BA,mlp,2,3,0,0.7897329161632488,0.7796141508974564,0.7897329161632484,4.440892098500626e-16,True
easygese:pine,BA,mlp,2,4,0,0.8408601054960484,0.827104475674695,0.8408601054960484,0.0,True
easygese:pine,BA,mlp,2,5,0,0.7806370185164931,0.7704415793779968,0.7806370185164929,2.220446049250313e-16,True
easygese:pine,BA,pnngs,1,1,0,0.4933951730425583,0.4591470328770256,0.49339517304255853,-2.220446049250313e-16,True
easygese:pine,BA,pnngs,1,2,0,0.304593643703784,0.4299213559144363,0.3045936437037841,-1.1102230246251565e-16,True
easygese:pine,BA,pnngs,1,3,0,0.23426948045830429,0.2222027916445813,0.23426948045830417,1.1102230246251565e-16,True
easygese:pine,BA,pnngs,1,4,0,0.56490472090603,0.5311588890524724,0.5649047209060295,4.440892098500626e-16,True
easygese:pine,BA,pnngs,1,5,0,0.6151743222264011,0.6002625867599907,0.6151743222264004,6.661338147750939e-16,True
easygese:pine,BA,pnngs,2,1,0,0.5294340881600517,0.520039114544694,0.5294340881600516,1.1102230246251565e-16,True
easygese:pine,BA,pnngs,2,2,0,0.6399861434838775,0.6162465980303568,0.6399861434838771,4.440892098500626e-16,True
easygese:pine,BA,pnngs,2,3,0,0.3846527269583286,0.46030039284285584,0.38465272695832864,-5.551115123125783e-17,True
easygese:pine,BA,pnngs,2,4,0,0.5031498117464387,0.5715806369401362,0.5031498117464388,-1.1102230246251565e-16,True
easygese:pine,BA,pnngs,2,5,0,0.4929290962821982,0.4618584888278013,0.49292909628219805,1.6653345369377348e-16,True
easygese:pine,BA,soydngp,1,1,0,0.8002801132678816,0.7768882023287919,0.8002801132678816,0.0,True
easygese:pine,BA,soydngp,1,2,0,0.7648242885756897,0.7501949352825467,0.7648242885756893,4.440892098500626e-16,True
easygese:pine,BA,soydngp,1,3,0,0.7636617845450965,0.7452001466559206,0.7636617845450956,8.881784197001252e-16,True
easygese:pine,BA,soydngp,1,4,0,0.7954476623195719,0.7661544257222792,0.7954476623195719,0.0,True
easygese:pine,BA,soydngp,1,5,0,0.8318089425973982,0.8285207288994796,0.8318089425973991,-8.881784197001252e-16,True
easygese:pine,BA,soydngp,2,1,0,0.7533389377718371,0.7389864574572423,0.7533389377718374,-2.220446049250313e-16,True
easygese:pine,BA,soydngp,2,2,0,0.827196244815996,0.8181633103938385,0.8271962448159959,1.1102230246251565e-16,True
easygese:pine,BA,soydngp,2,3,0,0.772137408521057,0.766873980989202,0.7721374085210563,6.661338147750939e-16,True
easygese:pine,BA,soydngp,2,4,0,0.8293973704162156,0.810448066287601,0.8293973704162154,2.220446049250313e-16,True
easygese:pine,BA,soydngp,2,5,0,0.7544612156907107,0.7438233341376885,0.7544612156907105,2.220446049250313e-16,True
easygese:pine,BA,transformer,1,1,0,0.7465504605799254,0.7374065765740138,0.7465504605799252,1.1102230246251565e-16,True
easygese:pine,BA,transformer,1,2,0,0.7272043342993558,0.6982988926126076,0.7272043342993554,4.440892098500626e-16,True
easygese:pine,BA,transformer,1,3,0,0.7166147899976332,0.697015853166138,0.7166147899976332,0.0,True
easygese:pine,BA,transformer,1,4,0,0.7466030176894968,0.7275496896342204,0.7466030176894973,-5.551115123125783e-16,True
easygese:pine,BA,transformer,1,5,0,0.7772079644773874,0.7636039465375887,0.777207964477387,3.3306690738754696e-16,True
easygese:pine,BA,transformer,2,1,0,0.6745740578292506,0.6627713439060304,0.6745740578292505,1.1102230246251565e-16,True
easygese:pine,BA,transformer,2,2,0,0.7535364184387808,0.7646375373939189,0.7535364184387804,4.440892098500626e-16,True
easygese:pine,BA,transformer,2,3,0,0.7011249983019073,0.6884355578650738,0.7011249983019072,1.1102230246251565e-16,True
easygese:pine,BA,transformer,2,4,0,0.7267740326251547,0.7245798724589214,0.7267740326251542,5.551115123125783e-16,True
easygese:pine,BA,transformer,2,5,0,0.6943205736175567,0.6738731255771901,0.694320573617556,7.771561172376096e-16,True
easygese:pine,BD,cnn,1,1,0,0.7382264563008492,0.7296590711108417,0.7382264563008489,2.220446049250313e-16,True
easygese:pine,BD,cnn,1,2,0,0.8028537095259853,0.7900705022672515,0.8028537095259847,6.661338147750939e-16,True
easygese:pine,BD,cnn,1,3,0,0.7677695463309533,0.7622714723760013,0.7677695463309528,4.440892098500626e-16,True
easygese:pine,BD,cnn,1,4,0,0.7932048106958748,0.7840759168202277,0.793204810695875,-2.220446049250313e-16,True
easygese:pine,BD,cnn,1,5,0,0.7373053963929569,0.7150667926323222,0.7373053963929574,-5.551115123125783e-16,True
easygese:pine,BD,cnn,2,1,0,0.8218306437550771,0.7953703493075198,0.8218306437550773,-2.220446049250313e-16,True
easygese:pine,BD,cnn,2,2,0,0.7591026244936543,0.7616959053153914,0.7591026244936542,1.1102230246251565e-16,True
easygese:pine,BD,cnn,2,3,0,0.7338709735449581,0.730928043586463,0.7338709735449586,-4.440892098500626e-16,True
easygese:pine,BD,cnn,2,4,0,0.768572150170115,0.7310258192730631,0.7685721501701155,-4.440892098500626e-16,True
easygese:pine,BD,cnn,2,5,0,0.7752502447759243,0.72505164716168,0.7752502447759244,-1.1102230246251565e-16,True
easygese:pine,BD,deepgs,1,1,0,0.8003861252938429,0.7941512728021866,0.8003861252938427,2.220446049250313e-16,True
easygese:pine,BD,deepgs,1,2,0,0.8496228388728723,0.8361082849796423,0.8496228388728714,8.881784197001252e-16,True
easygese:pine,BD,deepgs,1,3,0,0.8162458935652328,0.8004873068921173,0.816245893565233,-2.220446049250313e-16,True
easygese:pine,BD,deepgs,1,4,0,0.8392554390308785,0.8235267486921195,0.8392554390308784,1.1102230246251565e-16,True
easygese:pine,BD,deepgs,1,5,0,0.8134147337986918,0.794580691106936,0.8134147337986918,0.0,True
easygese:pine,BD,deepgs,2,1,0,0.8414207556643819,0.823214862796183,0.8414207556643821,-2.220446049250313e-16,True
easygese:pine,BD,deepgs,2,2,0,0.8215050739874219,0.7987360961209709,0.8215050739874221,-2.220446049250313e-16,True
easygese:pine,BD,deepgs,2,3,0,0.8290649042601479,0.8133842576361714,0.8290649042601476,3.3306690738754696e-16,True
easygese:pine,BD,deepgs,2,4,0,0.7851030439991419,0.7876648881354867,0.7851030439991409,9.992007221626409e-16,True
easygese:pine,BD,deepgs,2,5,0,0.8285191303704957,0.7873443198972067,0.8285191303704964,-6.661338147750939e-16,True
easygese:pine,BD,dnngp,1,1,0,0.8160021485573303,0.7898172409633131,0.8160021485573302,1.1102230246251565e-16,True
easygese:pine,BD,dnngp,1,2,0,0.8424644435160097,0.8383358064231478,0.8424644435160104,-6.661338147750939e-16,True
easygese:pine,BD,dnngp,1,3,0,0.795961589909356,0.7887080466295462,0.7959615899093557,2.220446049250313e-16,True
easygese:pine,BD,dnngp,1,4,0,0.8438423567000328,0.8226265849518836,0.8438423567000324,4.440892098500626e-16,True
easygese:pine,BD,dnngp,1,5,0,0.8038524267401648,0.7855234111172544,0.8038524267401648,0.0,True
easygese:pine,BD,dnngp,2,1,0,0.8205083183127686,0.8099297114194554,0.8205083183127696,-9.992007221626409e-16,True
easygese:pine,BD,dnngp,2,2,0,0.8061747528648484,0.8076388810418997,0.8061747528648487,-3.3306690738754696e-16,True
easygese:pine,BD,dnngp,2,3,0,0.8220061713345521,0.7995520566472835,0.822006171334552,1.1102230246251565e-16,True
easygese:pine,BD,dnngp,2,4,0,0.7528366236207413,0.7478561622190675,0.7528366236207407,6.661338147750939e-16,True
easygese:pine,BD,dnngp,2,5,0,0.8157934061222059,0.7685418885613343,0.8157934061222055,3.3306690738754696e-16,True
easygese:pine,BD,mlp,1,1,0,0.8074206863119642,0.7880570007219125,0.8074206863119642,0.0,True
easygese:pine,BD,mlp,1,2,0,0.8554346172041508,0.8398955714800456,0.8554346172041507,1.1102230246251565e-16,True
easygese:pine,BD,mlp,1,3,0,0.813712855884124,0.8113906364234137,0.813712855884123,9.992007221626409e-16,True
easygese:pine,BD,mlp,1,4,0,0.8446545582641253,0.8356276628889115,0.8446545582641247,5.551115123125783e-16,True
easygese:pine,BD,mlp,1,5,0,0.8080438202060667,0.7935068389672798,0.8080438202060666,1.1102230246251565e-16,True
easygese:pine,BD,mlp,2,1,0,0.8495963257789328,0.8412873189058869,0.8495963257789334,-5.551115123125783e-16,True
easygese:pine,BD,mlp,2,2,0,0.8242163492706556,0.8199242594507943,0.8242163492706561,-5.551115123125783e-16,True
easygese:pine,BD,mlp,2,3,0,0.8374136555236334,0.8109579793277477,0.837413655523634,-5.551115123125783e-16,True
easygese:pine,BD,mlp,2,4,0,0.7800210369054703,0.7601484289363072,0.7800210369054699,4.440892098500626e-16,True
easygese:pine,BD,mlp,2,5,0,0.8352602971231472,0.8037525760114607,0.8352602971231472,0.0,True
easygese:pine,BD,pnngs,1,1,0,0.4968562435330605,0.5245689339713845,0.49685624353306,4.996003610813204e-16,True
easygese:pine,BD,pnngs,1,2,0,0.6786652619212618,0.6572901622966776,0.6786652619212621,-3.3306690738754696e-16,True
easygese:pine,BD,pnngs,1,3,0,0.6065101368792829,0.613384898065475,0.6065101368792833,-4.440892098500626e-16,True
easygese:pine,BD,pnngs,1,4,0,0.5760808206041419,0.5757448145737246,0.5760808206041415,4.440892098500626e-16,True
easygese:pine,BD,pnngs,1,5,0,0.5816402142852141,0.5627240134150571,0.5816402142852141,0.0,True
easygese:pine,BD,pnngs,2,1,0,0.5811388177926435,0.5678016800678971,0.5811388177926432,3.3306690738754696e-16,True
easygese:pine,BD,pnngs,2,2,0,0.5177436765003369,0.575376517042133,0.5177436765003361,7.771561172376096e-16,True
easygese:pine,BD,pnngs,2,3,0,0.5107458216057617,0.5081930073957791,0.5107458216057615,1.1102230246251565e-16,True
easygese:pine,BD,pnngs,2,4,0,0.5291166547113095,0.5015552820618034,0.5291166547113098,-2.220446049250313e-16,True
easygese:pine,BD,pnngs,2,5,0,0.576373745679655,0.5761337497130202,0.5763737456796548,2.220446049250313e-16,True
easygese:pine,BD,soydngp,1,1,0,0.7844579447051546,0.7673732780554215,0.7844579447051546,0.0,True
easygese:pine,BD,soydngp,1,2,0,0.8318536985458481,0.8094789178141407,0.8318536985458488,-6.661338147750939e-16,True
easygese:pine,BD,soydngp,1,3,0,0.8125691479624257,0.7995648628989419,0.8125691479624261,-3.3306690738754696e-16,True
easygese:pine,BD,soydngp,1,4,0,0.8325357464410592,0.8164695967613392,0.8325357464410594,-2.220446049250313e-16,True
easygese:pine,BD,soydngp,1,5,0,0.78655544827578,0.784396209548985,0.7865554482757807,-7.771561172376096e-16,True
easygese:pine,BD,soydngp,2,1,0,0.8401841233642181,0.8030190736239304,0.840184123364218,1.1102230246251565e-16,True
easygese:pine,BD,soydngp,2,2,0,0.7964150967843782,0.801782989765515,0.796415096784378,1.1102230246251565e-16,True
easygese:pine,BD,soydngp,2,3,0,0.8083639338198234,0.7823443469515196,0.8083639338198232,2.220446049250313e-16,True
easygese:pine,BD,soydngp,2,4,0,0.7570312071818538,0.7219983418799675,0.7570312071818532,5.551115123125783e-16,True
easygese:pine,BD,soydngp,2,5,0,0.7951842828638342,0.771003886265671,0.7951842828638342,0.0,True
easygese:pine,BD,transformer,1,1,0,0.733580222143348,0.7070400538015943,0.7335802221433471,8.881784197001252e-16,True
easygese:pine,BD,transformer,1,2,0,0.75434686283711,0.7289312232551087,0.7543468628371094,6.661338147750939e-16,True
easygese:pine,BD,transformer,1,3,0,0.7402951851461155,0.735213450903541,0.740295185146115,4.440892098500626e-16,True
easygese:pine,BD,transformer,1,4,0,0.7303360908951722,0.7101284193783133,0.7303360908951729,-7.771561172376096e-16,True
easygese:pine,BD,transformer,1,5,0,0.7195403116845017,0.7035376849954378,0.7195403116845022,-4.440892098500626e-16,True
easygese:pine,BD,transformer,2,1,0,0.7133861301303033,0.6779498542411203,0.7133861301303033,0.0,True
easygese:pine,BD,transformer,2,2,0,0.6845656713345792,0.6295459277085695,0.6845656713345799,-6.661338147750939e-16,True
easygese:pine,BD,transformer,2,3,0,0.7226905795574162,0.7209577863232874,0.7226905795574162,0.0,True
easygese:pine,BD,transformer,2,4,0,0.6348552576793856,0.6400887900363402,0.6348552576793857,-1.1102230246251565e-16,True
easygese:pine,BD,transformer,2,5,0,0.7308109890611194,0.671948033314858,0.7308109890611185,8.881784197001252e-16,True
easygese:pine,BLC,cnn,1,1,0,0.6954625576595944,0.6767746460274514,0.6954625576595936,7.771561172376096e-16,True
easygese:pine,BLC,cnn,1,2,0,0.7871667570742141,0.7734094520913833,0.7871667570742134,7.771561172376096e-16,True
easygese:pine,BLC,cnn,1,3,0,0.7541923637581683,0.7371209449817072,0.7541923637581686,-2.220446049250313e-16,True
easygese:pine,BLC,cnn,1,4,0,0.6915017837063053,0.6838471840966105,0.6915017837063056,-2.220446049250313e-16,True
easygese:pine,BLC,cnn,1,5,0,0.6640359200034912,0.6577558684664268,0.6640359200034918,-5.551115123125783e-16,True
easygese:pine,BLC,cnn,2,1,0,0.6925543617114601,0.6860634187078452,0.6925543617114603,-2.220446049250313e-16,True
easygese:pine,BLC,cnn,2,2,0,0.6989338452799482,0.6663914858890871,0.6989338452799484,-2.220446049250313e-16,True
easygese:pine,BLC,cnn,2,3,0,0.6965776523060898,0.6932305572249085,0.6965776523060897,1.1102230246251565e-16,True
easygese:pine,BLC,cnn,2,4,0,0.76527958160419,0.7216835001991346,0.76527958160419,0.0,True
easygese:pine,BLC,cnn,2,5,0,0.789169105929375,0.7694164849434131,0.7891691059293744,5.551115123125783e-16,True
easygese:pine,BLC,deepgs,1,1,0,0.7180107251527551,0.7253814851173239,0.7180107251527555,-4.440892098500626e-16,True
easygese:pine,BLC,deepgs,1,2,0,0.8108293192087827,0.8111060368814218,0.8108293192087823,3.3306690738754696e-16,True
easygese:pine,BLC,deepgs,1,3,0,0.7723008512077418,0.7742703248750288,0.7723008512077417,1.1102230246251565e-16,True
easygese:pine,BLC,deepgs,1,4,0,0.737902156597464,0.7105661729537018,0.7379021565974639,1.1102230246251565e-16,True
easygese:pine,BLC,deepgs,1,5,0,0.752232422035844,0.697152977872143,0.7522324220358443,-3.3306690738754696e-16,True
easygese:pine,BLC,deepgs,2,1,0,0.7724552245962362,0.7575380507233084,0.7724552245962366,-4.440892098500626e-16,True
easygese:pine,BLC,deepgs,2,2,0,0.7319652788530456,0.7174559883409076,0.7319652788530452,4.440892098500626e-16,True
easygese:pine,BLC,deepgs,2,3,0,0.8073112088849485,0.7820706306731202,0.8073112088849481,3.3306690738754696e-16,True
easygese:pine,BLC,deepgs,2,4,0,0.7800352099301348,0.7426519595023197,0.7800352099301348,0.0,True
easygese:pine,BLC,deepgs,2,5,0,0.7743488555622794,0.7385962691015958,0.7743488555622794,0.0,True
easygese:pine,BLC,dnngp,1,1,0,0.7424680983513351,0.7269239839480957,0.7424680983513346,4.440892098500626e-16,True
easygese:pine,BLC,dnngp,1,2,0,0.8034739525220636,0.7873195832458497,0.8034739525220634,1.1102230246251565e-16,True
easygese:pine,BLC,dnngp,1,3,0,0.7792441422605214,0.7567211480230528,0.7792441422605206,7.771561172376096e-16,True
easygese:pine,BLC,dnngp,1,4,0,0.7448124305734538,0.7438607676933121,0.7448124305734538,0.0,True
easygese:pine,BLC,dnngp,1,5,0,0.7451511160511827,0.7181744391172252,0.7451511160511824,2.220446049250313e-16,True
easygese:pine,BLC,dnngp,2,1,0,0.7888412643638875,0.7615428599771982,0.7888412643638884,-8.881784197001252e-16,True
easygese:pine,BLC,dnngp,2,2,0,0.7218948778496068,0.7046390311082287,0.7218948778496072,-3.3306690738754696e-16,True
easygese:pine,BLC,dnngp,2,3,0,0.7815369530777403,0.7677178966493134,0.7815369530777397,5.551115123125783e-16,True
easygese:pine,BLC,dnngp,2,4,0,0.7754718006500425,0.7386836508429137,0.7754718006500418,6.661338147750939e-16,True
easygese:pine,BLC,dnngp,2,5,0,0.7800425064794184,0.7493125837186208,0.7800425064794182,2.220446049250313e-16,True
easygese:pine,BLC,mlp,1,1,0,0.7582046201775102,0.7458437379816991,0.7582046201775102,0.0,True
easygese:pine,BLC,mlp,1,2,0,0.818911920638252,0.7851610999940649,0.8189119206382527,-6.661338147750939e-16,True
easygese:pine,BLC,mlp,1,3,0,0.8034940484084404,0.7998757918307949,0.8034940484084401,3.3306690738754696e-16,True
easygese:pine,BLC,mlp,1,4,0,0.7786805509049175,0.7665181144626044,0.7786805509049177,-2.220446049250313e-16,True
easygese:pine,BLC,mlp,1,5,0,0.7642042166286486,0.7698782800792069,0.7642042166286483,2.220446049250313e-16,True
easygese:pine,BLC,mlp,2,1,0,0.7875309064566361,0.7691277704680142,0.7875309064566359,2.220446049250313e-16,True
easygese:pine,BLC,mlp,2,2,0,0.7457313411872293,0.7074646623855687,0.7457313411872295,-2.220446049250313e-16,True
easygese:pine,BLC,mlp,2,3,0,0.8228900082797602,0.8030920061746877,0.8228900082797608,-5.551115123125783e-16,True
easygese:pine,BLC,mlp,2,4,0,0.7934235210129394,0.7550127001099131,0.7934235210129388,6.661338147750939e-16,True
easygese:pine,BLC,mlp,2,5,0,0.8002811931903416,0.7810817062933095,0.8002811931903413,3.3306690738754696e-16,True
easygese:pine,BLC,pnngs,1,1,0,0.5031370143202357,0.47065697251386585,0.5031370143202365,-7.771561172376096e-16,True
easygese:pine,BLC,pnngs,1,2,0,0.5198581589950769,0.5414066471943481,0.519858158995077,-1.1102230246251565e-16,True
easygese:pine,BLC,pnngs,1,3,0,0.3245972122146128,0.3298865273397591,0.32459721221461313,-3.3306690738754696e-16,True
easygese:pine,BLC,pnngs,1,4,0,0.445474813656725,0.438687771782989,0.4454748136567251,-1.1102230246251565e-16,True
easygese:pine,BLC,pnngs,1,5,0,0.5510038226920919,0.5301840470934029,0.5510038226920916,3.3306690738754696e-16,True
easygese:pine,BLC,pnngs,2,1,0,0.5240764969061021,0.4973474852250081,0.5240764969061019,2.220446049250313e-16,True
easygese:pine,BLC,pnngs,2,2,0,0.472023399948052,0.44033592375701736,0.4720233999480515,4.996003610813204e-16,True
easygese:pine,BLC,pnngs,2,3,0,0.48128561727422753,0.4579300855091589,0.4812856172742276,-5.551115123125783e-17,True
easygese:pine,BLC,pnngs,2,4,0,0.4784575199346746,0.4958532535084162,0.4784575199346752,-6.106226635438361e-16,True
easygese:pine,BLC,pnngs,2,5,0,0.5750488293707953,0.5853850850306335,0.5750488293707954,-1.1102230246251565e-16,True
easygese:pine,BLC,soydngp,1,1,0,0.7554306131691048,0.7494090122887598,0.7554306131691045,2.220446049250313e-16,True
easygese:pine,BLC,soydngp,1,2,0,0.8063353389280054,0.7920608681003284,0.8063353389280047,6.661338147750939e-16,True
easygese:pine,BLC,soydngp,1,3,0,0.7683140485413641,0.7573747682180183,0.7683140485413643,-2.220446049250313e-16,True
easygese:pine,BLC,soydngp,1,4,0,0.7308922667798112,0.7188636554262099,0.7308922667798112,0.0,True
easygese:pine,BLC,soydngp,1,5,0,0.7558021913180896,0.7290678934284971,0.7558021913180891,4.440892098500626e-16,True
easygese:pine,BLC,soydngp,2,1,0,0.7665685630967392,0.7307984060963163,0.7665685630967392,0.0,True
easygese:pine,BLC,soydngp,2,2,0,0.7163870777616664,0.6801576014720537,0.7163870777616664,0.0,True
easygese:pine,BLC,soydngp,2,3,0,0.7948776548299655,0.7929688604713956,0.7948776548299655,0.0,True
easygese:pine,BLC,soydngp,2,4,0,0.801415584674424,0.7763124165588948,0.8014155846744243,-3.3306690738754696e-16,True
easygese:pine,BLC,soydngp,2,5,0,0.7885763938686027,0.760288889690078,0.7885763938686037,-9.992007221626409e-16,True
easygese:pine,BLC,transformer,1,1,0,0.6515279890400151,0.6620283633322901,0.651527989040015,1.1102230246251565e-16,True
easygese:pine,BLC,transformer,1,2,0,0.7151854387668206,0.70584512224894,0.7151854387668198,7.771561172376096e-16,True
easygese:pine,BLC,transformer,1,3,0,0.7160303217063659,0.7236959248536944,0.7160303217063665,-5.551115123125783e-16,True
easygese:pine,BLC,transformer,1,4,0,0.6328832007724371,0.6321044411539993,0.6328832007724369,2.220446049250313e-16,True
easygese:pine,BLC,transformer,1,5,0,0.6672455371749664,0.6603648225755299,0.6672455371749668,-4.440892098500626e-16,True
easygese:pine,BLC,transformer,2,1,0,0.6501297632760692,0.6423295167537889,0.6501297632760696,-4.440892098500626e-16,True
easygese:pine,BLC,transformer,2,2,0,0.5688950395693236,0.5511838188442255,0.568895039569324,-3.3306690738754696e-16,True
easygese:pine,BLC,transformer,2,3,0,0.6924047918919448,0.6825074312858485,0.692404791891945,-2.220446049250313e-16,True
easygese:pine,BLC,transformer,2,4,0,0.7289971025267802,0.7220924245894056,0.7289971025267792,9.992007221626409e-16,True
easygese:pine,BLC,transformer,2,5,0,0.7372800410596504,0.7076117860085541,0.73728004105965,4.440892098500626e-16,True
easygese:pine,CWAC,cnn,1,1,0,0.6446949031329083,0.6498162372518048,0.6446949031329082,1.1102230246251565e-16,True
easygese:pine,CWAC,cnn,1,2,0,0.6910259450582722,0.6903384272268377,0.6910259450582723,-1.1102230246251565e-16,True
easygese:pine,CWAC,cnn,1,3,0,0.5919215384562561,0.5857463460027656,0.5919215384562557,3.3306690738754696e-16,True
easygese:pine,CWAC,cnn,1,4,0,0.630528881517592,0.6086895156145584,0.6305288815175918,2.220446049250313e-16,True
easygese:pine,CWAC,cnn,1,5,0,0.6752141073257233,0.6658704831194042,0.6752141073257233,0.0,True
easygese:pine,CWAC,cnn,2,1,0,0.6593770007842431,0.6436672522476443,0.659377000784243,1.1102230246251565e-16,True
easygese:pine,CWAC,cnn,2,2,0,0.6646733051755599,0.6311196925376633,0.6646733051755599,0.0,True
easygese:pine,CWAC,cnn,2,3,0,0.5883530249898393,0.5884575092683637,0.5883530249898398,-4.440892098500626e-16,True
easygese:pine,CWAC,cnn,2,4,0,0.6233887989638465,0.6033917801895147,0.6233887989638459,5.551115123125783e-16,True
easygese:pine,CWAC,cnn,2,5,0,0.6102643857930953,0.6021660977108885,0.6102643857930954,-1.1102230246251565e-16,True
easygese:pine,CWAC,deepgs,1,1,0,0.6956125079417973,0.685400046237512,0.6956125079417975,-2.220446049250313e-16,True
easygese:pine,CWAC,deepgs,1,2,0,0.7146938146116014,0.7109893942264298,0.7146938146116015,-1.1102230246251565e-16,True
easygese:pine,CWAC,deepgs,1,3,0,0.6364810675765453,0.6419546360129483,0.6364810675765457,-3.3306690738754696e-16,True
easygese:pine,CWAC,deepgs,1,4,0,0.6871133955394513,0.6635356926005869,0.6871133955394517,-4.440892098500626e-16,True
easygese:pine,CWAC,deepgs,1,5,0,0.7421447797747138,0.731463177928589,0.7421447797747135,3.3306690738754696e-16,True
easygese:pine,CWAC,deepgs,2,1,0,0.7509198053216828,0.7281497804816469,0.750919805321683,-2.220446049250313e-16,True
easygese:pine,CWAC,deepgs,2,2,0,0.7264607117435748,0.7122941235281851,0.7264607117435751,-2.220446049250313e-16,True
easygese:pine,CWAC,deepgs,2,3,0,0.6636113779683308,0.6383780961181563,0.6636113779683308,0.0,True
easygese:pine,CWAC,deepgs,2,4,0,0.6924737311479005,0.6836787178385286,0.6924737311479,4.440892098500626e-16,True
easygese:pine,CWAC,deepgs,2,5,0,0.687684433557109,0.6929203349341472,0.6876844335571092,-2.220446049250313e-16,True
easygese:pine,CWAC,dnngp,1,1,0,0.6637369114435604,0.6628859206607214,0.6637369114435593,1.1102230246251565e-15,True
easygese:pine,CWAC,dnngp,1,2,0,0.69527604698767,0.7076944242150127,0.6952760469876701,-1.1102230246251565e-16,True
easygese:pine,CWAC,dnngp,1,3,0,0.6366472162105621,0.6400723303910422,0.6366472162105622,-1.1102230246251565e-16,True
easygese:pine,CWAC,dnngp,1,4,0,0.7161525782930532,0.703125097131524,0.716152578293053,2.220446049250313e-16,True
easygese:pine,CWAC,dnngp,1,5,0,0.7364916296367984,0.7140463510597008,0.7364916296367985,-1.1102230246251565e-16,True
easygese:pine,CWAC,dnngp,2,1,0,0.7377840213754681,0.7353620474363246,0.737784021375468,1.1102230246251565e-16,True
easygese:pine,CWAC,dnngp,2,2,0,0.6999942975410205,0.6865772440045906,0.6999942975410199,5.551115123125783e-16,True
easygese:pine,CWAC,dnngp,2,3,0,0.6056141640706141,0.6016908696902178,0.6056141640706147,-6.661338147750939e-16,True
easygese:pine,CWAC,dnngp,2,4,0,0.6359812220382751,0.6421869100204098,0.6359812220382746,5.551115123125783e-16,True
easygese:pine,CWAC,dnngp,2,5,0,0.6897127958535088,0.6630418027531775,0.6897127958535084,3.3306690738754696e-16,True
easygese:pine,CWAC,mlp,1,1,0,0.6920122216149329,0.6914351706187213,0.6920122216149326,3.3306690738754696e-16,True
easygese:pine,CWAC,mlp,1,2,0,0.6958179838469074,0.7041374754839245,0.695817983846908,-5.551115123125783e-16,True
easygese:pine,CWAC,mlp,1,3,0,0.6556782764598269,0.6456448783369072,0.6556782764598268,1.1102230246251565e-16,True
easygese:pine,CWAC,mlp,1,4,0,0.7106207531624446,0.6794561208747832,0.7106207531624444,1.1102230246251565e-16,True
easygese:pine,CWAC,mlp,1,5,0,0.7679796146208364,0.7539301591076282,0.7679796146208361,3.3306690738754696e-16,True
easygese:pine,CWAC,mlp,2,1,0,0.7611403696506764,0.7454272300744309,0.7611403696506766,-1.1102230246251565e-16,True
easygese:pine,CWAC,mlp,2,2,0,0.7128719025305659,0.7028611153927075,0.7128719025305651,7.771561172376096e-16,True
easygese:pine,CWAC,mlp,2,3,0,0.6380730646022097,0.5803664978099351,0.63807306460221,-3.3306690738754696e-16,True
easygese:pine,CWAC,mlp,2,4,0,0.6960125096318129,0.687125023494766,0.696012509631813,-1.1102230246251565e-16,True
easygese:pine,CWAC,mlp,2,5,0,0.7058019830946369,0.7093672263729582,0.7058019830946365,4.440892098500626e-16,True
easygese:pine,CWAC,pnngs,1,1,0,0.4508295041907143,0.4383815703766536,0.4508295041907147,-3.885780586188048e-16,True
easygese:pine,CWAC,pnngs,1,2,0,0.4015633349347743,0.40325002454497744,0.4015633349347748,-4.996003610813204e-16,True
easygese:pine,CWAC,pnngs,1,3,0,0.31767354301518214,0.28732445849665067,0.3176735430151823,-1.6653345369377348e-16,True
easygese:pine,CWAC,pnngs,1,4,0,0.4438078426355689,0.46247444010808475,0.4438078426355688,5.551115123125783e-17,True
easygese:pine,CWAC,pnngs,1,5,0,0.4797750874429691,0.40763972241372753,0.4797750874429689,2.220446049250313e-16,True
easygese:pine,CWAC,pnngs,2,1,0,0.38382528005375594,0.3716516027856321,0.383825280053756,-5.551115123125783e-17,True
easygese:pine,CWAC,pnngs,2,2,0,0.3625471018091756,0.3424757855672772,0.36254710180917565,-5.551115123125783e-17,True
easygese:pine,CWAC,pnngs,2,3,0,0.36538863597259663,0.4206626391781635,0.3653886359725967,-5.551115123125783e-17,True
easygese:pine,CWAC,pnngs,2,4,0,0.530308210133478,0.5075035969648773,0.530308210133478,0.0,True
easygese:pine,CWAC,pnngs,2,5,0,0.3104056407988351,0.2868047017340349,0.31040564079883487,2.220446049250313e-16,True
easygese:pine,CWAC,soydngp,1,1,0,0.699913721486413,0.6953703593761282,0.6999137214864135,-5.551115123125783e-16,True
easygese:pine,CWAC,soydngp,1,2,0,0.6813214458099641,0.678749651070907,0.6813214458099645,-3.3306690738754696e-16,True
easygese:pine,CWAC,soydngp,1,3,0,0.6239499652775674,0.5889002457474519,0.6239499652775669,5.551115123125783e-16,True
easygese:pine,CWAC,soydngp,1,4,0,0.7128134137645019,0.6834467406222449,0.7128134137645018,1.1102230246251565e-16,True
easygese:pine,CWAC,soydngp,1,5,0,0.7507505072750861,0.7197043054578007,0.7507505072750857,3.3306690738754696e-16,True
easygese:pine,CWAC,soydngp,2,1,0,0.7289600795319682,0.734765385894319,0.7289600795319683,-1.1102230246251565e-16,True
easygese:pine,CWAC,soydngp,2,2,0,0.699054660526418,0.6954305633313272,0.6990546605264185,-5.551115123125783e-16,True
easygese:pine,CWAC,soydngp,2,3,0,0.6330661510497699,0.6150792310631559,0.6330661510497698,1.1102230246251565e-16,True
easygese:pine,CWAC,soydngp,2,4,0,0.6780599085683993,0.6547086041544713,0.6780599085683988,4.440892098500626e-16,True
easygese:pine,CWAC,soydngp,2,5,0,0.6913375883382972,0.6753421998110424,0.6913375883382984,-1.2212453270876722e-15,True
easygese:pine,CWAC,transformer,1,1,0,0.6362147171724638,0.6088236010660472,0.6362147171724648,-9.992007221626409e-16,True
easygese:pine,CWAC,transformer,1,2,0,0.5796534544484315,0.5530976307553848,0.5796534544484316,-1.1102230246251565e-16,True
easygese:pine,CWAC,transformer,1,3,0,0.5704591106023313,0.5815561707749134,0.570459110602331,3.3306690738754696e-16,True
easygese:pine,CWAC,transformer,1,4,0,0.6309438639220525,0.6058008724406353,0.6309438639220533,-7.771561172376096e-16,True
easygese:pine,CWAC,transformer,1,5,0,0.6655186141760636,0.6420704831023614,0.6655186141760634,2.220446049250313e-16,True
easygese:pine,CWAC,transformer,2,1,0,0.6346810201689296,0.6211322864960818,0.6346810201689301,-5.551115123125783e-16,True
easygese:pine,CWAC,transformer,2,2,0,0.6421675024160353,0.6201156053142355,0.6421675024160353,0.0,True
easygese:pine,CWAC,transformer,2,3,0,0.6095115960048922,0.6026851652021051,0.6095115960048928,-5.551115123125783e-16,True
easygese:pine,CWAC,transformer,2,4,0,0.5651274166231562,0.5652311889007712,0.5651274166231568,-5.551115123125783e-16,True
easygese:pine,CWAC,transformer,2,5,0,0.5970144026453355,0.5915944152456825,0.5970144026453359,-4.440892098500626e-16,True
easygese:pine,CWAL,cnn,1,1,0,0.7336576257932084,0.7110516002282518,0.7336576257932077,6.661338147750939e-16,True
easygese:pine,CWAL,cnn,1,2,0,0.7020948592334477,0.6742746983532135,0.7020948592334483,-5.551115123125783e-16,True
easygese:pine,CWAL,cnn,1,3,0,0.5934808328576733,0.6023705210302047,0.5934808328576736,-3.3306690738754696e-16,True
easygese:pine,CWAL,cnn,1,4,0,0.6513688434068099,0.6633659814274916,0.6513688434068099,0.0,True
easygese:pine,CWAL,cnn,1,5,0,0.721846817425376,0.7130459792272166,0.7218468174253763,-2.220446049250313e-16,True
easygese:pine,CWAL,cnn,2,1,0,0.6998411966807597,0.6815867039087542,0.6998411966807593,4.440892098500626e-16,True
easygese:pine,CWAL,cnn,2,2,0,0.7261103440035103,0.7049067784848932,0.7261103440035102,1.1102230246251565e-16,True
easygese:pine,CWAL,cnn,2,3,0,0.6676133324661566,0.6353638355045879,0.6676133324661575,-8.881784197001252e-16,True
easygese:pine,CWAL,cnn,2,4,0,0.637528787350211,0.5947852689078599,0.6375287873502112,-2.220446049250313e-16,True
easygese:pine,CWAL,cnn,2,5,0,0.7342266392201388,0.7212955831670209,0.7342266392201385,2.220446049250313e-16,True
easygese:pine,CWAL,deepgs,1,1,0,0.765750484172684,0.7622016586969337,0.7657504841726843,-3.3306690738754696e-16,True
easygese:pine,CWAL,deepgs,1,2,0,0.7245282049648618,0.7117417205957036,0.7245282049648623,-4.440892098500626e-16,True
easygese:pine,CWAL,deepgs,1,3,0,0.713305541940408,0.6955268455479446,0.7133055419404073,6.661338147750939e-16,True
easygese:pine,CWAL,deepgs,1,4,0,0.7774463282534338,0.7698815907971185,0.7774463282534343,-4.440892098500626e-16,True
easygese:pine,CWAL,deepgs,1,5,0,0.7963921831756398,0.7820715525918245,0.7963921831756402,-4.440892098500626e-16,True
easygese:pine,CWAL,deepgs,2,1,0,0.7749163229621367,0.7607962340392042,0.7749163229621359,8.881784197001252e-16,True
easygese:pine,CWAL,deepgs,2,2,0,0.7719018983670305,0.7663421500478454,0.7719018983670305,0.0,True
easygese:pine,CWAL,deepgs,2,3,0,0.7526802999417609,0.7449946675073944,0.7526802999417607,2.220446049250313e-16,True
easygese:pine,CWAL,deepgs,2,4,0,0.7651212013731366,0.7556928199748412,0.7651212013731361,4.440892098500626e-16,True
easygese:pine,CWAL,deepgs,2,5,0,0.7612045186583988,0.7477406094728921,0.7612045186583988,0.0,True
easygese:pine,CWAL,dnngp,1,1,0,0.7611427016804196,0.7633302128735109,0.7611427016804196,0.0,True
easygese:pine,CWAL,dnngp,1,2,0,0.723707833819827,0.710584522514229,0.7237078338198271,-1.1102230246251565e-16,True
easygese:pine,CWAL,dnngp,1,3,0,0.7366002096213309,0.7280596933817178,0.7366002096213309,0.0,True
easygese:pine,CWAL,dnngp,1,4,0,0.7460355168487127,0.7274938090984818,0.7460355168487125,2.220446049250313e-16,True
easygese:pine,CWAL,dnngp,1,5,0,0.7824456742766043,0.7806563672000403,0.7824456742766038,4.440892098500626e-16,True
easygese:pine,CWAL,dnngp,2,1,0,0.7856782144632815,0.7708523052352011,0.7856782144632816,-1.1102230246251565e-16,True
easygese:pine,CWAL,dnngp,2,2,0,0.7809053497290774,0.7765561565282247,0.7809053497290771,3.3306690738754696e-16,True
easygese:pine,CWAL,dnngp,2,3,0,0.6872545662594829,0.676974250448836,0.6872545662594827,2.220446049250313e-16,True
easygese:pine,CWAL,dnngp,2,4,0,0.718015008604,0.7020183010769913,0.7180150086039997,3.3306690738754696e-16,True
easygese:pine,CWAL,dnngp,2,5,0,0.7834480094425359,0.7695393821307754,0.7834480094425356,3.3306690738754696e-16,True
easygese:pine,CWAL,mlp,1,1,0,0.7941083539785191,0.7786191633974716,0.794108353978519,1.1102230246251565e-16,True
easygese:pine,CWAL,mlp,1,2,0,0.7380225534516015,0.7280485025494149,0.7380225534516014,1.1102230246251565e-16,True
easygese:pine,CWAL,mlp,1,3,0,0.7283523102981331,0.7001508750416526,0.7283523102981323,7.771561172376096e-16,True
easygese:pine,CWAL,mlp,1,4,0,0.7484023029997847,0.7303879587704826,0.7484023029997843,4.440892098500626e-16,True
easygese:pine,CWAL,mlp,1,5,0,0.7964689559294765,0.7840763346408953,0.7964689559294763,2.220446049250313e-16,True
easygese:pine,CWAL,mlp,2,1,0,0.7690806373370218,0.7322406238605182,0.7690806373370218,0.0,True
easygese:pine,CWAL,mlp,2,2,0,0.7927522553974652,0.7744836251779766,0.7927522553974646,5.551115123125783e-16,True
easygese:pine,CWAL,mlp,2,3,0,0.7236756605876495,0.7001269528693282,0.7236756605876494,1.1102230246251565e-16,True
easygese:pine,CWAL,mlp,2,4,0,0.7398749356842997,0.7401339864593253,0.7398749356842997,0.0,True
easygese:pine,CWAL,mlp,2,5,0,0.7910981378362691,0.782674702739618,0.7910981378362694,-2.220446049250313e-16,True
easygese:pine,CWAL,pnngs,1,1,0,0.5647358339803039,0.5194450460582016,0.5647358339803039,0.0,True
easygese:pine,CWAL,pnngs,1,2,0,0.4957122073206211,0.5136107686539435,0.4957122073206209,2.220446049250313e-16,True
easygese:pine,CWAL,pnngs,1,3,0,0.31668955981921665,0.307433683784571,0.3166895598192167,-5.551115123125783e-17,True
easygese:pine,CWAL,pnngs,1,4,0,0.5014181343350275,0.5126571639293162,0.5014181343350275,0.0,True
easygese:pine,CWAL,pnngs,1,5,0,0.5751677016356256,0.5775852792527899,0.5751677016356253,3.3306690738754696e-16,True
easygese:pine,CWAL,pnngs,2,1,0,0.536463274272653,0.4830872912732237,0.536463274272653,0.0,True
easygese:pine,CWAL,pnngs,2,2,0,0.30122777109497473,0.3857591394306113,0.3012277710949745,2.220446049250313e-16,True
easygese:pine,CWAL,pnngs,2,3,0,0.4991709533089303,0.4900460987619859,0.4991709533089303,0.0,True
easygese:pine,CWAL,pnngs,2,4,0,0.5124463297121187,0.5363081970852581,0.5124463297121188,-1.1102230246251565e-16,True
easygese:pine,CWAL,pnngs,2,5,0,0.5109763603009465,0.5066545538956732,0.510976360300947,-4.440892098500626e-16,True
easygese:pine,CWAL,soydngp,1,1,0,0.7566176359499936,0.7558628698141574,0.7566176359499932,4.440892098500626e-16,True
easygese:pine,CWAL,soydngp,1,2,0,0.7147212880191675,0.7190117737785113,0.714721288019168,-5.551115123125783e-16,True
easygese:pine,CWAL,soydngp,1,3,0,0.7123737647099454,0.6805303933140183,0.7123737647099457,-3.3306690738754696e-16,True
easygese:pine,CWAL,soydngp,1,4,0,0.7598228109497849,0.7474173140285127,0.7598228109497854,-5.551115123125783e-16,True
easygese:pine,CWAL,soydngp,1,5,0,0.7894627326944291,0.7860299810590979,0.7894627326944297,-5.551115123125783e-16,True
easygese:pine,CWAL,soydngp,2,1,0,0.7518821945885621,0.7248696978248604,0.751882194588562,1.1102230246251565e-16,True
easygese:pine,CWAL,soydngp,2,2,0,0.7869227235843368,0.7654795659451941,0.7869227235843359,8.881784197001252e-16,True
easygese:pine,CWAL,soydngp,2,3,0,0.6563163327642402,0.6491166032173347,0.6563163327642404,-2.220446049250313e-16,True
easygese:pine,CWAL,soydngp,2,4,0,0.7277455829284483,0.7368662652285374,0.7277455829284478,4.440892098500626e-16,True
easygese:pine,CWAL,soydngp,2,5,0,0.7863461340859874,0.7742353599597952,0.7863461340859873,1.1102230246251565e-16,True
easygese:pine,CWAL,transformer,1,1,0,0.6606178732601791,0.6500428778553463,0.6606178732601788,2.220446049250313e-16,True
easygese:pine,CWAL,transformer,1,2,0,0.6266828385514521,0.6199310492688535,0.6266828385514522,-1.1102230246251565e-16,True
easygese:pine,CWAL,transformer,1,3,0,0.586489534616158,0.5830935025659897,0.586489534616158,0.0,True
easygese:pine,CWAL,transformer,1,4,0,0.6263445171591168,0.6196037155201236,0.6263445171591158,9.992007221626409e-16,True
easygese:pine,CWAL,transformer,1,5,0,0.7225704396168542,0.699149902046108,0.7225704396168542,0.0,True
easygese:pine,CWAL,transformer,2,1,0,0.6467600044810605,0.6301075310533116,0.6467600044810602,3.3306690738754696e-16,True
easygese:pine,CWAL,transformer,2,2,0,0.6612283727023883,0.5948263824108135,0.6612283727023882,1.1102230246251565e-16,True
easygese:pine,CWAL,transformer,2,3,0,0.5933694292964904,0.6081137925209689,0.5933694292964904,0.0,True
easygese:pine,CWAL,transformer,2,4,0,0.5934633096302037,0.5615919489550353,0.5934633096302039,-2.220446049250313e-16,True
easygese:pine,CWAL,transformer,2,5,0,0.6664775709886237,0.6633238770403789,0.6664775709886236,1.1102230246251565e-16,True
easygese:pine,DBH,cnn,1,1,0,0.6557746076906734,0.6644391691903737,0.6557746076906726,7.771561172376096e-16,True
easygese:pine,DBH,cnn,1,2,0,0.6741777899746486,0.6514510526291769,0.6741777899746492,-5.551115123125783e-16,True
easygese:pine,DBH,cnn,1,3,0,0.6329987845033985,0.6092608732426301,0.6329987845033992,-6.661338147750939e-16,True
easygese:pine,DBH,cnn,1,4,0,0.579943331378269,0.5571110023300284,0.579943331378269,0.0,True
easygese:pine,DBH,cnn,1,5,0,0.6811970352804101,0.6839770297096833,0.6811970352804095,5.551115123125783e-16,True
easygese:pine,DBH,cnn,2,1,0,0.6903052981453152,0.6793103854940258,0.6903052981453146,5.551115123125783e-16,True
easygese:pine,DBH,cnn,2,2,0,0.6781374028758947,0.6652861529670191,0.6781374028758946,1.1102230246251565e-16,True
easygese:pine,DBH,cnn,2,3,0,0.6128139980625411,0.6019545345374363,0.6128139980625411,0.0,True
easygese:pine,DBH,cnn,2,4,0,0.5720072934752439,0.5342879907692645,0.5720072934752437,2.220446049250313e-16,True
easygese:pine,DBH,cnn,2,5,0,0.703158024991182,0.6857260028549843,0.7031580249911827,-7.771561172376096e-16,True
easygese:pine,DBH,deepgs,1,1,0,0.6940185213776056,0.6585469016946572,0.6940185213776056,0.0,True
easygese:pine,DBH,deepgs,1,2,0,0.7487562403572988,0.7216442060035846,0.7487562403572987,1.1102230246251565e-16,True
easygese:pine,DBH,deepgs,1,3,0,0.7284609811541409,0.7399111700870765,0.7284609811541409,0.0,True
easygese:pine,DBH,deepgs,1,4,0,0.6719290143337789,0.6536627538818184,0.6719290143337796,-6.661338147750939e-16,True
easygese:pine,DBH,deepgs,1,5,0,0.714664249768284,0.717381587631472,0.7146642497682835,5.551115123125783e-16,True
easygese:pine,DBH,deepgs,2,1,0,0.7497459769695299,0.7038031358966783,0.7497459769695294,5.551115123125783e-16,True
easygese:pine,DBH,deepgs,2,2,0,0.7142320518726022,0.7147592657342561,0.7142320518726023,-1.1102230246251565e-16,True
easygese:pine,DBH,deepgs,2,3,0,0.7004613116442987,0.6986711341184522,0.7004613116442985,2.220446049250313e-16,True
easygese:pine,DBH,deepgs,2,4,0,0.6870631701470943,0.6543072741342556,0.6870631701470952,-8.881784197001252e-16,True
easygese:pine,DBH,deepgs,2,5,0,0.7482949334944319,0.7144940055154075,0.7482949334944321,-2.220446049250313e-16,True
easygese:pine,DBH,dnngp,1,1,0,0.715238908999549,0.6782931307857714,0.7152389089995489,1.1102230246251565e-16,True
easygese:pine,DBH,dnngp,1,2,0,0.750007462790578,0.7234188829937627,0.7500074627905781,-1.1102230246251565e-16,True
easygese:pine,DBH,dnngp,1,3,0,0.702694121522863,0.7020588423393722,0.7026941215228635,-4.440892098500626e-16,True
easygese:pine,DBH,dnngp,1,4,0,0.6578390971278483,0.6407499238331518,0.6578390971278486,-3.3306690738754696e-16,True
easygese:pine,DBH,dnngp,1,5,0,0.74422854531262,0.7337900543759113,0.7442285453126195,4.440892098500626e-16,True
easygese:pine,DBH,dnngp,2,1,0,0.7447728766799675,0.706030206896837,0.744772876679967,4.440892098500626e-16,True
easygese:pine,DBH,dnngp,2,2,0,0.6703017335536525,0.6339222380355112,0.6703017335536524,1.1102230246251565e-16,True
easygese:pine,DBH,dnngp,2,3,0,0.663156536620151,0.6445570606734901,0.6631565366201511,-1.1102230246251565e-16,True
easygese:pine,DBH,dnngp,2,4,0,0.6340766982460585,0.6353294083631318,0.6340766982460588,-3.3306690738754696e-16,True
easygese:pine,DBH,dnngp,2,5,0,0.771454193297486,0.738158299786951,0.7714541932974845,1.4432899320127035e-15,True
easygese:pine,DBH,mlp,1,1,0,0.7270526489073467,0.6759288076438141,0.7270526489073457,9.992007221626409e-16,True
easygese:pine,DBH,mlp,1,2,0,0.7516767134352033,0.7374685621271807,0.7516767134352037,-4.440892098500626e-16,True
easygese:pine,DBH,mlp,1,3,0,0.7302871925869882,0.7295032149059678,0.7302871925869882,0.0,True
easygese:pine,DBH,mlp,1,4,0,0.6561038020068238,0.6418844638669903,0.656103802006823,8.881784197001252e-16,True
easygese:pine,DBH,mlp,1,5,0,0.7405107796573817,0.7361826224875615,0.7405107796573813,3.3306690738754696e-16,True
easygese:pine,DBH,mlp,2,1,0,0.7373889696609006,0.7215688181808585,0.7373889696609004,2.220446049250313e-16,True
easygese:pine,DBH,mlp,2,2,0,0.718190622862106,0.7006935016378749,0.7181906228621057,3.3306690738754696e-16,True
easygese:pine,DBH,mlp,2,3,0,0.6877129684426234,0.6498851791880551,0.6877129684426234,0.0,True
easygese:pine,DBH,mlp,2,4,0,0.6716772596798937,0.6257493948933617,0.6716772596798936,1.1102230246251565e-16,True
easygese:pine,DBH,mlp,2,5,0,0.7819045722707455,0.7660059765343655,0.7819045722707458,-3.3306690738754696e-16,True
easygese:pine,DBH,pnngs,1,1,0,0.41567734053499783,0.4070276369551221,0.4156773405349983,-4.440892098500626e-16,True
easygese:pine,DBH,pnngs,1,2,0,0.48283680297501896,0.49113953444875874,0.48283680297501885,1.1102230246251565e-16,True
easygese:pine,DBH,pnngs,1,3,0,0.27668569346308536,0.27146824709216544,0.2766856934630853,5.551115123125783e-17,True
easygese:pine,DBH,pnngs,1,4,0,0.4718121064460371,0.4523803805747182,0.4718121064460372,-1.1102230246251565e-16,True
easygese:pine,DBH,pnngs,1,5,0,0.4525568769074358,0.4307144241454158,0.4525568769074355,2.7755575615628914e-16,True
easygese:pine,DBH,pnngs,2,1,0,0.3995122354079091,0.3531758858032104,0.39951223540790953,-4.440892098500626e-16,True
easygese:pine,DBH,pnngs,2,2,0,0.17441037084045463,0.14896361603085712,0.17441037084045458,5.551115123125783e-17,True
easygese:pine,DBH,pnngs,2,3,0,0.33824850475499324,0.3719301834513334,0.3382485047549932,5.551115123125783e-17,True
easygese:pine,DBH,pnngs,2,4,0,0.3467285511524049,0.3249999432451762,0.34672855115240464,2.7755575615628914e-16,True
easygese:pine,DBH,pnngs,2,5,0,0.3365399125760685,0.28612157504381863,0.33653991257606836,1.6653345369377348e-16,True
easygese:pine,DBH,soydngp,1,1,0,0.6997264110645951,0.6854149813442625,0.6997264110645951,0.0,True
easygese:pine,DBH,soydngp,1,2,0,0.7049526038982792,0.6510660204698813,0.7049526038982799,-6.661338147750939e-16,True
easygese:pine,DBH,soydngp,1,3,0,0.7083778704587796,0.7124962242015273,0.7083778704587802,-5.551115123125783e-16,True
easygese:pine,DBH,soydngp,1,4,0,0.6317519907731891,0.6130990795475048,0.6317519907731892,-1.1102230246251565e-16,True
easygese:pine,DBH,soydngp,1,5,0,0.7240263636130101,0.7110265664584413,0.724026363613011,-8.881784197001252e-16,True
easygese:pine,DBH,soydngp,2,1,0,0.7700086919440734,0.7379315605830747,0.7700086919440743,-8.881784197001252e-16,True
easygese:pine,DBH,soydngp,2,2,0,0.6883347357444939,0.6507658684126589,0.688334735744494,-1.1102230246251565e-16,True
easygese:pine,DBH,soydngp,2,3,0,0.6712954135526019,0.6663828581015209,0.6712954135526025,-5.551115123125783e-16,True
easygese:pine,DBH,soydngp,2,4,0,0.6560574175987097,0.6137598370281173,0.6560574175987107,-9.992007221626409e-16,True
easygese:pine,DBH,soydngp,2,5,0,0.7306758768625217,0.7115159184085509,0.7306758768625219,-2.220446049250313e-16,True
easygese:pine,DBH,transformer,1,1,0,0.6388610585786566,0.6201050799496667,0.6388610585786565,1.1102230246251565e-16,True
easygese:pine,DBH,transformer,1,2,0,0.5721317963372404,0.5665346133796568,0.572131796337241,-5.551115123125783e-16,True
easygese:pine,DBH,transformer,1,3,0,0.5696804949758744,0.5442966339782955,0.5696804949758744,0.0,True
easygese:pine,DBH,transformer,1,4,0,0.5307039435550891,0.5217095191259634,0.5307039435550897,-5.551115123125783e-16,True
easygese:pine,DBH,transformer,1,5,0,0.6468109066363471,0.6109208548385503,0.6468109066363471,0.0,True
easygese:pine,DBH,transformer,2,1,0,0.6320497462594422,0.6031380874399269,0.6320497462594418,4.440892098500626e-16,True
easygese:pine,DBH,transformer,2,2,0,0.6816434934688584,0.6510148941348052,0.6816434934688586,-1.1102230246251565e-16,True
easygese:pine,DBH,transformer,2,3,0,0.5357971589085171,0.5207161107349836,0.5357971589085169,2.220446049250313e-16,True
easygese:pine,DBH,transformer,2,4,0,0.4764618256326048,0.464990227641878,0.47646182563260464,1.6653345369377348e-16,True
easygese:pine,DBH,transformer,2,5,0,0.6351169122710479,0.6188629119453786,0.6351169122710482,-2.220446049250313e-16,True
easygese:pine,HT,cnn,1,1,0,0.6161858200503855,0.5953665101850464,0.6161858200503857,-2.220446049250313e-16,True
easygese:pine,HT,cnn,1,2,0,0.5940727331210787,0.580147909536919,0.5940727331210792,-5.551115123125783e-16,True
easygese:pine,HT,cnn,1,3,0,0.4836294900483009,0.46380850710108273,0.4836294900483007,2.220446049250313e-16,True
easygese:pine,HT,cnn,1,4,0,0.442268941329841,0.35061664918977314,0.4422689413298409,1.1102230246251565e-16,True
easygese:pine,HT,cnn,1,5,0,0.5486157629346009,0.49671947641276454,0.5486157629346009,0.0,True
easygese:pine,HT,cnn,2,1,0,0.5609080149430399,0.5081861124829568,0.5609080149430409,-9.992007221626409e-16,True
easygese:pine,HT,cnn,2,2,0,0.5423279227979413,0.5239856444277615,0.5423279227979414,-1.1102230246251565e-16,True
easygese:pine,HT,cnn,2,3,0,0.4569954558632346,0.39806986456627835,0.45699545586323465,-5.551115123125783e-17,True
easygese:pine,HT,cnn,2,4,0,0.49739525486052105,0.484677897603857,0.49739525486052166,-6.106226635438361e-16,True
easygese:pine,HT,cnn,2,5,0,0.6101995577868766,0.5925544932334453,0.6101995577868763,3.3306690738754696e-16,True
easygese:pine,HT,deepgs,1,1,0,0.6287790279553513,0.6298049388376056,0.6287790279553515,-1.1102230246251565e-16,True
easygese:pine,HT,deepgs,1,2,0,0.6582332165834731,0.6418862737808794,0.6582332165834718,1.3322676295501878e-15,True
easygese:pine,HT,deepgs,1,3,0,0.6317762501914099,0.6326395018217169,0.6317762501914103,-3.3306690738754696e-16,True
easygese:pine,HT,deepgs,1,4,0,0.5256640338878394,0.5109909318126787,0.5256640338878399,-4.440892098500626e-16,True
easygese:pine,HT,deepgs,1,5,0,0.6082430626440297,0.5795803022179256,0.6082430626440299,-2.220446049250313e-16,True
easygese:pine,HT,deepgs,2,1,0,0.6483381125217355,0.6371025567296215,0.6483381125217351,3.3306690738754696e-16,True
easygese:pine,HT,deepgs,2,2,0,0.5801840271290583,0.5583772630217372,0.5801840271290583,0.0,True
easygese:pine,HT,deepgs,2,3,0,0.5982125972584257,0.603312212989649,0.5982125972584261,-4.440892098500626e-16,True
easygese:pine,HT,deepgs,2,4,0,0.5917408290415662,0.5823814014183192,0.5917408290415669,-6.661338147750939e-16,True
easygese:pine,HT,deepgs,2,5,0,0.6594891844336267,0.6521049423957456,0.6594891844336269,-2.220446049250313e-16,True
easygese:pine,HT,dnngp,1,1,0,0.6651963258557165,0.667224156513435,0.6651963258557165,0.0,True
easygese:pine,HT,dnngp,1,2,0,0.5987428025870155,0.6000679228545888,0.5987428025870154,1.1102230246251565e-16,True
easygese:pine,HT,dnngp,1,3,0,0.60344942305868,0.5782627257970814,0.6034494230586803,-3.3306690738754696e-16,True
easygese:pine,HT,dnngp,1,4,0,0.5280682971284743,0.5398738541910725,0.5280682971284739,3.3306690738754696e-16,True
easygese:pine,HT,dnngp,1,5,0,0.6043342355031766,0.5668209010854101,0.604334235503177,-4.440892098500626e-16,True
easygese:pine,HT,dnngp,2,1,0,0.5955315712521371,0.6059976948140438,0.5955315712521371,0.0,True
easygese:pine,HT,dnngp,2,2,0,0.5510994676556781,0.5460281441182337,0.5510994676556782,-1.1102230246251565e-16,True
easygese:pine,HT,dnngp,2,3,0,0.586259942743288,0.5534793556875905,0.5862599427432881,-1.1102230246251565e-16,True
easygese:pine,HT,dnngp,2,4,0,0.5432145257094815,0.5339212476391227,0.5432145257094819,-4.440892098500626e-16,True
easygese:pine,HT,dnngp,2,5,0,0.6832277547729809,0.6356138904703225,0.683227754772981,-1.1102230246251565e-16,True
easygese:pine,HT,mlp,1,1,0,0.6626245591892149,0.6443515382249838,0.6626245591892149,0.0,True
easygese:pine,HT,mlp,1,2,0,0.5929461228333308,0.6158239353217083,0.5929461228333308,0.0,True
easygese:pine,HT,mlp,1,3,0,0.6409650690093452,0.6298595644381167,0.6409650690093445,7.771561172376096e-16,True
easygese:pine,HT,mlp,1,4,0,0.5326853258601121,0.5139866511446237,0.532685325860112,1.1102230246251565e-16,True
easygese:pine,HT,mlp,1,5,0,0.5852164842967877,0.5481539206972731,0.5852164842967881,-3.3306690738754696e-16,True
easygese:pine,HT,mlp,2,1,0,0.6514189696986763,0.6602785124536874,0.6514189696986762,1.1102230246251565e-16,True
easygese:pine,HT,mlp,2,2,0,0.6028332790273117,0.5731009865650685,0.6028332790273124,-7.771561172376096e-16,True
easygese:pine,HT,mlp,2,3,0,0.5594258814277543,0.5359796278848263,0.5594258814277547,-4.440892098500626e-16,True
easygese:pine,HT,mlp,2,4,0,0.559654703582516,0.5521418520713772,0.5596547035825163,-3.3306690738754696e-16,True
easygese:pine,HT,mlp,2,5,0,0.7062247942427343,0.6849704368231362,0.7062247942427348,-4.440892098500626e-16,True
easygese:pine,HT,pnngs,1,1,0,0.2724925421818458,0.2039429250894742,0.27249254218184604,-2.220446049250313e-16,True
easygese:pine,HT,pnngs,1,2,0,0.301382488253535,0.2747746974603438,0.30138248825353525,-2.7755575615628914e-16,True
easygese:pine,HT,pnngs,1,3,0,0.22127436323058264,0.21483466834567266,0.2212743632305825,1.3877787807814457e-16,True
easygese:pine,HT,pnngs,1,4,0,0.18042212255074427,0.1757439138476295,0.18042212255074427,0.0,True
easygese:pine,HT,pnngs,1,5,0,0.25895114879346914,0.2293235531470456,0.2589511487934692,-5.551115123125783e-17,True
easygese:pine,HT,pnngs,2,1,0,0.27839896496820726,0.2164065645521622,0.2783989649682072,5.551115123125783e-17,True
easygese:pine,HT,pnngs,2,2,0,0.19224870058040605,0.11431568162779018,0.19224870058040616,-1.1102230246251565e-16,True
easygese:pine,HT,pnngs,2,3,0,0.2038213473504892,0.2918182407988065,0.20382134735048926,-5.551115123125783e-17,True
easygese:pine,HT,pnngs,2,4,0,0.17577787546135415,0.23947677113775556,0.17577787546135396,1.942890293094024e-16,True
easygese:pine,HT,pnngs,2,5,0,0.3429934659782002,0.3462713897961503,0.3429934659782005,-3.3306690738754696e-16,True
easygese:pine,HT,soydngp,1,1,0,0.6721318807513201,0.6553876968127182,0.67213188075132,1.1102230246251565e-16,True
easygese:pine,HT,soydngp,1,2,0,0.5712500560395827,0.5930512017749712,0.5712500560395831,-4.440892098500626e-16,True
easygese:pine,HT,soydngp,1,3,0,0.6200034297929621,0.6257658234883927,0.6200034297929621,0.0,True
easygese:pine,HT,soydngp,1,4,0,0.5108198731612777,0.4995628312005633,0.5108198731612781,-3.3306690738754696e-16,True
easygese:pine,HT,soydngp,1,5,0,0.6131355533354335,0.5890488502743884,0.6131355533354331,3.3306690738754696e-16,True
easygese:pine,HT,soydngp,2,1,0,0.6510707459449507,0.6296808190072166,0.65107074594495,7.771561172376096e-16,True
easygese:pine,HT,soydngp,2,2,0,0.5753410692846718,0.556748040030697,0.5753410692846722,-4.440892098500626e-16,True
easygese:pine,HT,soydngp,2,3,0,0.6073587149498024,0.5449416616460898,0.6073587149498029,-4.440892098500626e-16,True
easygese:pine,HT,soydngp,2,4,0,0.5620503618043232,0.5127598386060427,0.5620503618043229,3.3306690738754696e-16,True
easygese:pine,HT,soydngp,2,5,0,0.6842517041044048,0.6332420519425288,0.6842517041044051,-2.220446049250313e-16,True
easygese:pine,HT,transformer,1,1,0,0.5251956250261824,0.5229955311416103,0.5251956250261831,-6.661338147750939e-16,True
easygese:pine,HT,transformer,1,2,0,0.48676235867302237,0.45580637176052874,0.48676235867302237,0.0,True
easygese:pine,HT,transformer,1,3,0,0.5004488081216915,0.48438758796759185,0.5004488081216919,-4.440892098500626e-16,True
easygese:pine,HT,transformer,1,4,0,0.34838203391293837,0.33811111102904134,0.3483820339129382,1.6653345369377348e-16,True
easygese:pine,HT,transformer,1,5,0,0.5523132296723442,0.5074482399193729,0.5523132296723445,-3.3306690738754696e-16,True
easygese:pine,HT,transformer,2,1,0,0.5852918842748587,0.56823831690526,0.5852918842748586,1.1102230246251565e-16,True
easygese:pine,HT,transformer,2,2,0,0.44082119635087563,0.4088365577904119,0.44082119635087597,-3.3306690738754696e-16,True
easygese:pine,HT,transformer,2,3,0,0.4516914337295078,0.4221649835047556,0.45169143372950826,-4.440892098500626e-16,True
easygese:pine,HT,transformer,2,4,0,0.4480575489039024,0.4038559050675844,0.4480575489039026,-1.6653345369377348e-16,True
easygese:pine,HT,transformer,2,5,0,0.6454676873961867,0.5942927627110761,0.6454676873961868,-1.1102230246251565e-16,True
easygese:pine,HTLC,cnn,1,1,0,0.7539261363687707,0.7352880094552846,0.753926136368771,-3.3306690738754696e-16,True
easygese:pine,HTLC,cnn,1,2,0,0.720597957268478,0.6903447012935069,0.7205979572684778,2.220446049250313e-16,True
easygese:pine,HTLC,cnn,1,3,0,0.7045561360288937,0.6920844538906176,0.7045561360288938,-1.1102230246251565e-16,True
easygese:pine,HTLC,cnn,1,4,0,0.7316646711131625,0.7231692316415539,0.7316646711131624,1.1102230246251565e-16,True
easygese:pine,HTLC,cnn,1,5,0,0.7228677572044258,0.7024356067223958,0.722867757204426,-2.220446049250313e-16,True
easygese:pine,HTLC,cnn,2,1,0,0.7087793399225407,0.7071397520060514,0.7087793399225408,-1.1102230246251565e-16,True
easygese:pine,HTLC,cnn,2,2,0,0.704929774154148,0.6938220912477867,0.7049297741541484,-3.3306690738754696e-16,True
easygese:pine,HTLC,cnn,2,3,0,0.6923925192162462,0.6629219063280591,0.6923925192162461,1.1102230246251565e-16,True
easygese:pine,HTLC,cnn,2,4,0,0.7303318918449845,0.7165051096111203,0.7303318918449841,3.3306690738754696e-16,True
easygese:pine,HTLC,cnn,2,5,0,0.7555420672746079,0.7564953373877814,0.7555420672746075,4.440892098500626e-16,True
easygese:pine,HTLC,deepgs,1,1,0,0.7564459659092829,0.7436215511163241,0.7564459659092818,1.1102230246251565e-15,True
easygese:pine,HTLC,deepgs,1,2,0,0.7858897970822059,0.7711295175455951,0.7858897970822065,-6.661338147750939e-16,True
easygese:pine,HTLC,deepgs,1,3,0,0.7342231978840216,0.7193009447059122,0.734223197884022,-4.440892098500626e-16,True
easygese:pine,HTLC,deepgs,1,4,0,0.7459103977856223,0.7377746201574183,0.7459103977856224,-1.1102230246251565e-16,True
easygese:pine,HTLC,deepgs,1,5,0,0.8076759872268792,0.7982586024799428,0.8076759872268789,2.220446049250313e-16,True
easygese:pine,HTLC,deepgs,2,1,0,0.7781905195126645,0.7649760410040432,0.7781905195126644,1.1102230246251565e-16,True
easygese:pine,HTLC,deepgs,2,2,0,0.7307536675134497,0.7012773210409823,0.7307536675134496,1.1102230246251565e-16,True
easygese:pine,HTLC,deepgs,2,3,0,0.7650353888087043,0.7609816433552401,0.7650353888087037,5.551115123125783e-16,True
easygese:pine,HTLC,deepgs,2,4,0,0.7948189960470556,0.7806758080826048,0.7948189960470555,1.1102230246251565e-16,True
easygese:pine,HTLC,deepgs,2,5,0,0.8116814735291188,0.7831696492883078,0.8116814735291181,6.661338147750939e-16,True
easygese:pine,HTLC,dnngp,1,1,0,0.7716581400658751,0.7527325747436331,0.7716581400658753,-2.220446049250313e-16,True
easygese:pine,HTLC,dnngp,1,2,0,0.7864966166168231,0.7676407831899934,0.7864966166168224,7.771561172376096e-16,True
easygese:pine,HTLC,dnngp,1,3,0,0.7392875116525549,0.7185155911533048,0.7392875116525549,0.0,True
easygese:pine,HTLC,dnngp,1,4,0,0.7607324354583711,0.7565249453913906,0.7607324354583714,-3.3306690738754696e-16,True
easygese:pine,HTLC,dnngp,1,5,0,0.8062295712002994,0.7908009233809926,0.8062295712002999,-5.551115123125783e-16,True
easygese:pine,HTLC,dnngp,2,1,0,0.7853614583825975,0.7622380100543289,0.7853614583825975,0.0,True
easygese:pine,HTLC,dnngp,2,2,0,0.7115349190798728,0.6938391247467499,0.7115349190798724,3.3306690738754696e-16,True
easygese:pine,HTLC,dnngp,2,3,0,0.7507214197653627,0.7427798768446479,0.7507214197653643,-1.6653345369377348e-15,True
easygese:pine,HTLC,dnngp,2,4,0,0.7813810064016072,0.7751180985542813,0.7813810064016069,3.3306690738754696e-16,True
easygese:pine,HTLC,dnngp,2,5,0,0.7902834152030994,0.7787130260447389,0.7902834152030992,2.220446049250313e-16,True
easygese:pine,HTLC,mlp,1,1,0,0.7993714110777498,0.7852478843127456,0.79937141107775,-2.220446049250313e-16,True
easygese:pine,HTLC,mlp,1,2,0,0.7677795821563053,0.7620642177971115,0.7677795821563053,0.0,True
easygese:pine,HTLC,mlp,1,3,0,0.7537997128049111,0.7393357720386579,0.7537997128049103,7.771561172376096e-16,True
easygese:pine,HTLC,mlp,1,4,0,0.7654173186313101,0.751193092920255,0.7654173186313095,6.661338147750939e-16,True
easygese:pine,HTLC,mlp,1,5,0,0.8079282374692217,0.7855667736184152,0.8079282374692218,-1.1102230246251565e-16,True
easygese:pine,HTLC,mlp,2,1,0,0.7862589548356324,0.7708269587932538,0.7862589548356312,1.1102230246251565e-15,True
easygese:pine,HTLC,mlp,2,2,0,0.7482181051705252,0.7384960642970808,0.7482181051705252,0.0,True
easygese:pine,HTLC,mlp,2,3,0,0.7655812922267432,0.7599375746975067,0.7655812922267433,-1.1102230246251565e-16,True
easygese:pine,HTLC,mlp,2,4,0,0.8046527539804739,0.7940758991838885,0.8046527539804736,2.220446049250313e-16,True
easygese:pine,HTLC,mlp,2,5,0,0.8162333798460025,0.8075448548828777,0.816233379846003,-4.440892098500626e-16,True
easygese:pine,HTLC,pnngs,1,1,0,0.511728262026004,0.49797026001198813,0.5117282620260039,1.1102230246251565e-16,True
easygese:pine,HTLC,pnngs,1,2,0,0.47047343736582975,0.4683365036308617,0.47047343736582964,1.1102230246251565e-16,True
easygese:pine,HTLC,pnngs,1,3,0,0.4799753103669787,0.4978455732727906,0.47997531036697877,-5.551115123125783e-17,True
easygese:pine,HTLC,pnngs,1,4,0,0.4873384323700246,0.4971064935402597,0.4873384323700249,-2.7755575615628914e-16,True
easygese:pine,HTLC,pnngs,1,5,0,0.6059265187199828,0.6049555590561144,0.6059265187199828,0.0,True
easygese:pine,HTLC,pnngs,2,1,0,0.5191740450414277,0.5137474902467162,0.5191740450414274,3.3306690738754696e-16,True
easygese:pine,HTLC,pnngs,2,2,0,0.525553519855909,0.4890786465269962,0.5255535198559091,-1.1102230246251565e-16,True
easygese:pine,HTLC,pnngs,2,3,0,0.4312365682956184,0.4640010615749954,0.43123656829561813,2.7755575615628914e-16,True
easygese:pine,HTLC,pnngs,2,4,0,0.503401666956329,0.46349107574717135,0.5034016669563288,2.220446049250313e-16,True
easygese:pine,HTLC,pnngs,2,5,0,0.6111404339054275,0.5728587505950807,0.6111404339054277,-2.220446049250313e-16,True
easygese:pine,HTLC,soydngp,1,1,0,0.7900497719379395,0.7753305771933486,0.7900497719379397,-2.220446049250313e-16,True
easygese:pine,HTLC,soydngp,1,2,0,0.7669323031483171,0.7636425547985866,0.7669323031483167,3.3306690738754696e-16,True
easygese:pine,HTLC,soydngp,1,3,0,0.7392814283190852,0.7316815842052501,0.739281428319085,1.1102230246251565e-16,True
easygese:pine,HTLC,soydngp,1,4,0,0.7669638052960455,0.7470580317039703,0.7669638052960454,1.1102230246251565e-16,True
easygese:pine,HTLC,soydngp,1,5,0,0.7944878375967431,0.7713318005532062,0.7944878375967419,1.2212453270876722e-15,True
easygese:pine,HTLC,soydngp,2,1,0,0.7757181121702298,0.7712339858125878,0.7757181121702312,-1.4432899320127035e-15,True
easygese:pine,HTLC,soydngp,2,2,0,0.7273773060632492,0.7376338780064587,0.7273773060632485,7.771561172376096e-16,True
easygese:pine,HTLC,soydngp,2,3,0,0.7479787437363454,0.724431623375201,0.7479787437363449,5.551115123125783e-16,True
easygese:pine,HTLC,soydngp,2,4,0,0.7678723875426748,0.7607204381792,0.7678723875426742,6.661338147750939e-16,True
easygese:pine,HTLC,soydngp,2,5,0,0.7980771726519102,0.7692087146878568,0.79807717265191,2.220446049250313e-16,True
easygese:pine,HTLC,transformer,1,1,0,0.6960294929802257,0.6781688012926538,0.696029492980226,-3.3306690738754696e-16,True
easygese:pine,HTLC,transformer,1,2,0,0.629791921881846,0.6091209572891043,0.6297919218818453,6.661338147750939e-16,True
easygese:pine,HTLC,transformer,1,3,0,0.638928840859234,0.628618384799327,0.6389288408592335,4.440892098500626e-16,True
easygese:pine,HTLC,transformer,1,4,0,0.6144084592134382,0.6136455643090168,0.6144084592134386,-3.3306690738754696e-16,True
easygese:pine,HTLC,transformer,1,5,0,0.6966673875754255,0.6573668397786089,0.696667387575425,4.440892098500626e-16,True
easygese:pine,HTLC,transformer,2,1,0,0.6178476833970916,0.5948837739529195,0.6178476833970918,-2.220446049250313e-16,True
easygese:pine,HTLC,transformer,2,2,0,0.6329094569800813,0.6074296507347379,0.6329094569800815,-2.220446049250313e-16,True
easygese:pine,HTLC,transformer,2,3,0,0.6806149972854025,0.6552604394693171,0.6806149972854028,-2.220446049250313e-16,True
easygese:pine,HTLC,transformer,2,4,0,0.6741560887665244,0.6642897829247093,0.6741560887665241,3.3306690738754696e-16,True
easygese:pine,HTLC,transformer,2,5,0,0.7349284446047378,0.7013000586169285,0.734928444604738,-2.220446049250313e-16,True
easygese:pine,c5c6,cnn,1,1,0,0.8764859147911286,0.8651670754482483,0.8764859147911284,2.220446049250313e-16,True
easygese:pine,c5c6,cnn,1,2,0,0.8466925368722765,0.8389537100156433,0.8466925368722762,3.3306690738754696e-16,True
easygese:pine,c5c6,cnn,1,3,0,0.8650435863032618,0.8363495390016248,0.8650435863032608,9.992007221626409e-16,True
easygese:pine,c5c6,cnn,1,4,0,0.8753074356966705,0.8654053947722148,0.8753074356966704,1.1102230246251565e-16,True
easygese:pine,c5c6,cnn,1,5,0,0.8259819552710513,0.8152444966869618,0.825981955271052,-6.661338147750939e-16,True
easygese:pine,c5c6,cnn,2,1,0,0.8815782789391395,0.860796367602729,0.8815782789391403,-7.771561172376096e-16,True
easygese:pine,c5c6,cnn,2,2,0,0.8250390989756434,0.8103488530071544,0.8250390989756429,5.551115123125783e-16,True
easygese:pine,c5c6,cnn,2,3,0,0.8327837433920745,0.8087720152990583,0.832783743392074,5.551115123125783e-16,True
easygese:pine,c5c6,cnn,2,4,0,0.837785943417115,0.8330464881678671,0.8377859434171141,8.881784197001252e-16,True
easygese:pine,c5c6,cnn,2,5,0,0.8504582797904177,0.8322078289952717,0.8504582797904169,7.771561172376096e-16,True
easygese:pine,c5c6,deepgs,1,1,0,0.8950345269927904,0.8862214978780277,0.8950345269927904,0.0,True
easygese:pine,c5c6,deepgs,1,2,0,0.8850384761208248,0.8799625751277966,0.8850384761208246,1.1102230246251565e-16,True
easygese:pine,c5c6,deepgs,1,3,0,0.8978458119764664,0.9026740267980811,0.8978458119764668,-4.440892098500626e-16,True
easygese:pine,c5c6,deepgs,1,4,0,0.8959400002633802,0.8990795928010186,0.8959400002633802,0.0,True
easygese:pine,c5c6,deepgs,1,5,0,0.8749109860263217,0.8684209806645696,0.874910986026322,-3.3306690738754696e-16,True
easygese:pine,c5c6,deepgs,2,1,0,0.9142569945924247,0.911890017797416,0.9142569945924248,-1.1102230246251565e-16,True
easygese:pine,c5c6,deepgs,2,2,0,0.8589827301173761,0.845880799587916,0.8589827301173762,-1.1102230246251565e-16,True
easygese:pine,c5c6,deepgs,2,3,0,0.8894325977882257,0.8911856948554917,0.8894325977882258,-1.1102230246251565e-16,True
easygese:pine,c5c6,deepgs,2,4,0,0.8830611602094373,0.8793360644142499,0.8830611602094366,6.661338147750939e-16,True
easygese:pine,c5c6,deepgs,2,5,0,0.8902899605900638,0.9038659288280626,0.8902899605900642,-3.3306690738754696e-16,True
easygese:pine,c5c6,dnngp,1,1,0,0.9102130504278937,0.8984660906251378,0.9102130504278935,2.220446049250313e-16,True
easygese:pine,c5c6,dnngp,1,2,0,0.9114191209198859,0.8993548971451468,0.9114191209198861,-2.220446049250313e-16,True
easygese:pine,c5c6,dnngp,1,3,0,0.914673750454434,0.915891855171957,0.9146737504544348,-7.771561172376096e-16,True
easygese:pine,c5c6,dnngp,1,4,0,0.907286197566871,0.9046362020310562,0.9072861975668708,2.220446049250313e-16,True
easygese:pine,c5c6,dnngp,1,5,0,0.8899697319759469,0.8885613083503685,0.8899697319759468,1.1102230246251565e-16,True
easygese:pine,c5c6,dnngp,2,1,0,0.9272690380077543,0.9212200785573978,0.9272690380077542,1.1102230246251565e-16,True
easygese:pine,c5c6,dnngp,2,2,0,0.878454320894871,0.869933533299682,0.8784543208948699,1.1102230246251565e-15,True
easygese:pine,c5c6,dnngp,2,3,0,0.8950431124078198,0.8913095864615976,0.8950431124078188,9.992007221626409e-16,True
easygese:pine,c5c6,dnngp,2,4,0,0.8848597003354587,0.8753804762856433,0.8848597003354581,5.551115123125783e-16,True
easygese:pine,c5c6,dnngp,2,5,0,0.9160049191296707,0.9025718271196654,0.9160049191296702,5.551115123125783e-16,True
easygese:pine,c5c6,mlp,1,1,0,0.900445045303495,0.8855425644364269,0.9004450453034946,4.440892098500626e-16,True
easygese:pine,c5c6,mlp,1,2,0,0.915323581169416,0.9130477292756214,0.915323581169416,0.0,True
easygese:pine,c5c6,mlp,1,3,0,0.9201084082230127,0.9249174334872109,0.9201084082230138,-1.1102230246251565e-15,True
easygese:pine,c5c6,mlp,1,4,0,0.9202917580361958,0.9185287957076003,0.9202917580361958,0.0,True
easygese:pine,c5c6,mlp,1,5,0,0.8961641870951482,0.8968059906821986,0.8961641870951477,5.551115123125783e-16,True
easygese:pine,c5c6,mlp,2,1,0,0.9339814437578269,0.9317150451276535,0.9339814437578264,4.440892098500626e-16,True
easygese:pine,c5c6,mlp,2,2,0,0.8857110037927015,0.8802995559905956,0.8857110037927011,4.440892098500626e-16,True
easygese:pine,c5c6,mlp,2,3,0,0.9017469114903999,0.9027660411842158,0.9017469114903994,4.440892098500626e-16,True
easygese:pine,c5c6,mlp,2,4,0,0.8956670990415716,0.8939999013276139,0.8956670990415717,-1.1102230246251565e-16,True
easygese:pine,c5c6,mlp,2,5,0,0.9226028301834368,0.9092254447283865,0.9226028301834368,0.0,True
easygese:pine,c5c6,pnngs,1,1,0,0.7358043549193648,0.7253772483300664,0.7358043549193654,-5.551115123125783e-16,True
easygese:pine,c5c6,pnngs,1,2,0,0.624861551510886,0.6135874580269127,0.6248615515108857,2.220446049250313e-16,True
easygese:pine,c5c6,pnngs,1,3,0,0.6321017786273171,0.6159051784764087,0.6321017786273168,3.3306690738754696e-16,True
easygese:pine,c5c6,pnngs,1,4,0,0.6853900250126862,0.6664053614413304,0.685390025012686,2.220446049250313e-16,True
easygese:pine,c5c6,pnngs,1,5,0,0.656522506880845,0.6174481000340641,0.6565225068808448,2.220446049250313e-16,True
easygese:pine,c5c6,pnngs,2,1,0,0.6280048921154243,0.6039831480346518,0.6280048921154239,4.440892098500626e-16,True
easygese:pine,c5c6,pnngs,2,2,0,0.6124276449688952,0.6140890373873363,0.612427644968895,2.220446049250313e-16,True
easygese:pine,c5c6,pnngs,2,3,0,0.5927566044796867,0.5737993055887028,0.5927566044796875,-7.771561172376096e-16,True
easygese:pine,c5c6,pnngs,2,4,0,0.5604265203362613,0.5231174570599636,0.5604265203362616,-3.3306690738754696e-16,True
easygese:pine,c5c6,pnngs,2,5,0,0.6684784329663587,0.625644669718403,0.6684784329663589,-2.220446049250313e-16,True
easygese:pine,c5c6,soydngp,1,1,0,0.9061901026260469,0.8828109503061115,0.9061901026260467,2.220446049250313e-16,True
easygese:pine,c5c6,soydngp,1,2,0,0.9076080326378613,0.8945680655697764,0.9076080326378612,1.1102230246251565e-16,True
easygese:pine,c5c6,soydngp,1,3,0,0.8974094196496357,0.8819882557403065,0.897409419649636,-3.3306690738754696e-16,True
easygese:pine,c5c6,soydngp,1,4,0,0.8968319023755712,0.8964400913871876,0.8968319023755715,-3.3306690738754696e-16,True
easygese:pine,c5c6,soydngp,1,5,0,0.8736870404507802,0.8654026306273602,0.87368704045078,1.1102230246251565e-16,True
easygese:pine,c5c6,soydngp,2,1,0,0.9198556037852587,0.9117460871361606,0.9198556037852583,3.3306690738754696e-16,True
easygese:pine,c5c6,soydngp,2,2,0,0.8754839468616089,0.8635660414160938,0.8754839468616088,1.1102230246251565e-16,True
easygese:pine,c5c6,soydngp,2,3,0,0.8890531704977603,0.8852204940066561,0.8890531704977608,-4.440892098500626e-16,True
easygese:pine,c5c6,soydngp,2,4,0,0.8716955069103989,0.8625905571421059,0.871695506910399,-1.1102230246251565e-16,True
easygese:pine,c5c6,soydngp,2,5,0,0.9163896497826306,0.9085184263249765,0.916389649782631,-4.440892098500626e-16,True
easygese:pine,c5c6,transformer,1,1,0,0.8202923373039359,0.8117517210458371,0.8202923373039367,-7.771561172376096e-16,True
easygese:pine,c5c6,transformer,1,2,0,0.8285805653143389,0.8063034604376335,0.8285805653143398,-8.881784197001252e-16,True
easygese:pine,c5c6,transformer,1,3,0,0.8039866910694798,0.7873752584395175,0.8039866910694788,9.992007221626409e-16,True
easygese:pine,c5c6,transformer,1,4,0,0.8376528195734649,0.8327620312806098,0.8376528195734643,6.661338147750939e-16,True
easygese:pine,c5c6,transformer,1,5,0,0.8037497487309272,0.8056299000179574,0.8037497487309265,6.661338147750939e-16,True
easygese:pine,c5c6,transformer,2,1,0,0.838796909972997,0.8116518064408126,0.8387969099729968,2.220446049250313e-16,True
easygese:pine,c5c6,transformer,2,2,0,0.7831024625859714,0.7707777383664036,0.7831024625859712,2.220446049250313e-16,True
easygese:pine,c5c6,transformer,2,3,0,0.7991448456490575,0.7801726485861505,0.799144845649057,5.551115123125783e-16,True
easygese:pine,c5c6,transformer,2,4,0,0.8053671540451349,0.798588150878619,0.8053671540451346,3.3306690738754696e-16,True
easygese:pine,c5c6,transformer,2,5,0,0.8293357175010063,0.8340879891809315,0.8293357175010074,-1.1102230246251565e-15,True
easygese:pine,density,cnn,1,1,0,0.8843755560166026,0.8772717665468424,0.8843755560166019,6.661338147750939e-16,True
easygese:pine,density,cnn,1,2,0,0.913151658728608,0.9072359067248843,0.9131516587286079,1.1102230246251565e-16,True
easygese:pine,density,cnn,1,3,0,0.8354058835623515,0.843737502579345,0.8354058835623515,0.0,True
easygese:pine,density,cnn,1,4,0,0.8728863127480406,0.8617410550553097,0.8728863127480413,-6.661338147750939e-16,True
easygese:pine,density,cnn,1,5,0,0.8785388896689843,0.8657547750049366,0.8785388896689843,0.0,True
easygese:pine,density,cnn,2,1,0,0.9184836361170959,0.90730902961221,0.9184836361170958,1.1102230246251565e-16,True
easygese:pine,density,cnn,2,2,0,0.8787648208901229,0.8757793252536314,0.8787648208901221,7.771561172376096e-16,True
easygese:pine,density,cnn,2,3,0,0.883697204885074,0.8824794710493855,0.8836972048850741,-1.1102230246251565e-16,True
easygese:pine,density,cnn,2,4,0,0.8849777612809159,0.8791005879100496,0.8849777612809158,1.1102230246251565e-16,True
easygese:pine,density,cnn,2,5,0,0.9113238597573982,0.9016170221627605,0.9113238597573973,8.881784197001252e-16,True
easygese:pine,density,deepgs,1,1,0,0.9273757164073476,0.9193348545476554,0.9273757164073482,-5.551115123125783e-16,True
easygese:pine,density,deepgs,1,2,0,0.9400812865075344,0.9368956113452108,0.9400812865075344,0.0,True
easygese:pine,density,deepgs,1,3,0,0.915632983271762,0.9185447333661392,0.9156329832717621,-1.1102230246251565e-16,True
easygese:pine,density,deepgs,1,4,0,0.9353137036919001,0.9358710118863482,0.9353137036918998,3.3306690738754696e-16,True
easygese:pine,density,deepgs,1,5,0,0.9342927161435636,0.932395387404922,0.9342927161435636,0.0,True
easygese:pine,density,deepgs,2,1,0,0.9469965424286676,0.9389456658196647,0.9469965424286669,6.661338147750939e-16,True
easygese:pine,density,deepgs,2,2,0,0.9228655503330581,0.9218916795041437,0.9228655503330587,-6.661338147750939e-16,True
easygese:pine,density,deepgs,2,3,0,0.9381648496127315,0.931222265465968,0.9381648496127306,8.881784197001252e-16,True
easygese:pine,density,deepgs,2,4,0,0.9282279163025001,0.9270295538279307,0.9282279163025001,0.0,True
easygese:pine,density,deepgs,2,5,0,0.9222846947872083,0.927620597770703,0.9222846947872084,-1.1102230246251565e-16,True
easygese:pine,density,dnngp,1,1,0,0.9385907382085212,0.924308745975749,0.9385907382085217,-4.440892098500626e-16,True
easygese:pine,density,dnngp,1,2,0,0.9454535271061848,0.9435503364697859,0.9454535271061848,0.0,True
easygese:pine,density,dnngp,1,3,0,0.928287922968115,0.9264672359987571,0.9282879229681147,3.3306690738754696e-16,True
easygese:pine,density,dnngp,1,4,0,0.9452570295272045,0.9388900354123337,0.9452570295272044,1.1102230246251565e-16,True
easygese:pine,density,dnngp,1,5,0,0.941012929888166,0.9335129281824384,0.9410129298881663,-3.3306690738754696e-16,True
easygese:pine,density,dnngp,2,1,0,0.9569847655170207,0.9538704436806622,0.9569847655170212,-4.440892098500626e-16,True
easygese:pine,density,dnngp,2,2,0,0.9410111574566569,0.9388823550465298,0.941011157456657,-1.1102230246251565e-16,True
easygese:pine,density,dnngp,2,3,0,0.9457028573920326,0.9452690732426547,0.9457028573920327,-1.1102230246251565e-16,True
easygese:pine,density,dnngp,2,4,0,0.9296154394542049,0.9247070705416534,0.9296154394542046,3.3306690738754696e-16,True
easygese:pine,density,dnngp,2,5,0,0.9350231107999968,0.9189107924798975,0.9350231107999978,-9.992007221626409e-16,True
easygese:pine,density,mlp,1,1,0,0.9391303422260858,0.9282090185367757,0.9391303422260853,5.551115123125783e-16,True
easygese:pine,density,mlp,1,2,0,0.9516853682842359,0.9498813434622724,0.9516853682842363,-4.440892098500626e-16,True
easygese:pine,density,mlp,1,3,0,0.933613729166645,0.929728201292313,0.9336137291666465,-1.5543122344752192e-15,True
easygese:pine,density,mlp,1,4,0,0.9477326501218081,0.9426916611869766,0.9477326501218086,-5.551115123125783e-16,True
easygese:pine,density,mlp,1,5,0,0.9389704013387561,0.9378743886767748,0.9389704013387562,-1.1102230246251565e-16,True
easygese:pine,density,mlp,2,1,0,0.9599747100414241,0.9553091216802537,0.9599747100414238,3.3306690738754696e-16,True
easygese:pine,density,mlp,2,2,0,0.9391982153820769,0.9318649469951703,0.9391982153820764,5.551115123125783e-16,True
easygese:pine,density,mlp,2,3,0,0.9489857470199463,0.9428739984566699,0.9489857470199465,-2.220446049250313e-16,True
easygese:pine,density,mlp,2,4,0,0.9364955038481784,0.9350354792732684,0.9364955038481783,1.1102230246251565e-16,True
easygese:pine,density,mlp,2,5,0,0.9494483456321824,0.9348733769984885,0.949448345632183,-6.661338147750939e-16,True
easygese:pine,density,pnngs,1,1,0,0.63000706903905,0.6249402664528464,0.6300070690390496,4.440892098500626e-16,True
easygese:pine,density,pnngs,1,2,0,0.6540259815558933,0.634149634091561,0.6540259815558921,1.2212453270876722e-15,True
easygese:pine,density,pnngs,1,3,0,0.5988440262638413,0.578052426701923,0.598844026263841,2.220446049250313e-16,True
easygese:pine,density,pnngs,1,4,0,0.6135938347540143,0.586413111629348,0.6135938347540151,-7.771561172376096e-16,True
easygese:pine,density,pnngs,1,5,0,0.7265731426951916,0.7161397892302375,0.7265731426951909,6.661338147750939e-16,True
easygese:pine,density,pnngs,2,1,0,0.6069835842253931,0.6370212628799736,0.6069835842253931,0.0,True
easygese:pine,density,pnngs,2,2,0,0.46624584212798303,0.5090975710533492,0.46624584212798315,-1.1102230246251565e-16,True
easygese:pine,density,pnngs,2,3,0,0.6884049103792764,0.6577105845499581,0.6884049103792763,1.1102230246251565e-16,True
easygese:pine,density,pnngs,2,4,0,0.5832367958555763,0.5918915132797584,0.5832367958555765,-2.220446049250313e-16,True
easygese:pine,density,pnngs,2,5,0,0.6842709869333605,0.6846126687912304,0.6842709869333604,1.1102230246251565e-16,True
easygese:pine,density,soydngp,1,1,0,0.9263325925011218,0.9182700173114768,0.9263325925011224,-6.661338147750939e-16,True
easygese:pine,density,soydngp,1,2,0,0.9392382282503099,0.9398729503959876,0.9392382282503098,1.1102230246251565e-16,True
easygese:pine,density,soydngp,1,3,0,0.9231647129217264,0.9207941485969278,0.9231647129217255,8.881784197001252e-16,True
easygese:pine,density,soydngp,1,4,0,0.9326182995454338,0.9250782622676448,0.9326182995454328,9.992007221626409e-16,True
easygese:pine,density,soydngp,1,5,0,0.9377994928578457,0.9354565420966819,0.9377994928578458,-1.1102230246251565e-16,True
easygese:pine,density,soydngp,2,1,0,0.9400935868934186,0.9324653233397167,0.9400935868934187,-1.1102230246251565e-16,True
easygese:pine,density,soydngp,2,2,0,0.9216087301952449,0.9209421631771658,0.9216087301952441,7.771561172376096e-16,True
easygese:pine,density,soydngp,2,3,0,0.9382208209194148,0.9304111399875847,0.9382208209194156,-7.771561172376096e-16,True
easygese:pine,density,soydngp,2,4,0,0.9244945950744506,0.9182388576617276,0.9244945950744501,5.551115123125783e-16,True
easygese:pine,density,soydngp,2,5,0,0.9337120101436834,0.9252039341363418,0.933712010143683,4.440892098500626e-16,True
easygese:pine,density,transformer,1,1,0,0.8441204615169433,0.8196398320559674,0.8441204615169438,-4.440892098500626e-16,True
easygese:pine,density,transformer,1,2,0,0.8742953612215735,0.8663893970331357,0.8742953612215734,1.1102230246251565e-16,True
easygese:pine,density,transformer,1,3,0,0.8894772550298494,0.8853164737829127,0.8894772550298496,-2.220446049250313e-16,True
easygese:pine,density,transformer,1,4,0,0.8656282532424499,0.8605631118021054,0.8656282532424499,0.0,True
easygese:pine,density,transformer,1,5,0,0.8772216787342055,0.8762843183631063,0.8772216787342061,-5.551115123125783e-16,True
easygese:pine,density,transformer,2,1,0,0.9134236730542394,0.900442473078098,0.9134236730542388,6.661338147750939e-16,True
easygese:pine,density,transformer,2,2,0,0.885279841103879,0.8805470277921146,0.8852798411038795,-4.440892098500626e-16,True
easygese:pine,density,transformer,2,3,0,0.8889264792832436,0.8892948739057739,0.8889264792832445,-8.881784197001252e-16,True
easygese:pine,density,transformer,2,4,0,0.8643642791405892,0.8511549223784336,0.864364279140589,2.220446049250313e-16,True
easygese:pine,density,transformer,2,5,0,0.8990191445457337,0.893996807057113,0.899019144545734,-2.220446049250313e-16,True
easygese:pine,gall,cnn,1,1,0,0.837419478806501,0.8314746421461694,0.837419478806501,0.0,True
easygese:pine,gall,cnn,1,2,0,0.8598434475877377,0.860066464171502,0.859843447587738,-3.3306690738754696e-16,True
easygese:pine,gall,cnn,1,3,0,0.8674064941721634,0.8526082942039294,0.8674064941721639,-4.440892098500626e-16,True
easygese:pine,gall,cnn,1,4,0,0.810518480952087,0.7847224462523043,0.8105184809520876,-5.551115123125783e-16,True
easygese:pine,gall,cnn,1,5,0,0.8116001343281924,0.8092196845714325,0.8116001343281927,-2.220446049250313e-16,True
easygese:pine,gall,cnn,2,1,0,0.8145197075889116,0.7987992475458519,0.8145197075889117,-1.1102230246251565e-16,True
easygese:pine,gall,cnn,2,2,0,0.8297626075455538,0.816104506881486,0.8297626075455535,2.220446049250313e-16,True
easygese:pine,gall,cnn,2,3,0,0.8199810225803409,0.8069315321485888,0.8199810225803413,-4.440892098500626e-16,True
easygese:pine,gall,cnn,2,4,0,0.7966272130399722,0.7940290234404835,0.796627213039972,2.220446049250313e-16,True
easygese:pine,gall,cnn,2,5,0,0.8538252625747375,0.8360788664168831,0.853825262574738,-5.551115123125783e-16,True
easygese:pine,gall,deepgs,1,1,0,0.8766924881365843,0.8673118833336247,0.8766924881365847,-4.440892098500626e-16,True
easygese:pine,gall,deepgs,1,2,0,0.8756901032672985,0.8739359843226188,0.8756901032672983,1.1102230246251565e-16,True
easygese:pine,gall,deepgs,1,3,0,0.8869737552440867,0.8967533200023382,0.8869737552440874,-6.661338147750939e-16,True
easygese:pine,gall,deepgs,1,4,0,0.8288617828040173,0.8177843560770413,0.8288617828040172,1.1102230246251565e-16,True
easygese:pine,gall,deepgs,1,5,0,0.8701744733948256,0.8739247778135544,0.8701744733948253,2.220446049250313e-16,True
easygese:pine,gall,deepgs,2,1,0,0.8461919857083279,0.841942833998046,0.8461919857083272,6.661338147750939e-16,True
easygese:pine,gall,deepgs,2,2,0,0.8803612287633085,0.8661111684683206,0.8803612287633085,0.0,True
easygese:pine,gall,deepgs,2,3,0,0.8595426109914724,0.832408875781364,0.8595426109914721,3.3306690738754696e-16,True
easygese:pine,gall,deepgs,2,4,0,0.8753039892552948,0.8681675125244152,0.8753039892552951,-2.220446049250313e-16,True
easygese:pine,gall,deepgs,2,5,0,0.8794359091869173,0.8704731258192002,0.8794359091869173,0.0,True
easygese:pine,gall,dnngp,1,1,0,0.8862688557377656,0.8729811568924594,0.8862688557377655,1.1102230246251565e-16,True
easygese:pine,gall,dnngp,1,2,0,0.8981982337257799,0.8872708685689368,0.8981982337257797,2.220446049250313e-16,True
easygese:pine,gall,dnngp,1,3,0,0.8970784526939254,0.8893549788391224,0.8970784526939252,2.220446049250313e-16,True
easygese:pine,gall,dnngp,1,4,0,0.8426233042260923,0.8305150548019766,0.8426233042260919,4.440892098500626e-16,True
easygese:pine,gall,dnngp,1,5,0,0.8838748841822551,0.8682578232067145,0.8838748841822549,2.220446049250313e-16,True
easygese:pine,gall,dnngp,2,1,0,0.8949876073410763,0.8948592956080909,0.8949876073410769,-5.551115123125783e-16,True
easygese:pine,gall,dnngp,2,2,0,0.9037582982039178,0.8906769832977082,0.9037582982039168,9.992007221626409e-16,True
easygese:pine,gall,dnngp,2,3,0,0.8859682264967085,0.871898884447163,0.8859682264967084,1.1102230246251565e-16,True
easygese:pine,gall,dnngp,2,4,0,0.879082929812667,0.8716968982646948,0.8790829298126663,6.661338147750939e-16,True
easygese:pine,gall,dnngp,2,5,0,0.8894542015563726,0.8867486726951488,0.8894542015563728,-2.220446049250313e-16,True
easygese:pine,gall,mlp,1,1,0,0.8944500240244792,0.8830376309465174,0.8944500240244793,-1.1102230246251565e-16,True
easygese:pine,gall,mlp,1,2,0,0.9065347297579044,0.8936135664059186,0.9065347297579046,-2.220446049250313e-16,True
easygese:pine,gall,mlp,1,3,0,0.9078838036488234,0.9056856047748055,0.9078838036488237,-3.3306690738754696e-16,True
easygese:pine,gall,mlp,1,4,0,0.8546161011540442,0.8434392426030183,0.8546161011540439,3.3306690738754696e-16,True
easygese:pine,gall,mlp,1,5,0,0.8964404636705957,0.8930690707245956,0.8964404636705952,5.551115123125783e-16,True
easygese:pine,gall,mlp,2,1,0,0.8872491501463464,0.8826159491942385,0.8872491501463464,0.0,True
easygese:pine,gall,mlp,2,2,0,0.8948865137369024,0.8833921091513164,0.894886513736902,4.440892098500626e-16,True
easygese:pine,gall,mlp,2,3,0,0.8844336411785848,0.8614310363203947,0.8844336411785843,5.551115123125783e-16,True
easygese:pine,gall,mlp,2,4,0,0.8891750398996576,0.877456236600579,0.8891750398996574,2.220446049250313e-16,True
easygese:pine,gall,mlp,2,5,0,0.8893831068227961,0.8715932443445147,0.8893831068227962,-1.1102230246251565e-16,True
easygese:pine,gall,pnngs,1,1,0,0.5136367895582783,0.5982950537946721,0.5136367895582784,-1.1102230246251565e-16,True
easygese:pine,gall,pnngs,1,2,0,0.7032973032569284,0.6940379726318578,0.7032973032569284,0.0,True
easygese:pine,gall,pnngs,1,3,0,0.6726491503522086,0.6369765244449456,0.6726491503522082,4.440892098500626e-16,True
easygese:pine,gall,pnngs,1,4,0,0.4547077385799255,0.48885876403620077,0.4547077385799254,1.1102230246251565e-16,True
easygese:pine,gall,pnngs,1,5,0,0.5217980563354921,0.4977171155541044,0.5217980563354921,0.0,True
easygese:pine,gall,pnngs,2,1,0,0.6045922574925106,0.5783650398990093,0.6045922574925111,-5.551115123125783e-16,True
easygese:pine,gall,pnngs,2,2,0,0.6756065604537753,0.6744336051537889,0.6756065604537758,-4.440892098500626e-16,True
easygese:pine,gall,pnngs,2,3,0,0.5036816492597934,0.4986323118525956,0.5036816492597934,0.0,True
easygese:pine,gall,pnngs,2,4,0,0.5084001373994635,0.5675061300111505,0.5084001373994634,1.1102230246251565e-16,True
easygese:pine,gall,pnngs,2,5,0,0.6138442331202877,0.6289120279971331,0.6138442331202874,3.3306690738754696e-16,True
easygese:pine,gall,soydngp,1,1,0,0.8968552292939856,0.8935340301900588,0.8968552292939851,5.551115123125783e-16,True
easygese:pine,gall,soydngp,1,2,0,0.8845767718395514,0.8757384835681837,0.8845767718395513,1.1102230246251565e-16,True
easygese:pine,gall,soydngp,1,3,0,0.8801772352778667,0.8761347977066936,0.8801772352778673,-5.551115123125783e-16,True
easygese:pine,gall,soydngp,1,4,0,0.8235243501729801,0.8251426771034824,0.8235243501729794,6.661338147750939e-16,True
easygese:pine,gall,soydngp,1,5,0,0.8805940005197241,0.8663818749992407,0.8805940005197234,7.771561172376096e-16,True
easygese:pine,gall,soydngp,2,1,0,0.8852713829837664,0.8758434584304079,0.885271382983767,-5.551115123125783e-16,True
easygese:pine,gall,soydngp,2,2,0,0.8425657581380493,0.8220529647007755,0.842565758138049,3.3306690738754696e-16,True
easygese:pine,gall,soydngp,2,3,0,0.8979983802506236,0.8705309302608979,0.8979983802506236,0.0,True
easygese:pine,gall,soydngp,2,4,0,0.8409859103045374,0.8210366243863474,0.8409859103045372,2.220446049250313e-16,True
easygese:pine,gall,soydngp,2,5,0,0.8705606264969837,0.8652283545969439,0.8705606264969835,2.220446049250313e-16,True
easygese:pine,gall,transformer,1,1,0,0.791306575192249,0.7758042734359288,0.7913065751922495,-4.440892098500626e-16,True
easygese:pine,gall,transformer,1,2,0,0.8459432879598364,0.8346710172192815,0.8459432879598365,-1.1102230246251565e-16,True
easygese:pine,gall,transformer,1,3,0,0.8427851910700568,0.8330384274644563,0.8427851910700574,-6.661338147750939e-16,True
easygese:pine,gall,transformer,1,4,0,0.7637106823094165,0.7494399811217413,0.7637106823094167,-2.220446049250313e-16,True
easygese:pine,gall,transformer,1,5,0,0.8130877876602742,0.8062754473491808,0.8130877876602741,1.1102230246251565e-16,True
easygese:pine,gall,transformer,2,1,0,0.794804381445115,0.779494371591104,0.7948043814451146,4.440892098500626e-16,True
easygese:pine,gall,transformer,2,2,0,0.771497363385969,0.7892377781523656,0.771497363385969,0.0,True
easygese:pine,gall,transformer,2,3,0,0.7994674935726381,0.7869256208846109,0.7994674935726375,6.661338147750939e-16,True
easygese:pine,gall,transformer,2,4,0,0.8090755315063242,0.8136779028100544,0.8090755315063239,2.220446049250313e-16,True
easygese:pine,gall,transformer,2,5,0,0.8217712064083416,0.8055366897561494,0.8217712064083417,-1.1102230246251565e-16,True
easygese:pine,lateWood.4,cnn,1,1,0,0.8368552320669677,0.8334379267437827,0.8368552320669672,4.440892098500626e-16,True
easygese:pine,lateWood.4,cnn,1,2,0,0.8729559739326218,0.8607070545668721,0.8729559739326228,-9.992007221626409e-16,True
easygese:pine,lateWood.4,cnn,1,3,0,0.8359974929510856,0.8214949925764835,0.8359974929510863,-6.661338147750939e-16,True
easygese:pine,lateWood.4,cnn,1,4,0,0.8303627496148953,0.824619899320532,0.8303627496148953,0.0,True
easygese:pine,lateWood.4,cnn,1,5,0,0.8687033099218525,0.8526050763768982,0.8687033099218524,1.1102230246251565e-16,True
easygese:pine,lateWood.4,cnn,2,1,0,0.8768846266833165,0.8621268005093022,0.8768846266833168,-3.3306690738754696e-16,True
easygese:pine,lateWood.4,cnn,2,2,0,0.8506041033556617,0.8427967605548475,0.8506041033556621,-3.3306690738754696e-16,True
easygese:pine,lateWood.4,cnn,2,3,0,0.855055616460683,0.8548449970019585,0.8550556164606828,1.1102230246251565e-16,True
easygese:pine,lateWood.4,cnn,2,4,0,0.864580200724386,0.8365612585700818,0.8645802007243869,-8.881784197001252e-16,True
easygese:pine,lateWood.4,cnn,2,5,0,0.8667043739645457,0.8575109181045244,0.8667043739645456,1.1102230246251565e-16,True
easygese:pine,lateWood.4,deepgs,1,1,0,0.8764926500510142,0.8722207877820266,0.8764926500510152,-9.992007221626409e-16,True
easygese:pine,lateWood.4,deepgs,1,2,0,0.9057973652630217,0.8958834291897144,0.9057973652630222,-5.551115123125783e-16,True
easygese:pine,lateWood.4,deepgs,1,3,0,0.8902535358795278,0.8913579010650522,0.890253535879528,-2.220446049250313e-16,True
easygese:pine,lateWood.4,deepgs,1,4,0,0.8933815775415342,0.878845193496361,0.8933815775415349,-6.661338147750939e-16,True
easygese:pine,lateWood.4,deepgs,1,5,0,0.9074570883502239,0.8978803873522744,0.9074570883502234,4.440892098500626e-16,True
easygese:pine,lateWood.4,deepgs,2,1,0,0.9074609362366192,0.8942634108317966,0.9074609362366186,5.551115123125783e-16,True
easygese:pine,lateWood.4,deepgs,2,2,0,0.8831347184114243,0.8823361060506578,0.8831347184114251,-7.771561172376096e-16,True
easygese:pine,lateWood.4,deepgs,2,3,0,0.888016332442498,0.8784254879602675,0.8880163324424983,-3.3306690738754696e-16,True
easygese:pine,lateWood.4,deepgs,2,4,0,0.8922226430730026,0.8653091247132049,0.8922226430730023,3.3306690738754696e-16,True
easygese:pine,lateWood.4,deepgs,2,5,0,0.9058151050789293,0.8981045238565487,0.9058151050789287,5.551115123125783e-16,True
easygese:pine,lateWood.4,dnngp,1,1,0,0.8839982998149659,0.8788349494011611,0.8839982998149659,0.0,True
easygese:pine,lateWood.4,dnngp,1,2,0,0.9170741898469534,0.9055449667469986,0.9170741898469533,1.1102230246251565e-16,True
easygese:pine,lateWood.4,dnngp,1,3,0,0.8982388876503532,0.8919245641452835,0.8982388876503533,-1.1102230246251565e-16,True
easygese:pine,lateWood.4,dnngp,1,4,0,0.8813000580182918,0.878863477115458,0.8813000580182916,2.220446049250313e-16,True
easygese:pine,lateWood.4,dnngp,1,5,0,0.9049457842321226,0.8998651187846161,0.9049457842321225,1.1102230246251565e-16,True
easygese:pine,lateWood.4,dnngp,2,1,0,0.8958113203829324,0.8802804448373341,0.8958113203829322,2.220446049250313e-16,True
easygese:pine,lateWood.4,dnngp,2,2,0,0.9043077379235932,0.9001023944984253,0.9043077379235933,-1.1102230246251565e-16,True
easygese:pine,lateWood.4,dnngp,2,3,0,0.9065585268342599,0.8980285544938468,0.9065585268342602,-3.3306690738754696e-16,True
easygese:pine,lateWood.4,dnngp,2,4,0,0.8912653886319808,0.8803238601076305,0.8912653886319816,-7.771561172376096e-16,True
easygese:pine,lateWood.4,dnngp,2,5,0,0.9028212766711537,0.8924254714337134,0.9028212766711532,5.551115123125783e-16,True
easygese:pine,lateWood.4,mlp,1,1,0,0.9011072876961975,0.893918446587287,0.9011072876961977,-2.220446049250313e-16,True
easygese:pine,lateWood.4,mlp,1,2,0,0.9214163104565497,0.9136502206737829,0.9214163104565498,-1.1102230246251565e-16,True
easygese:pine,lateWood.4,mlp,1,3,0,0.8995466559506335,0.9025553750273915,0.8995466559506335,0.0,True
easygese:pine,lateWood.4,mlp,1,4,0,0.9057895899052891,0.9009617116081264,0.9057895899052892,-1.1102230246251565e-16,True
easygese:pine,lateWood.4,mlp,1,5,0,0.9153315225457079,0.9059188190168033,0.9153315225457079,0.0,True
easygese:pine,lateWood.4,mlp,2,1,0,0.9064584322565951,0.8969242756691208,0.9064584322565944,6.661338147750939e-16,True
easygese:pine,lateWood.4,mlp,2,2,0,0.891695510659266,0.8891062137896772,0.8916955106592662,-2.220446049250313e-16,True
easygese:pine,lateWood.4,mlp,2,3,0,0.9088718265038751,0.9056773543154428,0.9088718265038742,8.881784197001252e-16,True
easygese:pine,lateWood.4,mlp,2,4,0,0.8997808728379,0.8911859283956983,0.8997808728379001,-1.1102230246251565e-16,True
easygese:pine,lateWood.4,mlp,2,5,0,0.9096408441590781,0.8980535896354827,0.9096408441590774,6.661338147750939e-16,True
easygese:pine,lateWood.4,pnngs,1,1,0,0.5342722051264577,0.54962174370404,0.5342722051264572,4.440892098500626e-16,True
easygese:pine,lateWood.4,pnngs,1,2,0,0.7105082986741795,0.6822025222780803,0.7105082986741796,-1.1102230246251565e-16,True
easygese:pine,lateWood.4,pnngs,1,3,0,0.5227749965139716,0.5812297794169821,0.5227749965139712,4.440892098500626e-16,True
easygese:pine,lateWood.4,pnngs,1,4,0,0.6093938361554044,0.5997374914489756,0.6093938361554044,0.0,True
easygese:pine,lateWood.4,pnngs,1,5,0,0.6624613309661337,0.6584644510667129,0.6624613309661331,5.551115123125783e-16,True
easygese:pine,lateWood.4,pnngs,2,1,0,0.6609346860810299,0.6599723769219511,0.6609346860810305,-5.551115123125783e-16,True
easygese:pine,lateWood.4,pnngs,2,2,0,0.6016879962840606,0.6298477320013521,0.6016879962840601,4.440892098500626e-16,True
easygese:pine,lateWood.4,pnngs,2,3,0,0.6098077375089048,0.6175500484637709,0.6098077375089045,3.3306690738754696e-16,True
easygese:pine,lateWood.4,pnngs,2,4,0,0.5552686389527564,0.5628363538831249,0.5552686389527559,4.440892098500626e-16,True
easygese:pine,lateWood.4,pnngs,2,5,0,0.7517010804386031,0.7436813181005223,0.7517010804386026,4.440892098500626e-16,True
easygese:pine,lateWood.4,soydngp,1,1,0,0.884300368104388,0.8807397707330089,0.8843003681043882,-2.220446049250313e-16,True
easygese:pine,lateWood.4,soydngp,1,2,0,0.91115844862935,0.8974545899129659,0.9111584486293492,7.771561172376096e-16,True
easygese:pine,lateWood.4,soydngp,1,3,0,0.8861509672243897,0.8741951823064539,0.8861509672243895,2.220446049250313e-16,True
easygese:pine,lateWood.4,soydngp,1,4,0,0.8856042149199425,0.8766670131968408,0.8856042149199423,1.1102230246251565e-16,True
easygese:pine,lateWood.4,soydngp,1,5,0,0.8990543361205736,0.8861907024413598,0.8990543361205736,0.0,True
easygese:pine,lateWood.4,soydngp,2,1,0,0.8781778907476652,0.8530517323856567,0.8781778907476644,7.771561172376096e-16,True
easygese:pine,lateWood.4,soydngp,2,2,0,0.8856987821308787,0.8781489833289505,0.885698782130879,-3.3306690738754696e-16,True
easygese:pine,lateWood.4,soydngp,2,3,0,0.895489386895764,0.8943082545642029,0.895489386895764,0.0,True
easygese:pine,lateWood.4,soydngp,2,4,0,0.8844816306109251,0.8783846572832997,0.8844816306109257,-5.551115123125783e-16,True
easygese:pine,lateWood.4,soydngp,2,5,0,0.8933413540296252,0.8802354599920417,0.893341354029625,2.220446049250313e-16,True
easygese:pine,lateWood.4,transformer,1,1,0,0.7878941703899126,0.7814172831972308,0.7878941703899124,2.220446049250313e-16,True
easygese:pine,lateWood.4,transformer,1,2,0,0.8267952968130169,0.8216977239249971,0.8267952968130161,7.771561172376096e-16,True
easygese:pine,lateWood.4,transformer,1,3,0,0.7744710368966173,0.7859747509538827,0.7744710368966176,-2.220446049250313e-16,True
easygese:pine,lateWood.4,transformer,1,4,0,0.7972994101997745,0.7833765693552311,0.7972994101997756,-1.1102230246251565e-15,True
easygese:pine,lateWood.4,transformer,1,5,0,0.8505607367518483,0.8284456823349153,0.8505607367518493,-9.992007221626409e-16,True
easygese:pine,lateWood.4,transformer,2,1,0,0.7789489432563509,0.7628230425191387,0.7789489432563504,4.440892098500626e-16,True
easygese:pine,lateWood.4,transformer,2,2,0,0.8271936908375659,0.8120706448727999,0.8271936908375643,1.5543122344752192e-15,True
easygese:pine,lateWood.4,transformer,2,3,0,0.8316337152369448,0.8247176561744377,0.8316337152369453,-4.440892098500626e-16,True
easygese:pine,lateWood.4,transformer,2,4,0,0.779703737989295,0.7657748829773212,0.7797037379892937,1.3322676295501878e-15,True
easygese:pine,lateWood.4,transformer,2,5,0,0.8424939190753078,0.8214883416250959,0.8424939190753074,4.440892098500626e-16,True
easygese:pine,lignin,cnn,1,1,0,0.8367331248008877,0.8288493375749252,0.8367331248008879,-2.220446049250313e-16,True
easygese:pine,lignin,cnn,1,2,0,0.8480746545545171,0.8512894900333812,0.8480746545545177,-5.551115123125783e-16,True
easygese:pine,lignin,cnn,1,3,0,0.8581735439678562,0.8456920861846103,0.8581735439678565,-3.3306690738754696e-16,True
easygese:pine,lignin,cnn,1,4,0,0.8439789597147881,0.8219656919955733,0.8439789597147891,-9.992007221626409e-16,True
easygese:pine,lignin,cnn,1,5,0,0.8084881661430635,0.8109723072296013,0.8084881661430642,-6.661338147750939e-16,True
easygese:pine,lignin,cnn,2,1,0,0.8736276558090802,0.8596797378528326,0.8736276558090807,-5.551115123125783e-16,True
easygese:pine,lignin,cnn,2,2,0,0.863944550731761,0.8633841310642218,0.8639445507317606,4.440892098500626e-16,True
easygese:pine,lignin,cnn,2,3,0,0.8280407830545972,0.8218253645160544,0.8280407830545975,-3.3306690738754696e-16,True
easygese:pine,lignin,cnn,2,4,0,0.8237540220305367,0.8240713276940443,0.8237540220305377,-9.992007221626409e-16,True
easygese:pine,lignin,cnn,2,5,0,0.8609927459343402,0.8259723438532856,0.8609927459343397,4.440892098500626e-16,True
easygese:pine,lignin,deepgs,1,1,0,0.9006714991048339,0.902766734943483,0.9006714991048339,0.0,True
easygese:pine,lignin,deepgs,1,2,0,0.8930235704701593,0.8947201207828964,0.8930235704701601,-7.771561172376096e-16,True
easygese:pine,lignin,deepgs,1,3,0,0.9083740248861554,0.893304663936215,0.9083740248861566,-1.2212453270876722e-15,True
easygese:pine,lignin,deepgs,1,4,0,0.9045092482901957,0.8696738840475384,0.9045092482901973,-1.5543122344752192e-15,True
easygese:pine,lignin,deepgs,1,5,0,0.8825431882289017,0.8785869866680592,0.8825431882289021,-4.440892098500626e-16,True
easygese:pine,lignin,deepgs,2,1,0,0.9149171235571277,0.9069373198905002,0.9149171235571278,-1.1102230246251565e-16,True
easygese:pine,lignin,deepgs,2,2,0,0.8952841923568833,0.8815687974717881,0.8952841923568834,-1.1102230246251565e-16,True
easygese:pine,lignin,deepgs,2,3,0,0.8891573818305042,0.8823142479024692,0.8891573818305055,-1.3322676295501878e-15,True
easygese:pine,lignin,deepgs,2,4,0,0.8848330490013642,0.8823471734799101,0.8848330490013647,-5.551115123125783e-16,True
easygese:pine,lignin,deepgs,2,5,0,0.9065106606803158,0.8952168743006901,0.9065106606803168,-9.992007221626409e-16,True
easygese:pine,lignin,dnngp,1,1,0,0.9041535750292325,0.8971047883751871,0.9041535750292319,6.661338147750939e-16,True
easygese:pine,lignin,dnngp,1,2,0,0.9072271503209915,0.901372541429752,0.9072271503209909,6.661338147750939e-16,True
easygese:pine,lignin,dnngp,1,3,0,0.9063891519604614,0.8961461419341274,0.9063891519604619,-4.440892098500626e-16,True
easygese:pine,lignin,dnngp,1,4,0,0.9075151310256487,0.9036084653997991,0.9075151310256491,-3.3306690738754696e-16,True
easygese:pine,lignin,dnngp,1,5,0,0.8989842108103369,0.8865538000161928,0.898984210810337,-1.1102230246251565e-16,True
easygese:pine,lignin,dnngp,2,1,0,0.9084805012691501,0.9148389405265027,0.9084805012691498,3.3306690738754696e-16,True
easygese:pine,lignin,dnngp,2,2,0,0.8920886322202055,0.876944727173736,0.892088632220206,-4.440892098500626e-16,True
easygese:pine,lignin,dnngp,2,3,0,0.8865243719948359,0.8824099535326742,0.8865243719948358,1.1102230246251565e-16,True
easygese:pine,lignin,dnngp,2,4,0,0.8809189125635557,0.870392701335679,0.8809189125635559,-2.220446049250313e-16,True
easygese:pine,lignin,dnngp,2,5,0,0.9058154636074253,0.8799764285163854,0.9058154636074253,0.0,True
easygese:pine,lignin,mlp,1,1,0,0.9169680248717418,0.9122605609005184,0.916968024871741,7.771561172376096e-16,True
easygese:pine,lignin,mlp,1,2,0,0.9149774344313303,0.9087992163934331,0.91497743443133,3.3306690738754696e-16,True
easygese:pine,lignin,mlp,1,3,0,0.9109674036824176,0.900318348917765,0.9109674036824178,-2.220446049250313e-16,True
easygese:pine,lignin,mlp,1,4,0,0.9053405866023532,0.8971479832023589,0.9053405866023531,1.1102230246251565e-16,True
easygese:pine,lignin,mlp,1,5,0,0.9025484056113627,0.8968986884023136,0.9025484056113632,-4.440892098500626e-16,True
easygese:pine,lignin,mlp,2,1,0,0.9299775467839377,0.9232236353221774,0.9299775467839377,0.0,True
easygese:pine,lignin,mlp,2,2,0,0.9007557277167096,0.8912039620437127,0.9007557277167094,2.220446049250313e-16,True
easygese:pine,lignin,mlp,2,3,0,0.8993632470230294,0.8832228544181253,0.8993632470230278,1.5543122344752192e-15,True
easygese:pine,lignin,mlp,2,4,0,0.8974220164014776,0.8938235256766316,0.8974220164014776,0.0,True
easygese:pine,lignin,mlp,2,5,0,0.9070767458378455,0.8911292340507551,0.9070767458378446,8.881784197001252e-16,True
easygese:pine,lignin,pnngs,1,1,0,0.6913890014369863,0.6702886170259109,0.6913890014369859,4.440892098500626e-16,True
easygese:pine,lignin,pnngs,1,2,0,0.615901916961683,0.6187028338759872,0.6159019169616834,-4.440892098500626e-16,True
easygese:pine,lignin,pnngs,1,3,0,0.622712074841515,0.6283813567089775,0.622712074841515,0.0,True
easygese:pine,lignin,pnngs,1,4,0,0.6738955585553849,0.6917204912652386,0.6738955585553851,-2.220446049250313e-16,True
easygese:pine,lignin,pnngs,1,5,0,0.5852094381846927,0.5787922967223137,0.585209438184692,7.771561172376096e-16,True
easygese:pine,lignin,pnngs,2,1,0,0.576023274673313,0.5816475614084682,0.5760232746733127,3.3306690738754696e-16,True
easygese:pine,lignin,pnngs,2,2,0,0.5984201758580474,0.5933274867348176,0.5984201758580474,0.0,True
easygese:pine,lignin,pnngs,2,3,0,0.6640516436455528,0.6692712009791213,0.6640516436455527,1.1102230246251565e-16,True
easygese:pine,lignin,pnngs,2,4,0,0.6593568375651491,0.6480071524186963,0.6593568375651486,4.440892098500626e-16,True
easygese:pine,lignin,pnngs,2,5,0,0.5591917692620582,0.5404525633390926,0.559191769262058,1.1102230246251565e-16,True
easygese:pine,lignin,soydngp,1,1,0,0.9106624952264559,0.9111939029628245,0.9106624952264557,2.220446049250313e-16,True
easygese:pine,lignin,soydngp,1,2,0,0.9041796545715671,0.9022967893264976,0.904179654571566,1.1102230246251565e-15,True
easygese:pine,lignin,soydngp,1,3,0,0.873837827867537,0.8689384380719131,0.8738378278675372,-1.1102230246251565e-16,True
easygese:pine,lignin,soydngp,1,4,0,0.8946587837876765,0.8781354778431797,0.8946587837876768,-3.3306690738754696e-16,True
easygese:pine,lignin,soydngp,1,5,0,0.8802632791889443,0.8757844523200148,0.8802632791889443,0.0,True
easygese:pine,lignin,soydngp,2,1,0,0.9115487139937987,0.9063385391941847,0.9115487139937994,-7.771561172376096e-16,True
easygese:pine,lignin,soydngp,2,2,0,0.9009418300982501,0.8983206259285959,0.9009418300982509,-7.771561172376096e-16,True
easygese:pine,lignin,soydngp,2,3,0,0.8849977803510916,0.8784555652554561,0.8849977803510917,-1.1102230246251565e-16,True
easygese:pine,lignin,soydngp,2,4,0,0.8788916775254505,0.8665731676007905,0.8788916775254509,-4.440892098500626e-16,True
easygese:pine,lignin,soydngp,2,5,0,0.9072980769443469,0.8844751733796474,0.9072980769443469,0.0,True
easygese:pine,lignin,transformer,1,1,0,0.8048466138703274,0.7807077936518263,0.8048466138703275,-1.1102230246251565e-16,True
easygese:pine,lignin,transformer,1,2,0,0.8324524202430201,0.8129329859551303,0.8324524202430202,-1.1102230246251565e-16,True
easygese:pine,lignin,transformer,1,3,0,0.8369030198806378,0.8359127736651792,0.8369030198806373,4.440892098500626e-16,True
easygese:pine,lignin,transformer,1,4,0,0.7850929419775995,0.7744045063684813,0.7850929419776,-5.551115123125783e-16,True
easygese:pine,lignin,transformer,1,5,0,0.7855376461240058,0.7778659822250847,0.7855376461240066,-7.771561172376096e-16,True
easygese:pine,lignin,transformer,2,1,0,0.8111983495937712,0.8042350052186684,0.8111983495937707,5.551115123125783e-16,True
easygese:pine,lignin,transformer,2,2,0,0.7838576043099819,0.7598714344174767,0.7838576043099812,6.661338147750939e-16,True
easygese:pine,lignin,transformer,2,3,0,0.7987558330640983,0.814119282268573,0.7987558330640987,-4.440892098500626e-16,True
easygese:pine,lignin,transformer,2,4,0,0.8257218568580496,0.7972788067311882,0.8257218568580506,-9.992007221626409e-16,True
easygese:pine,lignin,transformer,2,5,0,0.8393948443523488,0.819068782936469,0.8393948443523486,2.220446049250313e-16,True
easygese:pine,rootnum,cnn,1,1,0,0.7817814398509605,0.7867102711581324,0.7817814398509617,-1.2212453270876722e-15,True
easygese:pine,rootnum,cnn,1,2,0,0.8588960001381493,0.8480318778015685,0.858896000138148,1.2212453270876722e-15,True
easygese:pine,rootnum,cnn,1,3,0,0.7743771079688154,0.7653239742439343,0.7743771079688153,1.1102230246251565e-16,True
easygese:pine,rootnum,cnn,1,4,0,0.7972618742248093,0.7802076081336335,0.7972618742248094,-1.1102230246251565e-16,True
easygese:pine,rootnum,cnn,1,5,0,0.824676753483081,0.8183732630319769,0.8246767534830809,1.1102230246251565e-16,True
easygese:pine,rootnum,cnn,2,1,0,0.8266333139485608,0.8169820554511252,0.8266333139485601,6.661338147750939e-16,True
easygese:pine,rootnum,cnn,2,2,0,0.7921250872009872,0.7587244436816042,0.792125087200987,2.220446049250313e-16,True
easygese:pine,rootnum,cnn,2,3,0,0.8262796089559516,0.8204918118001818,0.8262796089559516,0.0,True
easygese:pine,rootnum,cnn,2,4,0,0.7822596931154105,0.7544508439958645,0.7822596931154113,-7.771561172376096e-16,True
easygese:pine,rootnum,cnn,2,5,0,0.8228123459903938,0.8117022883213042,0.8228123459903941,-3.3306690738754696e-16,True
easygese:pine,rootnum,deepgs,1,1,0,0.8445438624801104,0.8445654959133785,0.8445438624801108,-4.440892098500626e-16,True
easygese:pine,rootnum,deepgs,1,2,0,0.8763088272728219,0.8737657761063192,0.8763088272728224,-5.551115123125783e-16,True
easygese:pine,rootnum,deepgs,1,3,0,0.8678555845471183,0.8576703314509118,0.8678555845471188,-4.440892098500626e-16,True
easygese:pine,rootnum,deepgs,1,4,0,0.8625922582188607,0.8492782191673394,0.8625922582188604,2.220446049250313e-16,True
easygese:pine,rootnum,deepgs,1,5,0,0.8757700712029333,0.8669792483380888,0.8757700712029342,-8.881784197001252e-16,True
easygese:pine,rootnum,deepgs,2,1,0,0.8906655911994612,0.8857262180951144,0.8906655911994623,-1.1102230246251565e-15,True
easygese:pine,rootnum,deepgs,2,2,0,0.8498838377229142,0.8324951018384723,0.8498838377229139,3.3306690738754696e-16,True
easygese:pine,rootnum,deepgs,2,3,0,0.8885791723106887,0.8832866459124405,0.8885791723106881,6.661338147750939e-16,True
easygese:pine,rootnum,deepgs,2,4,0,0.8169208359749144,0.8021719479252761,0.8169208359749146,-2.220446049250313e-16,True
easygese:pine,rootnum,deepgs,2,5,0,0.8559509907151356,0.8507877425403619,0.8559509907151364,-7.771561172376096e-16,True
easygese:pine,rootnum,dnngp,1,1,0,0.8397040317628813,0.8199114742807577,0.8397040317628811,2.220446049250313e-16,True
easygese:pine,rootnum,dnngp,1,2,0,0.8910804752637895,0.884257196294434,0.8910804752637896,-1.1102230246251565e-16,True
easygese:pine,rootnum,dnngp,1,3,0,0.8661502833420037,0.852235667905648,0.8661502833420037,0.0,True
easygese:pine,rootnum,dnngp,1,4,0,0.8521299964798473,0.847248209010874,0.8521299964798474,-1.1102230246251565e-16,True
easygese:pine,rootnum,dnngp,1,5,0,0.8628916343421957,0.8679931180550433,0.8628916343421966,-8.881784197001252e-16,True
easygese:pine,rootnum,dnngp,2,1,0,0.8899655132347439,0.8813142498943835,0.8899655132347456,-1.6653345369377348e-15,True
easygese:pine,rootnum,dnngp,2,2,0,0.8622106850398324,0.8439813176788566,0.8622106850398327,-2.220446049250313e-16,True
easygese:pine,rootnum,dnngp,2,3,0,0.8943343175462546,0.8827119090776364,0.8943343175462553,-6.661338147750939e-16,True
easygese:pine,rootnum,dnngp,2,4,0,0.838798963767205,0.8266531910546279,0.8387989637672061,-1.1102230246251565e-15,True
easygese:pine,rootnum,dnngp,2,5,0,0.8520849424925384,0.8448928217246574,0.8520849424925389,-4.440892098500626e-16,True
easygese:pine,rootnum,mlp,1,1,0,0.8563809558810273,0.8496654041248043,0.8563809558810273,0.0,True
easygese:pine,rootnum,mlp,1,2,0,0.8953514899058295,0.8934192153328746,0.8953514899058298,-3.3306690738754696e-16,True
easygese:pine,rootnum,mlp,1,3,0,0.8892905361992612,0.8848567878004078,0.8892905361992611,1.1102230246251565e-16,True
easygese:pine,rootnum,mlp,1,4,0,0.8461805402063268,0.8368682913416651,0.8461805402063278,-9.992007221626409e-16,True
easygese:pine,rootnum,mlp,1,5,0,0.8849645946284795,0.8857477002167015,0.8849645946284793,2.220446049250313e-16,True
easygese:pine,rootnum,mlp,2,1,0,0.8937479741261671,0.8805374141649918,0.8937479741261671,0.0,True
easygese:pine,rootnum,mlp,2,2,0,0.873734258752506,0.8554434766095778,0.8737342587525059,1.1102230246251565e-16,True
easygese:pine,rootnum,mlp,2,3,0,0.9020068427205807,0.8970244285696655,0.9020068427205816,-8.881784197001252e-16,True
easygese:pine,rootnum,mlp,2,4,0,0.8454767646622018,0.8242233535057466,0.845476764662201,7.771561172376096e-16,True
easygese:pine,rootnum,mlp,2,5,0,0.8670002289909851,0.8709316880734888,0.8670002289909852,-1.1102230246251565e-16,True
easygese:pine,rootnum,pnngs,1,1,0,0.5204910290590381,0.5173393147820218,0.5204910290590384,-3.3306690738754696e-16,True
easygese:pine,rootnum,pnngs,1,2,0,0.5000614497282746,0.4995318396460406,0.5000614497282745,1.1102230246251565e-16,True
easygese:pine,rootnum,pnngs,1,3,0,0.5512918995310249,0.557415725207631,0.5512918995310244,4.440892098500626e-16,True
easygese:pine,rootnum,pnngs,1,4,0,0.5375076826018714,0.5311200290425089,0.5375076826018711,3.3306690738754696e-16,True
easygese:pine,rootnum,pnngs,1,5,0,0.7121904098745299,0.6723020311221751,0.7121904098745299,0.0,True
easygese:pine,rootnum,pnngs,2,1,0,0.6261680451682154,0.6278563894458427,0.6261680451682159,-4.440892098500626e-16,True
easygese:pine,rootnum,pnngs,2,2,0,0.6101646470085995,0.599088837488736,0.6101646470085996,-1.1102230246251565e-16,True
easygese:pine,rootnum,pnngs,2,3,0,0.598324027110355,0.6161530167713625,0.5983240271103551,-1.1102230246251565e-16,True
easygese:pine,rootnum,pnngs,2,4,0,0.5810150924695706,0.5690792290246628,0.5810150924695712,-5.551115123125783e-16,True
easygese:pine,rootnum,pnngs,2,5,0,0.5021182542323629,0.4758048864860716,0.5021182542323624,4.440892098500626e-16,True
easygese:pine,rootnum,soydngp,1,1,0,0.8496587649804177,0.8360803322442081,0.8496587649804173,4.440892098500626e-16,True
easygese:pine,rootnum,soydngp,1,2,0,0.8732260495389269,0.8683178941210898,0.873226049538927,-1.1102230246251565e-16,True
easygese:pine,rootnum,soydngp,1,3,0,0.8576870274066294,0.8431254240775641,0.8576870274066292,2.220446049250313e-16,True
easygese:pine,rootnum,soydngp,1,4,0,0.835306894233687,0.8348871065441216,0.8353068942336872,-2.220446049250313e-16,True
easygese:pine,rootnum,soydngp,1,5,0,0.8778263967782088,0.8807905846745434,0.8778263967782093,-4.440892098500626e-16,True
easygese:pine,rootnum,soydngp,2,1,0,0.8875350399608529,0.8785406439920234,0.8875350399608526,3.3306690738754696e-16,True
easygese:pine,rootnum,soydngp,2,2,0,0.8573201251625839,0.8357502826623238,0.8573201251625837,2.220446049250313e-16,True
easygese:pine,rootnum,soydngp,2,3,0,0.8983570958795308,0.8938212192417893,0.8983570958795312,-3.3306690738754696e-16,True
easygese:pine,rootnum,soydngp,2,4,0,0.8175804946142919,0.809717000379951,0.8175804946142932,-1.2212453270876722e-15,True
easygese:pine,rootnum,soydngp,2,5,0,0.8523204513736138,0.8497985072097527,0.8523204513736142,-4.440892098500626e-16,True
easygese:pine,rootnum,transformer,1,1,0,0.7545684459416945,0.728871774982445,0.7545684459416946,-1.1102230246251565e-16,True
easygese:pine,rootnum,transformer,1,2,0,0.7711596161815174,0.7387361442095276,0.7711596161815175,-1.1102230246251565e-16,True
easygese:pine,rootnum,transformer,1,3,0,0.7811916029750745,0.7732483610788505,0.7811916029750745,0.0,True
easygese:pine,rootnum,transformer,1,4,0,0.7562842570796247,0.7178002944531406,0.7562842570796249,-2.220446049250313e-16,True
easygese:pine,rootnum,transformer,1,5,0,0.7935699148316443,0.7724133932650583,0.7935699148316452,-8.881784197001252e-16,True
easygese:pine,rootnum,transformer,2,1,0,0.8236493355440295,0.8116518459196363,0.8236493355440301,-5.551115123125783e-16,True
easygese:pine,rootnum,transformer,2,2,0,0.7373300314152365,0.7146761880443309,0.737330031415236,4.440892098500626e-16,True
easygese:pine,rootnum,transformer,2,3,0,0.8222122530084823,0.8159525670122524,0.8222122530084816,7.771561172376096e-16,True
easygese:pine,rootnum,transformer,2,4,0,0.7148369379432277,0.6923189986504026,0.714836937943227,6.661338147750939e-16,True
easygese:pine,rootnum,transformer,2,5,0,0.7821193138894987,0.7912587235819071,0.7821193138894985,2.220446049250313e-16,True
easygese:pine,rootnumbin,cnn,1,1,0,0.7751069105610432,0.7648606747909963,0.7751069105610437,-5.551115123125783e-16,True
easygese:pine,rootnumbin,cnn,1,2,0,0.8098400745188025,0.8082826572491509,0.8098400745188025,0.0,True
easygese:pine,rootnumbin,cnn,1,3,0,0.7720101423382401,0.7665618270724442,0.7720101423382401,0.0,True
easygese:pine,rootnumbin,cnn,1,4,0,0.7861650151817293,0.77305037571084,0.7861650151817292,1.1102230246251565e-16,True
easygese:pine,rootnumbin,cnn,1,5,0,0.7955846316090246,0.7948740510175006,0.7955846316090244,2.220446049250313e-16,True
easygese:pine,rootnumbin,cnn,2,1,0,0.8241609927598729,0.8180141183491926,0.8241609927598731,-2.220446049250313e-16,True
easygese:pine,rootnumbin,cnn,2,2,0,0.7945268983275259,0.7839899307688353,0.7945268983275261,-2.220446049250313e-16,True
easygese:pine,rootnumbin,cnn,2,3,0,0.8112249279769392,0.7911868772533365,0.8112249279769399,-6.661338147750939e-16,True
easygese:pine,rootnumbin,cnn,2,4,0,0.7293654805649995,0.7091506839585687,0.729365480564999,5.551115123125783e-16,True
easygese:pine,rootnumbin,cnn,2,5,0,0.7941878343348056,0.7710800236245642,0.7941878343348058,-2.220446049250313e-16,True
easygese:pine,rootnumbin,deepgs,1,1,0,0.8545182885891366,0.8560079770594244,0.8545182885891356,9.992007221626409e-16,True
easygese:pine,rootnumbin,deepgs,1,2,0,0.8361726899365564,0.8311300301830313,0.8361726899365564,0.0,True
easygese:pine,rootnumbin,deepgs,1,3,0,0.8465745308067912,0.8439461789863649,0.846574530806792,-7.771561172376096e-16,True
easygese:pine,rootnumbin,deepgs,1,4,0,0.8585145231281469,0.8370824726205384,0.8585145231281476,-6.661338147750939e-16,True
easygese:pine,rootnumbin,deepgs,1,5,0,0.8657918737901761,0.8463425936558585,0.8657918737901753,7.771561172376096e-16,True
easygese:pine,rootnumbin,deepgs,2,1,0,0.8691592436932294,0.8615478025673922,0.8691592436932296,-2.220446049250313e-16,True
easygese:pine,rootnumbin,deepgs,2,2,0,0.8330543186903956,0.8260156505742406,0.8330543186903951,4.440892098500626e-16,True
easygese:pine,rootnumbin,deepgs,2,3,0,0.8805107693077234,0.8769060266646523,0.8805107693077235,-1.1102230246251565e-16,True
easygese:pine,rootnumbin,deepgs,2,4,0,0.8090156501995164,0.7915331048931915,0.8090156501995163,1.1102230246251565e-16,True
easygese:pine,rootnumbin,deepgs,2,5,0,0.8594181104963575,0.8328271168509447,0.8594181104963574,1.1102230246251565e-16,True
easygese:pine,rootnumbin,dnngp,1,1,0,0.8500128346789301,0.8340513813081138,0.8500128346789301,0.0,True
easygese:pine,rootnumbin,dnngp,1,2,0,0.8418715261652171,0.845116566357845,0.8418715261652177,-5.551115123125783e-16,True
easygese:pine,rootnumbin,dnngp,1,3,0,0.8510914679464424,0.8429724559615647,0.8510914679464425,-1.1102230246251565e-16,True
easygese:pine,rootnumbin,dnngp,1,4,0,0.8352471317245046,0.8224934254684574,0.8352471317245047,-1.1102230246251565e-16,True
easygese:pine,rootnumbin,dnngp,1,5,0,0.8470248017880807,0.8468182939799288,0.8470248017880803,4.440892098500626e-16,True
easygese:pine,rootnumbin,dnngp,2,1,0,0.855215098580582,0.856460731174968,0.855215098580582,0.0,True
easygese:pine,rootnumbin,dnngp,2,2,0,0.8481157903427236,0.8330831498912448,0.8481157903427238,-2.220446049250313e-16,True
easygese:pine,rootnumbin,dnngp,2,3,0,0.8728379235129784,0.8624671529863884,0.8728379235129785,-1.1102230246251565e-16,True
easygese:pine,rootnumbin,dnngp,2,4,0,0.8231050070690967,0.799848765110266,0.8231050070690967,0.0,True
easygese:pine,rootnumbin,dnngp,2,5,0,0.8486044487770281,0.8329603840666921,0.8486044487770271,9.992007221626409e-16,True
easygese:pine,rootnumbin,mlp,1,1,0,0.8635875440654655,0.865144885542029,0.8635875440654651,3.3306690738754696e-16,True
easygese:pine,rootnumbin,mlp,1,2,0,0.8514771994562095,0.8546639995931263,0.851477199456209,4.440892098500626e-16,True
easygese:pine,rootnumbin,mlp,1,3,0,0.8724004646274708,0.8689036455006542,0.8724004646274695,1.3322676295501878e-15,True
easygese:pine,rootnumbin,mlp,1,4,0,0.8529211579817215,0.8416678145531487,0.8529211579817222,-6.661338147750939e-16,True
easygese:pine,rootnumbin,mlp,1,5,0,0.882071723173045,0.8823118118415229,0.8820717231730449,1.1102230246251565e-16,True
easygese:pine,rootnumbin,mlp,2,1,0,0.8657461772080541,0.8720980439927896,0.8657461772080538,3.3306690738754696e-16,True
easygese:pine,rootnumbin,mlp,2,2,0,0.8644948027278779,0.8621960747212265,0.8644948027278777,2.220446049250313e-16,True
easygese:pine,rootnumbin,mlp,2,3,0,0.8826757639355395,0.888030954889126,0.8826757639355395,0.0,True
easygese:pine,rootnumbin,mlp,2,4,0,0.8249617777307081,0.8099882089661722,0.8249617777307082,-1.1102230246251565e-16,True
easygese:pine,rootnumbin,mlp,2,5,0,0.8569079720980088,0.8336522083147152,0.8569079720980092,-3.3306690738754696e-16,True
easygese:pine,rootnumbin,pnngs,1,1,0,0.4730635712230848,0.4655863450681907,0.4730635712230846,1.6653345369377348e-16,True
easygese:pine,rootnumbin,pnngs,1,2,0,0.49923900834721224,0.445239143869074,0.49923900834721213,1.1102230246251565e-16,True
easygese:pine,rootnumbin,pnngs,1,3,0,0.5595349840982906,0.5614785025624814,0.5595349840982903,3.3306690738754696e-16,True
easygese:pine,rootnumbin,pnngs,1,4,0,0.5780220326916151,0.5659984339812638,0.5780220326916148,3.3306690738754696e-16,True
easygese:pine,rootnumbin,pnngs,1,5,0,0.5990741811164769,0.5920298434824534,0.5990741811164765,4.440892098500626e-16,True
easygese:pine,rootnumbin,pnngs,2,1,0,0.5429587203797321,0.5340259653579186,0.5429587203797318,3.3306690738754696e-16,True
easygese:pine,rootnumbin,pnngs,2,2,0,0.25369422785942725,0.35003512453768687,0.25369422785942725,0.0,True
easygese:pine,rootnumbin,pnngs,2,3,0,0.346999291914504,0.4185138444858222,0.346999291914504,0.0,True
easygese:pine,rootnumbin,pnngs,2,4,0,0.47412914535582473,0.5169799163413211,0.47412914535582507,-3.3306690738754696e-16,True
easygese:pine,rootnumbin,pnngs,2,5,0,0.44211230615584823,0.4343754854588995,0.4421123061558479,3.3306690738754696e-16,True
easygese:pine,rootnumbin,soydngp,1,1,0,0.8514847600157983,0.8295565053029368,0.8514847600157978,5.551115123125783e-16,True
easygese:pine,rootnumbin,soydngp,1,2,0,0.845278440937995,0.8432415636126811,0.8452784409379945,4.440892098500626e-16,True
easygese:pine,rootnumbin,soydngp,1,3,0,0.849053113498631,0.8414483679518425,0.8490531134986307,3.3306690738754696e-16,True
easygese:pine,rootnumbin,soydngp,1,4,0,0.8410745629803708,0.8197381310758968,0.8410745629803713,-5.551115123125783e-16,True
easygese:pine,rootnumbin,soydngp,1,5,0,0.8595765871398294,0.8450460143357162,0.8595765871398292,2.220446049250313e-16,True
easygese:pine,rootnumbin,soydngp,2,1,0,0.8691773462390583,0.8596771825491978,0.8691773462390576,6.661338147750939e-16,True
easygese:pine,rootnumbin,soydngp,2,2,0,0.822023557429649,0.829442490207925,0.8220235574296492,-1.1102230246251565e-16,True
easygese:pine,rootnumbin,soydngp,2,3,0,0.8738630371719777,0.8559701497604214,0.873863037171978,-3.3306690738754696e-16,True
easygese:pine,rootnumbin,soydngp,2,4,0,0.7984823763849392,0.7943832888926131,0.7984823763849389,3.3306690738754696e-16,True
easygese:pine,rootnumbin,soydngp,2,5,0,0.8438453056451156,0.8391784363034201,0.8438453056451162,-5.551115123125783e-16,True
easygese:pine,rootnumbin,transformer,1,1,0,0.7726535031456861,0.741920546601591,0.7726535031456865,-3.3306690738754696e-16,True
easygese:pine,rootnumbin,transformer,1,2,0,0.7840410002271143,0.7629339574303865,0.7840410002271136,6.661338147750939e-16,True
easygese:pine,rootnumbin,transformer,1,3,0,0.7627369295596346,0.7517044282320783,0.7627369295596342,3.3306690738754696e-16,True
easygese:pine,rootnumbin,transformer,1,4,0,0.667616127633911,0.6622637175666435,0.6676161276339114,-4.440892098500626e-16,True
easygese:pine,rootnumbin,transformer,1,5,0,0.7555377508510975,0.7543020328553763,0.7555377508510966,8.881784197001252e-16,True
easygese:pine,rootnumbin,transformer,2,1,0,0.8128944157587898,0.7944576629554607,0.8128944157587894,4.440892098500626e-16,True
easygese:pine,rootnumbin,transformer,2,2,0,0.7355836057827556,0.7248114373550318,0.7355836057827563,-6.661338147750939e-16,True
easygese:pine,rootnumbin,transformer,2,3,0,0.8253536858203995,0.810210785377227,0.8253536858203997,-2.220446049250313e-16,True
easygese:pine,rootnumbin,transformer,2,4,0,0.730470778933171,0.6738158128767774,0.7304707789331704,6.661338147750939e-16,True
easygese:pine,rootnumbin,transformer,2,5,0,0.7630488275130152,0.733075972552446,0.7630488275130156,-4.440892098500626e-16,True
easygese:pine,rustbin,cnn,1,1,0,0.7790034190002723,0.7714434302554241,0.7790034190002719,3.3306690738754696e-16,True
easygese:pine,rustbin,cnn,1,2,0,0.8047258605244083,0.7998601691615697,0.8047258605244091,-7.771561172376096e-16,True
easygese:pine,rustbin,cnn,1,3,0,0.8317785601468837,0.8423345979122823,0.8317785601468837,0.0,True
easygese:pine,rustbin,cnn,1,4,0,0.6979944609806463,0.69365095899509,0.6979944609806465,-2.220446049250313e-16,True
easygese:pine,rustbin,cnn,1,5,0,0.7648747416993327,0.7743395965015211,0.7648747416993321,5.551115123125783e-16,True
easygese:pine,rustbin,cnn,2,1,0,0.8003113983811679,0.7986150780479205,0.8003113983811682,-2.220446049250313e-16,True
easygese:pine,rustbin,cnn,2,2,0,0.7610367999018893,0.7521967246894201,0.761036799901889,3.3306690738754696e-16,True
easygese:pine,rustbin,cnn,2,3,0,0.7924093991026938,0.8075373915813253,0.7924093991026929,8.881784197001252e-16,True
easygese:pine,rustbin,cnn,2,4,0,0.7606502441216952,0.7516590637262764,0.760650244121695,2.220446049250313e-16,True
easygese:pine,rustbin,cnn,2,5,0,0.7800039193203825,0.7633851219985809,0.7800039193203825,0.0,True
easygese:pine,rustbin,deepgs,1,1,0,0.8271796065819759,0.821280638549255,0.8271796065819763,-4.440892098500626e-16,True
easygese:pine,rustbin,deepgs,1,2,0,0.8580291807371443,0.8386001979230988,0.8580291807371456,-1.3322676295501878e-15,True
easygese:pine,rustbin,deepgs,1,3,0,0.8101920495721999,0.8189827334406493,0.8101920495721999,0.0,True
easygese:pine,rustbin,deepgs,1,4,0,0.788555767100231,0.7886103404695709,0.7885557671002305,5.551115123125783e-16,True
easygese:pine,rustbin,deepgs,1,5,0,0.8080152001051054,0.813508242634522,0.8080152001051047,6.661338147750939e-16,True
easygese:pine,rustbin,deepgs,2,1,0,0.829573028575262,0.8359241718103744,0.8295730285752627,-6.661338147750939e-16,True
easygese:pine,rustbin,deepgs,2,2,0,0.8565955723892762,0.865121435970372,0.8565955723892772,-9.992007221626409e-16,True
easygese:pine,rustbin,deepgs,2,3,0,0.8539627437397558,0.8589696609696656,0.8539627437397553,4.440892098500626e-16,True
easygese:pine,rustbin,deepgs,2,4,0,0.7621534549811748,0.7705785362798961,0.7621534549811744,4.440892098500626e-16,True
easygese:pine,rustbin,deepgs,2,5,0,0.8230632857243689,0.821076930236959,0.823063285724368,8.881784197001252e-16,True
easygese:pine,rustbin,dnngp,1,1,0,0.8185142338342054,0.8089290502735265,0.818514233834205,4.440892098500626e-16,True
easygese:pine,rustbin,dnngp,1,2,0,0.8760801886492772,0.857161481025833,0.8760801886492774,-2.220446049250313e-16,True
easygese:pine,rustbin,dnngp,1,3,0,0.8338422602391371,0.8381224679726488,0.8338422602391374,-3.3306690738754696e-16,True
easygese:pine,rustbin,dnngp,1,4,0,0.7531953582346017,0.7545644814606485,0.7531953582346008,8.881784197001252e-16,True
easygese:pine,rustbin,dnngp,1,5,0,0.8407167448013809,0.8404073752413909,0.8407167448013806,3.3306690738754696e-16,True
easygese:pine,rustbin,dnngp,2,1,0,0.8564102698257919,0.8648261801859469,0.8564102698257914,5.551115123125783e-16,True
easygese:pine,rustbin,dnngp,2,2,0,0.8637360763061933,0.8746832674352746,0.863736076306193,3.3306690738754696e-16,True
easygese:pine,rustbin,dnngp,2,3,0,0.8604599566286013,0.8450259354690235,0.8604599566286008,5.551115123125783e-16,True
easygese:pine,rustbin,dnngp,2,4,0,0.8228750546165069,0.8025561369341038,0.8228750546165067,2.220446049250313e-16,True
easygese:pine,rustbin,dnngp,2,5,0,0.8318067855178097,0.8190771872642835,0.8318067855178096,1.1102230246251565e-16,True
easygese:pine,rustbin,mlp,1,1,0,0.8420633418001405,0.8293931419307008,0.8420633418001418,-1.2212453270876722e-15,True
easygese:pine,rustbin,mlp,1,2,0,0.8850262819231611,0.880769408657201,0.885026281923161,1.1102230246251565e-16,True
easygese:pine,rustbin,mlp,1,3,0,0.8726820262870877,0.8648574689163127,0.8726820262870879,-2.220446049250313e-16,True
easygese:pine,rustbin,mlp,1,4,0,0.7903507213919883,0.7731603135713424,0.7903507213919885,-2.220446049250313e-16,True
easygese:pine,rustbin,mlp,1,5,0,0.851978174323378,0.8516308951438121,0.8519781743233779,1.1102230246251565e-16,True
easygese:pine,rustbin,mlp,2,1,0,0.8684851998292403,0.8725777909881212,0.8684851998292401,2.220446049250313e-16,True
easygese:pine,rustbin,mlp,2,2,0,0.846345045795974,0.8493708786183862,0.846345045795975,-9.992007221626409e-16,True
easygese:pine,rustbin,mlp,2,3,0,0.8635337187840366,0.854027030280658,0.8635337187840362,4.440892098500626e-16,True
easygese:pine,rustbin,mlp,2,4,0,0.8099759287832897,0.8125871579403207,0.8099759287832895,2.220446049250313e-16,True
easygese:pine,rustbin,mlp,2,5,0,0.8455860861948676,0.8237329108492726,0.8455860861948675,1.1102230246251565e-16,True
easygese:pine,rustbin,pnngs,1,1,0,0.3930957472164547,0.39906046528490713,0.39309574721645446,2.220446049250313e-16,True
easygese:pine,rustbin,pnngs,1,2,0,0.5732676410149911,0.5414441656798314,0.5732676410149912,-1.1102230246251565e-16,True
easygese:pine,rustbin,pnngs,1,3,0,0.6233819763094071,0.6150366856953481,0.6233819763094072,-1.1102230246251565e-16,True
easygese:pine,rustbin,pnngs,1,4,0,0.38355225875394755,0.3552788682989929,0.3835522587539476,-5.551115123125783e-17,True
easygese:pine,rustbin,pnngs,1,5,0,0.5182336650101864,0.4978526945838289,0.5182336650101862,2.220446049250313e-16,True
easygese:pine,rustbin,pnngs,2,1,0,0.559249167999393,0.5313951496381489,0.5592491679993934,-4.440892098500626e-16,True
easygese:pine,rustbin,pnngs,2,2,0,0.5891179699881461,0.5755304322421403,0.5891179699881459,2.220446049250313e-16,True
easygese:pine,rustbin,pnngs,2,3,0,0.5853573534430152,0.5464161862704383,0.5853573534430154,-2.220446049250313e-16,True
easygese:pine,rustbin,pnngs,2,4,0,0.3992408432208591,0.40212388668289745,0.3992408432208589,2.220446049250313e-16,True
easygese:pine,rustbin,pnngs,2,5,0,0.47135038496380066,0.4734344169970921,0.47135038496380044,2.220446049250313e-16,True
easygese:pine,rustbin,soydngp,1,1,0,0.8375147122897133,0.8306263067711558,0.8375147122897125,7.771561172376096e-16,True
easygese:pine,rustbin,soydngp,1,2,0,0.8690924040147532,0.8557052035579911,0.8690924040147531,1.1102230246251565e-16,True
easygese:pine,rustbin,soydngp,1,3,0,0.8573325300100272,0.8618418786870322,0.8573325300100276,-4.440892098500626e-16,True
easygese:pine,rustbin,soydngp,1,4,0,0.7945031271681069,0.7895721724056534,0.7945031271681068,1.1102230246251565e-16,True
easygese:pine,rustbin,soydngp,1,5,0,0.813756181098352,0.8135045813135973,0.8137561810983521,-1.1102230246251565e-16,True
easygese:pine,rustbin,soydngp,2,1,0,0.8404675041335402,0.8357700027518393,0.8404675041335403,-1.1102230246251565e-16,True
easygese:pine,rustbin,soydngp,2,2,0,0.8404611438306134,0.837642370120289,0.8404611438306137,-2.220446049250313e-16,True
easygese:pine,rustbin,soydngp,2,3,0,0.8466567299709288,0.8462637391297202,0.8466567299709299,-1.1102230246251565e-15,True
easygese:pine,rustbin,soydngp,2,4,0,0.7772353196284824,0.7579450244642226,0.7772353196284822,1.1102230246251565e-16,True
easygese:pine,rustbin,soydngp,2,5,0,0.8180422101521462,0.8108423497518464,0.8180422101521462,0.0,True
easygese:pine,rustbin,transformer,1,1,0,0.7314713191743893,0.7042082074031154,0.7314713191743891,2.220446049250313e-16,True
easygese:pine,rustbin,transformer,1,2,0,0.7729212939275965,0.7620552518783462,0.7729212939275966,-1.1102230246251565e-16,True
easygese:pine,rustbin,transformer,1,3,0,0.7958791079588107,0.7818254942197299,0.795879107958811,-3.3306690738754696e-16,True
easygese:pine,rustbin,transformer,1,4,0,0.6907071082512133,0.6761341602257308,0.6907071082512133,0.0,True
easygese:pine,rustbin,transformer,1,5,0,0.7788825892406455,0.7467463719430273,0.778882589240645,4.440892098500626e-16,True
easygese:pine,rustbin,transformer,2,1,0,0.7828443120814184,0.7717138261423464,0.7828443120814179,4.440892098500626e-16,True
easygese:pine,rustbin,transformer,2,2,0,0.7900733753030628,0.7757860264959499,0.7900733753030627,1.1102230246251565e-16,True
easygese:pine,rustbin,transformer,2,3,0,0.7905471769637034,0.7726614837405081,0.7905471769637032,1.1102230246251565e-16,True
easygese:pine,rustbin,transformer,2,4,0,0.700126642591607,0.6869943320472007,0.7001266425916064,5.551115123125783e-16,True
easygese:pine,rustbin,transformer,2,5,0,0.7874365680184721,0.7699299411621774,0.7874365680184726,-5.551115123125783e-16,True
easygese:pine,stiffnessTree,cnn,1,1,0,0.8060136817821452,0.7993327289418364,0.8060136817821459,-7.771561172376096e-16,True
easygese:pine,stiffnessTree,cnn,1,2,0,0.8017321115225441,0.7731781051155934,0.8017321115225441,0.0,True
easygese:pine,stiffnessTree,cnn,1,3,0,0.837210067059641,0.8380753888096706,0.8372100670596414,-4.440892098500626e-16,True
easygese:pine,stiffnessTree,cnn,1,4,0,0.783581970729679,0.7734042555859384,0.7835819707296791,-1.1102230246251565e-16,True
easygese:pine,stiffnessTree,cnn,1,5,0,0.8238539517467118,0.8004253018671028,0.823853951746711,7.771561172376096e-16,True
easygese:pine,stiffnessTree,cnn,2,1,0,0.8537092661822681,0.8513499339737395,0.8537092661822687,-6.661338147750939e-16,True
easygese:pine,stiffnessTree,cnn,2,2,0,0.7950956117560026,0.799106911250635,0.7950956117560017,8.881784197001252e-16,True
easygese:pine,stiffnessTree,cnn,2,3,0,0.7950261823424004,0.8101466406685035,0.7950261823424004,0.0,True
easygese:pine,stiffnessTree,cnn,2,4,0,0.7664749072664526,0.7593773502193527,0.7664749072664532,-5.551115123125783e-16,True
easygese:pine,stiffnessTree,cnn,2,5,0,0.7720209097797006,0.7665423696294771,0.7720209097797012,-5.551115123125783e-16,True
easygese:pine,stiffnessTree,deepgs,1,1,0,0.8601279786119191,0.8526526571289937,0.8601279786119193,-1.1102230246251565e-16,True
easygese:pine,stiffnessTree,deepgs,1,2,0,0.8636804254338578,0.8626419306460232,0.863680425433858,-2.220446049250313e-16,True
easygese:pine,stiffnessTree,deepgs,1,3,0,0.8710710233368735,0.8751360934007811,0.8710710233368731,3.3306690738754696e-16,True
easygese:pine,stiffnessTree,deepgs,1,4,0,0.8443699137853174,0.8360905160977701,0.844369913785317,4.440892098500626e-16,True
easygese:pine,stiffnessTree,deepgs,1,5,0,0.8471344554114826,0.8332347617248902,0.8471344554114824,2.220446049250313e-16,True
easygese:pine,stiffnessTree,deepgs,2,1,0,0.8673640155112442,0.8498791351569652,0.8673640155112445,-3.3306690738754696e-16,True
easygese:pine,stiffnessTree,deepgs,2,2,0,0.8479217646670464,0.8334833771819624,0.8479217646670464,0.0,True
easygese:pine,stiffnessTree,deepgs,2,3,0,0.8609532475042462,0.86244203483322,0.8609532475042461,1.1102230246251565e-16,True
easygese:pine,stiffnessTree,deepgs,2,4,0,0.8519308297776573,0.8160810518426328,0.8519308297776579,-5.551115123125783e-16,True
easygese:pine,stiffnessTree,deepgs,2,5,0,0.8471213557967945,0.8461338176885925,0.8471213557967952,-6.661338147750939e-16,True
easygese:pine,stiffnessTree,dnngp,1,1,0,0.8407029844096482,0.8329200955273228,0.8407029844096484,-2.220446049250313e-16,True
easygese:pine,stiffnessTree,dnngp,1,2,0,0.8716904109480311,0.8476432448916286,0.8716904109480313,-2.220446049250313e-16,True
easygese:pine,stiffnessTree,dnngp,1,3,0,0.8648023860828833,0.866904007067339,0.864802386082883,3.3306690738754696e-16,True
easygese:pine,stiffnessTree,dnngp,1,4,0,0.8405133370603046,0.844477096834878,0.8405133370603038,7.771561172376096e-16,True
easygese:pine,stiffnessTree,dnngp,1,5,0,0.8444330024456034,0.8367640555874511,0.8444330024456035,-1.1102230246251565e-16,True
easygese:pine,stiffnessTree,dnngp,2,1,0,0.8757003043576316,0.8721614113392171,0.8757003043576321,-5.551115123125783e-16,True
easygese:pine,stiffnessTree,dnngp,2,2,0,0.8465868044896252,0.8360006916786368,0.8465868044896254,-2.220446049250313e-16,True
easygese:pine,stiffnessTree,dnngp,2,3,0,0.865651061483183,0.8609105470242392,0.865651061483184,-9.992007221626409e-16,True
easygese:pine,stiffnessTree,dnngp,2,4,0,0.8125979849468616,0.815481110949794,0.812597984946862,-3.3306690738754696e-16,True
easygese:pine,stiffnessTree,dnngp,2,5,0,0.8222790163972614,0.8138649480675507,0.8222790163972606,7.771561172376096e-16,True
easygese:pine,stiffnessTree,mlp,1,1,0,0.8579797105814216,0.8553627288104718,0.8579797105814216,0.0,True
easygese:pine,stiffnessTree,mlp,1,2,0,0.8769565805133146,0.8623457745391544,0.8769565805133146,0.0,True
easygese:pine,stiffnessTree,mlp,1,3,0,0.8914128201122858,0.8900936508223277,0.8914128201122857,1.1102230246251565e-16,True
easygese:pine,stiffnessTree,mlp,1,4,0,0.856465719374267,0.8550568043229402,0.8564657193742679,-8.881784197001252e-16,True
easygese:pine,stiffnessTree,mlp,1,5,0,0.859289589931125,0.8435739181128742,0.8592895899311249,1.1102230246251565e-16,True
easygese:pine,stiffnessTree,mlp,2,1,0,0.8846095927119217,0.8795542612976996,0.8846095927119225,-7.771561172376096e-16,True
easygese:pine,stiffnessTree,mlp,2,2,0,0.8615025494816081,0.8551479920274291,0.8615025494816079,2.220446049250313e-16,True
easygese:pine,stiffnessTree,mlp,2,3,0,0.879186181263229,0.8712333552951104,0.879186181263229,0.0,True
easygese:pine,stiffnessTree,mlp,2,4,0,0.8359699164460098,0.8352763904803825,0.8359699164460094,4.440892098500626e-16,True
easygese:pine,stiffnessTree,mlp,2,5,0,0.863744172975826,0.86014506169886,0.8637441729758248,1.1102230246251565e-15,True
easygese:pine,stiffnessTree,pnngs,1,1,0,0.5372782426021959,0.5553540261935704,0.5372782426021964,-4.440892098500626e-16,True
easygese:pine,stiffnessTree,pnngs,1,2,0,0.5690269732993444,0.5236314713932997,0.5690269732993439,4.440892098500626e-16,True
easygese:pine,stiffnessTree,pnngs,1,3,0,0.6072704858763288,0.639996547345028,0.607270485876329,-2.220446049250313e-16,True
easygese:pine,stiffnessTree,pnngs,1,4,0,0.6171306364768673,0.5930786819353595,0.6171306364768668,4.440892098500626e-16,True
easygese:pine,stiffnessTree,pnngs,1,5,0,0.588620584047289,0.5666984877732228,0.5886205840472891,-1.1102230246251565e-16,True
easygese:pine,stiffnessTree,pnngs,2,1,0,0.6296348548003958,0.6267474279452372,0.6296348548003959,-1.1102230246251565e-16,True
easygese:pine,stiffnessTree,pnngs,2,2,0,0.5930039248022865,0.6351560428120526,0.5930039248022865,0.0,True
easygese:pine,stiffnessTree,pnngs,2,3,0,0.6160258208008844,0.5779990440674849,0.6160258208008841,3.3306690738754696e-16,True
easygese:pine,stiffnessTree,pnngs,2,4,0,0.5937346116895247,0.5752277416450318,0.5937346116895241,5.551115123125783e-16,True
easygese:pine,stiffnessTree,pnngs,2,5,0,0.6141052535296715,0.6149811414519036,0.614105253529671,4.440892098500626e-16,True
easygese:pine,stiffnessTree,soydngp,1,1,0,0.8344286868870241,0.8241933457112176,0.8344286868870237,4.440892098500626e-16,True
easygese:pine,stiffnessTree,soydngp,1,2,0,0.8751352720824779,0.8670318296243669,0.8751352720824769,9.992007221626409e-16,True
easygese:pine,stiffnessTree,soydngp,1,3,0,0.8634923414486596,0.8572138258254962,0.8634923414486597,-1.1102230246251565e-16,True
easygese:pine,stiffnessTree,soydngp,1,4,0,0.8492161071052775,0.847085147452881,0.8492161071052774,1.1102230246251565e-16,True
easygese:pine,stiffnessTree,soydngp,1,5,0,0.8608286024063311,0.8606026973812008,0.8608286024063312,-1.1102230246251565e-16,True
easygese:pine,stiffnessTree,soydngp,2,1,0,0.8693364706887668,0.8539324582099037,0.8693364706887656,1.2212453270876722e-15,True
easygese:pine,stiffnessTree,soydngp,2,2,0,0.837896522700832,0.8366289609310019,0.8378965227008317,3.3306690738754696e-16,True
easygese:pine,stiffnessTree,soydngp,2,3,0,0.8642738110489993,0.8640792999961717,0.8642738110489996,-3.3306690738754696e-16,True
easygese:pine,stiffnessTree,soydngp,2,4,0,0.8281604123075694,0.8293527386431332,0.8281604123075694,0.0,True
easygese:pine,stiffnessTree,soydngp,2,5,0,0.8309451148834222,0.8092645113044239,0.8309451148834223,-1.1102230246251565e-16,True
easygese:pine,stiffnessTree,transformer,1,1,0,0.7585278219389335,0.7524016819655525,0.7585278219389336,-1.1102230246251565e-16,True
easygese:pine,stiffnessTree,transformer,1,2,0,0.7509768675100873,0.7261258178341653,0.7509768675100875,-2.220446049250313e-16,True
easygese:pine,stiffnessTree,transformer,1,3,0,0.7868136367333074,0.7692108502288791,0.7868136367333073,1.1102230246251565e-16,True
easygese:pine,stiffnessTree,transformer,1,4,0,0.7706821330159052,0.7586615371650637,0.7706821330159056,-4.440892098500626e-16,True
easygese:pine,stiffnessTree,transformer,1,5,0,0.7691939558170139,0.754957403146424,0.7691939558170133,5.551115123125783e-16,True
easygese:pine,stiffnessTree,transformer,2,1,0,0.7812197894397918,0.7815832982557971,0.7812197894397916,1.1102230246251565e-16,True
easygese:pine,stiffnessTree,transformer,2,2,0,0.7535903969972729,0.7484214980531466,0.7535903969972721,7.771561172376096e-16,True
easygese:pine,stiffnessTree,transformer,2,3,0,0.7640632650322314,0.745442845098448,0.7640632650322314,0.0,True
easygese:pine,stiffnessTree,transformer,2,4,0,0.6973117999351661,0.6982064183895986,0.6973117999351658,3.3306690738754696e-16,True
easygese:pine,stiffnessTree,transformer,2,5,0,0.7711022427178821,0.7514353131829314,0.7711022427178831,-9.992007221626409e-16,True
easygese:rice,Alkali_spreading_value,cnn,1,1,0,0.33189569186897566,0.3028090008012023,0.33189569186897566,0.0,True
easygese:rice,Alkali_spreading_value,cnn,1,2,0,0.23761522077263209,0.27134690650349863,0.23761522077263197,1.1102230246251565e-16,True
easygese:rice,Alkali_spreading_value,cnn,1,3,0,0.30575278369775377,0.24913035428101812,0.3057527836977543,-5.551115123125783e-16,True
easygese:rice,Alkali_spreading_value,cnn,1,4,0,0.41253514336784186,0.450122077823535,0.4125351433678418,5.551115123125783e-17,True
easygese:rice,Alkali_spreading_value,cnn,1,5,0,0.33882601471097296,0.2769287929540384,0.3388260147109729,5.551115123125783e-17,True
easygese:rice,Alkali_spreading_value,cnn,2,1,0,0.367204543527648,0.3556787573195879,0.367204543527648,0.0,True
easygese:rice,Alkali_spreading_value,cnn,2,2,0,0.3425810295512106,0.31857827800426397,0.3425810295512105,1.1102230246251565e-16,True
easygese:rice,Alkali_spreading_value,cnn,2,3,0,0.36176745323116083,0.31349703165686943,0.3617674532311607,1.1102230246251565e-16,True
easygese:rice,Alkali_spreading_value,cnn,2,4,0,0.23680091170683704,0.23082524132776927,0.23680091170683693,1.1102230246251565e-16,True
easygese:rice,Alkali_spreading_value,cnn,2,5,0,0.3288861449902921,0.2825822760585766,0.32888614499029195,1.6653345369377348e-16,True
easygese:rice,Alkali_spreading_value,deepgs,1,1,0,0.40737485075239216,0.3834476509041084,0.40737485075239194,2.220446049250313e-16,True
easygese:rice,Alkali_spreading_value,deepgs,1,2,0,0.01996938467845313,0.03184403642354018,0.019969384678453387,-2.5673907444456745e-16,True
easygese:rice,Alkali_spreading_value,deepgs,1,3,0,0.23729338426315744,0.2086624532927872,0.23729338426315727,1.6653345369377348e-16,True
easygese:rice,Alkali_spreading_value,deepgs,1,4,0,0.38379946862710523,0.3120491184588988,0.38379946862710496,2.7755575615628914e-16,True
easygese:rice,Alkali_spreading_value,deepgs,1,5,0,0.24783546781522653,0.07420021965478756,0.24783546781522678,-2.498001805406602e-16,True
easygese:rice,Alkali_spreading_value,deepgs,2,1,0,0.322820326694628,0.3291177809027057,0.3228203266946282,-1.6653345369377348e-16,True
easygese:rice,Alkali_spreading_value,deepgs,2,2,0,0.24910152219618967,0.20101866811858657,0.24910152219618978,-1.1102230246251565e-16,True
easygese:rice,Alkali_spreading_value,deepgs,2,3,0,0.2860938880155135,0.25799508687790856,0.28609388801551333,1.6653345369377348e-16,True
easygese:rice,Alkali_spreading_value,deepgs,2,4,0,0.2428692962183342,0.2681448783389586,0.24286929621833436,-1.6653345369377348e-16,True
easygese:rice,Alkali_spreading_value,deepgs,2,5,0,0.14506639696055415,0.17633201058525289,0.14506639696055418,-2.7755575615628914e-17,True
easygese:rice,Alkali_spreading_value,dnngp,1,1,0,0.3857521543345067,0.2732285459521213,0.38575215433450655,1.6653345369377348e-16,True
easygese:rice,Alkali_spreading_value,dnngp,1,2,0,0.10883278402631333,0.048832484430696155,0.10883278402631327,5.551115123125783e-17,True
easygese:rice,Alkali_spreading_value,dnngp,1,3,0,0.10237284171763786,0.06476716752565098,0.10237284171763797,-1.1102230246251565e-16,True
easygese:rice,Alkali_spreading_value,dnngp,1,4,0,0.33087791381892717,0.36702724475532444,0.33087791381892734,-1.6653345369377348e-16,True
easygese:rice,Alkali_spreading_value,dnngp,1,5,0,0.19585840832229676,0.2095659922098983,0.19585840832229673,2.7755575615628914e-17,True
easygese:rice,Alkali_spreading_value,dnngp,2,1,0,0.29362318529848336,0.3328582344090004,0.2936231852984832,1.6653345369377348e-16,True
easygese:rice,Alkali_spreading_value,dnngp,2,2,0,0.25238479906261485,0.1601282396284585,0.25238479906261496,-1.1102230246251565e-16,True
easygese:rice,Alkali_spreading_value,dnngp,2,3,0,0.12322275733714705,0.12233455098156451,0.12322275733714708,-2.7755575615628914e-17,True
easygese:rice,Alkali_spreading_value,dnngp,2,4,0,0.2616341454460728,0.24936962358031922,0.26163414544607266,1.1102230246251565e-16,True
easygese:rice,Alkali_spreading_value,dnngp,2,5,0,0.24774514332410089,0.30016400733912163,0.24774514332410086,2.7755575615628914e-17,True
easygese:rice,Alkali_spreading_value,mlp,1,1,0,0.4075534042245792,0.36391206734682763,0.4075534042245789,2.7755575615628914e-16,True
easygese:rice,Alkali_spreading_value,mlp,1,2,0,0.030115089331280445,0.0424687737301236,0.030115089331280435,1.0408340855860843e-17,True
easygese:rice,Alkali_spreading_value,mlp,1,3,0,0.18544151065740164,0.2319467551426482,0.18544151065740164,0.0,True
easygese:rice,Alkali_spreading_value,mlp,1,4,0,0.3847804964472314,0.3950820059936817,0.38478049644723156,-1.6653345369377348e-16,True
easygese:rice,Alkali_spreading_value,mlp,1,5,0,0.2764768993244539,0.2995435816063595,0.2764768993244539,0.0,True
easygese:rice,Alkali_spreading_value,mlp,2,1,0,0.20213165673033665,0.2087552742281572,0.20213165673033665,0.0,True
easygese:rice,Alkali_spreading_value,mlp,2,2,0,0.266767075895657,0.24188207458709743,0.26676707589565724,-2.220446049250313e-16,True
easygese:rice,Alkali_spreading_value,mlp,2,3,0,0.3510498009342372,0.3610880086579049,0.35104980093423716,5.551115123125783e-17,True
easygese:rice,Alkali_spreading_value,mlp,2,4,0,0.2944609561011793,0.22017783069641367,0.2944609561011793,0.0,True
easygese:rice,Alkali_spreading_value,mlp,2,5,0,0.31864017712769865,0.342648272909278,0.3186401771276987,-5.551115123125783e-17,True
easygese:rice,Alkali_spreading_value,pnngs,1,1,0,0.28410882515699776,0.15930050647918823,0.2841088251569975,2.7755575615628914e-16,True
easygese:rice,Alkali_spreading_value,pnngs,1,2,0,0.08817949029883601,0.10762341614299767,0.08817949029883593,8.326672684688674e-17,True
easygese:rice,Alkali_spreading_value,pnngs,1,3,0,0.2999473237777791,0.19914011994362554,0.29994732377777894,1.6653345369377348e-16,True
easygese:rice,Alkali_spreading_value,pnngs,1,4,0,0.380923188574578,0.3405831470386228,0.3809231885745775,4.996003610813204e-16,True
easygese:rice,Alkali_spreading_value,pnngs,1,5,0,0.2703115491298152,0.1901880857437557,0.2703115491298154,-2.220446049250313e-16,True
easygese:rice,Alkali_spreading_value,pnngs,2,1,0,0.3047161692352848,0.21775220710254645,0.30471616923528455,2.220446049250313e-16,True
easygese:rice,Alkali_spreading_value,pnngs,2,2,0,0.19749270096567623,0.26513199534576054,0.19749270096567628,-5.551115123125783e-17,True
easygese:rice,Alkali_spreading_value,pnngs,2,3,0,0.2328384480784622,0.2594022952021606,0.23283844807846243,-2.220446049250313e-16,True
easygese:rice,Alkali_spreading_value,pnngs,2,4,0,0.3066916215514292,0.20873169548657577,0.3066916215514287,4.996003610813204e-16,True
easygese:rice,Alkali_spreading_value,pnngs,2,5,0,0.2819834675209785,0.3372561421946347,0.28198346752097897,-4.440892098500626e-16,True
easygese:rice,Alkali_spreading_value,soydngp,1,1,0,0.31811038040483836,0.24094089147204573,0.3181103804048386,-2.220446049250313e-16,True
easygese:rice,Alkali_spreading_value,soydngp,1,2,0,0.12375481987510921,0.08684072617352144,0.12375481987510907,1.3877787807814457e-16,True
easygese:rice,Alkali_spreading_value,soydngp,1,3,0,0.18917076771049365,0.1775527044481134,0.18917076771049363,2.7755575615628914e-17,True
easygese:rice,Alkali_spreading_value,soydngp,1,4,0,0.35686071371680134,0.36003719638646103,0.35686071371676137,3.9968028886505635e-14,True
easygese:rice,Alkali_spreading_value,soydngp,1,5,0,0.3066804495411677,0.2811597532417703,0.3066804495411676,1.1102230246251565e-16,True
easygese:rice,Alkali_spreading_value,soydngp,2,1,0,0.2939528213704216,0.20046021794475793,0.2939528213704353,-1.3711254354120683e-14,True
easygese:rice,Alkali_spreading_value,soydngp,2,2,0,0.3177831775702759,0.3296985986342293,0.317783177570276,-1.1102230246251565e-16,True
easygese:rice,Alkali_spreading_value,soydngp,2,3,0,0.35578077688807347,0.3050702371079187,0.35578077688807314,3.3306690738754696e-16,True
easygese:rice,Alkali_spreading_value,soydngp,2,4,0,0.3789220343564494,0.32740332649392073,0.37892203435644994,-5.551115123125783e-16,True
easygese:rice,Alkali_spreading_value,soydngp,2,5,0,0.37670049091795044,0.3277437064760459,0.37670049091795027,1.6653345369377348e-16,True
easygese:rice,Alkali_spreading_value,transformer,1,1,0,0.3653399606215419,0.3473949318041408,0.3653399606215419,0.0,True
easygese:rice,Alkali_spreading_value,transformer,1,2,0,0.1934655401301556,0.19402381229754992,0.19346554013015568,-8.326672684688674e-17,True
easygese:rice,Alkali_spreading_value,transformer,1,3,0,0.33275666476022014,0.3047858508371608,0.3327566647602203,-1.6653345369377348e-16,True
easygese:rice,Alkali_spreading_value,transformer,1,4,0,0.3548877374609371,0.3666046034938378,0.35488773746093727,-1.6653345369377348e-16,True
easygese:rice,Alkali_spreading_value,transformer,1,5,0,0.346823597787157,0.2399314985827984,0.34682359778715716,-1.6653345369377348e-16,True
easygese:rice,Alkali_spreading_value,transformer,2,1,0,0.17292580643900904,0.11184335348198629,0.1729258064390092,-1.6653345369377348e-16,True
easygese:rice,Alkali_spreading_value,transformer,2,2,0,0.27663965088308407,0.1734610028872263,0.27663965088308395,1.1102230246251565e-16,True
easygese:rice,Alkali_spreading_value,transformer,2,3,0,0.1717489647862323,0.13819808755437,0.17174896478623264,-3.3306690738754696e-16,True
easygese:rice,Alkali_spreading_value,transformer,2,4,0,0.2511649845496414,0.2597178954948322,0.2511649845496416,-1.6653345369377348e-16,True
easygese:rice,Alkali_spreading_value,transformer,2,5,0,0.12225033672406517,0.08361480209585799,0.12225033672406528,-1.1102230246251565e-16,True
easygese:rice,Amylose_content,cnn,1,1,0,0.607672573328311,0.5934326746551416,0.6076725733283116,-5.551115123125783e-16,True
easygese:rice,Amylose_content,cnn,1,2,0,0.7203374361374597,0.7249311631229612,0.7203374361374599,-2.220446049250313e-16,True
easygese:rice,Amylose_content,cnn,1,3,0,0.7108114916295535,0.6805694853984697,0.7108114916295536,-1.1102230246251565e-16,True
easygese:rice,Amylose_content,cnn,1,4,0,0.5916772261754106,0.6274835506643208,0.5916772261754112,-5.551115123125783e-16,True
easygese:rice,Amylose_content,cnn,1,5,0,0.6800586453976821,0.689780740519846,0.6800586453976822,-1.1102230246251565e-16,True
easygese:rice,Amylose_content,cnn,2,1,0,0.6478058602262211,0.6495685925961491,0.6478058602262216,-4.440892098500626e-16,True
easygese:rice,Amylose_content,cnn,2,2,0,0.7277265656943802,0.6970007535402623,0.7277265656943802,0.0,True
easygese:rice,Amylose_content,cnn,2,3,0,0.7021000320821381,0.7145484270557115,0.7021000320821383,-2.220446049250313e-16,True
easygese:rice,Amylose_content,cnn,2,4,0,0.5644759594669946,0.46948326362715254,0.5644759594669944,2.220446049250313e-16,True
easygese:rice,Amylose_content,cnn,2,5,0,0.7312220646031442,0.7302719119473482,0.731222064603144,2.220446049250313e-16,True
easygese:rice,Amylose_content,deepgs,1,1,0,0.5880863981874189,0.5402558396298457,0.5880863981874188,1.1102230246251565e-16,True
easygese:rice,Amylose_content,deepgs,1,2,0,0.7279398157637483,0.7414259641456767,0.7279398157637482,1.1102230246251565e-16,True
easygese:rice,Amylose_content,deepgs,1,3,0,0.6329636288713892,0.5962488704529222,0.632963628871389,2.220446049250313e-16,True
easygese:rice,Amylose_content,deepgs,1,4,0,0.6202427119119782,0.5790722274702998,0.6202427119119782,0.0,True
easygese:rice,Amylose_content,deepgs,1,5,0,0.6128508628406297,0.5407185405884012,0.6128508628406298,-1.1102230246251565e-16,True
easygese:rice,Amylose_content,deepgs,2,1,0,0.6100350471687157,0.5502414022380232,0.6100350471687157,0.0,True
easygese:rice,Amylose_content,deepgs,2,2,0,0.6943132220920641,0.6856787145365171,0.694313222092064,1.1102230246251565e-16,True
easygese:rice,Amylose_content,deepgs,2,3,0,0.6672187947495573,0.6316218406807825,0.6672187947495571,1.1102230246251565e-16,True
easygese:rice,Amylose_content,deepgs,2,4,0,0.4860183610163625,0.4752694681135414,0.48601836101636225,2.220446049250313e-16,True
easygese:rice,Amylose_content,deepgs,2,5,0,0.7530237841397293,0.7578235918608821,0.7530237841397296,-3.3306690738754696e-16,True
easygese:rice,Amylose_content,dnngp,1,1,0,0.6430865959396449,0.5375467352199436,0.6430865959396451,-2.220446049250313e-16,True
easygese:rice,Amylose_content,dnngp,1,2,0,0.6654640861173097,0.5595248577841581,0.6654640861173095,2.220446049250313e-16,True
easygese:rice,Amylose_content,dnngp,1,3,0,0.6551765053218376,0.6617113882959967,0.6551765053218374,2.220446049250313e-16,True
easygese:rice,Amylose_content,dnngp,1,4,0,0.5467456360616069,0.560644712214055,0.5467456360616066,2.220446049250313e-16,True
easygese:rice,Amylose_content,dnngp,1,5,0,0.6370293646035202,0.6333163924445369,0.6370293646035204,-2.220446049250313e-16,True
easygese:rice,Amylose_content,dnngp,2,1,0,0.6506393199118682,0.5927753586544889,0.6506393199118683,-1.1102230246251565e-16,True
easygese:rice,Amylose_content,dnngp,2,2,0,0.659717906924751,0.64490668854905,0.6597179069247512,-2.220446049250313e-16,True
easygese:rice,Amylose_content,dnngp,2,3,0,0.6974871524719615,0.6646794427884524,0.6974871524719611,3.3306690738754696e-16,True
easygese:rice,Amylose_content,dnngp,2,4,0,0.549655139430883,0.5010213798988989,0.5496551394308831,-1.1102230246251565e-16,True
easygese:rice,Amylose_content,dnngp,2,5,0,0.6775092841486545,0.688818981915505,0.6775092841486541,4.440892098500626e-16,True
easygese:rice,Amylose_content,mlp,1,1,0,0.563281219449603,0.5433475707850586,0.5632812194496029,1.1102230246251565e-16,True
easygese:rice,Amylose_content,mlp,1,2,0,0.6769926770691822,0.6494729450699063,0.6769926770691822,0.0,True
easygese:rice,Amylose_content,mlp,1,3,0,0.6618315052154637,0.6555158471773466,0.661831505215464,-2.220446049250313e-16,True
easygese:rice,Amylose_content,mlp,1,4,0,0.6126959133777873,0.5859200047177038,0.612695913377787,3.3306690738754696e-16,True
easygese:rice,Amylose_content,mlp,1,5,0,0.6886645124926541,0.670221276074394,0.6886645124926541,0.0,True
easygese:rice,Amylose_content,mlp,2,1,0,0.5588540861344651,0.5409261065962163,0.5588540861344651,0.0,True
easygese:rice,Amylose_content,mlp,2,2,0,0.68665891772968,0.6778355777887471,0.6866589177296802,-2.220446049250313e-16,True
easygese:rice,Amylose_content,mlp,2,3,0,0.6514427185089174,0.6289313942220174,0.6514427185089178,-3.3306690738754696e-16,True
easygese:rice,Amylose_content,mlp,2,4,0,0.5218058905982393,0.5348202550856115,0.5218058905982398,-4.440892098500626e-16,True
easygese:rice,Amylose_content,mlp,2,5,0,0.7405639509262604,0.7599767572295569,0.7405639509262603,1.1102230246251565e-16,True
easygese:rice,Amylose_content,pnngs,1,1,0,0.5021389685635249,0.43300502889220066,0.502138968563525,-1.1102230246251565e-16,True
easygese:rice,Amylose_content,pnngs,1,2,0,0.737736481030022,0.6510493023254414,0.7377364810300219,1.1102230246251565e-16,True
easygese:rice,Amylose_content,pnngs,1,3,0,0.6634273044780261,0.6489582328798912,0.6634273044780261,0.0,True
easygese:rice,Amylose_content,pnngs,1,4,0,0.6313198479247951,0.6157827054630726,0.631319847924795,1.1102230246251565e-16,True
easygese:rice,Amylose_content,pnngs,1,5,0,0.6546556766405971,0.6771836906234726,0.654655676640597,1.1102230246251565e-16,True
easygese:rice,Amylose_content,pnngs,2,1,0,0.628498704203602,0.6107907936580934,0.6284987042036022,-2.220446049250313e-16,True
easygese:rice,Amylose_content,pnngs,2,2,0,0.6727303421107694,0.6729241484882247,0.6727303421107699,-4.440892098500626e-16,True
easygese:rice,Amylose_content,pnngs,2,3,0,0.6827545958709911,0.6128713124721202,0.6827545958709911,0.0,True
easygese:rice,Amylose_content,pnngs,2,4,0,0.5976400679369093,0.5917753531142279,0.5976400679369097,-4.440892098500626e-16,True
easygese:rice,Amylose_content,pnngs,2,5,0,0.7165102018872711,0.7211398216712037,0.7165102018872709,2.220446049250313e-16,True
easygese:rice,Amylose_content,soydngp,1,1,0,0.4420263574573377,0.4706553580456907,0.44202635745738705,-4.934941344458821e-14,True
easygese:rice,Amylose_content,soydngp,1,2,0,0.6732558311823984,0.6831931169309807,0.6732558311823982,2.220446049250313e-16,True
easygese:rice,Amylose_content,soydngp,1,3,0,0.5425007353080615,0.5186123278364196,0.5425007353080619,-3.3306690738754696e-16,True
easygese:rice,Amylose_content,soydngp,1,4,0,0.5812452552803742,0.5622354392659181,0.5812452552803873,-1.3100631690576847e-14,True
easygese:rice,Amylose_content,soydngp,1,5,0,0.5645777236277739,0.5827808077912254,0.5645777236277756,-1.6653345369377348e-15,True
easygese:rice,Amylose_content,soydngp,2,1,0,0.5798417643698923,0.5370418792239491,0.5798417643699495,-5.717648576819556e-14,True
easygese:rice,Amylose_content,soydngp,2,2,0,0.6922788034117257,0.6671516780481938,0.6922788034117243,1.3322676295501878e-15,True
easygese:rice,Amylose_content,soydngp,2,3,0,0.6759192163801632,0.6349355044767537,0.6759192163801653,-2.1094237467877974e-15,True
easygese:rice,Amylose_content,soydngp,2,4,0,0.5089549022507407,0.503025566286025,0.5089549022507416,-8.881784197001252e-16,True
easygese:rice,Amylose_content,soydngp,2,5,0,0.7352797456924844,0.7339320671323399,0.7352797456924943,-9.880984919163893e-15,True
easygese:rice,Amylose_content,transformer,1,1,0,0.46065545466051383,0.43484829521702506,0.4606554546605138,5.551115123125783e-17,True
easygese:rice,Amylose_content,transformer,1,2,0,0.705910975424509,0.7037321477974137,0.7059109754245091,-1.1102230246251565e-16,True
easygese:rice,Amylose_content,transformer,1,3,0,0.6996044490019195,0.6801307698697381,0.6996044490019194,1.1102230246251565e-16,True
easygese:rice,Amylose_content,transformer,1,4,0,0.6295204539958984,0.5922071954749772,0.6295204539958982,2.220446049250313e-16,True
easygese:rice,Amylose_content,transformer,1,5,0,0.6480309401170586,0.5632981602255935,0.6480309401170588,-1.1102230246251565e-16,True
easygese:rice,Amylose_content,transformer,2,1,0,0.5611257679943487,0.5175840539945339,0.5611257679943488,-1.1102230246251565e-16,True
easygese:rice,Amylose_content,transformer,2,2,0,0.6461920047848972,0.6454581490443889,0.6461920047848971,1.1102230246251565e-16,True
easygese:rice,Amylose_content,transformer,2,3,0,0.6920444475807199,0.6270514517633099,0.6920444475807203,-3.3306690738754696e-16,True
easygese:rice,Amylose_content,transformer,2,4,0,0.503878481281128,0.4890980142560659,0.5038784812811278,2.220446049250313e-16,True
easygese:rice,Amylose_content,transformer,2,5,0,0.7371238913384205,0.7414446722636414,0.7371238913384203,2.220446049250313e-16,True
easygese:rice,Awn_presence,cnn,1,1,0,0.13167552016795364,0.053078671125841956,0.13167552016795367,-2.7755575615628914e-17,True
easygese:rice,Awn_presence,cnn,1,2,0,0.11533433632540932,0.036696005539052716,0.11533433632540935,-2.7755575615628914e-17,True
easygese:rice,Awn_presence,cnn,1,3,0,0.15871696042916275,0.1955588129659919,0.15871696042916245,3.0531133177191805e-16,True
easygese:rice,Awn_presence,cnn,1,4,0,0.24080786730421788,0.21445300975733353,0.2408078673042178,8.326672684688674e-17,True
easygese:rice,Awn_presence,cnn,1,5,0,0.2595543991604836,0.2046219264448053,0.2595543991604835,1.1102230246251565e-16,True
easygese:rice,Awn_presence,cnn,2,1,0,-0.17423946970129905,-0.15310316760125445,-0.17423946970129917,1.1102230246251565e-16,True
easygese:rice,Awn_presence,cnn,2,2,0,0.1641050965552159,0.10155761496403778,0.16410509655521566,2.498001805406602e-16,True
easygese:rice,Awn_presence,cnn,2,3,0,0.1295230049527651,0.12778631064351098,0.12952300495276536,-2.7755575615628914e-16,True
easygese:rice,Awn_presence,cnn,2,4,0,0.17523439503616078,0.1330016192180369,0.17523439503616084,-5.551115123125783e-17,True
easygese:rice,Awn_presence,cnn,2,5,0,0.10468867252134997,0.06893208373635897,0.10468867252134982,1.5265566588595902e-16,True
easygese:rice,Awn_presence,deepgs,1,1,0,0.09734357835377315,0.09969443361294798,0.09734357835377325,-9.71445146547012e-17,True
easygese:rice,Awn_presence,deepgs,1,2,0,0.15478484336956408,0.10849380958588813,0.15478484336956416,-8.326672684688674e-17,True
easygese:rice,Awn_presence,deepgs,1,3,0,0.15499055261896805,0.015699048424965584,-0.15499055261896802,0.3099811052379361,True
easygese:rice,Awn_presence,deepgs,1,4,0,0.2166236371238585,0.28311299605301166,0.2166236371238585,0.0,True
easygese:rice,Awn_presence,deepgs,1,5,0,0.13511492010574677,0.11860492029864844,0.1351149201057468,-2.7755575615628914e-17,True
easygese:rice,Awn_presence,deepgs,2,1,0,-0.057174328565459974,-0.061765546883804916,-0.05717432856545995,-2.0816681711721685e-17,True
easygese:rice,Awn_presence,deepgs,2,2,0,0.31556022367192965,0.2832057878821952,0.31556022367192904,6.106226635438361e-16,True
easygese:rice,Awn_presence,deepgs,2,3,0,0.14810222163214853,0.16787069925694947,0.1481022216321481,4.440892098500626e-16,True
easygese:rice,Awn_presence,deepgs,2,4,0,0.22992755763658557,0.21448431269198306,0.22992755763658554,2.7755575615628914e-17,True
easygese:rice,Awn_presence,deepgs,2,5,0,0.1904185757628809,0.21443493148149376,0.19041857576288093,-2.7755575615628914e-17,True
easygese:rice,Awn_presence,dnngp,1,1,0,0.2992041823153668,0.3552098067552057,0.2992041823153666,1.6653345369377348e-16,True
easygese:rice,Awn_presence,dnngp,1,2,0,0.24478849532901759,0.13215903756191555,0.2447884953290176,-2.7755575615628914e-17,True
easygese:rice,Awn_presence,dnngp,1,3,0,0.14375205971518712,-0.04852862122360256,0.14375205971518712,0.0,True
easygese:rice,Awn_presence,dnngp,1,4,0,0.16205106723663595,0.1711928691073529,0.16205106723663598,-2.7755575615628914e-17,True
easygese:rice,Awn_presence,dnngp,1,5,0,0.03709287612228164,0.0847011731755809,0.037092876122281584,5.551115123125783e-17,True
easygese:rice,Awn_presence,dnngp,2,1,0,-0.04831125359767788,-0.07089879134671394,-0.04831125359767787,-6.938893903907228e-18,True
easygese:rice,Awn_presence,dnngp,2,2,0,0.1807695923102395,0.07596648644128898,0.18076959231023942,8.326672684688674e-17,True
easygese:rice,Awn_presence,dnngp,2,3,0,0.07051337137384107,0.02935758219966572,0.07051337137384109,-1.3877787807814457e-17,True
easygese:rice,Awn_presence,dnngp,2,4,0,0.09345788133543466,0.039348268067305334,0.09345788133543473,-6.938893903907228e-17,True
easygese:rice,Awn_presence,dnngp,2,5,0,0.19714758229891777,0.15922154904640162,0.197147582298918,-2.220446049250313e-16,True
easygese:rice,Awn_presence,mlp,1,1,0,0.20599074848062907,0.1875442376021083,0.20599074848062904,2.7755575615628914e-17,True
easygese:rice,Awn_presence,mlp,1,2,0,0.036290138978343885,0.08683289577119124,0.036290138978343975,-9.020562075079397e-17,True
easygese:rice,Awn_presence,mlp,1,3,0,-0.08296340550782487,0.15874689867301597,0.08296340550782483,-0.1659268110156497,True
easygese:rice,Awn_presence,mlp,1,4,0,0.29442856666769457,0.27653061489961206,0.2944285666676943,2.7755575615628914e-16,True
easygese:rice,Awn_presence,mlp,1,5,0,0.0904489523238063,0.07776686786323041,0.09044895232380637,-6.938893903907228e-17,True
easygese:rice,Awn_presence,mlp,2,1,0,-0.043060422518317494,-0.07275629357420774,-0.04306042251831746,-3.469446951953614e-17,True
easygese:rice,Awn_presence,mlp,2,2,0,0.10066241238804711,-0.06936420321941127,0.10066241238804723,-1.1102230246251565e-16,True
easygese:rice,Awn_presence,mlp,2,3,0,0.23774848474694688,0.16928949108558033,0.23774848474694646,4.163336342344337e-16,True
easygese:rice,Awn_presence,mlp,2,4,0,0.1627379246915004,0.16045753222309303,0.16273792469150036,2.7755575615628914e-17,True
easygese:rice,Awn_presence,mlp,2,5,0,0.08432388054815695,0.11899830853763164,0.08432388054815691,4.163336342344337e-17,True
easygese:rice,Awn_presence,pnngs,1,1,0,-0.22017274453795713,-0.18936314873683907,-0.22017274453795718,5.551115123125783e-17,True
easygese:rice,Awn_presence,pnngs,1,2,0,-0.005982448424479656,-0.023049734518587234,-0.005982448424479612,-4.423544863740858e-17,True
easygese:rice,Awn_presence,pnngs,1,3,0,-0.021321527282565606,-0.19412909163327918,-0.021321527282570356,4.749672877224498e-15,True
easygese:rice,Awn_presence,pnngs,1,4,0,0.1933773074301065,0.2564194574151415,0.19337730743010667,-1.6653345369377348e-16,True
easygese:rice,Awn_presence,pnngs,1,5,0,0.13405780572276751,0.12452403952100788,0.1340578057227676,-8.326672684688674e-17,True
easygese:rice,Awn_presence,pnngs,2,1,0,0.002811245006956737,-0.028577117474294672,0.00281124500695672,1.691355389077387e-17,True
easygese:rice,Awn_presence,pnngs,2,2,0,0.0087682385178191,0.039967044453914795,0.008768238517819134,-3.469446951953614e-17,True
easygese:rice,Awn_presence,pnngs,2,3,0,0.0894650447734521,0.17629497207983036,0.08946504477345209,1.3877787807814457e-17,True
easygese:rice,Awn_presence,pnngs,2,4,0,-0.05306185817208294,0.05286546894913953,-0.05306185817208319,2.498001805406602e-16,True
easygese:rice,Awn_presence,pnngs,2,5,0,0.17536123687987706,0.254711880953695,0.17536123687987704,2.7755575615628914e-17,True
easygese:rice,Awn_presence,soydngp,1,1,0,0.13229148418673015,0.05008117094798828,0.1322914841867303,-1.6653345369377348e-16,True
easygese:rice,Awn_presence,soydngp,1,2,0,0.12724024578083878,0.16350021579336732,0.12724024578084364,-4.85722573273506e-15,True
easygese:rice,Awn_presence,soydngp,1,3,0,0.35698119323443755,0.23409323368275262,0.3569811932344377,-1.6653345369377348e-16,True
easygese:rice,Awn_presence,soydngp,1,4,0,0.3508280076864664,0.264560328772449,0.3508280076864606,5.773159728050814e-15,True
easygese:rice,Awn_presence,soydngp,1,5,0,0.20668511972708137,0.24155486839161705,0.20668511972708137,0.0,True
easygese:rice,Awn_presence,soydngp,2,1,0,0.0811570269487435,0.11819585215184471,0.08115702694874351,-1.3877787807814457e-17,True
easygese:rice,Awn_presence,soydngp,2,2,0,0.33351683878556454,0.31225212381868545,0.33351683878556465,-1.1102230246251565e-16,True
easygese:rice,Awn_presence,soydngp,2,3,0,0.28273937352850603,0.15314742304634815,0.2827393735285062,-1.6653345369377348e-16,True
easygese:rice,Awn_presence,soydngp,2,4,0,0.17858349406449017,0.1634080758423105,0.17858349406449023,-5.551115123125783e-17,True
easygese:rice,Awn_presence,soydngp,2,5,0,0.18245149321597706,0.22963163853856788,0.1824514932159771,-2.7755575615628914e-17,True
easygese:rice,Awn_presence,transformer,1,1,0,0.0934834062695861,0.043511221995265484,0.09348340626958616,-6.938893903907228e-17,True
easygese:rice,Awn_presence,transformer,1,2,0,0.07912913318888569,0.056277244675455786,0.07912913318888574,-5.551115123125783e-17,True
easygese:rice,Awn_presence,transformer,1,3,0,-0.15851405070530056,0.19740338202902213,0.15851405070530045,-0.317028101410601,True
easygese:rice,Awn_presence,transformer,1,4,0,0.2908289397583008,0.14903610717386842,0.2908289397583008,0.0,True
easygese:rice,Awn_presence,transformer,1,5,0,0.19563719215844483,0.21246186001744605,0.19563719215844472,1.1102230246251565e-16,True
easygese:rice,Awn_presence,transformer,2,1,0,0.13133677948042866,-0.022593695861855903,0.13133677948042874,-8.326672684688674e-17,True
easygese:rice,Awn_presence,transformer,2,2,0,0.2510355147362405,0.17002952669714758,0.2510355147362399,5.551115123125783e-16,True
easygese:rice,Awn_presence,transformer,2,3,0,0.07315354503152542,0.07497909678562226,0.0731535450315254,2.7755575615628914e-17,True
easygese:rice,Awn_presence,transformer,2,4,0,0.2343033342663366,0.22915163417371134,0.2343033342663367,-1.1102230246251565e-16,True
easygese:rice,Awn_presence,transformer,2,5,0,0.23730028140517284,0.25011645221928225,0.2373002814051728,2.7755575615628914e-17,True
easygese:rice,Blast_resistance,cnn,1,1,0,0.5347592128208354,0.5002693742950403,0.5347592128208354,0.0,True
easygese:rice,Blast_resistance,cnn,1,2,0,0.3716455434517701,0.3370368831779741,0.3716455434517702,-1.1102230246251565e-16,True
easygese:rice,Blast_resistance,cnn,1,3,0,0.466800032956084,0.3605925407843806,0.4668000329560841,-5.551115123125783e-17,True
easygese:rice,Blast_resistance,cnn,1,4,0,0.6939517698857635,0.6772926642729739,0.6939517698857633,1.1102230246251565e-16,True
easygese:rice,Blast_resistance,cnn,1,5,0,0.5196704985838634,0.4951313305639333,0.5196704985838632,2.220446049250313e-16,True
easygese:rice,Blast_resistance,cnn,2,1,0,0.5929093226554181,0.5121418073857485,0.5929093226554182,-1.1102230246251565e-16,True
easygese:rice,Blast_resistance,cnn,2,2,0,0.49907934177466173,0.42292305539377734,0.49907934177466207,-3.3306690738754696e-16,True
easygese:rice,Blast_resistance,cnn,2,3,0,0.48899384465298534,0.3572565252899724,0.4889938446529852,1.6653345369377348e-16,True
easygese:rice,Blast_resistance,cnn,2,4,0,0.4464726949868445,0.40194914744972626,0.44647269498684455,-5.551115123125783e-17,True
easygese:rice,Blast_resistance,cnn,2,5,0,0.3898876704681305,0.3510357885736106,0.38988767046813055,-5.551115123125783e-17,True
easygese:rice,Blast_resistance,deepgs,1,1,0,0.49260208613765105,0.5108930449648408,0.49260208613765116,-1.1102230246251565e-16,True
easygese:rice,Blast_resistance,deepgs,1,2,0,0.3495423496143457,0.34845909821659926,0.3495423496143456,1.1102230246251565e-16,True
easygese:rice,Blast_resistance,deepgs,1,3,0,0.4456965628607459,0.4378152730764317,0.4456965628607458,5.551115123125783e-17,True
easygese:rice,Blast_resistance,deepgs,1,4,0,0.6556734047646339,0.6701886760744904,0.6556734047646338,1.1102230246251565e-16,True
easygese:rice,Blast_resistance,deepgs,1,5,0,0.5601336654612586,0.5203268480479575,0.5601336654612583,3.3306690738754696e-16,True
easygese:rice,Blast_resistance,deepgs,2,1,0,0.46905597574560315,0.42853787677886823,0.4690559757456033,-1.6653345369377348e-16,True
easygese:rice,Blast_resistance,deepgs,2,2,0,0.5272870803825548,0.4729753405657874,0.5272870803825551,-3.3306690738754696e-16,True
easygese:rice,Blast_resistance,deepgs,2,3,0,0.5017822246277429,0.4745652791505783,0.501782224627743,-1.1102230246251565e-16,True
easygese:rice,Blast_resistance,deepgs,2,4,0,0.5266200043517489,0.5251103007556824,0.5266200043517486,3.3306690738754696e-16,True
easygese:rice,Blast_resistance,deepgs,2,5,0,0.3974663831997626,0.3881955436133495,0.39746638319976263,-5.551115123125783e-17,True
easygese:rice,Blast_resistance,dnngp,1,1,0,0.45342625892368504,0.45405897849955146,0.4534262589236851,-5.551115123125783e-17,True
easygese:rice,Blast_resistance,dnngp,1,2,0,0.30334195208237547,0.2132302499336782,0.3033419520823754,5.551115123125783e-17,True
easygese:rice,Blast_resistance,dnngp,1,3,0,0.3661769766569588,0.36629012416797946,0.3661769766569589,-1.1102230246251565e-16,True
easygese:rice,Blast_resistance,dnngp,1,4,0,0.6264843086189134,0.5332664992314076,0.6264843086189131,2.220446049250313e-16,True
easygese:rice,Blast_resistance,dnngp,1,5,0,0.407903895061429,0.3629167854760439,0.4079038950614288,1.6653345369377348e-16,True
easygese:rice,Blast_resistance,dnngp,2,1,0,0.3716041887566819,0.29865171905634247,0.37160418875668194,-5.551115123125783e-17,True
easygese:rice,Blast_resistance,dnngp,2,2,0,0.48670541187124317,0.49624751672180906,0.48670541187124317,0.0,True
easygese:rice,Blast_resistance,dnngp,2,3,0,0.3111042950701537,0.3164577936742595,0.31110429507015375,-5.551115123125783e-17,True
easygese:rice,Blast_resistance,dnngp,2,4,0,0.4758729174885958,0.48995340525520525,0.475872917488596,-2.220446049250313e-16,True
easygese:rice,Blast_resistance,dnngp,2,5,0,0.41452403172800933,0.3768105471539857,0.4145240317280092,1.1102230246251565e-16,True
easygese:rice,Blast_resistance,mlp,1,1,0,0.5178470198315653,0.47724246115358454,0.5178470198315653,0.0,True
easygese:rice,Blast_resistance,mlp,1,2,0,0.31285877424565606,0.31386865584917517,0.312858774245656,5.551115123125783e-17,True
easygese:rice,Blast_resistance,mlp,1,3,0,0.46124734562340186,0.5332962865953275,0.46124734562340186,0.0,True
easygese:rice,Blast_resistance,mlp,1,4,0,0.6513927964700038,0.6331082760515176,0.6513927964700041,-3.3306690738754696e-16,True
easygese:rice,Blast_resistance,mlp,1,5,0,0.47823650196650674,0.4439427459726714,0.4782365019665066,1.6653345369377348e-16,True
easygese:rice,Blast_resistance,mlp,2,1,0,0.6118001441762196,0.6337382730015757,0.6118001441762193,3.3306690738754696e-16,True
easygese:rice,Blast_resistance,mlp,2,2,0,0.492253465368569,0.46819150029313733,0.49225346536856895,5.551115123125783e-17,True
easygese:rice,Blast_resistance,mlp,2,3,0,0.3439414108407058,0.280878119685642,0.34394141084070573,5.551115123125783e-17,True
easygese:rice,Blast_resistance,mlp,2,4,0,0.435734027314579,0.4070504218373959,0.4357340273145793,-2.7755575615628914e-16,True
easygese:rice,Blast_resistance,mlp,2,5,0,0.3961950915934962,0.3966150213220057,0.39619509159349636,-1.6653345369377348e-16,True
easygese:rice,Blast_resistance,pnngs,1,1,0,0.4777972780287675,0.4129055343139904,0.4777972780287674,5.551115123125783e-17,True
easygese:rice,Blast_resistance,pnngs,1,2,0,0.2207378782034488,0.2578899441854475,0.22073787820344887,-5.551115123125783e-17,True
easygese:rice,Blast_resistance,pnngs,1,3,0,0.4674003510349008,0.44583367798152457,0.46740035103490046,3.3306690738754696e-16,True
easygese:rice,Blast_resistance,pnngs,1,4,0,0.519221419320455,0.5613605215196993,0.5192214193204548,1.1102230246251565e-16,True
easygese:rice,Blast_resistance,pnngs,1,5,0,0.4217079466183646,0.43566120709984973,0.42170794661836464,-5.551115123125783e-17,True
easygese:rice,Blast_resistance,pnngs,2,1,0,0.4013869708055774,0.336948042740558,0.4013869708055772,1.6653345369377348e-16,True
easygese:rice,Blast_resistance,pnngs,2,2,0,0.4689843202465381,0.4569387999907018,0.4689843202465382,-1.1102230246251565e-16,True
easygese:rice,Blast_resistance,pnngs,2,3,0,0.1324431245490372,0.04871116248080666,0.13244312454903723,-2.7755575615628914e-17,True
easygese:rice,Blast_resistance,pnngs,2,4,0,0.37151345659175455,0.37611656978569663,0.3715134565917547,-1.6653345369377348e-16,True
easygese:rice,Blast_resistance,pnngs,2,5,0,0.26396664285512267,0.27405531855192655,0.26396664285512267,0.0,True
easygese:rice,Blast_resistance,soydngp,1,1,0,0.45289567970439915,0.45225906027545504,0.4528956797044014,-2.275957200481571e-15,True
easygese:rice,Blast_resistance,soydngp,1,2,0,0.45773377440587054,0.4063017700840702,0.45773377440587043,1.1102230246251565e-16,True
easygese:rice,Blast_resistance,soydngp,1,3,0,0.4854269395203791,0.4730626089047854,0.48542693952037924,-1.6653345369377348e-16,True
easygese:rice,Blast_resistance,soydngp,1,4,0,0.6228877630998231,0.6051910183385752,0.6228877630998234,-3.3306690738754696e-16,True
easygese:rice,Blast_resistance,soydngp,1,5,0,0.5205194016818196,0.5049806394405724,0.5205194016818198,-1.1102230246251565e-16,True
easygese:rice,Blast_resistance,soydngp,2,1,0,0.657633123915274,0.6358069200512758,0.6576331239152738,1.1102230246251565e-16,True
easygese:rice,Blast_resistance,soydngp,2,2,0,0.5283149869986988,0.5713748915726382,0.5283149869986994,-5.551115123125783e-16,True
easygese:rice,Blast_resistance,soydngp,2,3,0,0.4779747144475491,0.43973583880410183,0.47797471444754946,-3.885780586188048e-16,True
easygese:rice,Blast_resistance,soydngp,2,4,0,0.43403026868010075,0.4909934622457819,0.43403026868010086,-1.1102230246251565e-16,True
easygese:rice,Blast_resistance,soydngp,2,5,0,0.35352503627129467,0.3738876869887427,0.35352503627129445,2.220446049250313e-16,True
easygese:rice,Blast_resistance,transformer,1,1,0,0.4266506822098272,0.3823935808164525,0.42665068220982744,-2.220446049250313e-16,True
easygese:rice,Blast_resistance,transformer,1,2,0,0.2645983966061695,0.24823535628281568,0.2645983966061696,-5.551115123125783e-17,True
easygese:rice,Blast_resistance,transformer,1,3,0,0.43122414424276045,0.41328513958833035,0.43122414424276034,1.1102230246251565e-16,True
easygese:rice,Blast_resistance,transformer,1,4,0,0.5776925976280665,0.539087171573826,0.5776925976280664,1.1102230246251565e-16,True
easygese:rice,Blast_resistance,transformer,1,5,0,0.5211200813954293,0.5272602534109226,0.5211200813954295,-2.220446049250313e-16,True
easygese:rice,Blast_resistance,transformer,2,1,0,0.5358769143234574,0.5387355964471197,0.5358769143234577,-3.3306690738754696e-16,True
easygese:rice,Blast_resistance,transformer,2,2,0,0.5211577825712254,0.4774179783040916,0.5211577825712252,1.1102230246251565e-16,True
easygese:rice,Blast_resistance,transformer,2,3,0,0.2974724979308543,0.2220504309918739,0.297472497930854,2.7755575615628914e-16,True
easygese:rice,Blast_resistance,transformer,2,4,0,0.5087592904991631,0.4652895484054724,0.5087592904991631,0.0,True
easygese:rice,Blast_resistance,transformer,2,5,0,0.3605850470474787,0.31558409056922915,0.36058504704747874,-5.551115123125783e-17,True
easygese:rice,Brown_rice_length_width_ratio,cnn,1,1,0,0.5211553882222343,0.4840547193981606,0.5211553882222346,-3.3306690738754696e-16,True
easygese:rice,Brown_rice_length_width_ratio,cnn,1,2,0,0.6991389849782675,0.6675713291450482,0.6991389849782673,2.220446049250313e-16,True
easygese:rice,Brown_rice_length_width_ratio,cnn,1,3,0,0.609296272108199,0.5803211854450931,0.6092962721081994,-3.3306690738754696e-16,True
easygese:rice,Brown_rice_length_width_ratio,cnn,1,4,0,0.6166642282925867,0.5372718100305328,0.6166642282925868,-1.1102230246251565e-16,True
easygese:rice,Brown_rice_length_width_ratio,cnn,1,5,0,0.5631599096170397,0.6046246779084088,0.5631599096170397,0.0,True
easygese:rice,Brown_rice_length_width_ratio,cnn,2,1,0,0.6448799887452641,0.5785926980896265,0.6448799887452642,-1.1102230246251565e-16,True
easygese:rice,Brown_rice_length_width_ratio,cnn,2,2,0,0.4816357399903113,0.44682383258717545,0.4816357399903118,-4.996003610813204e-16,True
easygese:rice,Brown_rice_length_width_ratio,cnn,2,3,0,0.6772630478026264,0.6433265227332569,0.6772630478026265,-1.1102230246251565e-16,True
easygese:rice,Brown_rice_length_width_ratio,cnn,2,4,0,0.6978620217042595,0.6271860238151098,0.6978620217042596,-1.1102230246251565e-16,True
easygese:rice,Brown_rice_length_width_ratio,cnn,2,5,0,0.6336608284574254,0.6313451756581963,0.6336608284574253,1.1102230246251565e-16,True
easygese:rice,Brown_rice_length_width_ratio,deepgs,1,1,0,0.6231186558950103,0.5944454473928248,0.6231186558950101,1.1102230246251565e-16,True
easygese:rice,Brown_rice_length_width_ratio,deepgs,1,2,0,0.6593593036276719,0.6554764346845224,0.6593593036276718,1.1102230246251565e-16,True
easygese:rice,Brown_rice_length_width_ratio,deepgs,1,3,0,0.46521170070986323,0.48947986333399585,0.4652117007098634,-1.6653345369377348e-16,True
easygese:rice,Brown_rice_length_width_ratio,deepgs,1,4,0,0.601689074501567,0.6003057946312058,0.6016890745015673,-3.3306690738754696e-16,True
easygese:rice,Brown_rice_length_width_ratio,deepgs,1,5,0,0.5410709819223294,0.547693331146875,0.5410709819223293,1.1102230246251565e-16,True
easygese:rice,Brown_rice_length_width_ratio,deepgs,2,1,0,0.605880689234649,0.5980802221879244,0.6058806892346491,-1.1102230246251565e-16,True
easygese:rice,Brown_rice_length_width_ratio,deepgs,2,2,0,0.47628188039988356,0.3698564996199096,0.47628188039988384,-2.7755575615628914e-16,True
easygese:rice,Brown_rice_length_width_ratio,deepgs,2,3,0,0.6005731526530288,0.6035779941725102,0.6005731526530288,0.0,True
easygese:rice,Brown_rice_length_width_ratio,deepgs,2,4,0,0.5894989818330106,0.5737631808610221,0.5894989818330107,-1.1102230246251565e-16,True
easygese:rice,Brown_rice_length_width_ratio,deepgs,2,5,0,0.5793239832319392,0.5613418360706216,0.5793239832319393,-1.1102230246251565e-16,True
easygese:rice,Brown_rice_length_width_ratio,dnngp,1,1,0,0.5545215635611411,0.5195094256594267,0.5545215635611414,-2.220446049250313e-16,True
easygese:rice,Brown_rice_length_width_ratio,dnngp,1,2,0,0.6859670844638767,0.6793439452833264,0.6859670844638766,1.1102230246251565e-16,True
easygese:rice,Brown_rice_length_width_ratio,dnngp,1,3,0,0.4743223317140896,0.4430206900135333,0.4743223317140898,-1.6653345369377348e-16,True
easygese:rice,Brown_rice_length_width_ratio,dnngp,1,4,0,0.6054851381770372,0.536577611457066,0.6054851381770369,3.3306690738754696e-16,True
easygese:rice,Brown_rice_length_width_ratio,dnngp,1,5,0,0.5049502743413296,0.47979730527552156,0.5049502743413297,-1.1102230246251565e-16,True
easygese:rice,Brown_rice_length_width_ratio,dnngp,2,1,0,0.5388162692370428,0.5363118513783288,0.5388162692370427,1.1102230246251565e-16,True
easygese:rice,Brown_rice_length_width_ratio,dnngp,2,2,0,0.5115722181336907,0.39304750682363276,0.5115722181336904,3.3306690738754696e-16,True
easygese:rice,Brown_rice_length_width_ratio,dnngp,2,3,0,0.5650069330253082,0.5278534663051764,0.5650069330253082,0.0,True
easygese:rice,Brown_rice_length_width_ratio,dnngp,2,4,0,0.5454411056450154,0.5058115729672414,0.5454411056450154,0.0,True
easygese:rice,Brown_rice_length_width_ratio,dnngp,2,5,0,0.5586884118126364,0.5055311786728172,0.5586884118126361,3.3306690738754696e-16,True
easygese:rice,Brown_rice_length_width_ratio,mlp,1,1,0,0.5009893377754608,0.49363771031899295,0.5009893377754608,0.0,True
easygese:rice,Brown_rice_length_width_ratio,mlp,1,2,0,0.6182855725278538,0.6455829202947151,0.618285572527854,-2.220446049250313e-16,True
easygese:rice,Brown_rice_length_width_ratio,mlp,1,3,0,0.5343765381928856,0.46525118951183186,0.5343765381928854,1.1102230246251565e-16,True
easygese:rice,Brown_rice_length_width_ratio,mlp,1,4,0,0.5201116516522137,0.5189603809158589,0.5201116516522138,-1.1102230246251565e-16,True
easygese:rice,Brown_rice_length_width_ratio,mlp,1,5,0,0.5785856290991508,0.5218263138279541,0.5785856290991506,2.220446049250313e-16,True
easygese:rice,Brown_rice_length_width_ratio,mlp,2,1,0,0.5978750848804225,0.5761579419405362,0.5978750848804224,1.1102230246251565e-16,True
easygese:rice,Brown_rice_length_width_ratio,mlp,2,2,0,0.5203603145227947,0.44423336874400193,0.5203603145227946,1.1102230246251565e-16,True
easygese:rice,Brown_rice_length_width_ratio,mlp,2,3,0,0.5257190169007984,0.5005355930819475,0.5257190169007985,-1.1102230246251565e-16,True
easygese:rice,Brown_rice_length_width_ratio,mlp,2,4,0,0.6269992519467084,0.5880718531038818,0.6269992519467084,0.0,True
easygese:rice,Brown_rice_length_width_ratio,mlp,2,5,0,0.5041847104886451,0.45583102604796294,0.5041847104886451,0.0,True
easygese:rice,Brown_rice_length_width_ratio,pnngs,1,1,0,0.5908951960162591,0.5929247299540201,0.5908951960162594,-3.3306690738754696e-16,True
easygese:rice,Brown_rice_length_width_ratio,pnngs,1,2,0,0.6816895938313068,0.6743459015712814,0.6816895938313066,2.220446049250313e-16,True
easygese:rice,Brown_rice_length_width_ratio,pnngs,1,3,0,0.5542527989115418,0.525410308684422,0.5542527989115414,3.3306690738754696e-16,True
easygese:rice,Brown_rice_length_width_ratio,pnngs,1,4,0,0.5437851721329606,0.5203365987476288,0.5437851721329603,3.3306690738754696e-16,True
easygese:rice,Brown_rice_length_width_ratio,pnngs,1,5,0,0.4931653061528393,0.49095771373603486,0.493165306152839,3.3306690738754696e-16,True
easygese:rice,Brown_rice_length_width_ratio,pnngs,2,1,0,0.5587631149111547,0.5731462996970256,0.5587631149111546,1.1102230246251565e-16,True
easygese:rice,Brown_rice_length_width_ratio,pnngs,2,2,0,0.4996302816240595,0.5005214839452952,0.49963028162405965,-1.6653345369377348e-16,True
easygese:rice,Brown_rice_length_width_ratio,pnngs,2,3,0,0.5570310903277507,0.5861959611632522,0.5570310903277512,-5.551115123125783e-16,True
easygese:rice,Brown_rice_length_width_ratio,pnngs,2,4,0,0.6527236557798419,0.5974602698967142,0.6527236557798424,-4.440892098500626e-16,True
easygese:rice,Brown_rice_length_width_ratio,pnngs,2,5,0,0.4768267338427558,0.48734242144774015,0.4768267338427555,3.3306690738754696e-16,True
easygese:rice,Brown_rice_length_width_ratio,soydngp,1,1,0,0.6024985441670372,0.6011931670774504,0.6024985441670373,-1.1102230246251565e-16,True
easygese:rice,Brown_rice_length_width_ratio,soydngp,1,2,0,0.6261691815042043,0.6443082647944949,0.6261691815042045,-2.220446049250313e-16,True
easygese:rice,Brown_rice_length_width_ratio,soydngp,1,3,0,0.6075556201933103,0.5742984565045138,0.6075556201933104,-1.1102230246251565e-16,True
easygese:rice,Brown_rice_length_width_ratio,soydngp,1,4,0,0.5646741294489015,0.553670986529643,0.5646741294489017,-2.220446049250313e-16,True
easygese:rice,Brown_rice_length_width_ratio,soydngp,1,5,0,0.5450596322080875,0.5301380351081897,0.5450596322080876,-1.1102230246251565e-16,True
easygese:rice,Brown_rice_length_width_ratio,soydngp,2,1,0,0.6502114290798399,0.6747095679862356,0.6502114290798396,2.220446049250313e-16,True
easygese:rice,Brown_rice_length_width_ratio,soydngp,2,2,0,0.545976207533141,0.5185522067193652,0.5459762075331408,2.220446049250313e-16,True
easygese:rice,Brown_rice_length_width_ratio,soydngp,2,3,0,0.6654202764674868,0.6675583290959128,0.6654202764674868,0.0,True
easygese:rice,Brown_rice_length_width_ratio,soydngp,2,4,0,0.7326242392979831,0.7061275864697981,0.732624239297983,1.1102230246251565e-16,True
easygese:rice,Brown_rice_length_width_ratio,soydngp,2,5,0,0.5307491944943679,0.5250402646814049,0.5307491944943676,2.220446049250313e-16,True
easygese:rice,Brown_rice_length_width_ratio,transformer,1,1,0,0.4020810067051205,0.45928553979453,0.4020810067051201,3.885780586188048e-16,True
easygese:rice,Brown_rice_length_width_ratio,transformer,1,2,0,0.6445776307807302,0.6665783532702839,0.6445776307807299,2.220446049250313e-16,True
easygese:rice,Brown_rice_length_width_ratio,transformer,1,3,0,0.564682752408905,0.5409993257342562,0.5646827524089052,-2.220446049250313e-16,True
easygese:rice,Brown_rice_length_width_ratio,transformer,1,4,0,0.5646936831677115,0.5475550674285569,0.5646936831677112,3.3306690738754696e-16,True
easygese:rice,Brown_rice_length_width_ratio,transformer,1,5,0,0.49685333179778984,0.4579570236525068,0.4968533317977896,2.220446049250313e-16,True
easygese:rice,Brown_rice_length_width_ratio,transformer,2,1,0,0.623478895266956,0.6277835694521545,0.6234788952669553,6.661338147750939e-16,True
easygese:rice,Brown_rice_length_width_ratio,transformer,2,2,0,0.601109783555816,0.5194144468030731,0.6011097835558156,4.440892098500626e-16,True
easygese:rice,Brown_rice_length_width_ratio,transformer,2,3,0,0.5390322496812755,0.5365832880519092,0.5390322496812755,0.0,True
easygese:rice,Brown_rice_length_width_ratio,transformer,2,4,0,0.6229378956247307,0.6177517242086565,0.6229378956247308,-1.1102230246251565e-16,True
easygese:rice,Brown_rice_length_width_ratio,transformer,2,5,0,0.5017399198571932,0.5209005557788023,0.5017399198571931,1.1102230246251565e-16,True
easygese:rice,Brown_rice_seed_length,cnn,1,1,0,0.5040815889156989,0.4740117392122014,0.5040815889156987,2.220446049250313e-16,True
easygese:rice,Brown_rice_seed_length,cnn,1,2,0,0.581870252173913,0.49002360804587036,0.5818702521739131,-1.1102230246251565e-16,True
easygese:rice,Brown_rice_seed_length,cnn,1,3,0,0.5373983973824745,0.5648795394829117,0.5373983973824746,-1.1102230246251565e-16,True
easygese:rice,Brown_rice_seed_length,cnn,1,4,0,0.5554194121856407,0.49904546197831384,0.5554194121856408,-1.1102230246251565e-16,True
easygese:rice,Brown_rice_seed_length,cnn,1,5,0,0.44200157813933455,0.4396801879303438,0.44200157813933444,1.1102230246251565e-16,True
easygese:rice,Brown_rice_seed_length,cnn,2,1,0,0.5088925629528757,0.4715798323429478,0.5088925629528754,2.220446049250313e-16,True
easygese:rice,Brown_rice_seed_length,cnn,2,2,0,0.5617736306426732,0.49556221580919924,0.5617736306426738,-6.661338147750939e-16,True
easygese:rice,Brown_rice_seed_length,cnn,2,3,0,0.45798969482875296,0.4440546650756514,0.45798969482875285,1.1102230246251565e-16,True
easygese:rice,Brown_rice_seed_length,cnn,2,4,0,0.6093259413862658,0.5856876184401286,0.6093259413862658,0.0,True
easygese:rice,Brown_rice_seed_length,cnn,2,5,0,0.6377734669023595,0.632409682441915,0.6377734669023594,1.1102230246251565e-16,True
easygese:rice,Brown_rice_seed_length,deepgs,1,1,0,0.5007577110251497,0.4736028542786776,0.5007577110251499,-2.220446049250313e-16,True
easygese:rice,Brown_rice_seed_length,deepgs,1,2,0,0.5454955695783387,0.5154948824910429,0.5454955695783384,2.220446049250313e-16,True
easygese:rice,Brown_rice_seed_length,deepgs,1,3,0,0.44711048726386193,0.47539898080178544,0.44711048726386204,-1.1102230246251565e-16,True
easygese:rice,Brown_rice_seed_length,deepgs,1,4,0,0.5942081570915574,0.5910599842572701,0.5942081570915575,-1.1102230246251565e-16,True
easygese:rice,Brown_rice_seed_length,deepgs,1,5,0,0.39541025272439684,0.40290327753911165,0.39541025272439695,-1.1102230246251565e-16,True
easygese:rice,Brown_rice_seed_length,deepgs,2,1,0,0.4584290736430569,0.4356529576266382,0.45842907364305685,5.551115123125783e-17,True
easygese:rice,Brown_rice_seed_length,deepgs,2,2,0,0.4967150808490671,0.4351796460981123,0.49671508084906707,5.551115123125783e-17,True
easygese:rice,Brown_rice_seed_length,deepgs,2,3,0,0.49587391505235934,0.5167897622100922,0.4958739150523594,-5.551115123125783e-17,True
easygese:rice,Brown_rice_seed_length,deepgs,2,4,0,0.5339027041419032,0.4809472932070736,0.5339027041419033,-1.1102230246251565e-16,True
easygese:rice,Brown_rice_seed_length,deepgs,2,5,0,0.5739011138034648,0.5450858998816086,0.573901113803465,-2.220446049250313e-16,True
easygese:rice,Brown_rice_seed_length,dnngp,1,1,0,0.45116433815589785,0.43759981823522065,0.4511643381558978,5.551115123125783e-17,True
easygese:rice,Brown_rice_seed_length,dnngp,1,2,0,0.5328466645324734,0.4832101199000617,0.5328466645324733,1.1102230246251565e-16,True
easygese:rice,Brown_rice_seed_length,dnngp,1,3,0,0.4316521944145063,0.4594137609760724,0.43165219441450603,2.7755575615628914e-16,True
easygese:rice,Brown_rice_seed_length,dnngp,1,4,0,0.5259962032583501,0.49086934602756843,0.5259962032583503,-2.220446049250313e-16,True
easygese:rice,Brown_rice_seed_length,dnngp,1,5,0,0.3597866681340121,0.2832729233739765,0.35978666813401183,2.7755575615628914e-16,True
easygese:rice,Brown_rice_seed_length,dnngp,2,1,0,0.4009640148286599,0.39096595027952985,0.40096401482865984,5.551115123125783e-17,True
easygese:rice,Brown_rice_seed_length,dnngp,2,2,0,0.4839583224854987,0.5126219709688525,0.48395832248549925,-5.551115123125783e-16,True
easygese:rice,Brown_rice_seed_length,dnngp,2,3,0,0.37780776597383997,0.33167239565144196,0.37780776597383975,2.220446049250313e-16,True
easygese:rice,Brown_rice_seed_length,dnngp,2,4,0,0.4664918303995357,0.4592515494512687,0.46649183039953573,-5.551115123125783e-17,True
easygese:rice,Brown_rice_seed_length,dnngp,2,5,0,0.5418034785732571,0.407438084964436,0.5418034785732571,0.0,True
easygese:rice,Brown_rice_seed_length,mlp,1,1,0,0.5155710953024424,0.46024103460643667,0.515571095302442,3.3306690738754696e-16,True
easygese:rice,Brown_rice_seed_length,mlp,1,2,0,0.4068774315908887,0.3388265520401345,0.4068774315908887,0.0,True
easygese:rice,Brown_rice_seed_length,mlp,1,3,0,0.478045558753442,0.4305580420121645,0.4780455587534423,-2.7755575615628914e-16,True
easygese:rice,Brown_rice_seed_length,mlp,1,4,0,0.5746393922489447,0.5232093529714315,0.5746393922489448,-1.1102230246251565e-16,True
easygese:rice,Brown_rice_seed_length,mlp,1,5,0,0.3434697940336451,0.3147341495669051,0.3434697940336448,2.7755575615628914e-16,True
easygese:rice,Brown_rice_seed_length,mlp,2,1,0,0.44226143645035026,0.4389044046187631,0.44226143645035015,1.1102230246251565e-16,True
easygese:rice,Brown_rice_seed_length,mlp,2,2,0,0.5170600341874217,0.5192978998898207,0.5170600341874219,-1.1102230246251565e-16,True
easygese:rice,Brown_rice_seed_length,mlp,2,3,0,0.37686847021350517,0.31965863017321144,0.37686847021350506,1.1102230246251565e-16,True
easygese:rice,Brown_rice_seed_length,mlp,2,4,0,0.4985744517760264,0.43383272352290897,0.4985744517760263,1.1102230246251565e-16,True
easygese:rice,Brown_rice_seed_length,mlp,2,5,0,0.5013634072603773,0.5243735130283304,0.5013634072603771,2.220446049250313e-16,True
easygese:rice,Brown_rice_seed_length,pnngs,1,1,0,0.5186549421783081,0.4910766799587647,0.5186549421783081,0.0,True
easygese:rice,Brown_rice_seed_length,pnngs,1,2,0,0.5524667259164273,0.5488443665205037,0.5524667259164272,1.1102230246251565e-16,True
easygese:rice,Brown_rice_seed_length,pnngs,1,3,0,0.27584034450504935,0.2932104413200523,0.27584034450504935,0.0,True
easygese:rice,Brown_rice_seed_length,pnngs,1,4,0,0.4457619303275741,0.43253296107317224,0.44576193032757433,-2.220446049250313e-16,True
easygese:rice,Brown_rice_seed_length,pnngs,1,5,0,0.4164126927662095,0.42512144493641446,0.4164126927662096,-1.1102230246251565e-16,True
easygese:rice,Brown_rice_seed_length,pnngs,2,1,0,0.39998331595346154,0.37883036614081955,0.3999833159534614,1.1102230246251565e-16,True
easygese:rice,Brown_rice_seed_length,pnngs,2,2,0,0.5349468346902833,0.49061084328771515,0.5349468346902828,4.440892098500626e-16,True
easygese:rice,Brown_rice_seed_length,pnngs,2,3,0,0.3562058535868758,0.2503170462630042,0.3562058535868759,-1.1102230246251565e-16,True
easygese:rice,Brown_rice_seed_length,pnngs,2,4,0,0.4282603502991922,0.46995158027645506,0.4282603502991924,-2.220446049250313e-16,True
easygese:rice,Brown_rice_seed_length,pnngs,2,5,0,0.4916091710704284,0.42464495080711,0.4916091710704282,2.220446049250313e-16,True
easygese:rice,Brown_rice_seed_length,soydngp,1,1,0,0.4436916400501197,0.42569141112676767,0.4436916400501196,1.1102230246251565e-16,True
easygese:rice,Brown_rice_seed_length,soydngp,1,2,0,0.5883691663167437,0.5557000806979902,0.5883691663167436,1.1102230246251565e-16,True
easygese:rice,Brown_rice_seed_length,soydngp,1,3,0,0.6666924191239582,0.6674822865122728,0.6666924191239576,5.551115123125783e-16,True
easygese:rice,Brown_rice_seed_length,soydngp,1,4,0,0.5850331299693006,0.5624494584321088,0.5850331299692911,9.43689570931383e-15,True
easygese:rice,Brown_rice_seed_length,soydngp,1,5,0,0.538435751244618,0.5434181177676132,0.5384357512446181,-1.1102230246251565e-16,True
easygese:rice,Brown_rice_seed_length,soydngp,2,1,0,0.5835398897118306,0.5466489845536979,0.5835398897118309,-3.3306690738754696e-16,True
easygese:rice,Brown_rice_seed_length,soydngp,2,2,0,0.6125108077160175,0.5988770308425739,0.6125108077160174,1.1102230246251565e-16,True
easygese:rice,Brown_rice_seed_length,soydngp,2,3,0,0.6036563530312401,0.558656255576302,0.6036563530312402,-1.1102230246251565e-16,True
easygese:rice,Brown_rice_seed_length,soydngp,2,4,0,0.6506841525982003,0.6071410972328759,0.6506841525982,3.3306690738754696e-16,True
easygese:rice,Brown_rice_seed_length,soydngp,2,5,0,0.6405401560381637,0.5893365636998787,0.6405401560381636,1.1102230246251565e-16,True
easygese:rice,Brown_rice_seed_length,transformer,1,1,0,0.303480328239616,0.3365776422585072,0.3034803282396156,3.885780586188048e-16,True
easygese:rice,Brown_rice_seed_length,transformer,1,2,0,0.4350966894745354,0.43187753640553533,0.4350966894745353,1.1102230246251565e-16,True
easygese:rice,Brown_rice_seed_length,transformer,1,3,0,0.47466175754581214,0.4399150669249845,0.474661757545812,1.1102230246251565e-16,True
easygese:rice,Brown_rice_seed_length,transformer,1,4,0,0.5212467715018535,0.45562709207558527,0.5212467715018534,1.1102230246251565e-16,True
easygese:rice,Brown_rice_seed_length,transformer,1,5,0,0.40057582837593125,0.3583883787542071,0.40057582837593114,1.1102230246251565e-16,True
easygese:rice,Brown_rice_seed_length,transformer,2,1,0,0.3713851008771051,0.3425211595301076,0.371385100877105,5.551115123125783e-17,True
easygese:rice,Brown_rice_seed_length,transformer,2,2,0,0.4729434581205262,0.47927071751551104,0.4729434581205262,0.0,True
easygese:rice,Brown_rice_seed_length,transformer,2,3,0,0.3616243119480308,0.34205010215215453,0.3616243119480308,0.0,True
easygese:rice,Brown_rice_seed_length,transformer,2,4,0,0.30220289290346497,0.25582351629560923,0.302202892903465,-5.551115123125783e-17,True
easygese:rice,Brown_rice_seed_length,transformer,2,5,0,0.41817900687208664,0.37078152719559965,0.4181790068720865,1.6653345369377348e-16,True
easygese:rice,Brown_rice_seed_width,cnn,1,1,0,0.6586313893410775,0.6592208803058968,0.6586313893410777,-2.220446049250313e-16,True
easygese:rice,Brown_rice_seed_width,cnn,1,2,0,0.7028663582646448,0.703324002669489,0.7028663582646447,1.1102230246251565e-16,True
easygese:rice,Brown_rice_seed_width,cnn,1,3,0,0.731132738932079,0.7443843485098216,0.731132738932079,0.0,True
easygese:rice,Brown_rice_seed_width,cnn,1,4,0,0.7212987265925123,0.6644940242045261,0.7212987265925125,-2.220446049250313e-16,True
easygese:rice,Brown_rice_seed_width,cnn,1,5,0,0.599762869526155,0.5196364458706525,0.5997628695261549,1.1102230246251565e-16,True
easygese:rice,Brown_rice_seed_width,cnn,2,1,0,0.7205044455272839,0.6735297259677907,0.7205044455272843,-4.440892098500626e-16,True
easygese:rice,Brown_rice_seed_width,cnn,2,2,0,0.5200196498171695,0.5219153444499625,0.5200196498171695,0.0,True
easygese:rice,Brown_rice_seed_width,cnn,2,3,0,0.6735453592484163,0.6610331511633037,0.6735453592484167,-4.440892098500626e-16,True
easygese:rice,Brown_rice_seed_width,cnn,2,4,0,0.693216052669004,0.6660221871355642,0.6932160526690035,4.440892098500626e-16,True
easygese:rice,Brown_rice_seed_width,cnn,2,5,0,0.6673880415914734,0.6690923507509406,0.6673880415914732,1.1102230246251565e-16,True
easygese:rice,Brown_rice_seed_width,deepgs,1,1,0,0.7135192582307098,0.6765749451179216,0.7135192582307096,2.220446049250313e-16,True
easygese:rice,Brown_rice_seed_width,deepgs,1,2,0,0.6236473301251441,0.617022224636483,0.6236473301251434,6.661338147750939e-16,True
easygese:rice,Brown_rice_seed_width,deepgs,1,3,0,0.6196238458139857,0.4749976417497934,0.6196238458139861,-4.440892098500626e-16,True
easygese:rice,Brown_rice_seed_width,deepgs,1,4,0,0.5691804341333196,0.5408546876079263,0.5691804341333192,4.440892098500626e-16,True
easygese:rice,Brown_rice_seed_width,deepgs,1,5,0,0.5560300331887035,0.5483331734308784,0.5560300331887033,2.220446049250313e-16,True
easygese:rice,Brown_rice_seed_width,deepgs,2,1,0,0.7002264021766663,0.7022604172659795,0.7002264021766663,0.0,True
easygese:rice,Brown_rice_seed_width,deepgs,2,2,0,0.5064424773027407,0.4868280146778349,0.5064424773027411,-3.3306690738754696e-16,True
easygese:rice,Brown_rice_seed_width,deepgs,2,3,0,0.5973702324892315,0.4957988220532727,0.5973702324892314,1.1102230246251565e-16,True
easygese:rice,Brown_rice_seed_width,deepgs,2,4,0,0.6901419945497655,0.661958227206697,0.6901419945497653,2.220446049250313e-16,True
easygese:rice,Brown_rice_seed_width,deepgs,2,5,0,0.5959754203574398,0.5901506401482831,0.5959754203574397,1.1102230246251565e-16,True
easygese:rice,Brown_rice_seed_width,dnngp,1,1,0,0.6792265179205268,0.6226892766556582,0.6792265179205269,-1.1102230246251565e-16,True
easygese:rice,Brown_rice_seed_width,dnngp,1,2,0,0.6342941022867561,0.6319277036665251,0.634294102286756,1.1102230246251565e-16,True
easygese:rice,Brown_rice_seed_width,dnngp,1,3,0,0.5897439965500764,0.5087698606236449,0.5897439965500765,-1.1102230246251565e-16,True
easygese:rice,Brown_rice_seed_width,dnngp,1,4,0,0.5915441392843319,0.5940972725029509,0.5915441392843321,-2.220446049250313e-16,True
easygese:rice,Brown_rice_seed_width,dnngp,1,5,0,0.5450315810930134,0.5399682301248285,0.5450315810930134,0.0,True
easygese:rice,Brown_rice_seed_width,dnngp,2,1,0,0.6833462259931998,0.6649226683615737,0.6833462259931995,3.3306690738754696e-16,True
easygese:rice,Brown_rice_seed_width,dnngp,2,2,0,0.5870854932696705,0.5777966954068158,0.5870854932696703,2.220446049250313e-16,True
easygese:rice,Brown_rice_seed_width,dnngp,2,3,0,0.6368326040267264,0.6534458893428653,0.6368326040267259,4.440892098500626e-16,True
easygese:rice,Brown_rice_seed_width,dnngp,2,4,0,0.518410628185946,0.5042459651551517,0.5184106281859454,5.551115123125783e-16,True
easygese:rice,Brown_rice_seed_width,dnngp,2,5,0,0.5398705451014837,0.5223479595777472,0.5398705451014837,0.0,True
easygese:rice,Brown_rice_seed_width,mlp,1,1,0,0.7014865817262972,0.6820023640605241,0.7014865817262967,4.440892098500626e-16,True
easygese:rice,Brown_rice_seed_width,mlp,1,2,0,0.6418687960126402,0.6559386006488469,0.6418687960126398,4.440892098500626e-16,True
easygese:rice,Brown_rice_seed_width,mlp,1,3,0,0.6182910222829363,0.5179797453310104,0.6182910222829366,-3.3306690738754696e-16,True
easygese:rice,Brown_rice_seed_width,mlp,1,4,0,0.6342791826714606,0.610191371971703,0.6342791826714607,-1.1102230246251565e-16,True
easygese:rice,Brown_rice_seed_width,mlp,1,5,0,0.5504628056077223,0.5025266988522341,0.5504628056077225,-2.220446049250313e-16,True
easygese:rice,Brown_rice_seed_width,mlp,2,1,0,0.7096738469268793,0.7119362595264107,0.7096738469268794,-1.1102230246251565e-16,True
easygese:rice,Brown_rice_seed_width,mlp,2,2,0,0.5316698522557182,0.488882201261614,0.5316698522557181,1.1102230246251565e-16,True
easygese:rice,Brown_rice_seed_width,mlp,2,3,0,0.6075009379503018,0.5981335374016759,0.6075009379503022,-4.440892098500626e-16,True
easygese:rice,Brown_rice_seed_width,mlp,2,4,0,0.6510564863162325,0.6184731543596184,0.651056486316233,-5.551115123125783e-16,True
easygese:rice,Brown_rice_seed_width,mlp,2,5,0,0.6044533983190674,0.5876809528329465,0.6044533983190675,-1.1102230246251565e-16,True
easygese:rice,Brown_rice_seed_width,pnngs,1,1,0,0.6540135479382982,0.6425755321335077,0.6540135479382977,5.551115123125783e-16,True
easygese:rice,Brown_rice_seed_width,pnngs,1,2,0,0.577598343465213,0.6022940500993649,0.5775983434652125,4.440892098500626e-16,True
easygese:rice,Brown_rice_seed_width,pnngs,1,3,0,0.6211330057749695,0.6331475406161408,0.6211330057749694,1.1102230246251565e-16,True
easygese:rice,Brown_rice_seed_width,pnngs,1,4,0,0.6770755954751329,0.7042579555111156,0.6770755954751329,0.0,True
easygese:rice,Brown_rice_seed_width,pnngs,1,5,0,0.5268188109340319,0.5031210694934803,0.5268188109340319,0.0,True
easygese:rice,Brown_rice_seed_width,pnngs,2,1,0,0.7099695112472311,0.6690749376180447,0.7099695112472313,-2.220446049250313e-16,True
easygese:rice,Brown_rice_seed_width,pnngs,2,2,0,0.4943736662293194,0.5395953266850658,0.49437366622931916,2.220446049250313e-16,True
easygese:rice,Brown_rice_seed_width,pnngs,2,3,0,0.6225967387535032,0.5284172975792314,0.622596738753503,2.220446049250313e-16,True
easygese:rice,Brown_rice_seed_width,pnngs,2,4,0,0.6787023366021079,0.6600518278158455,0.6787023366021072,6.661338147750939e-16,True
easygese:rice,Brown_rice_seed_width,pnngs,2,5,0,0.5313215110821169,0.49297289236818354,0.5313215110821176,-6.661338147750939e-16,True
easygese:rice,Brown_rice_seed_width,soydngp,1,1,0,0.7029184836582031,0.6493468979147513,0.7029184836582035,-4.440892098500626e-16,True
easygese:rice,Brown_rice_seed_width,soydngp,1,2,0,0.7252400184481637,0.7093394060191807,0.7252400184481631,5.551115123125783e-16,True
easygese:rice,Brown_rice_seed_width,soydngp,1,3,0,0.6963849901887295,0.6825388916390661,0.696384990188729,4.440892098500626e-16,True
easygese:rice,Brown_rice_seed_width,soydngp,1,4,0,0.7341448408841855,0.7608047893437402,0.7341448408841856,-1.1102230246251565e-16,True
easygese:rice,Brown_rice_seed_width,soydngp,1,5,0,0.6010173983955109,0.5712394767168358,0.6010173983955107,2.220446049250313e-16,True
easygese:rice,Brown_rice_seed_width,soydngp,2,1,0,0.7140302750271058,0.6915301741151514,0.7140302750271058,0.0,True
easygese:rice,Brown_rice_seed_width,soydngp,2,2,0,0.5214411422598529,0.5359189186809681,0.5214411422598528,1.1102230246251565e-16,True
easygese:rice,Brown_rice_seed_width,soydngp,2,3,0,0.7178033431602879,0.6369099717060296,0.7178033431602876,3.3306690738754696e-16,True
easygese:rice,Brown_rice_seed_width,soydngp,2,4,0,0.7237455457960627,0.68934560115865,0.7237455457960622,4.440892098500626e-16,True
easygese:rice,Brown_rice_seed_width,soydngp,2,5,0,0.6918684021541126,0.6738533287345135,0.6918684021541127,-1.1102230246251565e-16,True
easygese:rice,Brown_rice_seed_width,transformer,1,1,0,0.7144992358271055,0.7196638017639577,0.7144992358271053,2.220446049250313e-16,True
easygese:rice,Brown_rice_seed_width,transformer,1,2,0,0.6537365446718281,0.6474463867555151,0.6537365446718282,-1.1102230246251565e-16,True
easygese:rice,Brown_rice_seed_width,transformer,1,3,0,0.7080336331753599,0.6551647143575248,0.7080336331753602,-2.220446049250313e-16,True
easygese:rice,Brown_rice_seed_width,transformer,1,4,0,0.6917553742116852,0.6229434932131781,0.6917553742116856,-4.440892098500626e-16,True
easygese:rice,Brown_rice_seed_width,transformer,1,5,0,0.5133347257849561,0.5392461820812213,0.5133347257849562,-1.1102230246251565e-16,True
easygese:rice,Brown_rice_seed_width,transformer,2,1,0,0.693288656011708,0.6691777850068273,0.693288656011708,0.0,True
easygese:rice,Brown_rice_seed_width,transformer,2,2,0,0.580677766585988,0.5473259432600662,0.5806777665859881,-1.1102230246251565e-16,True
easygese:rice,Brown_rice_seed_width,transformer,2,3,0,0.6524396321736922,0.6362235975180676,0.6524396321736919,2.220446049250313e-16,True
easygese:rice,Brown_rice_seed_width,transformer,2,4,0,0.7299140035553023,0.7205573445266105,0.7299140035553024,-1.1102230246251565e-16,True
easygese:rice,Brown_rice_seed_width,transformer,2,5,0,0.6366461939318347,0.6164362102990601,0.6366461939318345,2.220446049250313e-16,True
easygese:rice,Brown_rice_surface_area,cnn,1,1,0,0.48973904658137984,0.47840490815523246,0.4897390465813795,3.3306690738754696e-16,True
easygese:rice,Brown_rice_surface_area,cnn,1,2,0,0.3926848640064415,0.3766926354246512,0.3926848640064417,-2.220446049250313e-16,True
easygese:rice,Brown_rice_surface_area,cnn,1,3,0,0.6775300111556468,0.631271066420376,0.6775300111556462,6.661338147750939e-16,True
easygese:rice,Brown_rice_surface_area,cnn,1,4,0,0.6862255967520919,0.6919874164937495,0.6862255967520919,0.0,True
easygese:rice,Brown_rice_surface_area,cnn,1,5,0,0.43178960754189805,0.4292386039609755,0.43178960754189827,-2.220446049250313e-16,True
easygese:rice,Brown_rice_surface_area,cnn,2,1,0,0.4954382174661221,0.5197599447359379,0.49543821746612215,-5.551115123125783e-17,True
easygese:rice,Brown_rice_surface_area,cnn,2,2,0,0.593422849267449,0.5481853647026959,0.5934228492674493,-2.220446049250313e-16,True
easygese:rice,Brown_rice_surface_area,cnn,2,3,0,0.5716919104309688,0.5847990825968655,0.5716919104309687,1.1102230246251565e-16,True
easygese:rice,Brown_rice_surface_area,cnn,2,4,0,0.5887554119907914,0.60665146761873,0.5887554119907913,1.1102230246251565e-16,True
easygese:rice,Brown_rice_surface_area,cnn,2,5,0,0.506301460183271,0.47713832951843965,0.5063014601832714,-3.3306690738754696e-16,True
easygese:rice,Brown_rice_surface_area,deepgs,1,1,0,0.5313542259809799,0.530915842744725,0.5313542259809795,4.440892098500626e-16,True
easygese:rice,Brown_rice_surface_area,deepgs,1,2,0,0.43940843017495607,0.4345684876343306,0.43940843017495573,3.3306690738754696e-16,True
easygese:rice,Brown_rice_surface_area,deepgs,1,3,0,0.5900424176834669,0.5156946466780757,0.5900424176834669,0.0,True
easygese:rice,Brown_rice_surface_area,deepgs,1,4,0,0.5648867486400563,0.5666056974690892,0.5648867486400568,-5.551115123125783e-16,True
easygese:rice,Brown_rice_surface_area,deepgs,1,5,0,0.4302160574014305,0.5037084785459499,0.43021605740143,4.996003610813204e-16,True
easygese:rice,Brown_rice_surface_area,deepgs,2,1,0,0.5152029456198907,0.4565182379772391,0.5152029456198909,-2.220446049250313e-16,True
easygese:rice,Brown_rice_surface_area,deepgs,2,2,0,0.47516177555169664,0.4709765865369938,0.4751617755516962,4.440892098500626e-16,True
easygese:rice,Brown_rice_surface_area,deepgs,2,3,0,0.47521362997778066,0.4548949762582117,0.4752136299777808,-1.6653345369377348e-16,True
easygese:rice,Brown_rice_surface_area,deepgs,2,4,0,0.4783790647895679,0.45096771008425446,0.4783790647895677,1.6653345369377348e-16,True
easygese:rice,Brown_rice_surface_area,deepgs,2,5,0,0.4241575230156214,0.44379202055020034,0.4241575230156207,6.661338147750939e-16,True
easygese:rice,Brown_rice_surface_area,dnngp,1,1,0,0.46924832343566514,0.38789279853426883,0.46924832343566575,-6.106226635438361e-16,True
easygese:rice,Brown_rice_surface_area,dnngp,1,2,0,0.4176908954352811,0.3168350292995947,0.41769089543528115,-5.551115123125783e-17,True
easygese:rice,Brown_rice_surface_area,dnngp,1,3,0,0.6167327543541229,0.6121335997881059,0.6167327543541226,3.3306690738754696e-16,True
easygese:rice,Brown_rice_surface_area,dnngp,1,4,0,0.501903208198761,0.5191495256526345,0.5019032081987607,3.3306690738754696e-16,True
easygese:rice,Brown_rice_surface_area,dnngp,1,5,0,0.4011606441411887,0.394715700096586,0.40116064414118985,-1.1657341758564144e-15,True
easygese:rice,Brown_rice_surface_area,dnngp,2,1,0,0.5275239496519201,0.5066988336979579,0.52752394965192,1.1102230246251565e-16,True
easygese:rice,Brown_rice_surface_area,dnngp,2,2,0,0.4654844909563099,0.42352299713748937,0.46548449095630984,5.551115123125783e-17,True
easygese:rice,Brown_rice_surface_area,dnngp,2,3,0,0.4812484641104431,0.45136254434156414,0.48124846411044325,-1.6653345369377348e-16,True
easygese:rice,Brown_rice_surface_area,dnngp,2,4,0,0.5536979790973259,0.5598714103107855,0.553697979097326,-1.1102230246251565e-16,True
easygese:rice,Brown_rice_surface_area,dnngp,2,5,0,0.3418431440852323,0.3057589232082976,0.34184314408523253,-2.220446049250313e-16,True
easygese:rice,Brown_rice_surface_area,mlp,1,1,0,0.5240725250250272,0.5204411738324857,0.5240725250250271,1.1102230246251565e-16,True
easygese:rice,Brown_rice_surface_area,mlp,1,2,0,0.39408366489696606,0.394408934492975,0.39408366489696617,-1.1102230246251565e-16,True
easygese:rice,Brown_rice_surface_area,mlp,1,3,0,0.5454213817092951,0.5170407204929525,0.5454213817092952,-1.1102230246251565e-16,True
easygese:rice,Brown_rice_surface_area,mlp,1,4,0,0.45352513581342463,0.48305127010982446,0.453525135813424,6.106226635438361e-16,True
easygese:rice,Brown_rice_surface_area,mlp,1,5,0,0.3389852492445218,0.36640560995972016,0.33898524924452156,2.220446049250313e-16,True
easygese:rice,Brown_rice_surface_area,mlp,2,1,0,0.4543189839390755,0.4299141222736225,0.45431898393907577,-2.7755575615628914e-16,True
easygese:rice,Brown_rice_surface_area,mlp,2,2,0,0.4693091116606547,0.41848909766805553,0.46930911166065475,-5.551115123125783e-17,True
easygese:rice,Brown_rice_surface_area,mlp,2,3,0,0.41140767702173375,0.3817817550984468,0.41140767702173386,-1.1102230246251565e-16,True
easygese:rice,Brown_rice_surface_area,mlp,2,4,0,0.5232651472825519,0.46097690439433436,0.5232651472825515,4.440892098500626e-16,True
easygese:rice,Brown_rice_surface_area,mlp,2,5,0,0.3735293892360662,0.2913482188760149,0.37352938923606616,5.551115123125783e-17,True
easygese:rice,Brown_rice_surface_area,pnngs,1,1,0,0.5253233843632703,0.5551339374168089,0.5253233843632711,-7.771561172376096e-16,True
easygese:rice,Brown_rice_surface_area,pnngs,1,2,0,0.30597063488175946,0.33231547226971603,0.30597063488175996,-4.996003610813204e-16,True
easygese:rice,Brown_rice_surface_area,pnngs,1,3,0,0.49638499409904635,0.42991651642636486,0.4963849940990462,1.6653345369377348e-16,True
easygese:rice,Brown_rice_surface_area,pnngs,1,4,0,0.5468838900142725,0.5368355872493684,0.54688389001427,2.55351295663786e-15,True
easygese:rice,Brown_rice_surface_area,pnngs,1,5,0,0.3371010063942236,0.36225787605217497,0.33710100639422524,-1.6653345369377348e-15,True
easygese:rice,Brown_rice_surface_area,pnngs,2,1,0,0.48269339709343134,0.4846138085599646,0.48269339709343223,-8.881784197001252e-16,True
easygese:rice,Brown_rice_surface_area,pnngs,2,2,0,0.49331019814131144,0.5218034183661471,0.49331019814131155,-1.1102230246251565e-16,True
easygese:rice,Brown_rice_surface_area,pnngs,2,3,0,0.38721860275084113,0.43065776529737604,0.38721860275084086,2.7755575615628914e-16,True
easygese:rice,Brown_rice_surface_area,pnngs,2,4,0,0.4910449262634598,0.4393698690057384,0.49104492626346025,-4.440892098500626e-16,True
easygese:rice,Brown_rice_surface_area,pnngs,2,5,0,0.4083021809519768,0.39197902705443516,0.4083021809519768,0.0,True
easygese:rice,Brown_rice_surface_area,soydngp,1,1,0,0.5663470690262291,0.5612793350190505,0.566347069026229,1.1102230246251565e-16,True
easygese:rice,Brown_rice_surface_area,soydngp,1,2,0,0.5077661489859423,0.5750474731782308,0.5077661489859424,-1.1102230246251565e-16,True
easygese:rice,Brown_rice_surface_area,soydngp,1,3,0,0.7185741383304558,0.6878552489882593,0.7185741383304558,0.0,True
easygese:rice,Brown_rice_surface_area,soydngp,1,4,0,0.7126350485740945,0.7212246722010017,0.7126350485740945,0.0,True
easygese:rice,Brown_rice_surface_area,soydngp,1,5,0,0.538876040959856,0.5055972626099435,0.5388760409598561,-1.1102230246251565e-16,True
easygese:rice,Brown_rice_surface_area,soydngp,2,1,0,0.5961796643602454,0.5951090860372832,0.5961796643602449,4.440892098500626e-16,True
easygese:rice,Brown_rice_surface_area,soydngp,2,2,0,0.5182992833154598,0.5157535981883966,0.5182992833154599,-1.1102230246251565e-16,True
easygese:rice,Brown_rice_surface_area,soydngp,2,3,0,0.6249069539025998,0.6878892638180314,0.6249069539025992,5.551115123125783e-16,True
easygese:rice,Brown_rice_surface_area,soydngp,2,4,0,0.5719328711054998,0.5127690117983744,0.5719328711054987,1.1102230246251565e-15,True
easygese:rice,Brown_rice_surface_area,soydngp,2,5,0,0.48260193171519006,0.46864427127947567,0.48260193171518934,7.216449660063518e-16,True
easygese:rice,Brown_rice_surface_area,transformer,1,1,0,0.5666778264608698,0.49383874420620066,0.56667782646087,-1.1102230246251565e-16,True
easygese:rice,Brown_rice_surface_area,transformer,1,2,0,0.41364174885069854,0.4941057889578688,0.4136417488506985,5.551115123125783e-17,True
easygese:rice,Brown_rice_surface_area,transformer,1,3,0,0.6237006937264624,0.6113772943108778,0.6237006937264622,2.220446049250313e-16,True
easygese:rice,Brown_rice_surface_area,transformer,1,4,0,0.5244962164211849,0.5620326449936147,0.5244962164211846,3.3306690738754696e-16,True
easygese:rice,Brown_rice_surface_area,transformer,1,5,0,0.37637010739118354,0.3834535103480443,0.376370107391183,5.551115123125783e-16,True
easygese:rice,Brown_rice_surface_area,transformer,2,1,0,0.5029029157693772,0.47169244552475925,0.5029029157693772,0.0,True
easygese:rice,Brown_rice_surface_area,transformer,2,2,0,0.49282750167183165,0.45964116163491814,0.4928275016718318,-1.6653345369377348e-16,True
easygese:rice,Brown_rice_surface_area,transformer,2,3,0,0.4577961899695356,0.43486284886721227,0.45779618996953647,-8.881784197001252e-16,True
easygese:rice,Brown_rice_surface_area,transformer,2,4,0,0.42553001069710517,0.3675861862742523,0.42553001069710483,3.3306690738754696e-16,True
easygese:rice,Brown_rice_surface_area,transformer,2,5,0,0.3790970264707028,0.3974240116874388,0.37909702647070276,5.551115123125783e-17,True
easygese:rice,Brown_rice_volume,cnn,1,1,0,0.5953280451691774,0.5903813128557962,0.5953280451691776,-2.220446049250313e-16,True
easygese:rice,Brown_rice_volume,cnn,1,2,0,0.5532793927325764,0.5656292195579481,0.5532793927325765,-1.1102230246251565e-16,True
easygese:rice,Brown_rice_volume,cnn,1,3,0,0.7606435574654878,0.7315035033158913,0.7606435574654875,3.3306690738754696e-16,True
easygese:rice,Brown_rice_volume,cnn,1,4,0,0.7445469361866717,0.7113995953106202,0.7445469361866718,-1.1102230246251565e-16,True
easygese:rice,Brown_rice_volume,cnn,1,5,0,0.5203763048518486,0.5344663680600322,0.5203763048518487,-1.1102230246251565e-16,True
easygese:rice,Brown_rice_volume,cnn,2,1,0,0.7647801519949669,0.7354741930560023,0.764780151994967,-1.1102230246251565e-16,True
easygese:rice,Brown_rice_volume,cnn,2,2,0,0.5905879993120093,0.5937155486146611,0.5905879993120091,2.220446049250313e-16,True
easygese:rice,Brown_rice_volume,cnn,2,3,0,0.6586292886521409,0.6362074394425867,0.6586292886521414,-5.551115123125783e-16,True
easygese:rice,Brown_rice_volume,cnn,2,4,0,0.6496072200986645,0.633803699518856,0.6496072200986639,5.551115123125783e-16,True
easygese:rice,Brown_rice_volume,cnn,2,5,0,0.5507145468747507,0.5256191560889103,0.5507145468747509,-1.1102230246251565e-16,True
easygese:rice,Brown_rice_volume,deepgs,1,1,0,0.6214665482610042,0.6124771503302731,0.6214665482610041,1.1102230246251565e-16,True
easygese:rice,Brown_rice_volume,deepgs,1,2,0,0.5683815322341499,0.6046470749951991,0.5683815322341501,-2.220446049250313e-16,True
easygese:rice,Brown_rice_volume,deepgs,1,3,0,0.5855025012726016,0.5667885435639843,0.5855025012726016,0.0,True
easygese:rice,Brown_rice_volume,deepgs,1,4,0,0.5604694728244081,0.5666244959804289,0.5604694728244081,0.0,True
easygese:rice,Brown_rice_volume,deepgs,1,5,0,0.49386717769398963,0.48466169999716385,0.49386717769398963,0.0,True
easygese:rice,Brown_rice_volume,deepgs,2,1,0,0.6635038643610147,0.6907421205157684,0.6635038643610144,3.3306690738754696e-16,True
easygese:rice,Brown_rice_volume,deepgs,2,2,0,0.5213466112368226,0.5114406317824453,0.5213466112368228,-2.220446049250313e-16,True
easygese:rice,Brown_rice_volume,deepgs,2,3,0,0.5840273903437593,0.5901704297992326,0.5840273903437591,2.220446049250313e-16,True
easygese:rice,Brown_rice_volume,deepgs,2,4,0,0.5827364996970394,0.6524816065838758,0.5827364996970397,-2.220446049250313e-16,True
easygese:rice,Brown_rice_volume,deepgs,2,5,0,0.505348301804476,0.49441133121476005,0.505348301804476,0.0,True
easygese:rice,Brown_rice_volume,dnngp,1,1,0,0.5974242691010663,0.5594418952195792,0.597424269101066,2.220446049250313e-16,True
easygese:rice,Brown_rice_volume,dnngp,1,2,0,0.4968207751634166,0.4941532823377076,0.4968207751634165,1.1102230246251565e-16,True
easygese:rice,Brown_rice_volume,dnngp,1,3,0,0.40204747883278624,0.42708860292992773,0.40204747883278663,-3.885780586188048e-16,True
easygese:rice,Brown_rice_volume,dnngp,1,4,0,0.6036136823477494,0.6202252949065444,0.6036136823477491,2.220446049250313e-16,True
easygese:rice,Brown_rice_volume,dnngp,1,5,0,0.4725418097514849,0.4676850199902414,0.4725418097514848,1.1102230246251565e-16,True
easygese:rice,Brown_rice_volume,dnngp,2,1,0,0.6524485313945951,0.5739577075019786,0.6524485313945952,-1.1102230246251565e-16,True
easygese:rice,Brown_rice_volume,dnngp,2,2,0,0.49381161309410526,0.49862193191215654,0.4938116130941052,5.551115123125783e-17,True
easygese:rice,Brown_rice_volume,dnngp,2,3,0,0.5668750389300883,0.5388694391915608,0.5668750389300883,0.0,True
easygese:rice,Brown_rice_volume,dnngp,2,4,0,0.6104430585034062,0.6329664303726945,0.6104430585034057,4.440892098500626e-16,True
easygese:rice,Brown_rice_volume,dnngp,2,5,0,0.4994842240325797,0.49419496678906455,0.4994842240325796,1.1102230246251565e-16,True
easygese:rice,Brown_rice_volume,mlp,1,1,0,0.640330743199368,0.6028002942900494,0.6403307431993679,1.1102230246251565e-16,True
easygese:rice,Brown_rice_volume,mlp,1,2,0,0.5492551510181577,0.5518811169237433,0.5492551510181578,-1.1102230246251565e-16,True
easygese:rice,Brown_rice_volume,mlp,1,3,0,0.6573348197083967,0.6740875894379527,0.6573348197083966,1.1102230246251565e-16,True
easygese:rice,Brown_rice_volume,mlp,1,4,0,0.6234960436243467,0.6287999864106705,0.6234960436243466,1.1102230246251565e-16,True
easygese:rice,Brown_rice_volume,mlp,1,5,0,0.4750657734172897,0.45915143687259835,0.4750657734172901,-3.885780586188048e-16,True
easygese:rice,Brown_rice_volume,mlp,2,1,0,0.6167385718578545,0.6201827517825637,0.616738571857855,-4.440892098500626e-16,True
easygese:rice,Brown_rice_volume,mlp,2,2,0,0.5292842599771491,0.5078685630902386,0.5292842599771491,0.0,True
easygese:rice,Brown_rice_volume,mlp,2,3,0,0.5119855090943831,0.4974260779487623,0.5119855090943833,-2.220446049250313e-16,True
easygese:rice,Brown_rice_volume,mlp,2,4,0,0.5500630076341317,0.6343357450314363,0.5500630076341317,0.0,True
easygese:rice,Brown_rice_volume,mlp,2,5,0,0.4821964449128806,0.46370580741180406,0.48219644491288105,-4.440892098500626e-16,True
easygese:rice,Brown_rice_volume,pnngs,1,1,0,0.6093327808135582,0.6138371497403731,0.6093327808135585,-2.220446049250313e-16,True
easygese:rice,Brown_rice_volume,pnngs,1,2,0,0.4961973541098596,0.5322982656322551,0.4961973541098601,-4.996003610813204e-16,True
easygese:rice,Brown_rice_volume,pnngs,1,3,0,0.5418379295139722,0.522579814461498,0.5418379295139721,1.1102230246251565e-16,True
easygese:rice,Brown_rice_volume,pnngs,1,4,0,0.6140622810130975,0.5889287096729475,0.6140622810130972,2.220446049250313e-16,True
easygese:rice,Brown_rice_volume,pnngs,1,5,0,0.48391199003958046,0.3677530503845133,0.4839119900395805,-5.551115123125783e-17,True
easygese:rice,Brown_rice_volume,pnngs,2,1,0,0.530364806828262,0.5611407343908088,0.5303648068282618,2.220446049250313e-16,True
easygese:rice,Brown_rice_volume,pnngs,2,2,0,0.4295421010413406,0.34855926465372317,0.42954210104134066,-5.551115123125783e-17,True
easygese:rice,Brown_rice_volume,pnngs,2,3,0,0.6029545098343394,0.5752032455053047,0.6029545098343395,-1.1102230246251565e-16,True
easygese:rice,Brown_rice_volume,pnngs,2,4,0,0.6118271783072078,0.6246539772310938,0.6118271783072076,2.220446049250313e-16,True
easygese:rice,Brown_rice_volume,pnngs,2,5,0,0.5208210488476425,0.48651969101407794,0.5208210488476425,0.0,True
easygese:rice,Brown_rice_volume,soydngp,1,1,0,0.6547404793540977,0.648603469023718,0.6547404793540976,1.1102230246251565e-16,True
easygese:rice,Brown_rice_volume,soydngp,1,2,0,0.6598035395911335,0.7053098681682277,0.6598035395911331,3.3306690738754696e-16,True
easygese:rice,Brown_rice_volume,soydngp,1,3,0,0.7263234488528204,0.7373956985254493,0.7263234488528203,1.1102230246251565e-16,True
easygese:rice,Brown_rice_volume,soydngp,1,4,0,0.7135134039538977,0.7156648129693367,0.7135134039538981,-3.3306690738754696e-16,True
easygese:rice,Brown_rice_volume,soydngp,1,5,0,0.5881869129397029,0.5942368735674051,0.5881869129397029,0.0,True
easygese:rice,Brown_rice_volume,soydngp,2,1,0,0.7526347437597624,0.7359267601571251,0.7526347437597618,5.551115123125783e-16,True
easygese:rice,Brown_rice_volume,soydngp,2,2,0,0.4913457931301723,0.5283547994292279,0.49134579313017246,-1.6653345369377348e-16,True
easygese:rice,Brown_rice_volume,soydngp,2,3,0,0.7567273232981102,0.6974827989064669,0.7567273232981105,-3.3306690738754696e-16,True
easygese:rice,Brown_rice_volume,soydngp,2,4,0,0.6896734343294213,0.6513009135042456,0.6896734343294214,-1.1102230246251565e-16,True
easygese:rice,Brown_rice_volume,soydngp,2,5,0,0.583305075141068,0.6093313515010581,0.5833050751410688,-7.771561172376096e-16,True
easygese:rice,Brown_rice_volume,transformer,1,1,0,0.5982248170413279,0.5884716435388043,0.5982248170413274,5.551115123125783e-16,True
easygese:rice,Brown_rice_volume,transformer,1,2,0,0.5784526943467804,0.550675197407777,0.5784526943467804,0.0,True
easygese:rice,Brown_rice_volume,transformer,1,3,0,0.7046780164389392,0.6265022902813814,0.7046780164389391,1.1102230246251565e-16,True
easygese:rice,Brown_rice_volume,transformer,1,4,0,0.5684544183050325,0.6016033671045979,0.5684544183050326,-1.1102230246251565e-16,True
easygese:rice,Brown_rice_volume,transformer,1,5,0,0.42365071493913836,0.4090707966900885,0.4236507149391386,-2.220446049250313e-16,True
easygese:rice,Brown_rice_volume,transformer,2,1,0,0.653081195307866,0.6397994467355095,0.6530811953078661,-1.1102230246251565e-16,True
easygese:rice,Brown_rice_volume,transformer,2,2,0,0.5912711933524624,0.5855031653207305,0.5912711933524625,-1.1102230246251565e-16,True
easygese:rice,Brown_rice_volume,transformer,2,3,0,0.5473489831275198,0.5276105480302886,0.5473489831275196,2.220446049250313e-16,True
easygese:rice,Brown_rice_volume,transformer,2,4,0,0.6126553595325112,0.6021802956044306,0.6126553595325115,-3.3306690738754696e-16,True
easygese:rice,Brown_rice_volume,transformer,2,5,0,0.49992207117359977,0.4825788842555191,0.49992207117359955,2.220446049250313e-16,True
easygese:rice,Culm_habit,cnn,1,1,0,0.46929032035335616,0.383715854879652,0.46929032035335627,-1.1102230246251565e-16,True
easygese:rice,Culm_habit,cnn,1,2,0,0.5430183488818251,0.47558352854961217,0.543018348881825,1.1102230246251565e-16,True
easygese:rice,Culm_habit,cnn,1,3,0,0.5606012964376201,0.5511024741509923,0.5606012964376205,-3.3306690738754696e-16,True
easygese:rice,Culm_habit,cnn,1,4,0,0.7040897914216565,0.7334551409446647,0.704089791421657,-4.440892098500626e-16,True
easygese:rice,Culm_habit,cnn,1,5,0,0.7414798442497332,0.7105822722950103,0.741479844249733,2.220446049250313e-16,True
easygese:rice,Culm_habit,cnn,2,1,0,0.7258049470538908,0.6462278559053074,0.7258049470538905,2.220446049250313e-16,True
easygese:rice,Culm_habit,cnn,2,2,0,0.5397187950293705,0.5562900392121671,0.5397187950293705,0.0,True
easygese:rice,Culm_habit,cnn,2,3,0,0.46900489756214775,0.4720276360726266,0.46900489756214747,2.7755575615628914e-16,True
easygese:rice,Culm_habit,cnn,2,4,0,0.6238215533252591,0.5767137001068051,0.6238215533252595,-3.3306690738754696e-16,True
easygese:rice,Culm_habit,cnn,2,5,0,0.535834631798039,0.5367822514545365,0.5358346317980389,1.1102230246251565e-16,True
easygese:rice,Culm_habit,deepgs,1,1,0,0.4655624658468975,0.42421487695990456,0.4655624658468973,1.6653345369377348e-16,True
easygese:rice,Culm_habit,deepgs,1,2,0,0.531441462008979,0.570738820593852,0.531441462008979,0.0,True
easygese:rice,Culm_habit,deepgs,1,3,0,0.4911879360063337,0.5079406000000469,0.4911879360063337,0.0,True
easygese:rice,Culm_habit,deepgs,1,4,0,0.6563578905387945,0.5064000834756709,0.656357890538795,-5.551115123125783e-16,True
easygese:rice,Culm_habit,deepgs,1,5,0,0.5894935992734675,0.5547259218633106,0.5894935992734675,0.0,True
easygese:rice,Culm_habit,deepgs,2,1,0,0.6606072240908817,0.6407591285023114,0.6606072240908818,-1.1102230246251565e-16,True
easygese:rice,Culm_habit,deepgs,2,2,0,0.4815026389679767,0.40542616787164537,0.48150263896797657,1.1102230246251565e-16,True
easygese:rice,Culm_habit,deepgs,2,3,0,0.4831527627745975,0.5043142458006254,0.48315276277459757,-5.551115123125783e-17,True
easygese:rice,Culm_habit,deepgs,2,4,0,0.6339855382659164,0.5805580267577398,0.6339855382659163,1.1102230246251565e-16,True
easygese:rice,Culm_habit,deepgs,2,5,0,0.5350739028497095,0.5294810114176596,0.5350739028497096,-1.1102230246251565e-16,True
easygese:rice,Culm_habit,dnngp,1,1,0,0.39469029372225245,0.3265830457885682,0.3946902937222526,-1.6653345369377348e-16,True
easygese:rice,Culm_habit,dnngp,1,2,0,0.39060703733982505,0.38629385472205124,0.3906070373398252,-1.6653345369377348e-16,True
easygese:rice,Culm_habit,dnngp,1,3,0,0.5361630088935732,0.5265659429908242,0.5361630088935733,-1.1102230246251565e-16,True
easygese:rice,Culm_habit,dnngp,1,4,0,0.6468036130697394,0.5843155671989917,0.6468036130697393,1.1102230246251565e-16,True
easygese:rice,Culm_habit,dnngp,1,5,0,0.5869925904528345,0.4916154207386086,0.5869925904528341,3.3306690738754696e-16,True
easygese:rice,Culm_habit,dnngp,2,1,0,0.6335169532255777,0.5958879228406627,0.6335169532255777,0.0,True
easygese:rice,Culm_habit,dnngp,2,2,0,0.5445765058324527,0.5074003217671379,0.5445765058324525,1.1102230246251565e-16,True
easygese:rice,Culm_habit,dnngp,2,3,0,0.40979143304084364,0.4186007595754968,0.4097914330408437,-5.551115123125783e-17,True
easygese:rice,Culm_habit,dnngp,2,4,0,0.6109600763359354,0.5641053070615519,0.6109600763359352,2.220446049250313e-16,True
easygese:rice,Culm_habit,dnngp,2,5,0,0.47331702763241507,0.49833709687255734,0.4733170276324151,-5.551115123125783e-17,True
easygese:rice,Culm_habit,mlp,1,1,0,0.4673910835595334,0.3784614761670835,0.4673910835595332,2.220446049250313e-16,True
easygese:rice,Culm_habit,mlp,1,2,0,0.46890375861982136,0.4190593910324131,0.4689037586198214,-5.551115123125783e-17,True
easygese:rice,Culm_habit,mlp,1,3,0,0.47863806488047816,0.42965567405121746,0.47863806488047794,2.220446049250313e-16,True
easygese:rice,Culm_habit,mlp,1,4,0,0.6893437216451056,0.6598205846172754,0.6893437216451057,-1.1102230246251565e-16,True
easygese:rice,Culm_habit,mlp,1,5,0,0.6382793839642429,0.6464576114770408,0.6382793839642428,1.1102230246251565e-16,True
easygese:rice,Culm_habit,mlp,2,1,0,0.6584211248945452,0.6566671182368184,0.658421124894545,2.220446049250313e-16,True
easygese:rice,Culm_habit,mlp,2,2,0,0.49950191838466934,0.4820300230669461,0.49950191838466934,0.0,True
easygese:rice,Culm_habit,mlp,2,3,0,0.4707114958520183,0.48987254654802925,0.4707114958520185,-1.6653345369377348e-16,True
easygese:rice,Culm_habit,mlp,2,4,0,0.6178791544174462,0.5528869008698233,0.6178791544174459,3.3306690738754696e-16,True
easygese:rice,Culm_habit,mlp,2,5,0,0.4817449736305137,0.4935297027361696,0.48174497363051394,-2.220446049250313e-16,True
easygese:rice,Culm_habit,pnngs,1,1,0,0.44265504674534956,0.37388503768644143,0.4426550467453497,-1.6653345369377348e-16,True
easygese:rice,Culm_habit,pnngs,1,2,0,0.5182261262916813,0.48216068176437604,0.5182261262916812,1.1102230246251565e-16,True
easygese:rice,Culm_habit,pnngs,1,3,0,0.5878288233755301,0.5799627001430598,0.5878288233755302,-1.1102230246251565e-16,True
easygese:rice,Culm_habit,pnngs,1,4,0,0.6946645701683477,0.6672975810578644,0.6946645701683479,-2.220446049250313e-16,True
easygese:rice,Culm_habit,pnngs,1,5,0,0.6006080399863712,0.5410183005454935,0.6006080399863711,1.1102230246251565e-16,True
easygese:rice,Culm_habit,pnngs,2,1,0,0.6657747133679708,0.5711031999652837,0.6657747133679709,-1.1102230246251565e-16,True
easygese:rice,Culm_habit,pnngs,2,2,0,0.5940548979810353,0.5735645771281714,0.5940548979810352,1.1102230246251565e-16,True
easygese:rice,Culm_habit,pnngs,2,3,0,0.5694903652438987,0.5682049805835261,0.569490365243899,-2.220446049250313e-16,True
easygese:rice,Culm_habit,pnngs,2,4,0,0.5052645529386055,0.4525595577667629,0.5052645529386053,2.220446049250313e-16,True
easygese:rice,Culm_habit,pnngs,2,5,0,0.6191867175157583,0.5988936991114895,0.6191867175157586,-3.3306690738754696e-16,True
easygese:rice,Culm_habit,soydngp,1,1,0,0.4269268463858266,0.4242528783155752,0.4269268463858265,1.1102230246251565e-16,True
easygese:rice,Culm_habit,soydngp,1,2,0,0.3969097347045082,0.2840794539227595,0.3969097347045047,3.497202527569243e-15,True
easygese:rice,Culm_habit,soydngp,1,3,0,0.5125443741768039,0.363883410076069,0.5125443741768011,2.7755575615628914e-15,True
easygese:rice,Culm_habit,soydngp,1,4,0,0.5698739943531083,0.582085848248975,0.5698739943531094,-1.1102230246251565e-15,True
easygese:rice,Culm_habit,soydngp,1,5,0,0.5999104732949562,0.5526143577602222,0.5999104732949545,1.6653345369377348e-15,True
easygese:rice,Culm_habit,soydngp,2,1,0,0.6521143332163175,0.5937273521077991,0.6521143332163176,-1.1102230246251565e-16,True
easygese:rice,Culm_habit,soydngp,2,2,0,0.631673591436192,0.6642265950716936,0.6316735914361921,-1.1102230246251565e-16,True
easygese:rice,Culm_habit,soydngp,2,3,0,0.6121156988335046,0.5667434620085127,0.6121156988335043,3.3306690738754696e-16,True
easygese:rice,Culm_habit,soydngp,2,4,0,0.43870064702337247,0.36288043708363293,0.43870064702337264,-1.6653345369377348e-16,True
easygese:rice,Culm_habit,soydngp,2,5,0,0.46470806045835833,0.45133875745406016,0.4647080604583616,-3.2751579226442118e-15,True
easygese:rice,Culm_habit,transformer,1,1,0,0.43728305448731086,0.4122074083078645,0.4372830544873107,1.6653345369377348e-16,True
easygese:rice,Culm_habit,transformer,1,2,0,0.4056282304660686,0.44061324445738936,0.4056282304660687,-1.1102230246251565e-16,True
easygese:rice,Culm_habit,transformer,1,3,0,0.5514794264068892,0.4226371218095062,0.5514794264068891,1.1102230246251565e-16,True
easygese:rice,Culm_habit,transformer,1,4,0,0.6931192907495696,0.6574027315829929,0.693119290749569,5.551115123125783e-16,True
easygese:rice,Culm_habit,transformer,1,5,0,0.6052971567679606,0.5784348700261615,0.6052971567679606,0.0,True
easygese:rice,Culm_habit,transformer,2,1,0,0.5332627952972557,0.5059789892106813,0.5332627952972558,-1.1102230246251565e-16,True
easygese:rice,Culm_habit,transformer,2,2,0,0.5806367013701943,0.5866192492141179,0.5806367013701944,-1.1102230246251565e-16,True
easygese:rice,Culm_habit,transformer,2,3,0,0.567591073448931,0.51402290909265,0.5675910734489311,-1.1102230246251565e-16,True
easygese:rice,Culm_habit,transformer,2,4,0,0.5909109244835001,0.6107292167063952,0.5909109244835006,-4.440892098500626e-16,True
easygese:rice,Culm_habit,transformer,2,5,0,0.516894225212589,0.5683228632724616,0.516894225212589,0.0,True
easygese:rice,FT_ratio_of_Arkansas_Aberdeen,cnn,1,1,0,0.3562587627038026,0.33679632771477086,0.3562587627038027,-1.1102230246251565e-16,True
easygese:rice,FT_ratio_of_Arkansas_Aberdeen,cnn,1,2,0,0.28438697579619887,0.25575050831980906,0.2843869757961989,-5.551115123125783e-17,True
easygese:rice,FT_ratio_of_Arkansas_Aberdeen,cnn,1,3,0,0.10553442321331584,0.05832579171252645,0.10553442321331602,-1.8041124150158794e-16,True
easygese:rice,FT_ratio_of_Arkansas_Aberdeen,cnn,1,4,0,0.36087138736573693,0.3070985243319368,0.36087138736573704,-1.1102230246251565e-16,True
easygese:rice,FT_ratio_of_Arkansas_Aberdeen,cnn,1,5,0,0.42521042766115247,0.4798595255638241,0.4252104276611523,1.6653345369377348e-16,True
easygese:rice,FT_ratio_of_Arkansas_Aberdeen,cnn,2,1,0,0.29495367683987955,0.3465748858513859,0.29495367683987955,0.0,True
easygese:rice,FT_ratio_of_Arkansas_Aberdeen,cnn,2,2,0,0.2678875408269128,0.22934697194681367,0.2678875408269126,2.220446049250313e-16,True
easygese:rice,FT_ratio_of_Arkansas_Aberdeen,cnn,2,3,0,0.3652996102485882,0.3865351841273269,0.36529961024858854,-3.3306690738754696e-16,True
easygese:rice,FT_ratio_of_Arkansas_Aberdeen,cnn,2,4,0,0.295176282249448,0.23638770116790292,0.2951762822494479,5.551115123125783e-17,True
easygese:rice,FT_ratio_of_Arkansas_Aberdeen,cnn,2,5,0,0.3781984662681055,0.34054737478441893,0.37819846626810516,3.3306690738754696e-16,True
easygese:rice,FT_ratio_of_Arkansas_Aberdeen,deepgs,1,1,0,0.38384686070880114,0.3280706910115095,0.38384686070880103,1.1102230246251565e-16,True
easygese:rice,FT_ratio_of_Arkansas_Aberdeen,deepgs,1,2,0,0.30916860473903984,0.2654450268706907,0.30916860473904,-1.6653345369377348e-16,True
easygese:rice,FT_ratio_of_Arkansas_Aberdeen,deepgs,1,3,0,0.27413642078573736,0.2629079323378037,0.2741364207857374,-5.551115123125783e-17,True
easygese:rice,FT_ratio_of_Arkansas_Aberdeen,deepgs,1,4,0,0.3339447359633547,0.32181288000123015,0.33394473596335517,-4.440892098500626e-16,True
easygese:rice,FT_ratio_of_Arkansas_Aberdeen,deepgs,1,5,0,0.4338078598454397,0.37366987719806233,0.43380785984543985,-1.6653345369377348e-16,True
easygese:rice,FT_ratio_of_Arkansas_Aberdeen,deepgs,2,1,0,0.2848568179426854,0.250615781036892,0.2848568179426852,2.220446049250313e-16,True
easygese:rice,FT_ratio_of_Arkansas_Aberdeen,deepgs,2,2,0,0.23360646891551745,0.2273298740209162,0.2336064689155173,1.3877787807814457e-16,True
easygese:rice,FT_ratio_of_Arkansas_Aberdeen,deepgs,2,3,0,0.44804461643306587,0.4341761801212062,0.44804461643306576,1.1102230246251565e-16,True
easygese:rice,FT_ratio_of_Arkansas_Aberdeen,deepgs,2,4,0,0.4307085956965279,0.3789717078708911,0.4307085956965276,3.3306690738754696e-16,True
easygese:rice,FT_ratio_of_Arkansas_Aberdeen,deepgs,2,5,0,0.16361076039855496,0.1728704227111821,0.1636107603985552,-2.498001805406602e-16,True
easygese:rice,FT_ratio_of_Arkansas_Aberdeen,dnngp,1,1,0,0.2844530302225104,0.22937658296588245,0.28445303022251034,5.551115123125783e-17,True
easygese:rice,FT_ratio_of_Arkansas_Aberdeen,dnngp,1,2,0,0.2601259410751197,0.2597002422228639,0.2601259410751197,0.0,True
easygese:rice,FT_ratio_of_Arkansas_Aberdeen,dnngp,1,3,0,0.34159169141943657,0.29560692546381456,0.34159169141943635,2.220446049250313e-16,True
easygese:rice,FT_ratio_of_Arkansas_Aberdeen,dnngp,1,4,0,0.27947392452172287,0.22015573165335545,0.279473924521723,-1.1102230246251565e-16,True
easygese:rice,FT_ratio_of_Arkansas_Aberdeen,dnngp,1,5,0,0.4702436550326685,0.46501782153694765,0.4702436550326682,3.3306690738754696e-16,True
easygese:rice,FT_ratio_of_Arkansas_Aberdeen,dnngp,2,1,0,0.3158512547134553,0.2766959004091835,0.31585125471345515,1.6653345369377348e-16,True
easygese:rice,FT_ratio_of_Arkansas_Aberdeen,dnngp,2,2,0,0.45655978245134804,0.3373607322461515,0.45655978245134826,-2.220446049250313e-16,True
easygese:rice,FT_ratio_of_Arkansas_Aberdeen,dnngp,2,3,0,0.2959582085104627,0.2599055276802205,0.2959582085104628,-1.1102230246251565e-16,True
easygese:rice,FT_ratio_of_Arkansas_Aberdeen,dnngp,2,4,0,0.3071420203881461,0.21849549049037592,0.3071420203881461,0.0,True
easygese:rice,FT_ratio_of_Arkansas_Aberdeen,dnngp,2,5,0,0.3764458550247492,0.2806819327654281,0.37644585502474925,-5.551115123125783e-17,True
easygese:rice,FT_ratio_of_Arkansas_Aberdeen,mlp,1,1,0,0.2925875934986599,0.24480179061644256,0.2925875934986598,1.1102230246251565e-16,True
easygese:rice,FT_ratio_of_Arkansas_Aberdeen,mlp,1,2,0,0.3075375237157561,0.23526159661631396,0.307537523715756,1.1102230246251565e-16,True
easygese:rice,FT_ratio_of_Arkansas_Aberdeen,mlp,1,3,0,0.2764401737769647,0.21670023419400944,0.27644017377696467,5.551115123125783e-17,True
easygese:rice,FT_ratio_of_Arkansas_Aberdeen,mlp,1,4,0,0.37152715880114173,0.3168314726666505,0.3715271588011414,3.3306690738754696e-16,True
easygese:rice,FT_ratio_of_Arkansas_Aberdeen,mlp,1,5,0,0.4419362484505136,0.4589718308839236,0.44193624845051355,5.551115123125783e-17,True
easygese:rice,FT_ratio_of_Arkansas_Aberdeen,mlp,2,1,0,0.2278961390415779,0.23697444918848537,0.22789613904157777,1.3877787807814457e-16,True
easygese:rice,FT_ratio_of_Arkansas_Aberdeen,mlp,2,2,0,0.2853768956844425,0.32506160442057075,0.2853768956844427,-1.6653345369377348e-16,True
easygese:rice,FT_ratio_of_Arkansas_Aberdeen,mlp,2,3,0,0.36591051038939176,0.4296293569636663,0.3659105103893921,-3.3306690738754696e-16,True
easygese:rice,FT_ratio_of_Arkansas_Aberdeen,mlp,2,4,0,0.3834616268262124,0.4233061309937754,0.38346162682621276,-3.885780586188048e-16,True
easygese:rice,FT_ratio_of_Arkansas_Aberdeen,mlp,2,5,0,0.3448377341091642,0.19034561539440326,0.344837734109164,1.6653345369377348e-16,True
easygese:rice,FT_ratio_of_Arkansas_Aberdeen,pnngs,1,1,0,0.30131220112737495,0.2623177647017186,0.3013122011273747,2.220446049250313e-16,True
easygese:rice,FT_ratio_of_Arkansas_Aberdeen,pnngs,1,2,0,0.22651443995444454,0.10034206392136782,0.2265144399544447,-1.6653345369377348e-16,True
easygese:rice,FT_ratio_of_Arkansas_Aberdeen,pnngs,1,3,0,0.21962286006463205,0.2680988537349199,0.21962286006463203,2.7755575615628914e-17,True
easygese:rice,FT_ratio_of_Arkansas_Aberdeen,pnngs,1,4,0,0.30003789458014635,0.28855940374408107,0.30003789458014635,0.0,True
easygese:rice,FT_ratio_of_Arkansas_Aberdeen,pnngs,1,5,0,0.3002683090256398,0.2458297542709411,0.3002683090256396,1.6653345369377348e-16,True
easygese:rice,FT_ratio_of_Arkansas_Aberdeen,pnngs,2,1,0,0.17414297098206316,0.09812121364041565,0.17414297098206333,-1.6653345369377348e-16,True
easygese:rice,FT_ratio_of_Arkansas_Aberdeen,pnngs,2,2,0,0.17560677684985632,0.08978221968746389,0.17560677684985643,-1.1102230246251565e-16,True
easygese:rice,FT_ratio_of_Arkansas_Aberdeen,pnngs,2,3,0,0.3959757438284869,0.42596659981863494,0.395975743828487,-1.1102230246251565e-16,True
easygese:rice,FT_ratio_of_Arkansas_Aberdeen,pnngs,2,4,0,0.13806499685572116,0.07993835871491987,0.1380649968557212,-5.551115123125783e-17,True
easygese:rice,FT_ratio_of_Arkansas_Aberdeen,pnngs,2,5,0,-0.215052623970776,0.22730264676924575,0.21505262397077599,-0.430105247941552,True
easygese:rice,FT_ratio_of_Arkansas_Aberdeen,soydngp,1,1,0,0.24892889407174884,0.2609880003446017,0.2489288940717489,-5.551115123125783e-17,True
easygese:rice,FT_ratio_of_Arkansas_Aberdeen,soydngp,1,2,0,-0.016881006212941103,-0.026920823328213068,-0.016881006212944742,3.639449852599341e-15,True
easygese:rice,FT_ratio_of_Arkansas_Aberdeen,soydngp,1,3,0,0.38287704035168557,0.35503819346733784,0.38287704035168585,-2.7755575615628914e-16,True
easygese:rice,FT_ratio_of_Arkansas_Aberdeen,soydngp,1,4,0,0.37969405726208316,0.3654283490556362,0.37969405726208316,0.0,True
easygese:rice,FT_ratio_of_Arkansas_Aberdeen,soydngp,1,5,0,0.2599554897579041,0.2313230938118831,0.2599554897579043,-1.6653345369377348e-16,True
easygese:rice,FT_ratio_of_Arkansas_Aberdeen,soydngp,2,1,0,0.19704953803822295,0.14527865759621073,0.197049538038237,-1.404432126150823e-14,True
easygese:rice,FT_ratio_of_Arkansas_Aberdeen,soydngp,2,2,0,0.2408213482278747,0.259848219650744,0.24082134822786896,5.745404152435185e-15,True
easygese:rice,FT_ratio_of_Arkansas_Aberdeen,soydngp,2,3,0,0.4115648623831346,0.32175622759568406,0.4115648623831328,1.8318679906315083e-15,True
easygese:rice,FT_ratio_of_Arkansas_Aberdeen,soydngp,2,4,0,0.44234383308911457,0.41846536321679456,0.4423438330891151,-5.551115123125783e-16,True
easygese:rice,FT_ratio_of_Arkansas_Aberdeen,soydngp,2,5,0,0.02359095596998352,0.12426010341192713,0.023590955969983545,-2.42861286636753e-17,True
easygese:rice,FT_ratio_of_Arkansas_Aberdeen,transformer,1,1,0,0.38540126899261434,0.3550101087993645,0.3854012689926145,-1.6653345369377348e-16,True
easygese:rice,FT_ratio_of_Arkansas_Aberdeen,transformer,1,2,0,0.23887126232592115,0.23662682931598206,0.23887126232592132,-1.6653345369377348e-16,True
easygese:rice,FT_ratio_of_Arkansas_Aberdeen,transformer,1,3,0,0.14020409195059538,0.12689711552220223,0.1402040919505953,8.326672684688674e-17,True
easygese:rice,FT_ratio_of_Arkansas_Aberdeen,transformer,1,4,0,0.14416859246519925,0.2226072235770834,0.14416859246519922,2.7755575615628914e-17,True
easygese:rice,FT_ratio_of_Arkansas_Aberdeen,transformer,1,5,0,0.20581399176843002,0.18087640214739914,0.20581399176843,2.7755575615628914e-17,True
easygese:rice,FT_ratio_of_Arkansas_Aberdeen,transformer,2,1,0,0.16193038505052457,0.22835551354559067,0.16193038505052465,-8.326672684688674e-17,True
easygese:rice,FT_ratio_of_Arkansas_Aberdeen,transformer,2,2,0,0.2613291821048417,0.22162655046031318,0.2613291821048417,0.0,True
easygese:rice,FT_ratio_of_Arkansas_Aberdeen,transformer,2,3,0,0.23226513255042736,0.19070531340533803,0.23226513255042716,1.942890293094024e-16,True
easygese:rice,FT_ratio_of_Arkansas_Aberdeen,transformer,2,4,0,0.4862210616301121,0.4523182069845136,0.4862210616301121,0.0,True
easygese:rice,FT_ratio_of_Arkansas_Aberdeen,transformer,2,5,0,0.15895874127338092,0.21663554910085636,0.1589587412733809,2.7755575615628914e-17,True
easygese:rice,FT_ratio_of_Faridpur_Aberdeen,cnn,1,1,0,0.4618474024408703,0.33795383712157073,0.46184740244087025,5.551115123125783e-17,True
easygese:rice,FT_ratio_of_Faridpur_Aberdeen,cnn,1,2,0,0.471276241552863,0.3931316427156273,0.47127624155286313,-1.1102230246251565e-16,True
easygese:rice,FT_ratio_of_Faridpur_Aberdeen,cnn,1,3,0,0.32397194458438894,0.31326272743157335,0.32397194458438894,0.0,True
easygese:rice,FT_ratio_of_Faridpur_Aberdeen,cnn,1,4,0,0.3313754468268219,0.268841648646986,0.33137544682682196,-5.551115123125783e-17,True
easygese:rice,FT_ratio_of_Faridpur_Aberdeen,cnn,1,5,0,-0.025464353835774497,0.014810784476248935,-0.025464353835774535,3.8163916471489756e-17,True
easygese:rice,FT_ratio_of_Faridpur_Aberdeen,cnn,2,1,0,0.29725260444323137,0.337917580756471,0.2972526044432314,-5.551115123125783e-17,True
easygese:rice,FT_ratio_of_Faridpur_Aberdeen,cnn,2,2,0,0.21311305861417418,0.2742415081319209,0.21311305861417404,1.3877787807814457e-16,True
easygese:rice,FT_ratio_of_Faridpur_Aberdeen,cnn,2,3,0,0.19306304721400294,0.20859439451873432,0.19306304721400294,0.0,True
easygese:rice,FT_ratio_of_Faridpur_Aberdeen,cnn,2,4,0,-0.05786361722301775,-0.07401549660440648,-0.057863617223017694,-5.551115123125783e-17,True
easygese:rice,FT_ratio_of_Faridpur_Aberdeen,cnn,2,5,0,0.21021454209480284,0.25758416778486604,0.2102145420948027,1.3877787807814457e-16,True
easygese:rice,FT_ratio_of_Faridpur_Aberdeen,deepgs,1,1,0,0.33071955094479005,0.31726655442442886,0.3307195509447901,-5.551115123125783e-17,True
easygese:rice,FT_ratio_of_Faridpur_Aberdeen,deepgs,1,2,0,0.3101208968470666,0.3024265991789398,0.31012089684706684,-2.220446049250313e-16,True
easygese:rice,FT_ratio_of_Faridpur_Aberdeen,deepgs,1,3,0,0.3496930209744137,0.19526111848715727,0.3496930209744136,5.551115123125783e-17,True
easygese:rice,FT_ratio_of_Faridpur_Aberdeen,deepgs,1,4,0,0.40422632518200907,0.30839553014154214,0.40422632518200896,1.1102230246251565e-16,True
easygese:rice,FT_ratio_of_Faridpur_Aberdeen,deepgs,1,5,0,-0.011121249570553035,0.0754490357863783,-0.011121249570553217,1.8214596497756474e-16,True
easygese:rice,FT_ratio_of_Faridpur_Aberdeen,deepgs,2,1,0,0.23525358103229282,0.1928702170148682,0.23525358103229263,1.942890293094024e-16,True
easygese:rice,FT_ratio_of_Faridpur_Aberdeen,deepgs,2,2,0,0.27720838798662534,0.23094403193632995,0.27720838798662534,0.0,True
easygese:rice,FT_ratio_of_Faridpur_Aberdeen,deepgs,2,3,0,0.23954192430138851,0.28943825854617117,0.23954192430138865,-1.3877787807814457e-16,True
easygese:rice,FT_ratio_of_Faridpur_Aberdeen,deepgs,2,4,0,0.1848499529424831,0.17861076347289126,0.18484995294248321,-1.1102230246251565e-16,True
easygese:rice,FT_ratio_of_Faridpur_Aberdeen,deepgs,2,5,0,0.24234191824636614,0.29406720583093854,0.24234191824636628,-1.3877787807814457e-16,True
easygese:rice,FT_ratio_of_Faridpur_Aberdeen,dnngp,1,1,0,0.18977510723240137,0.23533343256918357,0.1897751072324013,8.326672684688674e-17,True
easygese:rice,FT_ratio_of_Faridpur_Aberdeen,dnngp,1,2,0,0.4300792974394792,0.25329128553979574,0.4300792974394791,1.1102230246251565e-16,True
easygese:rice,FT_ratio_of_Faridpur_Aberdeen,dnngp,1,3,0,0.34763121238766426,0.3121573242862198,0.3476312123876641,1.6653345369377348e-16,True
easygese:rice,FT_ratio_of_Faridpur_Aberdeen,dnngp,1,4,0,0.4881475570254024,0.4261711013526637,0.48814755702540247,-5.551115123125783e-17,True
easygese:rice,FT_ratio_of_Faridpur_Aberdeen,dnngp,1,5,0,0.004779451710004679,0.08549384269267093,0.004779451710004622,5.724587470723463e-17,True
easygese:rice,FT_ratio_of_Faridpur_Aberdeen,dnngp,2,1,0,0.2926890386493277,0.2917677378518513,0.292689038649328,-2.7755575615628914e-16,True
easygese:rice,FT_ratio_of_Faridpur_Aberdeen,dnngp,2,2,0,0.19134071864672403,0.21853374096543518,0.19134071864672406,-2.7755575615628914e-17,True
easygese:rice,FT_ratio_of_Faridpur_Aberdeen,dnngp,2,3,0,0.18589225013646105,0.14522433423226538,0.18589225013646107,-2.7755575615628914e-17,True
easygese:rice,FT_ratio_of_Faridpur_Aberdeen,dnngp,2,4,0,-0.0075728111148862486,-0.0963200479695587,-0.007572811114886315,6.678685382510707e-17,True
easygese:rice,FT_ratio_of_Faridpur_Aberdeen,dnngp,2,5,0,0.13345694439472194,0.10498063077233101,0.13345694439472208,-1.3877787807814457e-16,True
easygese:rice,FT_ratio_of_Faridpur_Aberdeen,mlp,1,1,0,0.2153984371675645,0.22211024307943278,0.21539843716756443,5.551115123125783e-17,True
easygese:rice,FT_ratio_of_Faridpur_Aberdeen,mlp,1,2,0,0.28277599617068333,0.15623102094531713,0.28277599617068333,0.0,True
easygese:rice,FT_ratio_of_Faridpur_Aberdeen,mlp,1,3,0,0.3633825406087884,0.35840024934321074,0.36338254060878855,-1.6653345369377348e-16,True
easygese:rice,FT_ratio_of_Faridpur_Aberdeen,mlp,1,4,0,0.4629890079475775,0.45136632999151016,0.46298900794757764,-1.1102230246251565e-16,True
easygese:rice,FT_ratio_of_Faridpur_Aberdeen,mlp,1,5,0,0.029267947768983872,0.039783764215829985,0.029267947768983768,1.0408340855860843e-16,True
easygese:rice,FT_ratio_of_Faridpur_Aberdeen,mlp,2,1,0,0.32571467213634364,0.24146437200476323,0.32571467213634375,-1.1102230246251565e-16,True
easygese:rice,FT_ratio_of_Faridpur_Aberdeen,mlp,2,2,0,-0.005895788760816242,0.16813467153007142,-0.005895788760816032,-2.1076890233118206e-16,True
easygese:rice,FT_ratio_of_Faridpur_Aberdeen,mlp,2,3,0,0.15270650214284426,0.23499545145521236,0.152706502142844,2.498001805406602e-16,True
easygese:rice,FT_ratio_of_Faridpur_Aberdeen,mlp,2,4,0,0.1409468041781493,0.14523742364744865,0.14094680417814934,-2.7755575615628914e-17,True
easygese:rice,FT_ratio_of_Faridpur_Aberdeen,mlp,2,5,0,0.04928946656851003,0.03957625093013688,0.04928946656850995,7.632783294297951e-17,True
easygese:rice,FT_ratio_of_Faridpur_Aberdeen,pnngs,1,1,0,-0.018108363198008567,0.029465346935000553,-0.01810836319800842,-1.457167719820518e-16,True
easygese:rice,FT_ratio_of_Faridpur_Aberdeen,pnngs,1,2,0,0.2833695934830214,0.2797323396455679,0.283369593483021,3.885780586188048e-16,True
easygese:rice,FT_ratio_of_Faridpur_Aberdeen,pnngs,1,3,0,0.20051446929366815,0.18178899871125428,0.2005144692936666,1.5543122344752192e-15,True
easygese:rice,FT_ratio_of_Faridpur_Aberdeen,pnngs,1,4,0,0.2798505873348946,0.2072761685434419,0.2798505873348953,-7.216449660063518e-16,True
easygese:rice,FT_ratio_of_Faridpur_Aberdeen,pnngs,1,5,0,0.06310428405489381,0.03800179641217499,0.06310428405489546,-1.6514567491299204e-15,True
easygese:rice,FT_ratio_of_Faridpur_Aberdeen,pnngs,2,1,0,0.1885815490408708,0.2288894602085323,0.1885815490408707,8.326672684688674e-17,True
easygese:rice,FT_ratio_of_Faridpur_Aberdeen,pnngs,2,2,0,-0.14149080023283872,-0.16487623714399685,-0.14149080023283853,-1.942890293094024e-16,True
easygese:rice,FT_ratio_of_Faridpur_Aberdeen,pnngs,2,3,0,0.05584824653293795,0.07942212170838574,0.05584824653293791,3.469446951953614e-17,True
easygese:rice,FT_ratio_of_Faridpur_Aberdeen,pnngs,2,4,0,-0.14235664903010795,-0.2553809262740273,-0.1423566490301083,3.608224830031759e-16,True
easygese:rice,FT_ratio_of_Faridpur_Aberdeen,pnngs,2,5,0,0.3069364624726523,0.3289605922235399,0.3069364624726523,0.0,True
easygese:rice,FT_ratio_of_Faridpur_Aberdeen,soydngp,1,1,0,0.29555442620734274,0.29252245166523566,0.2955544262073429,-1.6653345369377348e-16,True
easygese:rice,FT_ratio_of_Faridpur_Aberdeen,soydngp,1,2,0,-0.1022326395600223,-0.047039442854091694,-0.10223263956001288,-9.423017921506016e-15,True
easygese:rice,FT_ratio_of_Faridpur_Aberdeen,soydngp,1,3,0,0.2208178185508688,0.2338525241570423,0.22081781855086882,-2.7755575615628914e-17,True
easygese:rice,FT_ratio_of_Faridpur_Aberdeen,soydngp,1,4,0,0.37972176168988064,0.3009447487547649,0.37972176168988064,0.0,True
easygese:rice,FT_ratio_of_Faridpur_Aberdeen,soydngp,1,5,0,0.15424180752230615,0.015492521053890547,0.1542418075223058,3.608224830031759e-16,True
easygese:rice,FT_ratio_of_Faridpur_Aberdeen,soydngp,2,1,0,0.28870307233330245,0.3043267843121088,0.28870307233330217,2.7755575615628914e-16,True
easygese:rice,FT_ratio_of_Faridpur_Aberdeen,soydngp,2,2,0,0.2603396411660659,0.19034532901927917,0.26033964116606584,5.551115123125783e-17,True
easygese:rice,FT_ratio_of_Faridpur_Aberdeen,soydngp,2,3,0,0.0014665873173972414,0.012578787727574585,0.001466587317393867,3.374470841643884e-15,True
easygese:rice,FT_ratio_of_Faridpur_Aberdeen,soydngp,2,4,0,-0.11342517064424584,-0.1905159795289648,-0.1134251706442459,5.551115123125783e-17,True
easygese:rice,FT_ratio_of_Faridpur_Aberdeen,soydngp,2,5,0,0.26355535234841027,0.33317031639641176,0.2635553523484103,-5.551115123125783e-17,True
easygese:rice,FT_ratio_of_Faridpur_Aberdeen,transformer,1,1,0,0.020248487422962,0.08539901322347611,0.02024848742296206,-5.898059818321144e-17,True
easygese:rice,FT_ratio_of_Faridpur_Aberdeen,transformer,1,2,0,0.14972828452751782,0.14115620380051178,0.1497282845275177,1.1102230246251565e-16,True
easygese:rice,FT_ratio_of_Faridpur_Aberdeen,transformer,1,3,0,0.06583114774429705,0.22581372350606696,0.06583114774429653,5.134781488891349e-16,True
easygese:rice,FT_ratio_of_Faridpur_Aberdeen,transformer,1,4,0,0.5630973102021589,0.5977114838114165,0.5630973102021591,-2.220446049250313e-16,True
easygese:rice,FT_ratio_of_Faridpur_Aberdeen,transformer,1,5,0,-0.027407282111512464,-0.007557896634114985,-0.027407282111512412,-5.204170427930421e-17,True
easygese:rice,FT_ratio_of_Faridpur_Aberdeen,transformer,2,1,0,0.24381386650758408,0.3046919337180035,0.2438138665075844,-3.3306690738754696e-16,True
easygese:rice,FT_ratio_of_Faridpur_Aberdeen,transformer,2,2,0,-0.08185565547101017,-0.0940331313105907,-0.08185565547101017,0.0,True
easygese:rice,FT_ratio_of_Faridpur_Aberdeen,transformer,2,3,0,0.2435866961527277,0.30921930854568985,0.24358669615272807,-3.608224830031759e-16,True
easygese:rice,FT_ratio_of_Faridpur_Aberdeen,transformer,2,4,0,-0.00762622849937188,-0.03955427022342496,-0.007626228499371859,-2.168404344971009e-17,True
easygese:rice,FT_ratio_of_Faridpur_Aberdeen,transformer,2,5,0,0.11167812713056731,0.1641494375064494,0.11167812713056739,-8.326672684688674e-17,True
easygese:rice,Flag_leaf_length,cnn,1,1,0,0.17181481731376105,0.10107584011942884,0.17181481731376114,-8.326672684688674e-17,True
easygese:rice,Flag_leaf_length,cnn,1,2,0,0.37456201302829567,0.34894421268383424,0.3745620130282958,-1.1102230246251565e-16,True
easygese:rice,Flag_leaf_length,cnn,1,3,0,0.42399444634737987,0.3742770865118601,0.42399444634737987,0.0,True
easygese:rice,Flag_leaf_length,cnn,1,4,0,0.18015585071133886,0.2291555225959236,0.18015585071133888,-2.7755575615628914e-17,True
easygese:rice,Flag_leaf_length,cnn,1,5,0,0.24036941642198978,0.17197657220767057,0.24036941642198964,1.3877787807814457e-16,True
easygese:rice,Flag_leaf_length,cnn,2,1,0,0.13614981554209327,0.11944594220444972,0.13614981554209324,2.7755575615628914e-17,True
easygese:rice,Flag_leaf_length,cnn,2,2,0,0.40888468702624853,0.3637147254409945,0.4088846870262485,5.551115123125783e-17,True
easygese:rice,Flag_leaf_length,cnn,2,3,0,0.393462835425323,0.2518828640141711,0.3934628354253232,-1.6653345369377348e-16,True
easygese:rice,Flag_leaf_length,cnn,2,4,0,0.25000888077756506,0.19337352472351618,0.25000888077756517,-1.1102230246251565e-16,True
easygese:rice,Flag_leaf_length,cnn,2,5,0,0.2028823930672201,0.18137127690525032,0.20288239306722033,-2.220446049250313e-16,True
easygese:rice,Flag_leaf_length,deepgs,1,1,0,0.38006282215571935,0.4489119158757927,0.38006282215571957,-2.220446049250313e-16,True
easygese:rice,Flag_leaf_length,deepgs,1,2,0,0.16147654414253304,0.17691225444504663,0.16147654414253274,3.0531133177191805e-16,True
easygese:rice,Flag_leaf_length,deepgs,1,3,0,0.28031642320847683,0.2038566357476388,0.2803164232084772,-3.885780586188048e-16,True
easygese:rice,Flag_leaf_length,deepgs,1,4,0,0.22216085037770011,0.16909634534247714,0.22216085037770011,0.0,True
easygese:rice,Flag_leaf_length,deepgs,1,5,0,0.39943908575427123,0.3404954852350927,0.3994390857542713,-5.551115123125783e-17,True
easygese:rice,Flag_leaf_length,deepgs,2,1,0,0.21081478095938683,0.21839132317248275,0.2108147809593869,-8.326672684688674e-17,True
easygese:rice,Flag_leaf_length,deepgs,2,2,0,0.40046438168300963,0.3977990370271202,0.40046438168300946,1.6653345369377348e-16,True
easygese:rice,Flag_leaf_length,deepgs,2,3,0,0.31319744835383656,0.183369537230858,0.31319744835383645,1.1102230246251565e-16,True
easygese:rice,Flag_leaf_length,deepgs,2,4,0,0.3626877328651334,0.3613560032980227,0.36268773286513367,-2.7755575615628914e-16,True
easygese:rice,Flag_leaf_length,deepgs,2,5,0,0.19743849129119626,0.1793143564899593,0.19743849129119637,-1.1102230246251565e-16,True
easygese:rice,Flag_leaf_length,dnngp,1,1,0,0.3131297651262053,0.2793097568202459,0.31312976512620516,1.1102230246251565e-16,True
easygese:rice,Flag_leaf_length,dnngp,1,2,0,0.06746687072255839,0.04642741324152591,0.06746687072255841,-2.7755575615628914e-17,True
easygese:rice,Flag_leaf_length,dnngp,1,3,0,0.2214234934974965,0.21417275522305895,0.22142349349749657,-8.326672684688674e-17,True
easygese:rice,Flag_leaf_length,dnngp,1,4,0,0.17472186182771116,0.15108525471475998,0.17472186182771116,0.0,True
easygese:rice,Flag_leaf_length,dnngp,1,5,0,0.3884939078133972,0.39123834280352826,0.38849390781339715,5.551115123125783e-17,True
easygese:rice,Flag_leaf_length,dnngp,2,1,0,0.22039061188725848,0.1822944717604797,0.2203906118872585,-2.7755575615628914e-17,True
easygese:rice,Flag_leaf_length,dnngp,2,2,0,0.4276546488728136,0.371644877012402,0.4276546488728136,0.0,True
easygese:rice,Flag_leaf_length,dnngp,2,3,0,0.35971860026331304,0.33668386168597153,0.35971860026331326,-2.220446049250313e-16,True
easygese:rice,Flag_leaf_length,dnngp,2,4,0,0.3092200483126063,0.2691593662658819,0.3092200483126066,-2.7755575615628914e-16,True
easygese:rice,Flag_leaf_length,dnngp,2,5,0,0.24949198451348428,0.1810728150420197,0.2494919845134843,-2.7755575615628914e-17,True
easygese:rice,Flag_leaf_length,mlp,1,1,0,0.29326460054065634,0.2766577199526068,0.29326460054065623,1.1102230246251565e-16,True
easygese:rice,Flag_leaf_length,mlp,1,2,0,0.33786425882056415,0.32091564140626,0.33786425882056426,-1.1102230246251565e-16,True
easygese:rice,Flag_leaf_length,mlp,1,3,0,0.2297416020571004,0.19733724485686538,0.2297416020571004,0.0,True
easygese:rice,Flag_leaf_length,mlp,1,4,0,0.13457493193907907,0.19886049678466233,0.13457493193907905,2.7755575615628914e-17,True
easygese:rice,Flag_leaf_length,mlp,1,5,0,0.2830987568873359,0.2516970516391698,0.2830987568873358,5.551115123125783e-17,True
easygese:rice,Flag_leaf_length,mlp,2,1,0,0.09307069528656975,0.12198040600830472,0.09307069528656971,4.163336342344337e-17,True
easygese:rice,Flag_leaf_length,mlp,2,2,0,0.2922805517039643,0.19694360375185746,0.2922805517039642,5.551115123125783e-17,True
easygese:rice,Flag_leaf_length,mlp,2,3,0,0.38697353535916085,0.30946381922310223,0.38697353535916107,-2.220446049250313e-16,True
easygese:rice,Flag_leaf_length,mlp,2,4,0,0.37044780896353635,0.35136494190092116,0.3704478089635362,1.6653345369377348e-16,True
easygese:rice,Flag_leaf_length,mlp,2,5,0,0.19294258445788612,0.16671379157058458,0.19294258445788598,1.3877787807814457e-16,True
easygese:rice,Flag_leaf_length,pnngs,1,1,0,0.10113023214583301,0.08864850650476708,0.10113023214583294,6.938893903907228e-17,True
easygese:rice,Flag_leaf_length,pnngs,1,2,0,0.3660043778428357,0.36415399813724064,0.36600437784283574,-5.551115123125783e-17,True
easygese:rice,Flag_leaf_length,pnngs,1,3,0,-0.061564359470810355,0.02269249752291697,0.06156435947081031,-0.12312871894162067,True
easygese:rice,Flag_leaf_length,pnngs,1,4,0,0.22075361823536907,0.20844077222200436,0.22075361823536913,-5.551115123125783e-17,True
easygese:rice,Flag_leaf_length,pnngs,1,5,0,0.234366557059573,0.2026074711798191,0.23436655705957257,4.163336342344337e-16,True
easygese:rice,Flag_leaf_length,pnngs,2,1,0,0.0019905225072310794,-0.04465708169825784,0.001990522507231551,-4.714111045966973e-16,True
easygese:rice,Flag_leaf_length,pnngs,2,2,0,0.3342037366137341,0.18614491222137536,0.3342037366137342,-1.1102230246251565e-16,True
easygese:rice,Flag_leaf_length,pnngs,2,3,0,0.23579587848051406,0.209344788408757,0.23579587848051414,-8.326672684688674e-17,True
easygese:rice,Flag_leaf_length,pnngs,2,4,0,0.10570920610288838,0.10912901957857656,0.10570920610288846,-8.326672684688674e-17,True
easygese:rice,Flag_leaf_length,pnngs,2,5,0,0.3656516160769614,0.2870468765992736,0.3656516160769613,1.1102230246251565e-16,True
easygese:rice,Flag_leaf_length,soydngp,1,1,0,0.24891935307282304,0.20523454963146257,0.24891935307282206,9.71445146547012e-16,True
easygese:rice,Flag_leaf_length,soydngp,1,2,0,0.3847910492298612,0.3169864212429767,0.38479104922986135,-1.6653345369377348e-16,True
easygese:rice,Flag_leaf_length,soydngp,1,3,0,0.4580371235383614,0.4199833576404911,0.4580371235383621,-7.216449660063518e-16,True
easygese:rice,Flag_leaf_length,soydngp,1,4,0,0.21103606797030053,0.13075397479787287,0.21103606797030036,1.6653345369377348e-16,True
easygese:rice,Flag_leaf_length,soydngp,1,5,0,0.41618880985477696,0.4105554567150617,0.41618880985477685,1.1102230246251565e-16,True
easygese:rice,Flag_leaf_length,soydngp,2,1,0,0.28974238223430354,0.32253332839624255,0.28974238223430343,1.1102230246251565e-16,True
easygese:rice,Flag_leaf_length,soydngp,2,2,0,0.33606481195025023,0.3013017402082314,0.33606481195025034,-1.1102230246251565e-16,True
easygese:rice,Flag_leaf_length,soydngp,2,3,0,0.3229072505239656,0.32083779972477106,0.3229072505239657,-5.551115123125783e-17,True
easygese:rice,Flag_leaf_length,soydngp,2,4,0,0.42543095935444025,0.42989371672722215,0.4254309593544404,-1.6653345369377348e-16,True
easygese:rice,Flag_leaf_length,soydngp,2,5,0,0.250681747373658,0.19959622067301144,0.25068174737365817,-1.6653345369377348e-16,True
easygese:rice,Flag_leaf_length,transformer,1,1,0,0.23697186207316745,0.1944352382101599,0.23697186207316737,8.326672684688674e-17,True
easygese:rice,Flag_leaf_length,transformer,1,2,0,0.308198439467008,0.27685690126935686,0.3081984394670076,3.885780586188048e-16,True
easygese:rice,Flag_leaf_length,transformer,1,3,0,0.3865178796853897,0.37828990340534224,0.38651787968539,-2.7755575615628914e-16,True
easygese:rice,Flag_leaf_length,transformer,1,4,0,0.29293696437944444,0.24169989952154655,0.29293696437944444,0.0,True
easygese:rice,Flag_leaf_length,transformer,1,5,0,0.1400962942522791,0.2029548650810267,0.14009629425227918,-8.326672684688674e-17,True
easygese:rice,Flag_leaf_length,transformer,2,1,0,0.08124890190483784,0.11615620750335279,0.0812489019048379,-5.551115123125783e-17,True
easygese:rice,Flag_leaf_length,transformer,2,2,0,0.35049099790176497,0.22930766210813996,0.3504909979017649,5.551115123125783e-17,True
easygese:rice,Flag_leaf_length,transformer,2,3,0,0.34657982965969686,0.282398812219315,0.3465798296596964,4.440892098500626e-16,True
easygese:rice,Flag_leaf_length,transformer,2,4,0,0.20688948842043242,0.1991471293534613,0.20688948842043264,-2.220446049250313e-16,True
easygese:rice,Flag_leaf_length,transformer,2,5,0,0.15133575229651974,0.1280417153566632,0.15133575229651972,2.7755575615628914e-17,True
easygese:rice,Flag_leaf_width,cnn,1,1,0,0.5927563530255133,0.5801860469974257,0.5927563530255135,-2.220446049250313e-16,True
easygese:rice,Flag_leaf_width,cnn,1,2,0,0.7272478889381144,0.6962068184536107,0.7272478889381139,5.551115123125783e-16,True
easygese:rice,Flag_leaf_width,cnn,1,3,0,0.7231017117959099,0.6936599634254721,0.7231017117959093,5.551115123125783e-16,True
easygese:rice,Flag_leaf_width,cnn,1,4,0,0.6269948627671961,0.6574614619500324,0.6269948627671956,4.440892098500626e-16,True
easygese:rice,Flag_leaf_width,cnn,1,5,0,0.6283698352215006,0.6113049958758799,0.6283698352215004,2.220446049250313e-16,True
easygese:rice,Flag_leaf_width,cnn,2,1,0,0.6353608616506587,0.6411856981981805,0.6353608616506589,-1.1102230246251565e-16,True
easygese:rice,Flag_leaf_width,cnn,2,2,0,0.6396624400490742,0.673329733782828,0.6396624400490746,-3.3306690738754696e-16,True
easygese:rice,Flag_leaf_width,cnn,2,3,0,0.6495121730187604,0.607276900696777,0.6495121730187603,1.1102230246251565e-16,True
easygese:rice,Flag_leaf_width,cnn,2,4,0,0.602063238344633,0.5796781305015449,0.6020632383446333,-2.220446049250313e-16,True
easygese:rice,Flag_leaf_width,cnn,2,5,0,0.6697774501489109,0.6841454350279725,0.6697774501489107,2.220446049250313e-16,True
easygese:rice,Flag_leaf_width,deepgs,1,1,0,0.5916589720954213,0.5638355980821539,0.5916589720954214,-1.1102230246251565e-16,True
easygese:rice,Flag_leaf_width,deepgs,1,2,0,0.584896856041804,0.5622493797867467,0.5848968560418044,-4.440892098500626e-16,True
easygese:rice,Flag_leaf_width,deepgs,1,3,0,0.6124396629418937,0.5896479649020125,0.6124396629418939,-2.220446049250313e-16,True
easygese:rice,Flag_leaf_width,deepgs,1,4,0,0.6135609946340403,0.5502850611306159,0.6135609946340405,-1.1102230246251565e-16,True
easygese:rice,Flag_leaf_width,deepgs,1,5,0,0.6039330748520779,0.5694614345714096,0.6039330748520784,-4.440892098500626e-16,True
easygese:rice,Flag_leaf_width,deepgs,2,1,0,0.6412764241780722,0.629226394557116,0.6412764241780722,0.0,True
easygese:rice,Flag_leaf_width,deepgs,2,2,0,0.5926598486959598,0.6102861816486671,0.5926598486959603,-5.551115123125783e-16,True
easygese:rice,Flag_leaf_width,deepgs,2,3,0,0.6419675509108276,0.581090878410818,0.6419675509108275,1.1102230246251565e-16,True
easygese:rice,Flag_leaf_width,deepgs,2,4,0,0.6252933476370555,0.6112728443936692,0.6252933476370556,-1.1102230246251565e-16,True
easygese:rice,Flag_leaf_width,deepgs,2,5,0,0.5355752437419256,0.4716582127467183,0.5355752437419258,-2.220446049250313e-16,True
easygese:rice,Flag_leaf_width,dnngp,1,1,0,0.5836149253842893,0.5321594541670192,0.5836149253842893,0.0,True
easygese:rice,Flag_leaf_width,dnngp,1,2,0,0.6174842659443361,0.6158733531995982,0.6174842659443361,0.0,True
easygese:rice,Flag_leaf_width,dnngp,1,3,0,0.640511564460748,0.6496639388711669,0.6405115644607484,-4.440892098500626e-16,True
easygese:rice,Flag_leaf_width,dnngp,1,4,0,0.5787339387520947,0.4793049478993395,0.5787339387520951,-4.440892098500626e-16,True
easygese:rice,Flag_leaf_width,dnngp,1,5,0,0.600412666572327,0.5727850660160311,0.600412666572327,0.0,True
easygese:rice,Flag_leaf_width,dnngp,2,1,0,0.5817353227904857,0.5038585371848838,0.5817353227904857,0.0,True
easygese:rice,Flag_leaf_width,dnngp,2,2,0,0.5691463984510456,0.5123609083955646,0.5691463984510456,0.0,True
easygese:rice,Flag_leaf_width,dnngp,2,3,0,0.6366905715804924,0.631057179435573,0.6366905715804929,-5.551115123125783e-16,True
easygese:rice,Flag_leaf_width,dnngp,2,4,0,0.5993388655794538,0.6003739956890318,0.5993388655794538,0.0,True
easygese:rice,Flag_leaf_width,dnngp,2,5,0,0.5377125684522067,0.47272442561483907,0.5377125684522066,1.1102230246251565e-16,True
easygese:rice,Flag_leaf_width,mlp,1,1,0,0.6062118829083747,0.5208342140833833,0.6062118829083745,2.220446049250313e-16,True
easygese:rice,Flag_leaf_width,mlp,1,2,0,0.6917139736353448,0.6494403977736903,0.691713973635345,-2.220446049250313e-16,True
easygese:rice,Flag_leaf_width,mlp,1,3,0,0.6156157104496784,0.5483617137654561,0.6156157104496788,-3.3306690738754696e-16,True
easygese:rice,Flag_leaf_width,mlp,1,4,0,0.651851543093897,0.6348406274962928,0.6518515430938969,1.1102230246251565e-16,True
easygese:rice,Flag_leaf_width,mlp,1,5,0,0.6555801720626344,0.6147241490065801,0.6555801720626347,-3.3306690738754696e-16,True
easygese:rice,Flag_leaf_width,mlp,2,1,0,0.5796296726384247,0.5936802798616012,0.5796296726384246,1.1102230246251565e-16,True
easygese:rice,Flag_leaf_width,mlp,2,2,0,0.6222764925262217,0.6316295579684773,0.6222764925262215,2.220446049250313e-16,True
easygese:rice,Flag_leaf_width,mlp,2,3,0,0.651129346274164,0.6603295864411635,0.6511293462741639,1.1102230246251565e-16,True
easygese:rice,Flag_leaf_width,mlp,2,4,0,0.6306521647547517,0.6142674528062737,0.6306521647547517,0.0,True
easygese:rice,Flag_leaf_width,mlp,2,5,0,0.5037198699468252,0.4520724017064144,0.5037198699468253,-1.1102230246251565e-16,True
easygese:rice,Flag_leaf_width,pnngs,1,1,0,0.5648726846035189,0.5555427116705194,0.5648726846035185,4.440892098500626e-16,True
easygese:rice,Flag_leaf_width,pnngs,1,2,0,0.7098200659056781,0.7200568241082005,0.7098200659056779,2.220446049250313e-16,True
easygese:rice,Flag_leaf_width,pnngs,1,3,0,0.5844172356147124,0.5175221340141346,0.5844172356147125,-1.1102230246251565e-16,True
easygese:rice,Flag_leaf_width,pnngs,1,4,0,0.45608554775532995,0.3387143913078158,0.45608554775532945,4.996003610813204e-16,True
easygese:rice,Flag_leaf_width,pnngs,1,5,0,0.4663375866067069,0.4585931626579482,0.46633758660670693,-5.551115123125783e-17,True
easygese:rice,Flag_leaf_width,pnngs,2,1,0,0.6281317017428151,0.6269992038600577,0.6281317017428146,4.440892098500626e-16,True
easygese:rice,Flag_leaf_width,pnngs,2,2,0,0.6480092078183021,0.6088804885735645,0.6480092078183021,0.0,True
easygese:rice,Flag_leaf_width,pnngs,2,3,0,0.4983498258011202,0.547158945942933,0.4983498258011207,-4.996003610813204e-16,True
easygese:rice,Flag_leaf_width,pnngs,2,4,0,0.462424715181299,0.4381956212197952,0.462424715181299,0.0,True
easygese:rice,Flag_leaf_width,pnngs,2,5,0,0.5147816809726484,0.490276484751851,0.5147816809726483,1.1102230246251565e-16,True
easygese:rice,Flag_leaf_width,soydngp,1,1,0,0.6532806640062078,0.660690501449963,0.6532806640062079,-1.1102230246251565e-16,True
easygese:rice,Flag_leaf_width,soydngp,1,2,0,0.751900461923566,0.7280743453603413,0.751900461923566,0.0,True
easygese:rice,Flag_leaf_width,soydngp,1,3,0,0.7317812315648718,0.7049830801012894,0.7317812315648722,-3.3306690738754696e-16,True
easygese:rice,Flag_leaf_width,soydngp,1,4,0,0.6589829380905063,0.6212765203121245,0.6589829380905065,-1.1102230246251565e-16,True
easygese:rice,Flag_leaf_width,soydngp,1,5,0,0.6844212530977233,0.6680942241317389,0.6844212530977235,-2.220446049250313e-16,True
easygese:rice,Flag_leaf_width,soydngp,2,1,0,0.6466585163208086,0.6521842837536815,0.6466585163208088,-2.220446049250313e-16,True
easygese:rice,Flag_leaf_width,soydngp,2,2,0,0.7185325173925912,0.7147082232367916,0.7185325173925914,-2.220446049250313e-16,True
easygese:rice,Flag_leaf_width,soydngp,2,3,0,0.7123531010979424,0.6809999060318196,0.712353101097942,3.3306690738754696e-16,True
easygese:rice,Flag_leaf_width,soydngp,2,4,0,0.6483072278104614,0.604147373626622,0.6483072278104614,0.0,True
easygese:rice,Flag_leaf_width,soydngp,2,5,0,0.6740725688959993,0.6666958943600548,0.6740725688959991,2.220446049250313e-16,True
easygese:rice,Flag_leaf_width,transformer,1,1,0,0.6319959921048551,0.5941751619276131,0.6319959921048556,-4.440892098500626e-16,True
easygese:rice,Flag_leaf_width,transformer,1,2,0,0.6884490911012954,0.6634933463169563,0.6884490911012956,-2.220446049250313e-16,True
easygese:rice,Flag_leaf_width,transformer,1,3,0,0.5964847524199791,0.542162797451444,0.5964847524199791,0.0,True
easygese:rice,Flag_leaf_width,transformer,1,4,0,0.6647457573151561,0.638924697319172,0.6647457573151561,0.0,True
easygese:rice,Flag_leaf_width,transformer,1,5,0,0.6197100180101135,0.5977861061937042,0.6197100180101135,0.0,True
easygese:rice,Flag_leaf_width,transformer,2,1,0,0.6256565671680809,0.6436577904386336,0.6256565671680809,0.0,True
easygese:rice,Flag_leaf_width,transformer,2,2,0,0.596125499178646,0.6426574980191762,0.5961254991786459,1.1102230246251565e-16,True
easygese:rice,Flag_leaf_width,transformer,2,3,0,0.6645540823563796,0.6302080762290194,0.6645540823563794,2.220446049250313e-16,True
easygese:rice,Flag_leaf_width,transformer,2,4,0,0.5543636865311725,0.6016456235355488,0.5543636865311726,-1.1102230246251565e-16,True
easygese:rice,Flag_leaf_width,transformer,2,5,0,0.507500197379989,0.48523375274336794,0.5075001973799885,4.440892098500626e-16,True
easygese:rice,Florets_per_panicle,cnn,1,1,0,0.2588333605949663,0.30509422818528237,0.25883336059496626,5.551115123125783e-17,True
easygese:rice,Florets_per_panicle,cnn,1,2,0,0.46690577909384373,0.4496269356279003,0.46690577909384406,-3.3306690738754696e-16,True
easygese:rice,Florets_per_panicle,cnn,1,3,0,0.45706388633616146,0.36054257737911916,0.4570638863361612,2.7755575615628914e-16,True
easygese:rice,Florets_per_panicle,cnn,1,4,0,0.4396418827485325,0.4089203601940884,0.4396418827485323,2.220446049250313e-16,True
easygese:rice,Florets_per_panicle,cnn,1,5,0,0.4658156851800346,0.39634721170188947,0.4658156851800348,-2.220446049250313e-16,True
easygese:rice,Florets_per_panicle,cnn,2,1,0,0.4052925707676901,0.40690667307098244,0.40529257076769,1.1102230246251565e-16,True
easygese:rice,Florets_per_panicle,cnn,2,2,0,0.4193940223328639,0.4065804289561078,0.4193940223328641,-2.220446049250313e-16,True
easygese:rice,Florets_per_panicle,cnn,2,3,0,0.4385468350312362,0.36007326473281726,0.438546835031236,2.220446049250313e-16,True
easygese:rice,Florets_per_panicle,cnn,2,4,0,0.4106378000394626,0.3828866332744742,0.4106378000394624,2.220446049250313e-16,True
easygese:rice,Florets_per_panicle,cnn,2,5,0,0.4039557555764873,0.37218897942542106,0.4039557555764874,-1.1102230246251565e-16,True
easygese:rice,Florets_per_panicle,deepgs,1,1,0,0.37405877894695316,0.24111772639278958,0.3740587789469534,-2.220446049250313e-16,True
easygese:rice,Florets_per_panicle,deepgs,1,2,0,0.4549936946381149,0.3532347344316797,0.4549936946381143,6.106226635438361e-16,True
easygese:rice,Florets_per_panicle,deepgs,1,3,0,0.32597276455943003,0.3945092942068551,0.3259727645594293,7.216449660063518e-16,True
easygese:rice,Florets_per_panicle,deepgs,1,4,0,0.3254485250584597,0.32272089902229983,0.3254485250584598,-5.551115123125783e-17,True
easygese:rice,Florets_per_panicle,deepgs,1,5,0,0.43169018980017554,0.4031219131224219,0.43169018980017587,-3.3306690738754696e-16,True
easygese:rice,Florets_per_panicle,deepgs,2,1,0,0.3741804552913661,0.36866076139493154,0.37418045529136645,-3.3306690738754696e-16,True
easygese:rice,Florets_per_panicle,deepgs,2,2,0,0.42724093939133045,0.41627785747566604,0.4272409393913304,5.551115123125783e-17,True
easygese:rice,Florets_per_panicle,deepgs,2,3,0,0.27209107980692115,0.2237257108259105,0.27209107980692093,2.220446049250313e-16,True
easygese:rice,Florets_per_panicle,deepgs,2,4,0,0.4729322889801863,0.4376411304471091,0.4729322889801864,-1.1102230246251565e-16,True
easygese:rice,Florets_per_panicle,deepgs,2,5,0,0.20642445575021492,0.16757295433001101,0.20642445575021498,-5.551115123125783e-17,True
easygese:rice,Florets_per_panicle,dnngp,1,1,0,0.38739469433320883,0.40246144007781404,0.3873946943332089,-5.551115123125783e-17,True
easygese:rice,Florets_per_panicle,dnngp,1,2,0,0.46952122192843615,0.445102970857084,0.46952122192843593,2.220446049250313e-16,True
easygese:rice,Florets_per_panicle,dnngp,1,3,0,0.2505037462123107,0.23046500865631442,0.25050374621231053,1.6653345369377348e-16,True
easygese:rice,Florets_per_panicle,dnngp,1,4,0,0.2610117487635917,0.3031973419227797,0.2610117487635916,5.551115123125783e-17,True
easygese:rice,Florets_per_panicle,dnngp,1,5,0,0.4264204517016577,0.3610312112462805,0.4264204517016572,4.996003610813204e-16,True
easygese:rice,Florets_per_panicle,dnngp,2,1,0,0.2561494996486639,0.29823355549061886,0.2561494996486638,1.1102230246251565e-16,True
easygese:rice,Florets_per_panicle,dnngp,2,2,0,0.38084083135642105,0.39869957643429765,0.38084083135642194,-8.881784197001252e-16,True
easygese:rice,Florets_per_panicle,dnngp,2,3,0,0.2589402712054392,0.24223675326369418,0.2589402712054393,-5.551115123125783e-17,True
easygese:rice,Florets_per_panicle,dnngp,2,4,0,0.4861326877977864,0.4395822343360557,0.48613268779778673,-3.3306690738754696e-16,True
easygese:rice,Florets_per_panicle,dnngp,2,5,0,0.27952336356812246,0.2430279050097814,0.2795233635681223,1.6653345369377348e-16,True
easygese:rice,Florets_per_panicle,mlp,1,1,0,0.3847423707135289,0.38881265730380377,0.38474237071352924,-3.3306690738754696e-16,True
easygese:rice,Florets_per_panicle,mlp,1,2,0,0.4754344132399756,0.44009198445122816,0.47543441323997565,-5.551115123125783e-17,True
easygese:rice,Florets_per_panicle,mlp,1,3,0,0.33077396581667745,0.32687545236905363,0.33077396581667745,0.0,True
easygese:rice,Florets_per_panicle,mlp,1,4,0,0.21247435812605575,0.18619579928988686,0.2124743581260557,5.551115123125783e-17,True
easygese:rice,Florets_per_panicle,mlp,1,5,0,0.4546726498298112,0.4163525294639824,0.4546726498298108,3.885780586188048e-16,True
easygese:rice,Florets_per_panicle,mlp,2,1,0,0.3017730503472525,0.2613243472416377,0.3017730503472525,0.0,True
easygese:rice,Florets_per_panicle,mlp,2,2,0,0.4381616525380575,0.42804495197689013,0.43816165253805733,1.6653345369377348e-16,True
easygese:rice,Florets_per_panicle,mlp,2,3,0,0.2584556015215412,0.25217631142078933,0.2584556015215412,0.0,True
easygese:rice,Florets_per_panicle,mlp,2,4,0,0.5267816603141624,0.43880435930298767,0.5267816603141621,3.3306690738754696e-16,True
easygese:rice,Florets_per_panicle,mlp,2,5,0,0.20251462402230128,0.12727205181854084,0.20251462402230105,2.220446049250313e-16,True
easygese:rice,Florets_per_panicle,pnngs,1,1,0,0.3289822188952029,0.3114595411334204,0.3289822188952025,3.885780586188048e-16,True
easygese:rice,Florets_per_panicle,pnngs,1,2,0,-0.01469601812187734,-0.011848599347976259,-0.014696018121877678,3.382710778154774e-16,True
easygese:rice,Florets_per_panicle,pnngs,1,3,0,0.2923171512388908,0.32637016196257623,0.2923171512388903,4.996003610813204e-16,True
easygese:rice,Florets_per_panicle,pnngs,1,4,0,0.25292438456211525,0.23154718369708993,0.25292438456211586,-6.106226635438361e-16,True
easygese:rice,Florets_per_panicle,pnngs,1,5,0,0.28466025905871745,0.08855828936266966,0.28466025905871656,8.881784197001252e-16,True
easygese:rice,Florets_per_panicle,pnngs,2,1,0,0.22623555921916308,0.3586506245627682,0.22623555921916286,2.220446049250313e-16,True
easygese:rice,Florets_per_panicle,pnngs,2,2,0,0.2541904128900232,0.29194267514627714,0.2541904128900233,-1.1102230246251565e-16,True
easygese:rice,Florets_per_panicle,pnngs,2,3,0,0.34197003967396394,0.3734392834933311,0.3419700396739654,-1.4432899320127035e-15,True
easygese:rice,Florets_per_panicle,pnngs,2,4,0,0.36882982288106597,0.3419040466703446,0.3688298228810653,6.661338147750939e-16,True
easygese:rice,Florets_per_panicle,pnngs,2,5,0,0.24949195993174242,0.2103117104890326,0.2494919599317432,-7.771561172376096e-16,True
easygese:rice,Florets_per_panicle,soydngp,1,1,0,0.17182560781623385,0.16377326782253682,0.1718256078162798,-4.596323321948148e-14,True
easygese:rice,Florets_per_panicle,soydngp,1,2,0,0.4729286915513129,0.4334700180658407,0.47292869155131156,1.3322676295501878e-15,True
easygese:rice,Florets_per_panicle,soydngp,1,3,0,0.5250292428041984,0.4198306191169975,0.5250292428041986,-2.220446049250313e-16,True
easygese:rice,Florets_per_panicle,soydngp,1,4,0,0.4671953700659225,0.4492358070303121,0.4671953700659223,1.6653345369377348e-16,True
easygese:rice,Florets_per_panicle,soydngp,1,5,0,0.4385252017611376,0.4331384759369369,0.4385252017611374,1.6653345369377348e-16,True
easygese:rice,Florets_per_panicle,soydngp,2,1,0,0.5020696780609323,0.3858992478504025,0.5020696780609326,-3.3306690738754696e-16,True
easygese:rice,Florets_per_panicle,soydngp,2,2,0,0.4931695204706377,0.5092279629004668,0.493169520470638,-2.7755575615628914e-16,True
easygese:rice,Florets_per_panicle,soydngp,2,3,0,0.41528931677212655,0.33133054359259795,0.41528931677212677,-2.220446049250313e-16,True
easygese:rice,Florets_per_panicle,soydngp,2,4,0,0.6146362869973265,0.5594289031215084,0.6146362869973265,0.0,True
easygese:rice,Florets_per_panicle,soydngp,2,5,0,0.492808731796016,0.49792734270874295,0.49280873179601614,-1.6653345369377348e-16,True
easygese:rice,Florets_per_panicle,transformer,1,1,0,0.37511670194379076,0.3460749058877981,0.3751167019437906,1.6653345369377348e-16,True
easygese:rice,Florets_per_panicle,transformer,1,2,0,0.44595001576225485,0.47683121466292483,0.4459500157622545,3.3306690738754696e-16,True
easygese:rice,Florets_per_panicle,transformer,1,3,0,0.3265394406435665,0.36807836799635674,0.32653944064356616,3.3306690738754696e-16,True
easygese:rice,Florets_per_panicle,transformer,1,4,0,0.27835531520796664,0.19635001661621826,0.2783553152079663,3.3306690738754696e-16,True
easygese:rice,Florets_per_panicle,transformer,1,5,0,0.4091273100650019,0.3930587349648396,0.409127310065002,-1.1102230246251565e-16,True
easygese:rice,Florets_per_panicle,transformer,2,1,0,0.4497909462371966,0.4940185406816022,0.44979094623719673,-1.1102230246251565e-16,True
easygese:rice,Florets_per_panicle,transformer,2,2,0,0.4874329837472616,0.384039522350987,0.4874329837472612,3.885780586188048e-16,True
easygese:rice,Florets_per_panicle,transformer,2,3,0,0.3256152219574429,0.33859541586791514,0.3256152219574433,-3.885780586188048e-16,True
easygese:rice,Florets_per_panicle,transformer,2,4,0,0.46578432329517583,0.4283615321638612,0.4657843232951761,-2.7755575615628914e-16,True
easygese:rice,Florets_per_panicle,transformer,2,5,0,0.23355343666721484,0.19455116045517082,0.2335534366672144,4.440892098500626e-16,True
easygese:rice,Flowering_time_at_Aberdeen,cnn,1,1,0,0.31386790417008326,0.28610219099570905,0.3138679041700829,3.3306690738754696e-16,True
easygese:rice,Flowering_time_at_Aberdeen,cnn,1,2,0,0.40671846578990717,0.2875851059979093,0.4067184657899069,2.7755575615628914e-16,True
easygese:rice,Flowering_time_at_Aberdeen,cnn,1,3,0,0.3453598139999899,0.42489479767341143,0.3453598139999899,0.0,True
easygese:rice,Flowering_time_at_Aberdeen,cnn,1,4,0,-0.035663210818533866,-0.00015291761931887716,-0.035663210818533894,2.7755575615628914e-17,True
easygese:rice,Flowering_time_at_Aberdeen,cnn,1,5,0,0.18503214862701964,0.09346876703414424,0.18503214862701967,-2.7755575615628914e-17,True
easygese:rice,Flowering_time_at_Aberdeen,cnn,2,1,0,0.1309535916139218,0.10123935794722314,0.13095359161392184,-2.7755575615628914e-17,True
easygese:rice,Flowering_time_at_Aberdeen,cnn,2,2,0,0.4077764155513149,0.4067484424847392,0.40777641555131483,5.551115123125783e-17,True
easygese:rice,Flowering_time_at_Aberdeen,cnn,2,3,0,0.1693188229716679,0.17475571230246592,0.16931882297166798,-8.326672684688674e-17,True
easygese:rice,Flowering_time_at_Aberdeen,cnn,2,4,0,0.11871058588727208,0.16748906640929975,0.11871058588727207,1.3877787807814457e-17,True
easygese:rice,Flowering_time_at_Aberdeen,cnn,2,5,0,0.17676296398171332,0.10057299057127626,0.17676296398171326,5.551115123125783e-17,True
easygese:rice,Flowering_time_at_Aberdeen,deepgs,1,1,0,0.22559823991264433,0.16295575898630607,0.22559823991264438,-5.551115123125783e-17,True
easygese:rice,Flowering_time_at_Aberdeen,deepgs,1,2,0,0.3331490909704782,0.3065054107352662,0.33314909097047823,-5.551115123125783e-17,True
easygese:rice,Flowering_time_at_Aberdeen,deepgs,1,3,0,0.33858614215581584,0.306793557624102,0.33858614215581584,0.0,True
easygese:rice,Flowering_time_at_Aberdeen,deepgs,1,4,0,-0.12360834338020078,-0.1078226496351068,-0.12360834338020055,-2.3592239273284576e-16,True
easygese:rice,Flowering_time_at_Aberdeen,deepgs,1,5,0,0.19925628152499528,0.040150539145407754,0.19925628152499528,0.0,True
easygese:rice,Flowering_time_at_Aberdeen,deepgs,2,1,0,0.296415397876536,0.25103947770259927,0.2964153978765359,5.551115123125783e-17,True
easygese:rice,Flowering_time_at_Aberdeen,deepgs,2,2,0,0.24038375346868832,0.10758414966227561,0.24038375346868837,-5.551115123125783e-17,True
easygese:rice,Flowering_time_at_Aberdeen,deepgs,2,3,0,0.26737567428419545,0.23086032083863733,0.26737567428419556,-1.1102230246251565e-16,True
easygese:rice,Flowering_time_at_Aberdeen,deepgs,2,4,0,0.17834572908710278,0.1850471052245642,0.17834572908710278,0.0,True
easygese:rice,Flowering_time_at_Aberdeen,deepgs,2,5,0,0.15892993668995758,0.12536365350548775,0.15892993668995747,1.1102230246251565e-16,True
easygese:rice,Flowering_time_at_Aberdeen,dnngp,1,1,0,0.06329446128904972,0.09317123129947355,0.06329446128904975,-2.7755575615628914e-17,True
easygese:rice,Flowering_time_at_Aberdeen,dnngp,1,2,0,0.14212120034599823,0.1896683465325024,0.14212120034599823,0.0,True
easygese:rice,Flowering_time_at_Aberdeen,dnngp,1,3,0,0.35918941652542025,0.40955429950233235,0.35918941652541997,2.7755575615628914e-16,True
easygese:rice,Flowering_time_at_Aberdeen,dnngp,1,4,0,-0.2843101705090019,0.26655825643078884,0.28431017050900176,-0.5686203410180037,True
easygese:rice,Flowering_time_at_Aberdeen,dnngp,1,5,0,0.16473836439822773,0.10778537804146675,0.16473836439822775,-2.7755575615628914e-17,True
easygese:rice,Flowering_time_at_Aberdeen,dnngp,2,1,0,0.2944018880014653,0.2834821094352367,0.29440188800146555,-2.7755575615628914e-16,True
easygese:rice,Flowering_time_at_Aberdeen,dnngp,2,2,0,0.03496195250518644,0.14700418396337342,0.03496195250518646,-2.0816681711721685e-17,True
easygese:rice,Flowering_time_at_Aberdeen,dnngp,2,3,0,0.22817358399311088,0.20990903067344957,0.22817358399311083,5.551115123125783e-17,True
easygese:rice,Flowering_time_at_Aberdeen,dnngp,2,4,0,0.11403907038439426,0.10512469827134124,0.1140390703843943,-4.163336342344337e-17,True
easygese:rice,Flowering_time_at_Aberdeen,dnngp,2,5,0,-0.16374468683653073,-0.12390154621277966,-0.16374468683653082,8.326672684688674e-17,True
easygese:rice,Flowering_time_at_Aberdeen,mlp,1,1,0,0.0800658670491282,0.044461194223654396,0.08006586704912813,6.938893903907228e-17,True
easygese:rice,Flowering_time_at_Aberdeen,mlp,1,2,0,0.21974448570797414,0.2582251580944837,0.21974448570797409,5.551115123125783e-17,True
easygese:rice,Flowering_time_at_Aberdeen,mlp,1,3,0,0.04625126061448166,0.0010615262654622354,0.0462512606144817,-3.469446951953614e-17,True
easygese:rice,Flowering_time_at_Aberdeen,mlp,1,4,0,0.05015883944578725,0.07801442510160235,0.05015883944578785,-5.967448757360216e-16,True
easygese:rice,Flowering_time_at_Aberdeen,mlp,1,5,0,-0.08953364491111566,-0.03672202085457937,0.08953364491111547,-0.17906728982223113,True
easygese:rice,Flowering_time_at_Aberdeen,mlp,2,1,0,0.11602014705755316,0.005459001790254494,0.11602014705755329,-1.249000902703301e-16,True
easygese:rice,Flowering_time_at_Aberdeen,mlp,2,2,0,0.045405621508233504,-0.016833209526476652,0.04540562150823355,-4.85722573273506e-17,True
easygese:rice,Flowering_time_at_Aberdeen,mlp,2,3,0,0.26579172793959627,0.17089164259058134,0.26579172793959593,3.3306690738754696e-16,True
easygese:rice,Flowering_time_at_Aberdeen,mlp,2,4,0,0.1537000265693706,0.1508302287620449,0.15370002656937076,-1.6653345369377348e-16,True
easygese:rice,Flowering_time_at_Aberdeen,mlp,2,5,0,0.1023284949931751,0.14143906565409242,0.10232849499317515,-4.163336342344337e-17,True
easygese:rice,Flowering_time_at_Aberdeen,pnngs,1,1,0,-0.0070987201338040175,-0.04797374280043729,-0.007098720133804033,1.5612511283791264e-17,True
easygese:rice,Flowering_time_at_Aberdeen,pnngs,1,2,0,0.12206895343512696,0.15328716408527754,0.12206895343512694,1.3877787807814457e-17,True
easygese:rice,Flowering_time_at_Aberdeen,pnngs,1,3,0,-0.006827785531719445,0.06475035662480699,-0.00682778553171937,-7.45931094670027e-17,True
easygese:rice,Flowering_time_at_Aberdeen,pnngs,1,4,0,0.041131699929951464,0.029796460950303624,0.04113169992995126,2.0122792321330962e-16,True
easygese:rice,Flowering_time_at_Aberdeen,pnngs,1,5,0,0.11215246641489408,0.07601427366027404,0.11215246641489388,2.0816681711721685e-16,True
easygese:rice,Flowering_time_at_Aberdeen,pnngs,2,1,0,0.2386975950179034,0.22753825349664153,0.23869759501790364,-2.220446049250313e-16,True
easygese:rice,Flowering_time_at_Aberdeen,pnngs,2,2,0,-0.07547296599422912,-0.27639505181721175,-0.075472965994229,-1.249000902703301e-16,True
easygese:rice,Flowering_time_at_Aberdeen,pnngs,2,3,0,-0.02940144968869732,-0.07213483334219732,-0.029401449688697116,-2.0469737016526324e-16,True
easygese:rice,Flowering_time_at_Aberdeen,pnngs,2,4,0,0.15221648235343116,0.19627376214253128,0.15221648235343108,8.326672684688674e-17,True
easygese:rice,Flowering_time_at_Aberdeen,pnngs,2,5,0,-0.18792601716726168,-0.08576846250327447,-0.18792601716726104,-6.38378239159465e-16,True
easygese:rice,Flowering_time_at_Aberdeen,soydngp,1,1,0,0.3435188018477576,0.3038002592877043,0.34351880184775785,-2.220446049250313e-16,True
easygese:rice,Flowering_time_at_Aberdeen,soydngp,1,2,0,0.3590923301522957,0.30287090255250493,0.35909233015229536,3.3306690738754696e-16,True
easygese:rice,Flowering_time_at_Aberdeen,soydngp,1,3,0,0.38134855863241846,0.3886187579602737,0.38134855863241857,-1.1102230246251565e-16,True
easygese:rice,Flowering_time_at_Aberdeen,soydngp,1,4,0,0.29473159872625987,0.30152928783726946,0.29473159872624904,1.0824674490095276e-14,True
easygese:rice,Flowering_time_at_Aberdeen,soydngp,1,5,0,-0.000360014373327948,0.005718601511873127,-0.0003600143733279867,3.870601755773251e-17,True
easygese:rice,Flowering_time_at_Aberdeen,soydngp,2,1,0,0.5132405590595137,0.4481857479680093,0.5132405590595135,2.220446049250313e-16,True
easygese:rice,Flowering_time_at_Aberdeen,soydngp,2,2,0,0.3186003030394767,0.32587959007236267,0.3186003030394766,5.551115123125783e-17,True
easygese:rice,Flowering_time_at_Aberdeen,soydngp,2,3,0,0.27903269496706923,0.29810381118689805,0.2790326949670694,-1.6653345369377348e-16,True
easygese:rice,Flowering_time_at_Aberdeen,soydngp,2,4,0,0.014891440992892671,0.09706869879058991,0.014891440992891322,1.349614864309956e-15,True
easygese:rice,Flowering_time_at_Aberdeen,soydngp,2,5,0,0.03146401667064983,-0.04272364256332187,0.03146401667064969,1.3877787807814457e-16,True
easygese:rice,Flowering_time_at_Aberdeen,transformer,1,1,0,0.090309168341634,-0.010167429391370638,0.09030916834163408,-8.326672684688674e-17,True
easygese:rice,Flowering_time_at_Aberdeen,transformer,1,2,0,0.20154767196512327,0.158018303713621,0.2015476719651233,-2.7755575615628914e-17,True
easygese:rice,Flowering_time_at_Aberdeen,transformer,1,3,0,0.24070546490270997,0.1520342760138017,0.24070546490271005,-8.326672684688674e-17,True
easygese:rice,Flowering_time_at_Aberdeen,transformer,1,4,0,0.22245604176503297,0.1611784780297557,0.2224560417650329,8.326672684688674e-17,True
easygese:rice,Flowering_time_at_Aberdeen,transformer,1,5,0,0.11886928495440302,0.3174355644364158,0.118869284954403,1.3877787807814457e-17,True
easygese:rice,Flowering_time_at_Aberdeen,transformer,2,1,0,0.11447953476987524,0.10549585317491236,0.11447953476987519,5.551115123125783e-17,True
easygese:rice,Flowering_time_at_Aberdeen,transformer,2,2,0,-0.009743529554294137,-0.03630668161712746,-0.009743529554294106,-3.122502256758253e-17,True
easygese:rice,Flowering_time_at_Aberdeen,transformer,2,3,0,0.26840333849113485,0.29454280434560515,0.26840333849113485,0.0,True
easygese:rice,Flowering_time_at_Aberdeen,transformer,2,4,0,0.3566447295829925,0.23929270396099747,0.3566447295829926,-1.1102230246251565e-16,True
easygese:rice,Flowering_time_at_Aberdeen,transformer,2,5,0,0.09696603101491014,0.08366792491230572,0.0969660310149101,4.163336342344337e-17,True
easygese:rice,Flowering_time_at_Arkansas,cnn,1,1,0,0.5987703962953422,0.5628770040835368,0.5987703962953425,-2.220446049250313e-16,True
easygese:rice,Flowering_time_at_Arkansas,cnn,1,2,0,0.3474038963744019,0.25394567036396387,0.34740389637440194,-5.551115123125783e-17,True
easygese:rice,Flowering_time_at_Arkansas,cnn,1,3,0,0.2249142022484427,0.2353247283056391,0.22491420224844277,-8.326672684688674e-17,True
easygese:rice,Flowering_time_at_Arkansas,cnn,1,4,0,0.5179362742214286,0.4617433091832534,0.5179362742214288,-2.220446049250313e-16,True
easygese:rice,Flowering_time_at_Arkansas,cnn,1,5,0,0.5377367205178718,0.49927422830863044,0.5377367205178716,2.220446049250313e-16,True
easygese:rice,Flowering_time_at_Arkansas,cnn,2,1,0,0.5870745805417372,0.521224609208127,0.5870745805417377,-4.440892098500626e-16,True
easygese:rice,Flowering_time_at_Arkansas,cnn,2,2,0,0.598033640096077,0.6116373492560393,0.5980336400960772,-2.220446049250313e-16,True
easygese:rice,Flowering_time_at_Arkansas,cnn,2,3,0,0.3464237166632841,0.3913646648284406,0.3464237166632844,-3.3306690738754696e-16,True
easygese:rice,Flowering_time_at_Arkansas,cnn,2,4,0,0.30061711965139876,0.3005366721849976,0.30061711965139865,1.1102230246251565e-16,True
easygese:rice,Flowering_time_at_Arkansas,cnn,2,5,0,0.4340069169367812,0.4558964085549402,0.43400691693678123,-5.551115123125783e-17,True
easygese:rice,Flowering_time_at_Arkansas,deepgs,1,1,0,0.4232424765165972,0.2895031562220668,0.4232424765165971,1.1102230246251565e-16,True
easygese:rice,Flowering_time_at_Arkansas,deepgs,1,2,0,0.37373706232446674,0.3465490569708759,0.3737370623244667,5.551115123125783e-17,True
easygese:rice,Flowering_time_at_Arkansas,deepgs,1,3,0,0.23302494755778239,0.2382618995300375,0.23302494755778216,2.220446049250313e-16,True
easygese:rice,Flowering_time_at_Arkansas,deepgs,1,4,0,0.522393344516703,0.4787939339954591,0.522393344516703,0.0,True
easygese:rice,Flowering_time_at_Arkansas,deepgs,1,5,0,0.5591070436485629,0.5193533139563355,0.559107043648563,-1.1102230246251565e-16,True
easygese:rice,Flowering_time_at_Arkansas,deepgs,2,1,0,0.3781600456709874,0.3669127914636554,0.3781600456709876,-2.220446049250313e-16,True
easygese:rice,Flowering_time_at_Arkansas,deepgs,2,2,0,0.5171740729750977,0.5344980430756693,0.5171740729750977,0.0,True
easygese:rice,Flowering_time_at_Arkansas,deepgs,2,3,0,0.22088762761055206,0.16746587825732578,0.2208876276105519,1.6653345369377348e-16,True
easygese:rice,Flowering_time_at_Arkansas,deepgs,2,4,0,0.34171783411488177,0.3373853251294256,0.341717834114882,-2.220446049250313e-16,True
easygese:rice,Flowering_time_at_Arkansas,deepgs,2,5,0,0.3368563851480877,0.31919114103079443,0.33685638514808763,5.551115123125783e-17,True
easygese:rice,Flowering_time_at_Arkansas,dnngp,1,1,0,0.4449341332712488,0.3104017784186781,0.4449341332712488,0.0,True
easygese:rice,Flowering_time_at_Arkansas,dnngp,1,2,0,0.23583241007195513,0.24916971495465554,0.23583241007195516,-2.7755575615628914e-17,True
easygese:rice,Flowering_time_at_Arkansas,dnngp,1,3,0,0.30534875198908557,0.3176147122049197,0.3053487519890857,-1.1102230246251565e-16,True
easygese:rice,Flowering_time_at_Arkansas,dnngp,1,4,0,0.4847083555015637,0.4134347911456574,0.48470835550156416,-4.440892098500626e-16,True
easygese:rice,Flowering_time_at_Arkansas,dnngp,1,5,0,0.5319121177949703,0.5108261295190923,0.5319121177949707,-4.440892098500626e-16,True
easygese:rice,Flowering_time_at_Arkansas,dnngp,2,1,0,0.4601598902700454,0.39610230204475816,0.4601598902700454,0.0,True
easygese:rice,Flowering_time_at_Arkansas,dnngp,2,2,0,0.4566839905954035,0.4001466794073668,0.4566839905954035,0.0,True
easygese:rice,Flowering_time_at_Arkansas,dnngp,2,3,0,0.30385970152950414,0.23413687741779854,0.30385970152950403,1.1102230246251565e-16,True
easygese:rice,Flowering_time_at_Arkansas,dnngp,2,4,0,0.36463433084194574,0.32057671805420945,0.36463433084194563,1.1102230246251565e-16,True
easygese:rice,Flowering_time_at_Arkansas,dnngp,2,5,0,0.44381595933834456,0.4384672205117496,0.4438159593383445,5.551115123125783e-17,True
easygese:rice,Flowering_time_at_Arkansas,mlp,1,1,0,0.5067975710395382,0.40771991552092407,0.5067975710395384,-2.220446049250313e-16,True
easygese:rice,Flowering_time_at_Arkansas,mlp,1,2,0,0.317273095774838,0.2717262936457584,0.3172730957748381,-1.1102230246251565e-16,True
easygese:rice,Flowering_time_at_Arkansas,mlp,1,3,0,0.29331496992753514,0.33197680671404545,0.29331496992753503,1.1102230246251565e-16,True
easygese:rice,Flowering_time_at_Arkansas,mlp,1,4,0,0.4481609510871236,0.46105873320568846,0.4481609510871237,-1.1102230246251565e-16,True
easygese:rice,Flowering_time_at_Arkansas,mlp,1,5,0,0.3644166367676566,0.3528043293465951,0.3644166367676564,2.220446049250313e-16,True
easygese:rice,Flowering_time_at_Arkansas,mlp,2,1,0,0.545135861229977,0.4876641263471051,0.5451358612299771,-1.1102230246251565e-16,True
easygese:rice,Flowering_time_at_Arkansas,mlp,2,2,0,0.4880261266685696,0.489159813516677,0.48802612666856965,-5.551115123125783e-17,True
easygese:rice,Flowering_time_at_Arkansas,mlp,2,3,0,0.36442394077182805,0.36793647409840297,0.3644239407718282,-1.6653345369377348e-16,True
easygese:rice,Flowering_time_at_Arkansas,mlp,2,4,0,0.25985651417279676,0.25821546462144557,0.2598565141727966,1.6653345369377348e-16,True
easygese:rice,Flowering_time_at_Arkansas,mlp,2,5,0,0.3494250059510289,0.42814798971511087,0.3494250059510289,0.0,True
easygese:rice,Flowering_time_at_Arkansas,pnngs,1,1,0,0.4679553732931373,0.3434731794353514,0.46795537329313697,3.3306690738754696e-16,True
easygese:rice,Flowering_time_at_Arkansas,pnngs,1,2,0,0.08221056662649469,0.09927856240063493,0.08221056662649463,5.551115123125783e-17,True
easygese:rice,Flowering_time_at_Arkansas,pnngs,1,3,0,0.27102816223688897,0.2873511220129248,0.27102816223688925,-2.7755575615628914e-16,True
easygese:rice,Flowering_time_at_Arkansas,pnngs,1,4,0,0.5457938966657856,0.48811939420224654,0.545793896665786,-4.440892098500626e-16,True
easygese:rice,Flowering_time_at_Arkansas,pnngs,1,5,0,0.45485151274201463,0.4462238374194106,0.45485151274201485,-2.220446049250313e-16,True
easygese:rice,Flowering_time_at_Arkansas,pnngs,2,1,0,0.08739164304675424,0.22450159564168762,0.08739164304675484,-5.967448757360216e-16,True
easygese:rice,Flowering_time_at_Arkansas,pnngs,2,2,0,0.18536093574361998,0.14727570472702287,0.18536093574362003,-5.551115123125783e-17,True
easygese:rice,Flowering_time_at_Arkansas,pnngs,2,3,0,0.3644641442634237,0.3596819998919688,0.3644641442634231,6.106226635438361e-16,True
easygese:rice,Flowering_time_at_Arkansas,pnngs,2,4,0,0.260997477989987,0.26743015088300726,0.2609974779899872,-1.6653345369377348e-16,True
easygese:rice,Flowering_time_at_Arkansas,pnngs,2,5,0,0.3171950713828655,0.28735364428621657,0.31719507138286546,5.551115123125783e-17,True
easygese:rice,Flowering_time_at_Arkansas,soydngp,1,1,0,0.5796872040428489,0.5682471290503028,0.579687204042849,-1.1102230246251565e-16,True
easygese:rice,Flowering_time_at_Arkansas,soydngp,1,2,0,0.46638102251116104,0.4659817185120796,0.46638102251116087,1.6653345369377348e-16,True
easygese:rice,Flowering_time_at_Arkansas,soydngp,1,3,0,0.27190929159870714,0.2821130537194051,0.27190929159870714,0.0,True
easygese:rice,Flowering_time_at_Arkansas,soydngp,1,4,0,0.5916406006851074,0.5522870038323614,0.5916406006851075,-1.1102230246251565e-16,True
easygese:rice,Flowering_time_at_Arkansas,soydngp,1,5,0,0.6640769171245304,0.6071454558371765,0.6640769171245308,-3.3306690738754696e-16,True
easygese:rice,Flowering_time_at_Arkansas,soydngp,2,1,0,0.6384910387207388,0.579209120931561,0.6384910387207385,2.220446049250313e-16,True
easygese:rice,Flowering_time_at_Arkansas,soydngp,2,2,0,0.5577992235939542,0.5755751052064116,0.5577992235939544,-2.220446049250313e-16,True
easygese:rice,Flowering_time_at_Arkansas,soydngp,2,3,0,0.5083704671873247,0.41303438085206723,0.5083704671873247,0.0,True
easygese:rice,Flowering_time_at_Arkansas,soydngp,2,4,0,0.3378707732546316,0.31656834290286273,0.3378707732546315,1.1102230246251565e-16,True
easygese:rice,Flowering_time_at_Arkansas,soydngp,2,5,0,0.5131916246944381,0.4857089493718562,0.5131916246944379,2.220446049250313e-16,True
easygese:rice,Flowering_time_at_Arkansas,transformer,1,1,0,0.5702988535321798,0.5155709946874963,0.5702988535321791,6.661338147750939e-16,True
easygese:rice,Flowering_time_at_Arkansas,transformer,1,2,0,0.38049104972445985,0.41652341066282944,0.38049104972445963,2.220446049250313e-16,True
easygese:rice,Flowering_time_at_Arkansas,transformer,1,3,0,0.23877551200161923,0.25218863350692067,0.23877551200161928,-5.551115123125783e-17,True
easygese:rice,Flowering_time_at_Arkansas,transformer,1,4,0,0.613666639649252,0.5681390878910515,0.613666639649252,0.0,True
easygese:rice,Flowering_time_at_Arkansas,transformer,1,5,0,0.4473472547868542,0.39425088615230475,0.4473472547868543,-5.551115123125783e-17,True
easygese:rice,Flowering_time_at_Arkansas,transformer,2,1,0,0.5626883209857892,0.5317148069179055,0.5626883209857894,-1.1102230246251565e-16,True
easygese:rice,Flowering_time_at_Arkansas,transformer,2,2,0,0.5479953722905845,0.5289570966844632,0.5479953722905845,0.0,True
easygese:rice,Flowering_time_at_Arkansas,transformer,2,3,0,0.3485762756168085,0.24521502399366546,0.3485762756168084,1.1102230246251565e-16,True
easygese:rice,Flowering_time_at_Arkansas,transformer,2,4,0,0.21602068971275815,0.2490445273159916,0.21602068971275806,8.326672684688674e-17,True
easygese:rice,Flowering_time_at_Arkansas,transformer,2,5,0,0.4127609014429349,0.43594841568243287,0.41276090144293476,1.6653345369377348e-16,True
easygese:rice,Flowering_time_at_Faridpur,cnn,1,1,0,0.29102421121432925,0.2767792346410018,0.29102421121432936,-1.1102230246251565e-16,True
easygese:rice,Flowering_time_at_Faridpur,cnn,1,2,0,0.2967182891989706,0.29824722184389063,0.2967182891989703,2.7755575615628914e-16,True
easygese:rice,Flowering_time_at_Faridpur,cnn,1,3,0,0.3146864563990275,0.2836096243536236,0.3146864563990278,-3.3306690738754696e-16,True
easygese:rice,Flowering_time_at_Faridpur,cnn,1,4,0,0.1932317910546329,0.21701425865323348,0.1932317910546334,-4.996003610813204e-16,True
easygese:rice,Flowering_time_at_Faridpur,cnn,1,5,0,0.5012281072012046,0.545060204014758,0.5012281072012047,-1.1102230246251565e-16,True
easygese:rice,Flowering_time_at_Faridpur,cnn,2,1,0,0.38566236513236835,0.3221384944809326,0.3856623651323685,-1.6653345369377348e-16,True
easygese:rice,Flowering_time_at_Faridpur,cnn,2,2,0,0.3182276592145606,0.2977528890857814,0.3182276592145602,3.885780586188048e-16,True
easygese:rice,Flowering_time_at_Faridpur,cnn,2,3,0,0.31358537522428737,0.3464815810620685,0.31358537522428764,-2.7755575615628914e-16,True
easygese:rice,Flowering_time_at_Faridpur,cnn,2,4,0,0.41354344757119127,0.281447854218441,0.41354344757119194,-6.661338147750939e-16,True
easygese:rice,Flowering_time_at_Faridpur,cnn,2,5,0,0.39685484342801164,0.36809883825234296,0.396854843428012,-3.885780586188048e-16,True
easygese:rice,Flowering_time_at_Faridpur,deepgs,1,1,0,0.31543659005969926,0.2511657339739807,0.3154365900596992,5.551115123125783e-17,True
easygese:rice,Flowering_time_at_Faridpur,deepgs,1,2,0,0.2685315449859491,0.20746514985973213,0.26853154498595017,-1.0547118733938987e-15,True
easygese:rice,Flowering_time_at_Faridpur,deepgs,1,3,0,0.320634734003193,0.3268380946076695,0.320634734003193,0.0,True
easygese:rice,Flowering_time_at_Faridpur,deepgs,1,4,0,0.391590183439293,0.44132226173346517,0.3915901834392933,-2.7755575615628914e-16,True
easygese:rice,Flowering_time_at_Faridpur,deepgs,1,5,0,0.5223167206061968,0.43595352212938504,0.5223167206061966,2.220446049250313e-16,True
easygese:rice,Flowering_time_at_Faridpur,deepgs,2,1,0,0.3492851575807709,0.3394984818962215,0.349285157580771,-1.1102230246251565e-16,True
easygese:rice,Flowering_time_at_Faridpur,deepgs,2,2,0,0.24044756044142618,0.3030550713624812,0.24044756044142587,3.0531133177191805e-16,True
easygese:rice,Flowering_time_at_Faridpur,deepgs,2,3,0,0.3155248520789033,0.25307383000629946,0.31552485207890313,1.6653345369377348e-16,True
easygese:rice,Flowering_time_at_Faridpur,deepgs,2,4,0,0.16110227925351933,0.20072877162826128,0.16110227925351928,5.551115123125783e-17,True
easygese:rice,Flowering_time_at_Faridpur,deepgs,2,5,0,0.377330398061433,0.3480117972640948,0.37733039806143304,-5.551115123125783e-17,True
easygese:rice,Flowering_time_at_Faridpur,dnngp,1,1,0,0.1831247891903068,0.21668159631193532,0.18312478919030656,2.498001805406602e-16,True
easygese:rice,Flowering_time_at_Faridpur,dnngp,1,2,0,0.25291250315207553,0.18505025208204878,0.25291250315207614,-6.106226635438361e-16,True
easygese:rice,Flowering_time_at_Faridpur,dnngp,1,3,0,0.1696003492825492,0.12008320613753089,0.1696003492825491,8.326672684688674e-17,True
easygese:rice,Flowering_time_at_Faridpur,dnngp,1,4,0,0.3329034146728242,0.44203524643355396,0.33290341467282386,3.3306690738754696e-16,True
easygese:rice,Flowering_time_at_Faridpur,dnngp,1,5,0,0.28771075188365786,0.21709897304953732,0.28771075188365786,0.0,True
easygese:rice,Flowering_time_at_Faridpur,dnngp,2,1,0,0.16771423979829547,0.18991303933270381,0.16771423979829564,-1.6653345369377348e-16,True
easygese:rice,Flowering_time_at_Faridpur,dnngp,2,2,0,0.11188884715900096,0.25303800518043273,0.11188884715900081,1.5265566588595902e-16,True
easygese:rice,Flowering_time_at_Faridpur,dnngp,2,3,0,0.3658766903332439,0.299662595371673,0.36587669033324366,2.220446049250313e-16,True
easygese:rice,Flowering_time_at_Faridpur,dnngp,2,4,0,0.29567992546164157,0.1581406330164033,0.2956799254616416,-5.551115123125783e-17,True
easygese:rice,Flowering_time_at_Faridpur,dnngp,2,5,0,0.28361763637595694,0.22011174967988298,0.28361763637595677,1.6653345369377348e-16,True
easygese:rice,Flowering_time_at_Faridpur,mlp,1,1,0,0.2237196367635508,0.06268560161033056,0.22371963676355086,-5.551115123125783e-17,True
easygese:rice,Flowering_time_at_Faridpur,mlp,1,2,0,0.11712431254179427,0.14451766188648502,0.11712431254179409,1.8041124150158794e-16,True
easygese:rice,Flowering_time_at_Faridpur,mlp,1,3,0,0.2977363700805677,0.20812293906919302,0.29773637008056747,2.220446049250313e-16,True
easygese:rice,Flowering_time_at_Faridpur,mlp,1,4,0,0.31087473055721476,0.1951089105840475,0.3108747305572146,1.6653345369377348e-16,True
easygese:rice,Flowering_time_at_Faridpur,mlp,1,5,0,0.4706266252218792,0.33274864090892836,0.4706266252218796,-3.885780586188048e-16,True
easygese:rice,Flowering_time_at_Faridpur,mlp,2,1,0,0.38811539158141345,0.4762369049151644,0.3881153915814129,5.551115123125783e-16,True
easygese:rice,Flowering_time_at_Faridpur,mlp,2,2,0,0.17256114707853326,0.17510849353099378,0.1725611470785329,3.608224830031759e-16,True
easygese:rice,Flowering_time_at_Faridpur,mlp,2,3,0,0.2874298744728731,0.17183292802622158,0.28742987447287277,3.3306690738754696e-16,True
easygese:rice,Flowering_time_at_Faridpur,mlp,2,4,0,0.3341140454652325,0.3902193878782752,0.33411404546523255,-5.551115123125783e-17,True
easygese:rice,Flowering_time_at_Faridpur,mlp,2,5,0,0.31506931357699,0.28671093495178585,0.3150693135769898,1.6653345369377348e-16,True
easygese:rice,Flowering_time_at_Faridpur,pnngs,1,1,0,0.20415769520960772,0.177560240715948,0.20415769520960741,3.0531133177191805e-16,True
easygese:rice,Flowering_time_at_Faridpur,pnngs,1,2,0,0.07259952942767373,0.1352088359577738,0.0725995294276752,-1.4710455076283324e-15,True
easygese:rice,Flowering_time_at_Faridpur,pnngs,1,3,0,0.0570545203977352,0.06834823128632636,0.05705452039773586,-6.591949208711867e-16,True
easygese:rice,Flowering_time_at_Faridpur,pnngs,1,4,0,0.1821443018565969,0.1745972263539697,0.18214430185659758,-6.661338147750939e-16,True
easygese:rice,Flowering_time_at_Faridpur,pnngs,1,5,0,0.22653156932574325,0.17325982280906196,0.22653156932574378,-5.273559366969494e-16,True
easygese:rice,Flowering_time_at_Faridpur,pnngs,2,1,0,0.13227167564500067,0.09098092339693997,0.1322716756449995,1.1657341758564144e-15,True
easygese:rice,Flowering_time_at_Faridpur,pnngs,2,2,0,0.07778856350945938,0.13823209173073875,0.07778856350945876,6.245004513516506e-16,True
easygese:rice,Flowering_time_at_Faridpur,pnngs,2,3,0,0.2564586014345061,0.2512246032188947,0.2564586014345043,1.8318679906315083e-15,True
easygese:rice,Flowering_time_at_Faridpur,pnngs,2,4,0,0.22223605564495957,0.29804234455867845,0.22223605564495902,5.551115123125783e-16,True
easygese:rice,Flowering_time_at_Faridpur,pnngs,2,5,0,0.2258503502871839,0.21338165136663972,0.2258503502871839,0.0,True
easygese:rice,Flowering_time_at_Faridpur,soydngp,1,1,0,0.29025695835020127,0.3056056764783788,0.2902569583501965,4.773959005888173e-15,True
easygese:rice,Flowering_time_at_Faridpur,soydngp,1,2,0,0.31333690387785745,0.2505954094636669,0.31333690387785695,4.996003610813204e-16,True
easygese:rice,Flowering_time_at_Faridpur,soydngp,1,3,0,0.31516243230549684,0.28534390073801474,0.3151624323054938,3.0531133177191805e-15,True
easygese:rice,Flowering_time_at_Faridpur,soydngp,1,4,0,0.3696826366850402,0.3377707226017739,0.36968263668504053,-3.3306690738754696e-16,True
easygese:rice,Flowering_time_at_Faridpur,soydngp,1,5,0,0.49433422696908763,0.5058597952507943,0.4943342269690888,-1.1657341758564144e-15,True
easygese:rice,Flowering_time_at_Faridpur,soydngp,2,1,0,0.49191492344074944,0.4765185233347883,0.491914923440749,4.440892098500626e-16,True
easygese:rice,Flowering_time_at_Faridpur,soydngp,2,2,0,0.30926621208598803,0.28203800286105246,0.3092662120859881,-5.551115123125783e-17,True
easygese:rice,Flowering_time_at_Faridpur,soydngp,2,3,0,0.30453255321828854,0.31484901210973437,0.3045325532182896,-1.0547118733938987e-15,True
easygese:rice,Flowering_time_at_Faridpur,soydngp,2,4,0,0.5366404026325085,0.45486646277312864,0.5366404026325106,-2.1094237467877974e-15,True
easygese:rice,Flowering_time_at_Faridpur,soydngp,2,5,0,0.39953214009160215,0.3165918969114858,0.39953214009160176,3.885780586188048e-16,True
easygese:rice,Flowering_time_at_Faridpur,transformer,1,1,0,0.2814409542773141,0.26904595618632754,0.28144095427731425,-1.6653345369377348e-16,True
easygese:rice,Flowering_time_at_Faridpur,transformer,1,2,0,0.30675860633237295,0.2990811832540658,0.30675860633237306,-1.1102230246251565e-16,True
easygese:rice,Flowering_time_at_Faridpur,transformer,1,3,0,0.25849011763812074,0.23182307904668156,0.2584901176381213,-5.551115123125783e-16,True
easygese:rice,Flowering_time_at_Faridpur,transformer,1,4,0,0.34831122923899316,0.35155064253629004,0.3483112292389928,3.3306690738754696e-16,True
easygese:rice,Flowering_time_at_Faridpur,transformer,1,5,0,0.508088698303131,0.5462421205129623,0.5080886983031306,3.3306690738754696e-16,True
easygese:rice,Flowering_time_at_Faridpur,transformer,2,1,0,0.24674742815044626,0.16213331079157728,0.24674742815044612,1.3877787807814457e-16,True
easygese:rice,Flowering_time_at_Faridpur,transformer,2,2,0,0.09136755366634809,0.13935032779808704,0.0913675536663482,-1.1102230246251565e-16,True
easygese:rice,Flowering_time_at_Faridpur,transformer,2,3,0,0.36426962323256434,0.21431714274530303,0.3642696232325647,-3.3306690738754696e-16,True
easygese:rice,Flowering_time_at_Faridpur,transformer,2,4,0,0.32032894451099325,0.3074229444897426,0.320328944510993,2.7755575615628914e-16,True
easygese:rice,Flowering_time_at_Faridpur,transformer,2,5,0,0.2952727569671318,0.3433157755148177,0.29527275696713146,3.3306690738754696e-16,True
easygese:rice,Leaf_pubescence,cnn,1,1,0,0.6494819249262072,0.6402852602062202,0.6494819249262069,2.220446049250313e-16,True
easygese:rice,Leaf_pubescence,cnn,1,2,0,0.44738736263167417,0.5582728365855425,0.4473873626316742,-5.551115123125783e-17,True
easygese:rice,Leaf_pubescence,cnn,1,3,0,0.4915293992704922,0.4678724770715425,0.49152939927049233,-1.1102230246251565e-16,True
easygese:rice,Leaf_pubescence,cnn,1,4,0,0.46192000477448775,0.3861958249004321,0.46192000477448764,1.1102230246251565e-16,True
easygese:rice,Leaf_pubescence,cnn,1,5,0,0.41979767983071,0.4097223880742525,0.41979767983071004,-5.551115123125783e-17,True
easygese:rice,Leaf_pubescence,cnn,2,1,0,0.4721588838051067,0.4214097165413568,0.47215888380510673,-5.551115123125783e-17,True
easygese:rice,Leaf_pubescence,cnn,2,2,0,0.24706118873061034,0.1906498652751568,0.24706118873061025,8.326672684688674e-17,True
easygese:rice,Leaf_pubescence,cnn,2,3,0,0.3984380903057878,0.5486412662551007,0.39843809030578753,2.7755575615628914e-16,True
easygese:rice,Leaf_pubescence,cnn,2,4,0,0.6367011602305913,0.5733348057406861,0.6367011602305915,-2.220446049250313e-16,True
easygese:rice,Leaf_pubescence,cnn,2,5,0,0.3596965382209284,0.3514505209840208,0.3596965382209283,1.1102230246251565e-16,True
easygese:rice,Leaf_pubescence,deepgs,1,1,0,0.2336296214378978,0.09949779896441194,0.23362962143789776,5.551115123125783e-17,True
easygese:rice,Leaf_pubescence,deepgs,1,2,0,0.4159483956486905,0.33014401289601913,0.41594839564869057,-5.551115123125783e-17,True
easygese:rice,Leaf_pubescence,deepgs,1,3,0,0.4514933211196011,0.33987340917936615,0.4514933211196009,2.220446049250313e-16,True
easygese:rice,Leaf_pubescence,deepgs,1,4,0,0.4052981377270706,0.4235885230810918,0.40529813772707046,1.1102230246251565e-16,True
easygese:rice,Leaf_pubescence,deepgs,1,5,0,0.3237922195537349,0.4677475909854403,0.3237922195537347,1.6653345369377348e-16,True
easygese:rice,Leaf_pubescence,deepgs,2,1,0,0.34463037604824265,0.28605323678510247,0.3446303760482427,-5.551115123125783e-17,True
easygese:rice,Leaf_pubescence,deepgs,2,2,0,0.19893298921525404,0.28387017431811107,0.19893298921525412,-8.326672684688674e-17,True
easygese:rice,Leaf_pubescence,deepgs,2,3,0,0.40451063998799286,0.5251518084758209,0.4045106399879928,5.551115123125783e-17,True
easygese:rice,Leaf_pubescence,deepgs,2,4,0,0.5858798195569547,0.5686864296949149,0.5858798195569546,1.1102230246251565e-16,True
easygese:rice,Leaf_pubescence,deepgs,2,5,0,0.3950467268978297,0.44705968647090827,0.3950467268978296,1.1102230246251565e-16,True
easygese:rice,Leaf_pubescence,dnngp,1,1,0,0.6313983853384535,0.5805125787851619,0.6313983853384537,-2.220446049250313e-16,True
easygese:rice,Leaf_pubescence,dnngp,1,2,0,0.26398845243703356,0.3027605865322331,0.2639884524370335,5.551115123125783e-17,True
easygese:rice,Leaf_pubescence,dnngp,1,3,0,0.3643903275656115,0.40722467325180695,0.3643903275656116,-1.1102230246251565e-16,True
easygese:rice,Leaf_pubescence,dnngp,1,4,0,0.3630893583932672,0.3618385498889998,0.3630893583932671,1.1102230246251565e-16,True
easygese:rice,Leaf_pubescence,dnngp,1,5,0,0.27245246264906325,0.20540850805856034,0.2724524626490633,-5.551115123125783e-17,True
easygese:rice,Leaf_pubescence,dnngp,2,1,0,0.3382078894408507,0.09981138137835965,0.3382078894408506,5.551115123125783e-17,True
easygese:rice,Leaf_pubescence,dnngp,2,2,0,0.09359175274040235,0.08185314464569343,0.09359175274040236,-1.3877787807814457e-17,True
easygese:rice,Leaf_pubescence,dnngp,2,3,0,0.3962419551797525,0.383195450743756,0.39624195517975264,-1.1102230246251565e-16,True
easygese:rice,Leaf_pubescence,dnngp,2,4,0,0.3673863638838203,0.31573311585709846,0.36738636388382034,-5.551115123125783e-17,True
easygese:rice,Leaf_pubescence,dnngp,2,5,0,0.23898015052297905,0.23852250098649164,0.23898015052297913,-8.326672684688674e-17,True
easygese:rice,Leaf_pubescence,mlp,1,1,0,0.6830508035748464,0.5119512977139787,0.6830508035748462,2.220446049250313e-16,True
easygese:rice,Leaf_pubescence,mlp,1,2,0,0.4708431984573318,0.2987080339834901,0.4708431984573318,0.0,True
easygese:rice,Leaf_pubescence,mlp,1,3,0,0.48393352663057465,0.3632499794627973,0.4839335266305747,-5.551115123125783e-17,True
easygese:rice,Leaf_pubescence,mlp,1,4,0,0.44842640070771533,0.33937938287557445,0.44842640070771544,-1.1102230246251565e-16,True
easygese:rice,Leaf_pubescence,mlp,1,5,0,0.25054567141597245,0.18513972392560626,0.25054567141597256,-1.1102230246251565e-16,True
easygese:rice,Leaf_pubescence,mlp,2,1,0,0.40258944289262666,0.3970736533935547,0.4025894428926266,5.551115123125783e-17,True
easygese:rice,Leaf_pubescence,mlp,2,2,0,0.2605577850815012,0.23956678647425936,0.26055778508150124,-5.551115123125783e-17,True
easygese:rice,Leaf_pubescence,mlp,2,3,0,0.2542043464957355,0.3681811396872875,0.2542043464957356,-1.1102230246251565e-16,True
easygese:rice,Leaf_pubescence,mlp,2,4,0,0.6302953488481446,0.44006037223288,0.6302953488481449,-2.220446049250313e-16,True
easygese:rice,Leaf_pubescence,mlp,2,5,0,0.35649897160951854,0.4068706733928556,0.3564989716095186,-5.551115123125783e-17,True
easygese:rice,Leaf_pubescence,pnngs,1,1,0,0.19288492665279786,0.06911164020875618,0.19288492665279813,-2.7755575615628914e-16,True
easygese:rice,Leaf_pubescence,pnngs,1,2,0,0.5485463674486913,0.5837156428916948,0.5485463674486911,2.220446049250313e-16,True
easygese:rice,Leaf_pubescence,pnngs,1,3,0,0.34927627171724346,0.35337734679557886,0.349276271717243,4.440892098500626e-16,True
easygese:rice,Leaf_pubescence,pnngs,1,4,0,0.36746185736559905,0.3142079374903617,0.36746185736559916,-1.1102230246251565e-16,True
easygese:rice,Leaf_pubescence,pnngs,1,5,0,-0.016723486603482166,0.021655301105393484,-0.016723486603482062,-1.0408340855860843e-16,True
easygese:rice,Leaf_pubescence,pnngs,2,1,0,0.47100282119522136,0.528714792984173,0.47100282119522113,2.220446049250313e-16,True
easygese:rice,Leaf_pubescence,pnngs,2,2,0,0.2900104864554423,0.2693868387658496,0.29001048645544225,5.551115123125783e-17,True
easygese:rice,Leaf_pubescence,pnngs,2,3,0,0.4075306099458217,0.35103344079805293,0.4075306099458218,-1.1102230246251565e-16,True
easygese:rice,Leaf_pubescence,pnngs,2,4,0,0.48977097665222524,0.48321289655060307,0.4897709766522253,-5.551115123125783e-17,True
easygese:rice,Leaf_pubescence,pnngs,2,5,0,0.2155453064425493,0.20289339811083448,0.21554530644254938,-8.326672684688674e-17,True
easygese:rice,Leaf_pubescence,soydngp,1,1,0,0.7262487320210591,0.701752134792747,0.7262487320210593,-2.220446049250313e-16,True
easygese:rice,Leaf_pubescence,soydngp,1,2,0,0.6222264646239074,0.6266694027047163,0.6222264646239073,1.1102230246251565e-16,True
easygese:rice,Leaf_pubescence,soydngp,1,3,0,0.45448538451972037,0.5171146982160025,0.4544853845197203,5.551115123125783e-17,True
easygese:rice,Leaf_pubescence,soydngp,1,4,0,0.42021408717342507,0.3745497802652107,0.4202140871734251,-5.551115123125783e-17,True
easygese:rice,Leaf_pubescence,soydngp,1,5,0,0.013425825986775997,0.16583477978230127,0.013425825986776004,-6.938893903907228e-18,True
easygese:rice,Leaf_pubescence,soydngp,2,1,0,0.3577221555231012,0.3433777943333888,0.3577221555231052,-3.9968028886505635e-15,True
easygese:rice,Leaf_pubescence,soydngp,2,2,0,0.22368511046906278,0.2493254489762307,0.2236851104690628,-2.7755575615628914e-17,True
easygese:rice,Leaf_pubescence,soydngp,2,3,0,0.19467880841119614,0.23985245751893267,0.1946788084111585,3.7636560534792807e-14,True
easygese:rice,Leaf_pubescence,soydngp,2,4,0,0.6983011060875642,0.5661805447544788,0.698301106087564,2.220446049250313e-16,True
easygese:rice,Leaf_pubescence,soydngp,2,5,0,0.33740964068421025,0.40980005783692314,0.3374096406842322,-2.1926904736346842e-14,True
easygese:rice,Leaf_pubescence,transformer,1,1,0,0.41034322906224735,0.37890570946653723,0.41034322906224746,-1.1102230246251565e-16,True
easygese:rice,Leaf_pubescence,transformer,1,2,0,0.5071209280039686,0.5641108171400812,0.5071209280039686,0.0,True
easygese:rice,Leaf_pubescence,transformer,1,3,0,0.34012493003603167,0.3317976010508773,0.3401249300360318,-1.1102230246251565e-16,True
easygese:rice,Leaf_pubescence,transformer,1,4,0,0.5008369338469604,0.462811593926298,0.5008369338469607,-3.3306690738754696e-16,True
easygese:rice,Leaf_pubescence,transformer,1,5,0,0.3461312893451846,0.3872961876100749,0.34613128934518456,5.551115123125783e-17,True
easygese:rice,Leaf_pubescence,transformer,2,1,0,0.5003236636639874,0.4512212198414111,0.5003236636639873,1.1102230246251565e-16,True
easygese:rice,Leaf_pubescence,transformer,2,2,0,0.14543017629628918,0.29450948280097644,0.1454301762962891,8.326672684688674e-17,True
easygese:rice,Leaf_pubescence,transformer,2,3,0,0.3040619672068937,0.32559840026302433,0.30406196720689405,-3.3306690738754696e-16,True
easygese:rice,Leaf_pubescence,transformer,2,4,0,0.7245267532222642,0.7533917695870367,0.7245267532222641,1.1102230246251565e-16,True
easygese:rice,Leaf_pubescence,transformer,2,5,0,0.34109856006860056,0.38348605503491384,0.3410985600686004,1.6653345369377348e-16,True
easygese:rice,Panicle_fertility,cnn,1,1,0,0.3740584151101698,0.27934572862816265,0.3740584151101698,0.0,True
easygese:rice,Panicle_fertility,cnn,1,2,0,0.3334433400825966,0.3245513992303493,0.3334433400825963,2.7755575615628914e-16,True
easygese:rice,Panicle_fertility,cnn,1,3,0,0.13358172621981323,0.16391725997272702,0.1335817262198132,2.7755575615628914e-17,True
easygese:rice,Panicle_fertility,cnn,1,4,0,0.31438683350470703,0.35343986497463326,0.3143868335047071,-5.551115123125783e-17,True
easygese:rice,Panicle_fertility,cnn,1,5,0,0.3400317597598763,0.38810336320199834,0.3400317597598761,2.220446049250313e-16,True
easygese:rice,Panicle_fertility,cnn,2,1,0,0.2884585987455795,0.200898680286973,0.28845859874557955,-5.551115123125783e-17,True
easygese:rice,Panicle_fertility,cnn,2,2,0,0.31206839641358836,0.2816635673576079,0.31206839641358836,0.0,True
easygese:rice,Panicle_fertility,cnn,2,3,0,0.431953389859747,0.3830350979981609,0.4319533898597469,1.1102230246251565e-16,True
easygese:rice,Panicle_fertility,cnn,2,4,0,0.062390520051243,0.08808630955366555,0.06239052005124331,-3.122502256758253e-16,True
easygese:rice,Panicle_fertility,cnn,2,5,0,0.31907896033402144,0.339310337303487,0.31907896033402144,0.0,True
easygese:rice,Panicle_fertility,deepgs,1,1,0,0.4124837254863797,0.2925157271516534,0.4124837254863798,-1.1102230246251565e-16,True
easygese:rice,Panicle_fertility,deepgs,1,2,0,0.27026719253276543,0.1665021214363872,0.27026719253276543,0.0,True
easygese:rice,Panicle_fertility,deepgs,1,3,0,0.17712453125403826,0.226460868811489,0.17712453125403815,1.1102230246251565e-16,True
easygese:rice,Panicle_fertility,deepgs,1,4,0,0.22726318319783376,0.20791394870888297,0.2272631831978339,-1.3877787807814457e-16,True
easygese:rice,Panicle_fertility,deepgs,1,5,0,0.43137279618027136,0.5244581433257974,0.43137279618027097,3.885780586188048e-16,True
easygese:rice,Panicle_fertility,deepgs,2,1,0,0.2525001226044636,0.1922992441857363,0.2525001226044637,-1.1102230246251565e-16,True
easygese:rice,Panicle_fertility,deepgs,2,2,0,0.323953753429547,0.3421826708619462,0.3239537534295469,1.1102230246251565e-16,True
easygese:rice,Panicle_fertility,deepgs,2,3,0,0.427022097327236,0.36664792362273574,0.42702209732723617,-1.6653345369377348e-16,True
easygese:rice,Panicle_fertility,deepgs,2,4,0,0.3217660684871629,0.3861279267342829,0.32176606848716255,3.3306690738754696e-16,True
easygese:rice,Panicle_fertility,deepgs,2,5,0,0.24318941312209627,0.2067927315224828,0.24318941312209594,3.3306690738754696e-16,True
easygese:rice,Panicle_fertility,dnngp,1,1,0,0.43089816300846867,0.4340733060019921,0.4308981630084683,3.885780586188048e-16,True
easygese:rice,Panicle_fertility,dnngp,1,2,0,0.20390837166552206,0.19888320211018604,0.20390837166552203,2.7755575615628914e-17,True
easygese:rice,Panicle_fertility,dnngp,1,3,0,0.1861403228043838,0.17125374238896043,0.18614032280438383,-2.7755575615628914e-17,True
easygese:rice,Panicle_fertility,dnngp,1,4,0,0.1759307892519416,0.28543676508203597,0.1759307892519415,1.1102230246251565e-16,True
easygese:rice,Panicle_fertility,dnngp,1,5,0,0.42054289533529204,0.3599922132849174,0.4205428953352917,3.3306690738754696e-16,True
easygese:rice,Panicle_fertility,dnngp,2,1,0,0.15613982225789333,0.14098458830724125,0.15613982225789333,0.0,True
easygese:rice,Panicle_fertility,dnngp,2,2,0,0.3788256929758132,0.42282073326612185,0.37882569297581314,5.551115123125783e-17,True
easygese:rice,Panicle_fertility,dnngp,2,3,0,0.30682953668553564,0.37266207770417953,0.30682953668553553,1.1102230246251565e-16,True
easygese:rice,Panicle_fertility,dnngp,2,4,0,0.16517537142987956,0.28740551304956186,0.16517537142987954,2.7755575615628914e-17,True
easygese:rice,Panicle_fertility,dnngp,2,5,0,0.24591789659804808,0.28883246853860695,0.2459178965980481,-2.7755575615628914e-17,True
easygese:rice,Panicle_fertility,mlp,1,1,0,0.3327630121317617,0.32173400013331027,0.3327630121317615,1.6653345369377348e-16,True
easygese:rice,Panicle_fertility,mlp,1,2,0,0.138125664347224,0.15053848237703563,0.13812566434722418,-1.6653345369377348e-16,True
easygese:rice,Panicle_fertility,mlp,1,3,0,0.16607699535978007,0.2100293927200849,0.1660769953597803,-2.220446049250313e-16,True
easygese:rice,Panicle_fertility,mlp,1,4,0,0.2313391401056723,0.3217908045037212,0.2313391401056724,-8.326672684688674e-17,True
easygese:rice,Panicle_fertility,mlp,1,5,0,0.22284201358484557,0.358887508721843,0.22284201358484657,-9.992007221626409e-16,True
easygese:rice,Panicle_fertility,mlp,2,1,0,0.19848934779322353,0.20887937773888407,0.1984893477932234,1.3877787807814457e-16,True
easygese:rice,Panicle_fertility,mlp,2,2,0,0.10375997239172928,0.2173776489520731,0.1037599723917291,1.8041124150158794e-16,True
easygese:rice,Panicle_fertility,mlp,2,3,0,0.36119143377506047,0.38200523684740734,0.36119143377506047,0.0,True
easygese:rice,Panicle_fertility,mlp,2,4,0,0.22303488221057113,0.3105533054176972,0.22303488221057136,-2.220446049250313e-16,True
easygese:rice,Panicle_fertility,mlp,2,5,0,0.36232824110907397,0.3030516436505161,0.36232824110907386,1.1102230246251565e-16,True
easygese:rice,Panicle_fertility,pnngs,1,1,0,0.35322601147833427,0.3321469835014093,0.35322601147833393,3.3306690738754696e-16,True
easygese:rice,Panicle_fertility,pnngs,1,2,0,0.204520272791418,0.16812385369503274,0.20452027279141835,-3.608224830031759e-16,True
easygese:rice,Panicle_fertility,pnngs,1,3,0,0.0893276984106049,0.10398597273727107,0.08932769841060526,-3.608224830031759e-16,True
easygese:rice,Panicle_fertility,pnngs,1,4,0,0.2106223721734799,0.2230006222656799,0.21062237217348015,-2.498001805406602e-16,True
easygese:rice,Panicle_fertility,pnngs,1,5,0,0.19029808802166387,0.18919662075725152,0.1902980880216639,-2.7755575615628914e-17,True
easygese:rice,Panicle_fertility,pnngs,2,1,0,0.22191303644472393,0.30294570922290254,0.2219130364447246,-6.661338147750939e-16,True
easygese:rice,Panicle_fertility,pnngs,2,2,0,0.22568130955729862,0.18410275204983423,0.22568130955729868,-5.551115123125783e-17,True
easygese:rice,Panicle_fertility,pnngs,2,3,0,0.11330265402379258,0.11933760031427385,0.11330265402379246,1.249000902703301e-16,True
easygese:rice,Panicle_fertility,pnngs,2,4,0,0.07397593835649,0.10202409979468635,0.07397593835649029,-2.914335439641036e-16,True
easygese:rice,Panicle_fertility,pnngs,2,5,0,0.2990526993948017,0.3299754016477684,0.2990526993948019,-1.6653345369377348e-16,True
easygese:rice,Panicle_fertility,soydngp,1,1,0,0.4858168425110248,0.3500760453716685,0.4858168425110237,1.1102230246251565e-15,True
easygese:rice,Panicle_fertility,soydngp,1,2,0,0.411570675525488,0.43098967455774173,0.4115706755254881,-1.1102230246251565e-16,True
easygese:rice,Panicle_fertility,soydngp,1,3,0,0.4172621282573481,0.35449415616780927,0.41726212825734804,5.551115123125783e-17,True
easygese:rice,Panicle_fertility,soydngp,1,4,0,0.23557360275901124,0.2997693094001564,0.23557360275901143,-1.942890293094024e-16,True
easygese:rice,Panicle_fertility,soydngp,1,5,0,0.4007387857418146,0.48949488601066976,0.4007387857418142,3.885780586188048e-16,True
easygese:rice,Panicle_fertility,soydngp,2,1,0,0.3075043058607118,0.2608142476764032,0.30750430586071253,-7.216449660063518e-16,True
easygese:rice,Panicle_fertility,soydngp,2,2,0,0.5042077062102852,0.321560487154451,0.5042077062102849,3.3306690738754696e-16,True
easygese:rice,Panicle_fertility,soydngp,2,3,0,0.4510130717477439,0.39979037753930674,0.4510130717477439,0.0,True
easygese:rice,Panicle_fertility,soydngp,2,4,0,0.47302491552312514,0.4972927747397987,0.4730249155231253,-1.6653345369377348e-16,True
easygese:rice,Panicle_fertility,soydngp,2,5,0,0.35364171286727125,0.317417181614562,0.3536417128672713,-5.551115123125783e-17,True
easygese:rice,Panicle_fertility,transformer,1,1,0,0.42757113541260605,0.3472118087163401,0.4275711354126063,-2.220446049250313e-16,True
easygese:rice,Panicle_fertility,transformer,1,2,0,0.10267731392010329,0.04503727658744431,0.10267731392010321,8.326672684688674e-17,True
easygese:rice,Panicle_fertility,transformer,1,3,0,0.02026741376876978,-0.033596917124736156,0.020267413768769716,6.245004513516506e-17,True
easygese:rice,Panicle_fertility,transformer,1,4,0,0.29399417278044987,0.23963532842041685,0.29399417278045,-1.1102230246251565e-16,True
easygese:rice,Panicle_fertility,transformer,1,5,0,0.41329946506289966,0.3896597623834507,0.41329946506289966,0.0,True
easygese:rice,Panicle_fertility,transformer,2,1,0,0.35580698116007875,0.32916479777463425,0.3558069811600785,2.7755575615628914e-16,True
easygese:rice,Panicle_fertility,transformer,2,2,0,0.13872736677191727,0.06732041828929487,0.1387273667719169,3.608224830031759e-16,True
easygese:rice,Panicle_fertility,transformer,2,3,0,0.2694316451694356,0.2586363902356737,0.2694316451694355,5.551115123125783e-17,True
easygese:rice,Panicle_fertility,transformer,2,4,0,0.1526140210707747,0.09947022817933684,0.15261402107077474,-2.7755575615628914e-17,True
easygese:rice,Panicle_fertility,transformer,2,5,0,0.41771007839485813,0.3903500221182718,0.41771007839485824,-1.1102230246251565e-16,True
easygese:rice,Panicle_length,cnn,1,1,0,0.5236957680772524,0.48893093739694116,0.5236957680772527,-3.3306690738754696e-16,True
easygese:rice,Panicle_length,cnn,1,2,0,0.5511476649974923,0.58377103656762,0.5511476649974925,-1.1102230246251565e-16,True
easygese:rice,Panicle_length,cnn,1,3,0,0.4348875118238273,0.45621017368005284,0.4348875118238272,1.1102230246251565e-16,True
easygese:rice,Panicle_length,cnn,1,4,0,0.43494821767262326,0.44572364306768864,0.434948217672623,2.7755575615628914e-16,True
easygese:rice,Panicle_length,cnn,1,5,0,0.5938657375431996,0.5346950951962957,0.5938657375432,-4.440892098500626e-16,True
easygese:rice,Panicle_length,cnn,2,1,0,0.5412271954706527,0.5745235457293674,0.5412271954706529,-2.220446049250313e-16,True
easygese:rice,Panicle_length,cnn,2,2,0,0.5957592622964718,0.5550408379699834,0.5957592622964716,2.220446049250313e-16,True
easygese:rice,Panicle_length,cnn,2,3,0,0.23440758285822072,0.2968934039811476,0.23440758285822066,5.551115123125783e-17,True
easygese:rice,Panicle_length,cnn,2,4,0,0.4599297932582734,0.39944364555703044,0.45992979325827305,3.3306690738754696e-16,True
easygese:rice,Panicle_length,cnn,2,5,0,0.6629229197983797,0.5867624822020305,0.6629229197983798,-1.1102230246251565e-16,True
easygese:rice,Panicle_length,deepgs,1,1,0,0.5144855919698715,0.5188025563414782,0.5144855919698716,-1.1102230246251565e-16,True
easygese:rice,Panicle_length,deepgs,1,2,0,0.5249689049283669,0.5642374072150774,0.5249689049283666,3.3306690738754696e-16,True
easygese:rice,Panicle_length,deepgs,1,3,0,0.434328545183824,0.45024715807429583,0.43432854518382435,-3.3306690738754696e-16,True
easygese:rice,Panicle_length,deepgs,1,4,0,0.48801382261829335,0.4566665265454977,0.48801382261829307,2.7755575615628914e-16,True
easygese:rice,Panicle_length,deepgs,1,5,0,0.6188603377089399,0.5569083091317869,0.6188603377089398,1.1102230246251565e-16,True
easygese:rice,Panicle_length,deepgs,2,1,0,0.571874371353329,0.5159952404473105,0.5718743713533289,1.1102230246251565e-16,True
easygese:rice,Panicle_length,deepgs,2,2,0,0.5361591488544489,0.4966596080490097,0.5361591488544493,-3.3306690738754696e-16,True
easygese:rice,Panicle_length,deepgs,2,3,0,0.22586364161217176,0.24323675690619953,0.22586364161217182,-5.551115123125783e-17,True
easygese:rice,Panicle_length,deepgs,2,4,0,0.5746700447365799,0.5634210120025338,0.5746700447365798,1.1102230246251565e-16,True
easygese:rice,Panicle_length,deepgs,2,5,0,0.5187490649311078,0.5320548947677297,0.5187490649311077,1.1102230246251565e-16,True
easygese:rice,Panicle_length,dnngp,1,1,0,0.46819204155654925,0.41958375681372345,0.46819204155654925,0.0,True
easygese:rice,Panicle_length,dnngp,1,2,0,0.5060083744270497,0.5255889966079864,0.5060083744270493,4.440892098500626e-16,True
easygese:rice,Panicle_length,dnngp,1,3,0,0.314808994046013,0.3567602606280942,0.31480899404601287,1.1102230246251565e-16,True
easygese:rice,Panicle_length,dnngp,1,4,0,0.5128875111597354,0.5149402279310988,0.5128875111597352,2.220446049250313e-16,True
easygese:rice,Panicle_length,dnngp,1,5,0,0.5873163675931352,0.47691061865858303,0.587316367593135,2.220446049250313e-16,True
easygese:rice,Panicle_length,dnngp,2,1,0,0.4883096013034984,0.49207980389695716,0.4883096013034983,5.551115123125783e-17,True
easygese:rice,Panicle_length,dnngp,2,2,0,0.5206033162977142,0.4924554305158772,0.5206033162977144,-2.220446049250313e-16,True
easygese:rice,Panicle_length,dnngp,2,3,0,0.31914081199720756,0.2378746670056464,0.3191408119972075,5.551115123125783e-17,True
easygese:rice,Panicle_length,dnngp,2,4,0,0.5388862295887339,0.5302325439606118,0.5388862295887337,2.220446049250313e-16,True
easygese:rice,Panicle_length,dnngp,2,5,0,0.33801266195120533,0.32848350417369554,0.33801266195120533,0.0,True
easygese:rice,Panicle_length,mlp,1,1,0,0.5105460056947602,0.42478705845733444,0.51054600569476,1.1102230246251565e-16,True
easygese:rice,Panicle_length,mlp,1,2,0,0.5218299199611995,0.4950546452888052,0.5218299199611993,2.220446049250313e-16,True
easygese:rice,Panicle_length,mlp,1,3,0,0.34819159446542186,0.3566080186425867,0.3481915944654219,-5.551115123125783e-17,True
easygese:rice,Panicle_length,mlp,1,4,0,0.5239113374377083,0.534424765056941,0.5239113374377086,-2.220446049250313e-16,True
easygese:rice,Panicle_length,mlp,1,5,0,0.40705829982811886,0.3508402954596847,0.40705829982811875,1.1102230246251565e-16,True
easygese:rice,Panicle_length,mlp,2,1,0,0.4829457695057925,0.5166593300344097,0.4829457695057926,-1.1102230246251565e-16,True
easygese:rice,Panicle_length,mlp,2,2,0,0.43771526112617537,0.4096851907333849,0.4377152611261753,5.551115123125783e-17,True
easygese:rice,Panicle_length,mlp,2,3,0,0.19342826252962667,0.15426976308179055,0.1934282625296266,5.551115123125783e-17,True
easygese:rice,Panicle_length,mlp,2,4,0,0.5504404354098074,0.5155013945444094,0.5504404354098072,1.1102230246251565e-16,True
easygese:rice,Panicle_length,mlp,2,5,0,0.5096389183033857,0.5060194679579422,0.5096389183033856,1.1102230246251565e-16,True
easygese:rice,Panicle_length,pnngs,1,1,0,0.46532116005219787,0.5026955008666244,0.4653211600521976,2.7755575615628914e-16,True
easygese:rice,Panicle_length,pnngs,1,2,0,0.34269848519186935,0.357389786055316,0.342698485191869,3.3306690738754696e-16,True
easygese:rice,Panicle_length,pnngs,1,3,0,0.3729578277363738,0.3642592765048887,0.37295782773637437,-5.551115123125783e-16,True
easygese:rice,Panicle_length,pnngs,1,4,0,0.40660627235709734,0.3348272944237811,0.40660627235709734,0.0,True
easygese:rice,Panicle_length,pnngs,1,5,0,0.37246485929663253,0.3951232123723702,0.3724648592966325,5.551115123125783e-17,True
easygese:rice,Panicle_length,pnngs,2,1,0,0.2660000440135437,0.2703925424344704,0.2660000440135441,-3.885780586188048e-16,True
easygese:rice,Panicle_length,pnngs,2,2,0,0.434824585182179,0.507500086504288,0.4348245851821786,3.885780586188048e-16,True
easygese:rice,Panicle_length,pnngs,2,3,0,0.17053489964922286,0.17232339597971483,0.17053489964922297,-1.1102230246251565e-16,True
easygese:rice,Panicle_length,pnngs,2,4,0,0.3361785965542518,0.3350301687749933,0.3361785965542512,6.106226635438361e-16,True
easygese:rice,Panicle_length,pnngs,2,5,0,0.40519292655191513,0.29741343947570503,0.40519292655191547,-3.3306690738754696e-16,True
easygese:rice,Panicle_length,soydngp,1,1,0,0.538858924458459,0.44887046312708845,0.5388589244584591,-1.1102230246251565e-16,True
easygese:rice,Panicle_length,soydngp,1,2,0,0.5305787209675924,0.48908543534103716,0.5305787209675923,1.1102230246251565e-16,True
easygese:rice,Panicle_length,soydngp,1,3,0,0.4493983833646315,0.5010307704999934,0.44939838336463184,-3.3306690738754696e-16,True
easygese:rice,Panicle_length,soydngp,1,4,0,0.5177033320933919,0.4253218181011514,0.5177033320933918,1.1102230246251565e-16,True
easygese:rice,Panicle_length,soydngp,1,5,0,0.6963048638011855,0.6487884804296704,0.6963048638011861,-5.551115123125783e-16,True
easygese:rice,Panicle_length,soydngp,2,1,0,0.6176994393788535,0.6053262532453396,0.6176994393788535,0.0,True
easygese:rice,Panicle_length,soydngp,2,2,0,0.534482708732176,0.4872117970835631,0.5344827087321758,1.1102230246251565e-16,True
easygese:rice,Panicle_length,soydngp,2,3,0,0.35687731341335993,0.35121844921311884,0.35687731341336004,-1.1102230246251565e-16,True
easygese:rice,Panicle_length,soydngp,2,4,0,0.33442583895078537,0.3461779991598983,0.3344258389507752,1.0158540675320182e-14,True
easygese:rice,Panicle_length,soydngp,2,5,0,0.6532564873067174,0.6026928376826041,0.6532564873067177,-3.3306690738754696e-16,True
easygese:rice,Panicle_length,transformer,1,1,0,0.5026356576356086,0.5279734761620355,0.5026356576356087,-1.1102230246251565e-16,True
easygese:rice,Panicle_length,transformer,1,2,0,0.5896731150460461,0.5940381568241608,0.5896731150460465,-3.3306690738754696e-16,True
easygese:rice,Panicle_length,transformer,1,3,0,0.30344329461404856,0.2392740748764099,0.30344329461404884,-2.7755575615628914e-16,True
easygese:rice,Panicle_length,transformer,1,4,0,0.5335428524221267,0.4893152531839386,0.533542852422127,-2.220446049250313e-16,True
easygese:rice,Panicle_length,transformer,1,5,0,0.4018109716233139,0.3885283856410637,0.40181097162331403,-1.1102230246251565e-16,True
easygese:rice,Panicle_length,transformer,2,1,0,0.5661896392595129,0.601587534309939,0.5661896392595134,-4.440892098500626e-16,True
easygese:rice,Panicle_length,transformer,2,2,0,0.4369975323613993,0.47435935555343417,0.4369975323613995,-1.6653345369377348e-16,True
easygese:rice,Panicle_length,transformer,2,3,0,0.1542708485696391,0.1318992785809984,0.15427084856963907,2.7755575615628914e-17,True
easygese:rice,Panicle_length,transformer,2,4,0,0.588984226351876,0.5176269349782369,0.5889842263518762,-2.220446049250313e-16,True
easygese:rice,Panicle_length,transformer,2,5,0,0.583671345188648,0.5159962388768496,0.583671345188648,0.0,True
easygese:rice,Panicle_number_per_plant,cnn,1,1,0,0.7562992007590239,0.7458803841051079,0.7562992007590242,-3.3306690738754696e-16,True
easygese:rice,Panicle_number_per_plant,cnn,1,2,0,0.7946593056147476,0.7692028816239973,0.7946593056147474,2.220446049250313e-16,True
easygese:rice,Panicle_number_per_plant,cnn,1,3,0,0.7136067907301439,0.7539705709291632,0.7136067907301444,-5.551115123125783e-16,True
easygese:rice,Panicle_number_per_plant,cnn,1,4,0,0.776705308584355,0.7436447243514662,0.776705308584355,0.0,True
easygese:rice,Panicle_number_per_plant,cnn,1,5,0,0.6137824201318423,0.594030593969712,0.6137824201318419,3.3306690738754696e-16,True
easygese:rice,Panicle_number_per_plant,cnn,2,1,0,0.8174320858496725,0.8010867145625785,0.8174320858496725,0.0,True
easygese:rice,Panicle_number_per_plant,cnn,2,2,0,0.6259286406670781,0.60517602973177,0.6259286406670782,-1.1102230246251565e-16,True
easygese:rice,Panicle_number_per_plant,cnn,2,3,0,0.7204800498008196,0.6950972316048066,0.7204800498008195,1.1102230246251565e-16,True
easygese:rice,Panicle_number_per_plant,cnn,2,4,0,0.7641439580613508,0.744012261997694,0.7641439580613507,1.1102230246251565e-16,True
easygese:rice,Panicle_number_per_plant,cnn,2,5,0,0.667681676337746,0.6738341693608993,0.6676816763377462,-2.220446049250313e-16,True
easygese:rice,Panicle_number_per_plant,deepgs,1,1,0,0.7117196919088439,0.7095800980939725,0.7117196919088435,3.3306690738754696e-16,True
easygese:rice,Panicle_number_per_plant,deepgs,1,2,0,0.7712107272772845,0.7678807878587544,0.7712107272772849,-4.440892098500626e-16,True
easygese:rice,Panicle_number_per_plant,deepgs,1,3,0,0.7060409703567702,0.6956449697458257,0.70604097035677,1.1102230246251565e-16,True
easygese:rice,Panicle_number_per_plant,deepgs,1,4,0,0.7281267481174781,0.6699554871266666,0.7281267481174779,2.220446049250313e-16,True
easygese:rice,Panicle_number_per_plant,deepgs,1,5,0,0.6113939739722886,0.5409478595616826,0.6113939739722888,-2.220446049250313e-16,True
easygese:rice,Panicle_number_per_plant,deepgs,2,1,0,0.787174193620507,0.7836842217736981,0.7871741936205077,-6.661338147750939e-16,True
easygese:rice,Panicle_number_per_plant,deepgs,2,2,0,0.5807484876707965,0.5833509809129214,0.5807484876707963,1.1102230246251565e-16,True
easygese:rice,Panicle_number_per_plant,deepgs,2,3,0,0.6840172548164813,0.6726432031388686,0.6840172548164809,4.440892098500626e-16,True
easygese:rice,Panicle_number_per_plant,deepgs,2,4,0,0.7329678490681198,0.7320021427223875,0.7329678490681198,0.0,True
easygese:rice,Panicle_number_per_plant,deepgs,2,5,0,0.7387626596320831,0.7218616598069659,0.738762659632083,1.1102230246251565e-16,True
easygese:rice,Panicle_number_per_plant,dnngp,1,1,0,0.7294706744765037,0.7353918604280594,0.7294706744765038,-1.1102230246251565e-16,True
easygese:rice,Panicle_number_per_plant,dnngp,1,2,0,0.7370059955347036,0.7476289373584927,0.7370059955347034,2.220446049250313e-16,True
easygese:rice,Panicle_number_per_plant,dnngp,1,3,0,0.7356641284282072,0.7221355513692939,0.7356641284282072,0.0,True
easygese:rice,Panicle_number_per_plant,dnngp,1,4,0,0.7323981283902143,0.7145075466733987,0.7323981283902146,-2.220446049250313e-16,True
easygese:rice,Panicle_number_per_plant,dnngp,1,5,0,0.6031011413826737,0.5905678065634042,0.6031011413826738,-1.1102230246251565e-16,True
easygese:rice,Panicle_number_per_plant,dnngp,2,1,0,0.7579702763408902,0.7198209684639393,0.7579702763408899,3.3306690738754696e-16,True
easygese:rice,Panicle_number_per_plant,dnngp,2,2,0,0.6083423425666016,0.5899023463769713,0.6083423425666015,1.1102230246251565e-16,True
easygese:rice,Panicle_number_per_plant,dnngp,2,3,0,0.6808510992692176,0.6614029746065272,0.6808510992692176,0.0,True
easygese:rice,Panicle_number_per_plant,dnngp,2,4,0,0.7405392284518234,0.6835021374205192,0.7405392284518237,-3.3306690738754696e-16,True
easygese:rice,Panicle_number_per_plant,dnngp,2,5,0,0.751769231910977,0.7136116870291682,0.7517692319109777,-6.661338147750939e-16,True
easygese:rice,Panicle_number_per_plant,mlp,1,1,0,0.7297148697948433,0.7107125514469744,0.7297148697948433,0.0,True
easygese:rice,Panicle_number_per_plant,mlp,1,2,0,0.7655333829895014,0.7567744513556278,0.7655333829895016,-2.220446049250313e-16,True
easygese:rice,Panicle_number_per_plant,mlp,1,3,0,0.7274171889452183,0.7398738238692908,0.7274171889452181,2.220446049250313e-16,True
easygese:rice,Panicle_number_per_plant,mlp,1,4,0,0.7761285114634686,0.7274360668282694,0.7761285114634683,3.3306690738754696e-16,True
easygese:rice,Panicle_number_per_plant,mlp,1,5,0,0.6514673705474214,0.6543042013515561,0.651467370547421,4.440892098500626e-16,True
easygese:rice,Panicle_number_per_plant,mlp,2,1,0,0.7983443753169985,0.806411125629682,0.7983443753169983,2.220446049250313e-16,True
easygese:rice,Panicle_number_per_plant,mlp,2,2,0,0.6202216062920703,0.5585684898393756,0.6202216062920705,-1.1102230246251565e-16,True
easygese:rice,Panicle_number_per_plant,mlp,2,3,0,0.6791543849591544,0.6538078650188868,0.679154384959154,3.3306690738754696e-16,True
easygese:rice,Panicle_number_per_plant,mlp,2,4,0,0.7250705406810326,0.7143286358478464,0.7250705406810325,1.1102230246251565e-16,True
easygese:rice,Panicle_number_per_plant,mlp,2,5,0,0.7518511556083228,0.7306808203592535,0.7518511556083236,-7.771561172376096e-16,True
easygese:rice,Panicle_number_per_plant,pnngs,1,1,0,0.7434923383734248,0.7467237346432003,0.7434923383734248,0.0,True
easygese:rice,Panicle_number_per_plant,pnngs,1,2,0,0.7666178163195925,0.7316598656298048,0.7666178163195932,-7.771561172376096e-16,True
easygese:rice,Panicle_number_per_plant,pnngs,1,3,0,0.6356420368257354,0.6213008359074824,0.6356420368257352,2.220446049250313e-16,True
easygese:rice,Panicle_number_per_plant,pnngs,1,4,0,0.7363695254136369,0.7172636124136054,0.7363695254136369,0.0,True
easygese:rice,Panicle_number_per_plant,pnngs,1,5,0,0.6186954963806985,0.5716164935649446,0.6186954963806984,1.1102230246251565e-16,True
easygese:rice,Panicle_number_per_plant,pnngs,2,1,0,0.7887245647771428,0.7896095322566858,0.7887245647771421,6.661338147750939e-16,True
easygese:rice,Panicle_number_per_plant,pnngs,2,2,0,0.6131016727766855,0.6029290611545385,0.6131016727766853,2.220446049250313e-16,True
easygese:rice,Panicle_number_per_plant,pnngs,2,3,0,0.6339033287226092,0.6502231283308089,0.633903328722609,2.220446049250313e-16,True
easygese:rice,Panicle_number_per_plant,pnngs,2,4,0,0.7703939191359502,0.7874404916757147,0.7703939191359499,3.3306690738754696e-16,True
easygese:rice,Panicle_number_per_plant,pnngs,2,5,0,0.7401164552852971,0.7189809112267285,0.7401164552852965,6.661338147750939e-16,True
easygese:rice,Panicle_number_per_plant,soydngp,1,1,0,0.6050889654670383,0.5882544122912023,0.6050889654670383,0.0,True
easygese:rice,Panicle_number_per_plant,soydngp,1,2,0,0.731439315689768,0.7064035503146233,0.731439315689769,-9.992007221626409e-16,True
easygese:rice,Panicle_number_per_plant,soydngp,1,3,0,0.6722533057287503,0.7036546950618646,0.6722533057287514,-1.1102230246251565e-15,True
easygese:rice,Panicle_number_per_plant,soydngp,1,4,0,0.723948215122014,0.7223927606389713,0.7239482151220554,-4.141131881851834e-14,True
easygese:rice,Panicle_number_per_plant,soydngp,1,5,0,0.6713011683990585,0.5997815209343919,0.6713011683990584,1.1102230246251565e-16,True
easygese:rice,Panicle_number_per_plant,soydngp,2,1,0,0.6929453076547772,0.6818310898734974,0.6929453076547759,1.3322676295501878e-15,True
easygese:rice,Panicle_number_per_plant,soydngp,2,2,0,0.6786081609371383,0.64229142938326,0.6786081609371378,4.440892098500626e-16,True
easygese:rice,Panicle_number_per_plant,soydngp,2,3,0,0.7370810269575097,0.7021436080393968,0.7370810269575097,0.0,True
easygese:rice,Panicle_number_per_plant,soydngp,2,4,0,0.7073434841436359,0.6512346396879366,0.707343484143636,-1.1102230246251565e-16,True
easygese:rice,Panicle_number_per_plant,soydngp,2,5,0,0.6939134560496728,0.6913897019277235,0.693913456049673,-2.220446049250313e-16,True
easygese:rice,Panicle_number_per_plant,transformer,1,1,0,0.6436562958536457,0.6495882080919474,0.6436562958536463,-5.551115123125783e-16,True
easygese:rice,Panicle_number_per_plant,transformer,1,2,0,0.7716087008150634,0.7633355520119162,0.7716087008150626,7.771561172376096e-16,True
easygese:rice,Panicle_number_per_plant,transformer,1,3,0,0.6896991669574549,0.7125396889206185,0.6896991669574548,1.1102230246251565e-16,True
easygese:rice,Panicle_number_per_plant,transformer,1,4,0,0.7652270982060655,0.790411482373079,0.7652270982060657,-2.220446049250313e-16,True
easygese:rice,Panicle_number_per_plant,transformer,1,5,0,0.6498910758202062,0.6414354882785284,0.649891075820206,2.220446049250313e-16,True
easygese:rice,Panicle_number_per_plant,transformer,2,1,0,0.7594455531023676,0.751277178807011,0.7594455531023673,3.3306690738754696e-16,True
easygese:rice,Panicle_number_per_plant,transformer,2,2,0,0.6320518991743647,0.6289901438969453,0.6320518991743648,-1.1102230246251565e-16,True
easygese:rice,Panicle_number_per_plant,transformer,2,3,0,0.6842573191153061,0.67976414287662,0.6842573191153061,0.0,True
easygese:rice,Panicle_number_per_plant,transformer,2,4,0,0.7513321750062427,0.7773643360751376,0.7513321750062423,4.440892098500626e-16,True
easygese:rice,Panicle_number_per_plant,transformer,2,5,0,0.7480776326940262,0.7220313969829989,0.748077632694026,1.1102230246251565e-16,True
easygese:rice,Pericarp_color,cnn,1,1,0,0.5520021586820053,0.36622950136077087,0.5520021586820051,2.220446049250313e-16,True
easygese:rice,Pericarp_color,cnn,1,2,0,0.40451876209319027,0.4947128525096839,0.4045187620931902,5.551115123125783e-17,True
easygese:rice,Pericarp_color,cnn,1,3,0,0.5246953997064874,0.43951505761407256,0.5246953997064874,0.0,True
easygese:rice,Pericarp_color,cnn,1,4,0,0.4986376341073919,0.4118718928999908,0.49863763410739204,-1.1102230246251565e-16,True
easygese:rice,Pericarp_color,cnn,1,5,0,0.0270678782163999,0.05773502691896281,0.0270678782163999,0.0,True
easygese:rice,Pericarp_color,cnn,2,1,0,0.25457108301229886,0.2640215376734263,0.2545710830122988,5.551115123125783e-17,True
easygese:rice,Pericarp_color,cnn,2,2,0,0.5720812441861298,0.5249703614526933,0.57208124418613,-2.220446049250313e-16,True
easygese:rice,Pericarp_color,cnn,2,3,0,0.6026414486099101,0.5892522289548358,0.6026414486099104,-3.3306690738754696e-16,True
easygese:rice,Pericarp_color,cnn,2,4,0,0.43866888031906776,0.37924450639684104,0.43866888031906776,0.0,True
easygese:rice,Pericarp_color,cnn,2,5,0,0.20487828650936277,-0.03818674201514523,0.20487828650936274,2.7755575615628914e-17,True
easygese:rice,Pericarp_color,deepgs,1,1,0,0.42463975280625926,0.34586469457085334,0.42463975280625915,1.1102230246251565e-16,True
easygese:rice,Pericarp_color,deepgs,1,2,0,0.41402142930813,0.4519564586073817,0.41402142930813024,-2.220446049250313e-16,True
easygese:rice,Pericarp_color,deepgs,1,3,0,0.4796803867543093,0.5080776931256148,0.4796803867543095,-2.220446049250313e-16,True
easygese:rice,Pericarp_color,deepgs,1,4,0,0.1973026731319308,0.43386091563731227,0.1973026731319307,1.1102230246251565e-16,True
easygese:rice,Pericarp_color,deepgs,1,5,0,-0.4412580788715162,0.3817086534545295,0.44125807887151614,-0.8825161577430323,True
easygese:rice,Pericarp_color,deepgs,2,1,0,0.3964399620178175,0.5200007265085757,0.39643996201781734,1.6653345369377348e-16,True
easygese:rice,Pericarp_color,deepgs,2,2,0,0.488559960000562,0.57366952867073,0.48855996000056207,-5.551115123125783e-17,True
easygese:rice,Pericarp_color,deepgs,2,3,0,0.5257109895908283,0.4758652030659525,0.5257109895908286,-3.3306690738754696e-16,True
easygese:rice,Pericarp_color,deepgs,2,4,0,0.4476699326382608,0.3472902142889931,0.44766993263826094,-1.1102230246251565e-16,True
easygese:rice,Pericarp_color,deepgs,2,5,0,0.32240174748252687,0.1348120907265992,0.32240174748252726,-3.885780586188048e-16,True
easygese:rice,Pericarp_color,dnngp,1,1,0,0.5590487617044987,0.5988214249197282,0.5590487617044986,1.1102230246251565e-16,True
easygese:rice,Pericarp_color,dnngp,1,2,0,0.4602896305989062,0.46270111376594925,0.4602896305989061,1.1102230246251565e-16,True
easygese:rice,Pericarp_color,dnngp,1,3,0,0.47650811695574363,0.5566789508060034,0.47650811695574397,-3.3306690738754696e-16,True
easygese:rice,Pericarp_color,dnngp,1,4,0,0.30972492704454657,0.4171920509553761,0.3097249270445467,-1.1102230246251565e-16,True
easygese:rice,Pericarp_color,dnngp,1,5,0,-0.44492443237896995,0.3364820662773122,0.44492443237897,-0.8898488647579399,True
easygese:rice,Pericarp_color,dnngp,2,1,0,0.45377261710263866,0.48881210928317187,0.45377261710263855,1.1102230246251565e-16,True
easygese:rice,Pericarp_color,dnngp,2,2,0,0.4848662105224153,0.4450190752074668,0.4848662105224153,0.0,True
easygese:rice,Pericarp_color,dnngp,2,3,0,0.37212511083929606,0.3545477943053213,0.3721251108392958,2.7755575615628914e-16,True
easygese:rice,Pericarp_color,dnngp,2,4,0,0.30085100212734645,0.494175966003233,0.30085100212734633,1.1102230246251565e-16,True
easygese:rice,Pericarp_color,dnngp,2,5,0,0.43311161909127366,0.3549354848910957,0.4331116190912737,-5.551115123125783e-17,True
easygese:rice,Pericarp_color,mlp,1,1,0,0.6056076546838343,0.5658895126208259,0.6056076546838345,-2.220446049250313e-16,True
easygese:rice,Pericarp_color,mlp,1,2,0,0.44190249789145497,0.49320504252202657,0.44190249789145497,0.0,True
easygese:rice,Pericarp_color,mlp,1,3,0,0.6631470640425553,0.6150399821713712,0.6631470640425552,1.1102230246251565e-16,True
easygese:rice,Pericarp_color,mlp,1,4,0,0.27389872740376187,0.3375137702537664,0.2738987274037619,-5.551115123125783e-17,True
easygese:rice,Pericarp_color,mlp,1,5,0,-0.3832356644062844,0.37080992435478316,0.3832356644062845,-0.7664713288125689,True
easygese:rice,Pericarp_color,mlp,2,1,0,0.3887243934850804,0.3609260764384464,0.3887243934850807,-2.7755575615628914e-16,True
easygese:rice,Pericarp_color,mlp,2,2,0,0.6395354768155869,0.6431412054503549,0.639535476815587,-1.1102230246251565e-16,True
easygese:rice,Pericarp_color,mlp,2,3,0,0.6079042764748276,0.5712735715903794,0.6079042764748275,1.1102230246251565e-16,True
easygese:rice,Pericarp_color,mlp,2,4,0,0.39394530221719487,0.34921020175285467,0.3939453022171949,-5.551115123125783e-17,True
easygese:rice,Pericarp_color,mlp,2,5,0,0.18834463674585625,0.03935510106751037,0.1883446367458563,-5.551115123125783e-17,True
easygese:rice,Pericarp_color,pnngs,1,1,0,0.5616547227751021,0.42658511254771836,0.5616547227751023,-2.220446049250313e-16,True
easygese:rice,Pericarp_color,pnngs,1,2,0,0.3294512523481399,0.5778540277796889,0.3294512523481399,0.0,True
easygese:rice,Pericarp_color,pnngs,1,3,0,0.45582310942938664,0.7286257854820678,0.4558231094293868,-1.6653345369377348e-16,True
easygese:rice,Pericarp_color,pnngs,1,4,0,0.35743378281594745,0.4573459600930307,0.35743378281594745,0.0,True
easygese:rice,Pericarp_color,pnngs,1,5,0,0.39238186754182314,0.22186415187303657,0.39238186754182297,1.6653345369377348e-16,True
easygese:rice,Pericarp_color,pnngs,2,1,0,0.21218670929813702,0.5305145408700632,0.212186709298137,2.7755575615628914e-17,True
easygese:rice,Pericarp_color,pnngs,2,2,0,0.547515743476746,0.7669693523343333,0.5475157434767458,2.220446049250313e-16,True
easygese:rice,Pericarp_color,pnngs,2,3,0,0.43155016626960624,0.390783126069502,0.4315501662696061,1.6653345369377348e-16,True
easygese:rice,Pericarp_color,pnngs,2,4,0,0.31812816887413337,0.14324060763709381,0.3181281688741334,-5.551115123125783e-17,True
easygese:rice,Pericarp_color,pnngs,2,5,0,0.3199624683780176,0.2807034787361224,0.3199624683780177,-5.551115123125783e-17,True
easygese:rice,Pericarp_color,soydngp,1,1,0,0.6284057793899827,0.6127015076686201,0.6284057793899824,2.220446049250313e-16,True
easygese:rice,Pericarp_color,soydngp,1,2,0,0.6195958147437711,0.5843613977166883,0.619595814743771,1.1102230246251565e-16,True
easygese:rice,Pericarp_color,soydngp,1,3,0,0.651884066228005,0.6903814971937716,0.6518840662280053,-3.3306690738754696e-16,True
easygese:rice,Pericarp_color,soydngp,1,4,0,0.6419596764221109,0.6782584550027613,0.6419596764221108,1.1102230246251565e-16,True
easygese:rice,Pericarp_color,soydngp,1,5,0,0.07349850829505518,-0.04696682183138622,0.0734985082950831,-2.7922109069322687e-14,True
easygese:rice,Pericarp_color,soydngp,2,1,0,0.2828053421056337,0.2026185446998079,0.28280534210563446,-7.771561172376096e-16,True
easygese:rice,Pericarp_color,soydngp,2,2,0,0.6677313816714123,0.6554296941771345,0.6677313816714119,4.440892098500626e-16,True
easygese:rice,Pericarp_color,soydngp,2,3,0,0.667443981025711,0.6186639241529357,0.667443981025711,0.0,True
easygese:rice,Pericarp_color,soydngp,2,4,0,0.49487973104741534,0.5153581742031267,0.4948797310474159,-5.551115123125783e-16,True
easygese:rice,Pericarp_color,soydngp,2,5,0,0.4868476110386118,0.44117941795524523,0.4868476110386118,0.0,True
easygese:rice,Pericarp_color,transformer,1,1,0,0.5301695500146609,0.48496304039274074,0.5301695500146609,0.0,True
easygese:rice,Pericarp_color,transformer,1,2,0,0.5029746637157286,0.4822830123264288,0.5029746637157289,-2.220446049250313e-16,True
easygese:rice,Pericarp_color,transformer,1,3,0,0.7665786733784652,0.8654978610386033,0.7665786733784653,-1.1102230246251565e-16,True
easygese:rice,Pericarp_color,transformer,1,4,0,0.3842799426462615,0.5549463610238622,0.38427994264626136,1.1102230246251565e-16,True
easygese:rice,Pericarp_color,transformer,1,5,0,0.18450754430294697,0.14659886790209337,0.18450754430294708,-1.1102230246251565e-16,True
easygese:rice,Pericarp_color,transformer,2,1,0,0.5091853821332676,0.5842202300214084,0.5091853821332676,0.0,True
easygese:rice,Pericarp_color,transformer,2,2,0,0.5039450081079022,0.518893081360459,0.5039450081079022,0.0,True
easygese:rice,Pericarp_color,transformer,2,3,0,0.5600578683304263,0.470969508012361,0.560057868330426,2.220446049250313e-16,True
easygese:rice,Pericarp_color,transformer,2,4,0,0.4136609934016345,0.36798311427260916,0.4136609934016346,-1.1102230246251565e-16,True
easygese:rice,Pericarp_color,transformer,2,5,0,0.36743907374905665,0.31394940796310067,0.36743907374905665,0.0,True
easygese:rice,Plant_height,cnn,1,1,0,0.6486731499587786,0.6006999883763868,0.6486731499587787,-1.1102230246251565e-16,True
easygese:rice,Plant_height,cnn,1,2,0,0.6942125357593977,0.6665953294126907,0.6942125357593972,4.440892098500626e-16,True
easygese:rice,Plant_height,cnn,1,3,0,0.630536783175854,0.6496049866809034,0.6305367831758544,-3.3306690738754696e-16,True
easygese:rice,Plant_height,cnn,1,4,0,0.6471360597213738,0.6275930468921785,0.6471360597213741,-3.3306690738754696e-16,True
easygese:rice,Plant_height,cnn,1,5,0,0.638360234863688,0.5714915059325629,0.6383602348636879,1.1102230246251565e-16,True
easygese:rice,Plant_height,cnn,2,1,0,0.5969467126568649,0.5564210081942079,0.5969467126568649,0.0,True
easygese:rice,Plant_height,cnn,2,2,0,0.6323933605161717,0.6184548810743709,0.6323933605161721,-4.440892098500626e-16,True
easygese:rice,Plant_height,cnn,2,3,0,0.5305985832408282,0.4945927378868878,0.5305985832408281,1.1102230246251565e-16,True
easygese:rice,Plant_height,cnn,2,4,0,0.5779682096626959,0.5457901237272463,0.5779682096626959,0.0,True
easygese:rice,Plant_height,cnn,2,5,0,0.5801128999066172,0.5642562023324065,0.5801128999066172,0.0,True
easygese:rice,Plant_height,deepgs,1,1,0,0.5992911521730239,0.5578499055903079,0.5992911521730235,3.3306690738754696e-16,True
easygese:rice,Plant_height,deepgs,1,2,0,0.5541446653781973,0.5231577704048533,0.5541446653781976,-3.3306690738754696e-16,True
easygese:rice,Plant_height,deepgs,1,3,0,0.5871137397591953,0.5696451176429199,0.5871137397591951,2.220446049250313e-16,True
easygese:rice,Plant_height,deepgs,1,4,0,0.4970059153120986,0.45554323575617717,0.497005915312099,-3.885780586188048e-16,True
easygese:rice,Plant_height,deepgs,1,5,0,0.5580442562725256,0.5225134182394665,0.5580442562725257,-1.1102230246251565e-16,True
easygese:rice,Plant_height,deepgs,2,1,0,0.6090712478503612,0.5423569008446062,0.6090712478503609,2.220446049250313e-16,True
easygese:rice,Plant_height,deepgs,2,2,0,0.5198847159960874,0.5046536081550476,0.5198847159960881,-6.661338147750939e-16,True
easygese:rice,Plant_height,deepgs,2,3,0,0.421870383211278,0.45046013639637655,0.4218703832112782,-1.6653345369377348e-16,True
easygese:rice,Plant_height,deepgs,2,4,0,0.6351170740504343,0.5977973397028036,0.6351170740504339,3.3306690738754696e-16,True
easygese:rice,Plant_height,deepgs,2,5,0,0.5514814861750209,0.5476219679510599,0.5514814861750208,1.1102230246251565e-16,True
easygese:rice,Plant_height,dnngp,1,1,0,0.5762037576293481,0.546489040861505,0.5762037576293483,-2.220446049250313e-16,True
easygese:rice,Plant_height,dnngp,1,2,0,0.6129443795697025,0.547360554988578,0.6129443795697026,-1.1102230246251565e-16,True
easygese:rice,Plant_height,dnngp,1,3,0,0.5525115074801215,0.5415430686834597,0.5525115074801218,-3.3306690738754696e-16,True
easygese:rice,Plant_height,dnngp,1,4,0,0.4984397601470771,0.45720599496853515,0.49843976014707714,-5.551115123125783e-17,True
easygese:rice,Plant_height,dnngp,1,5,0,0.4778840013914325,0.4714320316881278,0.47788400139143233,1.6653345369377348e-16,True
easygese:rice,Plant_height,dnngp,2,1,0,0.5103862639242797,0.4877786339065024,0.5103862639242802,-5.551115123125783e-16,True
easygese:rice,Plant_height,dnngp,2,2,0,0.518051044193745,0.5369019352057451,0.5180510441937453,-2.220446049250313e-16,True
easygese:rice,Plant_height,dnngp,2,3,0,0.3606012527318429,0.39504390962617764,0.36060125273184274,1.6653345369377348e-16,True
easygese:rice,Plant_height,dnngp,2,4,0,0.7187650984948557,0.6710037825917744,0.7187650984948561,-4.440892098500626e-16,True
easygese:rice,Plant_height,dnngp,2,5,0,0.5508467325243764,0.5508107267131996,0.550846732524376,4.440892098500626e-16,True
easygese:rice,Plant_height,mlp,1,1,0,0.6351317929725651,0.5976738777899198,0.635131792972565,1.1102230246251565e-16,True
easygese:rice,Plant_height,mlp,1,2,0,0.5951071078534482,0.5387697069471702,0.5951071078534479,3.3306690738754696e-16,True
easygese:rice,Plant_height,mlp,1,3,0,0.5898129306294186,0.5821174966086362,0.5898129306294188,-1.1102230246251565e-16,True
easygese:rice,Plant_height,mlp,1,4,0,0.44549017016193776,0.4188358682616037,0.44549017016193765,1.1102230246251565e-16,True
easygese:rice,Plant_height,mlp,1,5,0,0.5382537066553087,0.4426656384623814,0.5382537066553087,0.0,True
easygese:rice,Plant_height,mlp,2,1,0,0.5298087804998416,0.5201846013278744,0.5298087804998414,2.220446049250313e-16,True
easygese:rice,Plant_height,mlp,2,2,0,0.5515380923104203,0.5988825422300699,0.5515380923104201,2.220446049250313e-16,True
easygese:rice,Plant_height,mlp,2,3,0,0.454379987942489,0.4581312163366708,0.454379987942489,0.0,True
easygese:rice,Plant_height,mlp,2,4,0,0.5914850754628387,0.493096413406309,0.5914850754628382,4.440892098500626e-16,True
easygese:rice,Plant_height,mlp,2,5,0,0.561964409053388,0.5321017011419115,0.5619644090533881,-1.1102230246251565e-16,True
easygese:rice,Plant_height,pnngs,1,1,0,0.5810455634250654,0.5172859901810041,0.5810455634250659,-4.440892098500626e-16,True
easygese:rice,Plant_height,pnngs,1,2,0,0.4545637804357395,0.46552962342153126,0.4545637804357398,-3.3306690738754696e-16,True
easygese:rice,Plant_height,pnngs,1,3,0,0.6294738879245624,0.6002791501156144,0.6294738879245617,6.661338147750939e-16,True
easygese:rice,Plant_height,pnngs,1,4,0,0.3960159434725514,0.3093719475483493,0.3960159434725519,-4.996003610813204e-16,True
easygese:rice,Plant_height,pnngs,1,5,0,0.6149806615701959,0.5733171704190124,0.6149806615701962,-2.220446049250313e-16,True
easygese:rice,Plant_height,pnngs,2,1,0,0.4710070233552643,0.46226308205068656,0.4710070233552644,-1.1102230246251565e-16,True
easygese:rice,Plant_height,pnngs,2,2,0,0.5282455525574243,0.48781918150275155,0.5282455525574236,7.771561172376096e-16,True
easygese:rice,Plant_height,pnngs,2,3,0,0.5844920996942305,0.5900212622389944,0.5844920996942307,-1.1102230246251565e-16,True
easygese:rice,Plant_height,pnngs,2,4,0,0.6378266265654335,0.6029979660674073,0.6378266265654337,-1.1102230246251565e-16,True
easygese:rice,Plant_height,pnngs,2,5,0,0.6496403468024031,0.63431583904198,0.6496403468024031,0.0,True
easygese:rice,Plant_height,soydngp,1,1,0,0.7010432086677397,0.653269679698157,0.7010432086677391,6.661338147750939e-16,True
easygese:rice,Plant_height,soydngp,1,2,0,0.6847630157925798,0.6158183651012915,0.6847630157925796,2.220446049250313e-16,True
easygese:rice,Plant_height,soydngp,1,3,0,0.6557097867557641,0.6316527816791494,0.6557097867557646,-5.551115123125783e-16,True
easygese:rice,Plant_height,soydngp,1,4,0,0.6925677935356149,0.6490197428199548,0.6925677935356145,4.440892098500626e-16,True
easygese:rice,Plant_height,soydngp,1,5,0,0.6151539547020882,0.5546903358925939,0.6151539547020882,0.0,True
easygese:rice,Plant_height,soydngp,2,1,0,0.37357258632282553,0.3272100273633897,0.3735725863228055,2.0039525594484076e-14,True
easygese:rice,Plant_height,soydngp,2,2,0,0.6864162614669083,0.6219981880871519,0.6864162614669084,-1.1102230246251565e-16,True
easygese:rice,Plant_height,soydngp,2,3,0,0.4511281429453566,0.4415082255845699,0.45112814294535625,3.3306690738754696e-16,True
easygese:rice,Plant_height,soydngp,2,4,0,0.6937178176996747,0.6637532372727257,0.6937178176996749,-2.220446049250313e-16,True
easygese:rice,Plant_height,soydngp,2,5,0,0.6217596169457454,0.5505887040482611,0.6217596169457454,0.0,True
easygese:rice,Plant_height,transformer,1,1,0,0.6510236058280039,0.619397588032588,0.6510236058280039,0.0,True
easygese:rice,Plant_height,transformer,1,2,0,0.5465911427709667,0.5365540091288017,0.546591142770967,-3.3306690738754696e-16,True
easygese:rice,Plant_height,transformer,1,3,0,0.5984150572611625,0.5722591090961543,0.5984150572611627,-2.220446049250313e-16,True
easygese:rice,Plant_height,transformer,1,4,0,0.4864371708678486,0.4226204319992897,0.48643717086784866,-5.551115123125783e-17,True
easygese:rice,Plant_height,transformer,1,5,0,0.5344040331141964,0.5215448512614344,0.5344040331141964,0.0,True
easygese:rice,Plant_height,transformer,2,1,0,0.6311565346684243,0.6012702059142304,0.6311565346684239,3.3306690738754696e-16,True
easygese:rice,Plant_height,transformer,2,2,0,0.5769902338304066,0.5752770783578302,0.5769902338304066,0.0,True
easygese:rice,Plant_height,transformer,2,3,0,0.49417465997110155,0.4884324949245766,0.49417465997110116,3.885780586188048e-16,True
easygese:rice,Plant_height,transformer,2,4,0,0.5963839979748949,0.5825680328551609,0.5963839979748947,2.220446049250313e-16,True
easygese:rice,Plant_height,transformer,2,5,0,0.5170380629706531,0.4133162643921047,0.5170380629706532,-1.1102230246251565e-16,True
easygese:rice,Primary_panicle_branch_number,cnn,1,1,0,0.5891517219454205,0.5035699577733213,0.5891517219454208,-2.220446049250313e-16,True
easygese:rice,Primary_panicle_branch_number,cnn,1,2,0,0.47002503883319924,0.44382020877822415,0.4700250388331994,-1.6653345369377348e-16,True
easygese:rice,Primary_panicle_branch_number,cnn,1,3,0,0.24367669887210283,0.25748392039982465,0.2436766988721026,2.220446049250313e-16,True
easygese:rice,Primary_panicle_branch_number,cnn,1,4,0,0.3512528356070743,0.3872395592043697,0.35125283560707427,5.551115123125783e-17,True
easygese:rice,Primary_panicle_branch_number,cnn,1,5,0,0.4427847243824106,0.2735794411182798,0.4427847243824107,-5.551115123125783e-17,True
easygese:rice,Primary_panicle_branch_number,cnn,2,1,0,0.48198702473342253,0.44299989014639923,0.48198702473342264,-1.1102230246251565e-16,True
easygese:rice,Primary_panicle_branch_number,cnn,2,2,0,0.56059695493709,0.44742174384370276,0.5605969549370903,-2.220446049250313e-16,True
easygese:rice,Primary_panicle_branch_number,cnn,2,3,0,0.39425668198662167,0.3919250554542821,0.3942566819866214,2.7755575615628914e-16,True
easygese:rice,Primary_panicle_branch_number,cnn,2,4,0,0.3787489238366188,0.31258557400116366,0.37874892383661873,5.551115123125783e-17,True
easygese:rice,Primary_panicle_branch_number,cnn,2,5,0,0.44666467672853677,0.4387953764602903,0.4466646767285368,-5.551115123125783e-17,True
easygese:rice,Primary_panicle_branch_number,deepgs,1,1,0,0.5138606844485029,0.4609629861051648,0.5138606844485027,1.1102230246251565e-16,True
easygese:rice,Primary_panicle_branch_number,deepgs,1,2,0,0.4227766420377648,0.4076800516438168,0.42277664203776494,-1.1102230246251565e-16,True
easygese:rice,Primary_panicle_branch_number,deepgs,1,3,0,0.29790685951526064,0.15218473488192216,0.29790685951526086,-2.220446049250313e-16,True
easygese:rice,Primary_panicle_branch_number,deepgs,1,4,0,0.31154203459552104,0.2678132406098317,0.31154203459552116,-1.1102230246251565e-16,True
easygese:rice,Primary_panicle_branch_number,deepgs,1,5,0,0.46699636364451785,0.44898931272736364,0.4669963636445179,-5.551115123125783e-17,True
easygese:rice,Primary_panicle_branch_number,deepgs,2,1,0,0.5346248287759823,0.4465829312665639,0.5346248287759824,-1.1102230246251565e-16,True
easygese:rice,Primary_panicle_branch_number,deepgs,2,2,0,0.3538565812879293,0.32395911873112854,0.35385658128792935,-5.551115123125783e-17,True
easygese:rice,Primary_panicle_branch_number,deepgs,2,3,0,0.3354140264940874,0.3068906194145509,0.3354140264940874,0.0,True
easygese:rice,Primary_panicle_branch_number,deepgs,2,4,0,0.4849641788572235,0.41465192405926743,0.48496417885722387,-3.885780586188048e-16,True
easygese:rice,Primary_panicle_branch_number,deepgs,2,5,0,0.47290107231335354,0.45023937956851096,0.4729010723133535,5.551115123125783e-17,True
easygese:rice,Primary_panicle_branch_number,dnngp,1,1,0,0.5327364804735504,0.5104550709916591,0.5327364804735499,4.440892098500626e-16,True
easygese:rice,Primary_panicle_branch_number,dnngp,1,2,0,0.2779162743993169,0.20956156163998263,0.2779162743993165,3.885780586188048e-16,True
easygese:rice,Primary_panicle_branch_number,dnngp,1,3,0,0.32214935624359736,0.275747360887742,0.3221493562435974,-5.551115123125783e-17,True
easygese:rice,Primary_panicle_branch_number,dnngp,1,4,0,0.3026205873511851,0.3074232999646164,0.30262058735118497,1.1102230246251565e-16,True
easygese:rice,Primary_panicle_branch_number,dnngp,1,5,0,0.44272928068631545,0.3987667324957355,0.44272928068631545,0.0,True
easygese:rice,Primary_panicle_branch_number,dnngp,2,1,0,0.3206415390256527,0.25467582499025787,0.32064153902565257,1.1102230246251565e-16,True
easygese:rice,Primary_panicle_branch_number,dnngp,2,2,0,0.31621774809501574,0.2550240928547167,0.31621774809501585,-1.1102230246251565e-16,True
easygese:rice,Primary_panicle_branch_number,dnngp,2,3,0,0.25896024283733127,0.2627028682797188,0.25896024283733127,0.0,True
easygese:rice,Primary_panicle_branch_number,dnngp,2,4,0,0.41996247201966713,0.2750072569376831,0.41996247201966713,0.0,True
easygese:rice,Primary_panicle_branch_number,dnngp,2,5,0,0.40750272830833206,0.3825234157426423,0.4075027283083318,2.7755575615628914e-16,True
easygese:rice,Primary_panicle_branch_number,mlp,1,1,0,0.5434322553297868,0.5127412717110427,0.5434322553297869,-1.1102230246251565e-16,True
easygese:rice,Primary_panicle_branch_number,mlp,1,2,0,0.2898906095573243,0.3074737580828992,0.28989060955732443,-1.1102230246251565e-16,True
easygese:rice,Primary_panicle_branch_number,mlp,1,3,0,0.3342140114112133,0.33139884208194603,0.33421401141121343,-1.1102230246251565e-16,True
easygese:rice,Primary_panicle_branch_number,mlp,1,4,0,0.31198020742140653,0.24590952189790263,0.3119802074214062,3.3306690738754696e-16,True
easygese:rice,Primary_panicle_branch_number,mlp,1,5,0,0.478391462863801,0.42660300197448264,0.47839146286380124,-2.220446049250313e-16,True
easygese:rice,Primary_panicle_branch_number,mlp,2,1,0,0.439827940755436,0.4235342085257189,0.4398279407554358,2.220446049250313e-16,True
easygese:rice,Primary_panicle_branch_number,mlp,2,2,0,0.4608403173453843,0.3700688350029037,0.46084031734538433,-5.551115123125783e-17,True
easygese:rice,Primary_panicle_branch_number,mlp,2,3,0,0.3762654367331826,0.27838366203395576,0.37626543673318286,-2.7755575615628914e-16,True
easygese:rice,Primary_panicle_branch_number,mlp,2,4,0,0.4546137251776178,0.40862671113358423,0.454613725177618,-2.220446049250313e-16,True
easygese:rice,Primary_panicle_branch_number,mlp,2,5,0,0.4416474795421979,0.4108528943239531,0.4416474795421975,3.885780586188048e-16,True
easygese:rice,Primary_panicle_branch_number,pnngs,1,1,0,0.5638011847219215,0.38881251966059904,0.563801184721922,-4.440892098500626e-16,True
easygese:rice,Primary_panicle_branch_number,pnngs,1,2,0,0.33893671358545246,0.2623036008565955,0.3389367135854528,-3.3306690738754696e-16,True
easygese:rice,Primary_panicle_branch_number,pnngs,1,3,0,0.28786080357158916,0.21324029086628282,0.28786080357158933,-1.6653345369377348e-16,True
easygese:rice,Primary_panicle_branch_number,pnngs,1,4,0,0.38135397878233085,0.39734625624456166,0.38135397878233085,0.0,True
easygese:rice,Primary_panicle_branch_number,pnngs,1,5,0,0.5358985616208763,0.47159582533991484,0.5358985616208759,4.440892098500626e-16,True
easygese:rice,Primary_panicle_branch_number,pnngs,2,1,0,0.3851440395867601,0.4254742875751161,0.38514403958675986,2.220446049250313e-16,True
easygese:rice,Primary_panicle_branch_number,pnngs,2,2,0,0.40498686387700805,0.35256774676796576,0.4049868638770081,-5.551115123125783e-17,True
easygese:rice,Primary_panicle_branch_number,pnngs,2,3,0,0.3405025421402903,0.30112445517737607,0.3405025421402904,-1.1102230246251565e-16,True
easygese:rice,Primary_panicle_branch_number,pnngs,2,4,0,0.43790915984818585,0.4004221817719904,0.43790915984818574,1.1102230246251565e-16,True
easygese:rice,Primary_panicle_branch_number,pnngs,2,5,0,0.3421020742994308,0.35099221005389164,0.34210207429943046,3.3306690738754696e-16,True
easygese:rice,Primary_panicle_branch_number,soydngp,1,1,0,0.2837402649028156,0.16415935523198105,0.2837402649028573,-4.168887457467463e-14,True
easygese:rice,Primary_panicle_branch_number,soydngp,1,2,0,0.45512466016696906,0.5028038506108944,0.455124660166969,5.551115123125783e-17,True
easygese:rice,Primary_panicle_branch_number,soydngp,1,3,0,0.3870234039782506,0.39834684081370286,0.3870234039782503,2.7755575615628914e-16,True
easygese:rice,Primary_panicle_branch_number,soydngp,1,4,0,0.3585132770936134,0.4011215280149246,0.35851327709361364,-2.220446049250313e-16,True
easygese:rice,Primary_panicle_branch_number,soydngp,1,5,0,0.43309281920165255,0.435259135932165,0.4330928192016523,2.220446049250313e-16,True
easygese:rice,Primary_panicle_branch_number,soydngp,2,1,0,0.4252910055833009,0.41089321737261914,0.4252910055832846,1.63202784619898e-14,True
easygese:rice,Primary_panicle_branch_number,soydngp,2,2,0,0.6152777176278103,0.6254844487993063,0.6152777176278106,-3.3306690738754696e-16,True
easygese:rice,Primary_panicle_branch_number,soydngp,2,3,0,0.4077511104642476,0.40453704200213064,0.40775111046424745,1.6653345369377348e-16,True
easygese:rice,Primary_panicle_branch_number,soydngp,2,4,0,0.46469597885194663,0.4558041041170766,0.4646959788519467,-5.551115123125783e-17,True
easygese:rice,Primary_panicle_branch_number,soydngp,2,5,0,0.5230060681287685,0.5743457158140377,0.5230060681287684,1.1102230246251565e-16,True
easygese:rice,Primary_panicle_branch_number,transformer,1,1,0,0.5283867316776983,0.4792676901240855,0.5283867316776983,0.0,True
easygese:rice,Primary_panicle_branch_number,transformer,1,2,0,0.40136264992437065,0.34548897283256,0.4013626499243706,5.551115123125783e-17,True
easygese:rice,Primary_panicle_branch_number,transformer,1,3,0,0.3221446686830308,0.2954453221773632,0.3221446686830308,0.0,True
easygese:rice,Primary_panicle_branch_number,transformer,1,4,0,0.41172230142501964,0.3992876210804347,0.4117223014250196,5.551115123125783e-17,True
easygese:rice,Primary_panicle_branch_number,transformer,1,5,0,0.4598336321440956,0.3910113107514987,0.4598336321440956,0.0,True
easygese:rice,Primary_panicle_branch_number,transformer,2,1,0,0.44067383578225394,0.40787987314601976,0.4406738357822536,3.3306690738754696e-16,True
easygese:rice,Primary_panicle_branch_number,transformer,2,2,0,0.4870471435440007,0.5120401051211237,0.487047143544001,-3.3306690738754696e-16,True
easygese:rice,Primary_panicle_branch_number,transformer,2,3,0,0.37648257065506696,0.3328760483436652,0.3764825706550671,-1.1102230246251565e-16,True
easygese:rice,Primary_panicle_branch_number,transformer,2,4,0,0.5028323071810118,0.4685681725477131,0.5028323071810118,0.0,True
easygese:rice,Primary_panicle_branch_number,transformer,2,5,0,0.4978867750058781,0.44504110638114225,0.49788677500587813,-5.551115123125783e-17,True
easygese:rice,Protein_content,cnn,1,1,0,0.11258781105230858,0.09645244669177137,0.11258781105230856,2.7755575615628914e-17,True
easygese:rice,Protein_content,cnn,1,2,0,0.26177818167246514,0.2494753409109258,0.2617781816724649,2.220446049250313e-16,True
easygese:rice,Protein_content,cnn,1,3,0,0.2776377295784724,0.21070214914998672,0.2776377295784724,0.0,True
easygese:rice,Protein_content,cnn,1,4,0,0.3191476495673355,0.32032020287647806,0.31914764956733566,-1.6653345369377348e-16,True
easygese:rice,Protein_content,cnn,1,5,0,0.3656837028524159,0.33240006993733473,0.365683702852416,-1.1102230246251565e-16,True
easygese:rice,Protein_content,cnn,2,1,0,0.2774546942393202,0.1955353444661983,0.27745469423931435,5.828670879282072e-15,True
easygese:rice,Protein_content,cnn,2,2,0,0.3331242403667523,0.2659079235968011,0.3331242403667524,-1.1102230246251565e-16,True
easygese:rice,Protein_content,cnn,2,3,0,0.28941706824879215,0.2922164873812159,0.28941706824879226,-1.1102230246251565e-16,True
easygese:rice,Protein_content,cnn,2,4,0,0.5575626257940551,0.5834570008708386,0.5575626257940554,-2.220446049250313e-16,True
easygese:rice,Protein_content,cnn,2,5,0,0.3937016916734835,0.3758535587359045,0.39370169167348057,2.942091015256665e-15,True
easygese:rice,Protein_content,deepgs,1,1,0,0.12721155887465188,0.21180723713317004,0.12721155887465166,2.220446049250313e-16,True
easygese:rice,Protein_content,deepgs,1,2,0,0.3493803660606467,0.37584572436708014,0.3493803660606465,2.220446049250313e-16,True
easygese:rice,Protein_content,deepgs,1,3,0,0.2982383363184809,0.3315633252027047,0.29823833631848035,5.551115123125783e-16,True
easygese:rice,Protein_content,deepgs,1,4,0,0.26317090643299745,0.35020360654247307,0.2631709064329977,-2.220446049250313e-16,True
easygese:rice,Protein_content,deepgs,1,5,0,0.3592545975861623,0.3601747046843292,0.3592545975861628,-4.996003610813204e-16,True
easygese:rice,Protein_content,deepgs,2,1,0,0.4310351209699311,0.4423841015776307,0.4310351209699312,-1.1102230246251565e-16,True
easygese:rice,Protein_content,deepgs,2,2,0,0.19658888934221935,0.14119870186756003,0.1965888893422186,7.494005416219807e-16,True
easygese:rice,Protein_content,deepgs,2,3,0,0.34696555860247513,0.3488673622633342,0.34696555860247547,-3.3306690738754696e-16,True
easygese:rice,Protein_content,deepgs,2,4,0,0.3025465002375008,0.240149286460243,0.30254650023750124,-4.440892098500626e-16,True
easygese:rice,Protein_content,deepgs,2,5,0,0.3824785843279803,0.28230863770637205,0.38247858432798043,-1.1102230246251565e-16,True
easygese:rice,Protein_content,dnngp,1,1,0,0.11855538952832612,0.055669922589947005,0.11855538952832594,1.8041124150158794e-16,True
easygese:rice,Protein_content,dnngp,1,2,0,0.3087221996311941,0.2654315614630284,0.3087221996311942,-5.551115123125783e-17,True
easygese:rice,Protein_content,dnngp,1,3,0,0.18265559711169055,0.17366151668744353,0.18265559711169052,2.7755575615628914e-17,True
easygese:rice,Protein_content,dnngp,1,4,0,0.40855475557586934,0.2885268025791573,0.40855475557586896,3.885780586188048e-16,True
easygese:rice,Protein_content,dnngp,1,5,0,0.2668620436850457,0.19719814069512726,0.2668620436850455,1.6653345369377348e-16,True
easygese:rice,Protein_content,dnngp,2,1,0,0.3386112718409722,0.30080377149395304,0.3386112718409723,-5.551115123125783e-17,True
easygese:rice,Protein_content,dnngp,2,2,0,0.30573868381254626,0.19973747927222485,0.3057386838125459,3.885780586188048e-16,True
easygese:rice,Protein_content,dnngp,2,3,0,0.1999284473127977,0.11790986371439052,0.1999284473127976,1.1102230246251565e-16,True
easygese:rice,Protein_content,dnngp,2,4,0,0.42177478403160146,0.44102719154699904,0.4217747840316015,-5.551115123125783e-17,True
easygese:rice,Protein_content,dnngp,2,5,0,0.5032767301314383,0.4307284054997935,0.5032767301314378,4.440892098500626e-16,True
easygese:rice,Protein_content,mlp,1,1,0,0.16751796387012186,0.23551780972481126,0.16751796387012166,1.942890293094024e-16,True
easygese:rice,Protein_content,mlp,1,2,0,0.1989485511029478,0.15390179836848658,0.19894855110294776,2.7755575615628914e-17,True
easygese:rice,Protein_content,mlp,1,3,0,0.1658011595228727,0.1029815692214005,0.16580115952287272,-2.7755575615628914e-17,True
easygese:rice,Protein_content,mlp,1,4,0,0.30452387237628586,0.20038438202245737,0.3045238723762853,5.551115123125783e-16,True
easygese:rice,Protein_content,mlp,1,5,0,0.3240461589733901,0.3244597589388402,0.32404615897339,1.1102230246251565e-16,True
easygese:rice,Protein_content,mlp,2,1,0,0.24811011471324662,0.25525180534955005,0.24811011471324654,8.326672684688674e-17,True
easygese:rice,Protein_content,mlp,2,2,0,0.29897406396701337,0.1876450534568672,0.2989740639670133,5.551115123125783e-17,True
easygese:rice,Protein_content,mlp,2,3,0,0.13159352826111154,0.03512720680764863,0.13159352826111137,1.6653345369377348e-16,True
easygese:rice,Protein_content,mlp,2,4,0,0.2794589487350207,0.26451167903220574,0.2794589487350212,-4.996003610813204e-16,True
easygese:rice,Protein_content,mlp,2,5,0,0.42109534047424835,0.3380547836350195,0.4210953404742486,-2.7755575615628914e-16,True
easygese:rice,Protein_content,pnngs,1,1,0,0.06601277788098553,0.12699745316518116,0.06601277788098561,-8.326672684688674e-17,True
easygese:rice,Protein_content,pnngs,1,2,0,0.2265346164009755,0.23490389967147243,0.22653461640097544,5.551115123125783e-17,True
easygese:rice,Protein_content,pnngs,1,3,0,0.08865656113069972,0.08495042939429764,0.08865656113069904,6.800116025829084e-16,True
easygese:rice,Protein_content,pnngs,1,4,0,0.31813115611237686,0.2648496995109097,0.3181311561123769,-5.551115123125783e-17,True
easygese:rice,Protein_content,pnngs,1,5,0,0.25997074364248546,0.16825971850922444,0.2599707436424851,3.3306690738754696e-16,True
easygese:rice,Protein_content,pnngs,2,1,0,0.4208505111352079,0.3974532913411584,0.42085051113520844,-5.551115123125783e-16,True
easygese:rice,Protein_content,pnngs,2,2,0,0.16784145665324274,0.18923108006788314,0.16784145665324307,-3.3306690738754696e-16,True
easygese:rice,Protein_content,pnngs,2,3,0,0.268676817435374,0.19836601019380606,0.26867681743537386,1.6653345369377348e-16,True
easygese:rice,Protein_content,pnngs,2,4,0,0.4804665272503748,0.48112479819717735,0.48046652725037436,4.440892098500626e-16,True
easygese:rice,Protein_content,pnngs,2,5,0,0.31316455927654185,0.27673334819441164,0.31316455927654185,0.0,True
easygese:rice,Protein_content,soydngp,1,1,0,0.34908873782164,0.24627035338754782,0.3490887378216353,4.718447854656915e-15,True
easygese:rice,Protein_content,soydngp,1,2,0,0.42151550028836937,0.39511422808210545,0.4215155002883695,-1.1102230246251565e-16,True
easygese:rice,Protein_content,soydngp,1,3,0,0.33685681957682906,0.1787810300344754,0.3368568195768293,-2.220446049250313e-16,True
easygese:rice,Protein_content,soydngp,1,4,0,0.340274991178526,0.3227406306379639,0.34027499117852666,-6.661338147750939e-16,True
easygese:rice,Protein_content,soydngp,1,5,0,0.3782339601750766,0.38770115145239287,0.3782339601750767,-1.1102230246251565e-16,True
easygese:rice,Protein_content,soydngp,2,1,0,0.4341119400547628,0.4353758737028896,0.43411194005476267,1.1102230246251565e-16,True
easygese:rice,Protein_content,soydngp,2,2,0,0.20118772055337047,0.1928363512558472,0.201187720553371,-5.273559366969494e-16,True
easygese:rice,Protein_content,soydngp,2,3,0,0.27106452598842967,0.3240688613369429,0.2710645259884294,2.7755575615628914e-16,True
easygese:rice,Protein_content,soydngp,2,4,0,0.3324772982655175,0.2706170963125569,0.3324772982656114,-9.392486788328824e-14,True
easygese:rice,Protein_content,soydngp,2,5,0,0.4614485996378713,0.4776270906263819,0.4614485996378716,-2.7755575615628914e-16,True
easygese:rice,Protein_content,transformer,1,1,0,0.18656525767367252,0.16214099530883685,0.18656525767367224,2.7755575615628914e-16,True
easygese:rice,Protein_content,transformer,1,2,0,0.3426493591387119,0.28432304995511365,0.3426493591387114,4.996003610813204e-16,True
easygese:rice,Protein_content,transformer,1,3,0,0.2122845356387146,0.14614357220268154,0.21228453563871444,1.6653345369377348e-16,True
easygese:rice,Protein_content,transformer,1,4,0,0.32123573250199616,0.3033394122529605,0.3212357325019967,-5.551115123125783e-16,True
easygese:rice,Protein_content,transformer,1,5,0,0.1368947345276762,0.17563370938419287,0.13689473452767598,2.220446049250313e-16,True
easygese:rice,Protein_content,transformer,2,1,0,0.4649974593216177,0.41374523636738186,0.4649974593216175,1.6653345369377348e-16,True
easygese:rice,Protein_content,transformer,2,2,0,0.16313472974876828,0.12280891951970081,0.16313472974876822,5.551115123125783e-17,True
easygese:rice,Protein_content,transformer,2,3,0,0.1450982002596766,0.14286142211064018,0.14509820025967696,-3.608224830031759e-16,True
easygese:rice,Protein_content,transformer,2,4,0,0.3148767554050896,0.3194979521866299,0.31487675540508947,1.1102230246251565e-16,True
easygese:rice,Protein_content,transformer,2,5,0,0.3046916916881997,0.2610403907158128,0.3046916916881999,-1.6653345369377348e-16,True
easygese:rice,Seed_color,cnn,1,1,0,,,-0.09072758489613347,,False
easygese:rice,Seed_color,cnn,1,2,0,,,-0.11264239027591673,,False
easygese:rice,Seed_color,cnn,1,5,0,0.10752884690305972,-0.0818019567802067,0.10752884690305976,-4.163336342344337e-17,True
easygese:rice,Seed_color,cnn,2,2,0,,,0.14810283106892538,,False
easygese:rice,Seed_color,cnn,2,3,0,,,-0.07889446860555574,,False
easygese:rice,Seed_color,cnn,2,4,0,0.19941280051055102,-0.020951886854752806,0.19941280051055107,-5.551115123125783e-17,True
easygese:rice,Seed_color,cnn,2,5,0,,,0.051573134030698194,,False
easygese:rice,Seed_color,deepgs,1,1,0,,,-0.06142576002569003,,False
easygese:rice,Seed_color,deepgs,1,2,0,,,0.2653709007386931,,False
easygese:rice,Seed_color,deepgs,1,5,0,-0.02562862494835807,-0.033960400754204825,0.025628624948358252,-0.05125724989671632,True
easygese:rice,Seed_color,deepgs,2,2,0,,,-0.07382428105284444,,False
easygese:rice,Seed_color,deepgs,2,3,0,,,0.05441704860060012,,False
easygese:rice,Seed_color,deepgs,2,4,0,0.11377197727915245,-0.014705882352941178,0.11377197727915245,0.0,True
easygese:rice,Seed_color,deepgs,2,5,0,,,0.19108299334895992,,False
easygese:rice,Seed_color,dnngp,1,1,0,,,0.04906516198326553,,False
easygese:rice,Seed_color,dnngp,1,2,0,,,0.20429836630289727,,False
easygese:rice,Seed_color,dnngp,1,5,0,-0.034767279192592204,-0.06858045589605974,-0.03476727919259219,-1.3877787807814457e-17,True
easygese:rice,Seed_color,dnngp,2,2,0,,,-0.10986018024350852,,False
easygese:rice,Seed_color,dnngp,2,3,0,,,0.025897142500232787,,False
easygese:rice,Seed_color,dnngp,2,4,0,0.11739205397382425,-0.03289352009834594,0.1173920539738243,-4.163336342344337e-17,True
easygese:rice,Seed_color,dnngp,2,5,0,,,0.1290269677250927,,False
easygese:rice,Seed_color,mlp,1,1,0,,,0.10165881657403096,,False
easygese:rice,Seed_color,mlp,1,2,0,,,0.15836188558749512,,False
easygese:rice,Seed_color,mlp,1,5,0,0.220832646558435,0.16486533063416245,0.2208326465584351,-1.1102230246251565e-16,True
easygese:rice,Seed_color,mlp,2,2,0,,,-0.0009722460922497882,,False
easygese:rice,Seed_color,mlp,2,3,0,,,-0.002404708288796995,,False
easygese:rice,Seed_color,mlp,2,4,0,0.23864286358277567,0.28246372235807543,0.23864286358277573,-5.551115123125783e-17,True
easygese:rice,Seed_color,mlp,2,5,0,,,0.19857126646956372,,False
easygese:rice,Seed_color,pnngs,1,1,0,,,0.12038656238638556,,False
easygese:rice,Seed_color,pnngs,1,2,0,,,0.07166722543355655,,False
easygese:rice,Seed_color,pnngs,1,5,0,0.05990852300183332,-0.07812500000000003,0.059908523001833365,-4.163336342344337e-17,True
easygese:rice,Seed_color,pnngs,2,2,0,,,0.0055947276542483325,,False
easygese:rice,Seed_color,pnngs,2,3,0,,,-0.12550933789699817,,False
easygese:rice,Seed_color,pnngs,2,4,0,0.10782761324773817,-0.03008284187980942,0.10782761324773814,2.7755575615628914e-17,True
easygese:rice,Seed_color,pnngs,2,5,0,,,0.14965004571908122,,False
easygese:rice,Seed_color,soydngp,1,1,0,,,0.1845505429795027,,False
easygese:rice,Seed_color,soydngp,1,2,0,,,-0.03141347020215168,,False
easygese:rice,Seed_color,soydngp,1,5,0,0.3122140286203839,0.2592724864350677,0.3122140286203837,1.6653345369377348e-16,True
easygese:rice,Seed_color,soydngp,2,2,0,,,0.10123490207584418,,False
easygese:rice,Seed_color,soydngp,2,3,0,,,-0.03128016492972452,,False
easygese:rice,Seed_color,soydngp,2,4,0,-0.07627228144474006,-0.03008284187980939,-0.07627228144474003,-2.7755575615628914e-17,True
easygese:rice,Seed_color,soydngp,2,5,0,,,0.0323989183584696,,False
easygese:rice,Seed_color,transformer,1,1,0,,,0.06298875443726115,,False
easygese:rice,Seed_color,transformer,1,2,0,,,-0.07084427282087676,,False
easygese:rice,Seed_color,transformer,1,5,0,-0.018514754612374437,-0.004980119205559983,-0.018514754612374423,-1.3877787807814457e-17,True
easygese:rice,Seed_color,transformer,2,2,0,,,-0.01622395787751631,,False
easygese:rice,Seed_color,transformer,2,3,0,,,-0.03626666848898382,,False
easygese:rice,Seed_color,transformer,2,4,0,0.1887518474267593,,0.18875184742675932,-2.7755575615628914e-17,True
easygese:rice,Seed_color,transformer,2,5,0,,,-0.12904634227121203,,False
easygese:rice,Seed_length,cnn,1,1,0,0.4209554618259023,0.4235549285409291,0.4209554618259023,0.0,True
easygese:rice,Seed_length,cnn,1,2,0,0.49276525464761206,0.45586559505519886,0.4927652546476119,1.6653345369377348e-16,True
easygese:rice,Seed_length,cnn,1,3,0,0.31431174035133147,0.2955545916298808,0.31431174035133125,2.220446049250313e-16,True
easygese:rice,Seed_length,cnn,1,4,0,0.4712713259588183,0.4605861547543133,0.47127132595881854,-2.220446049250313e-16,True
easygese:rice,Seed_length,cnn,1,5,0,0.49983449598927127,0.4570261972337731,0.4998344959892713,-5.551115123125783e-17,True
easygese:rice,Seed_length,cnn,2,1,0,0.4291488740964383,0.4084453424057089,0.4291488740964383,0.0,True
easygese:rice,Seed_length,cnn,2,2,0,0.4609446980080947,0.38244165940499464,0.4609446980080945,1.6653345369377348e-16,True
easygese:rice,Seed_length,cnn,2,3,0,0.38306958506920213,0.3829976860232694,0.3830695850692022,-5.551115123125783e-17,True
easygese:rice,Seed_length,cnn,2,4,0,0.5609018874018415,0.5149358715577944,0.5609018874018414,1.1102230246251565e-16,True
easygese:rice,Seed_length,cnn,2,5,0,0.5308041205462746,0.4794552075165955,0.5308041205462742,3.3306690738754696e-16,True
easygese:rice,Seed_length,deepgs,1,1,0,0.42174097547636097,0.38666461985039957,0.421740975476361,-5.551115123125783e-17,True
easygese:rice,Seed_length,deepgs,1,2,0,0.48617275605591426,0.46812859825564657,0.4861727560559142,5.551115123125783e-17,True
easygese:rice,Seed_length,deepgs,1,3,0,0.28541990430238134,0.06282722558339796,0.28541990430238123,1.1102230246251565e-16,True
easygese:rice,Seed_length,deepgs,1,4,0,0.494565917130704,0.4558168762271403,0.49456591713070397,5.551115123125783e-17,True
easygese:rice,Seed_length,deepgs,1,5,0,0.4245343154618382,0.38854059994803875,0.42453431546183806,1.1102230246251565e-16,True
easygese:rice,Seed_length,deepgs,2,1,0,0.3588297121259984,0.38684482448633095,0.3588297121259986,-2.220446049250313e-16,True
easygese:rice,Seed_length,deepgs,2,2,0,0.42833245305505563,0.40131904358194004,0.42833245305505613,-4.996003610813204e-16,True
easygese:rice,Seed_length,deepgs,2,3,0,0.3250749954398216,0.3141895343716153,0.3250749954398215,1.1102230246251565e-16,True
easygese:rice,Seed_length,deepgs,2,4,0,0.4854622798207236,0.44431410265501176,0.4854622798207238,-2.220446049250313e-16,True
easygese:rice,Seed_length,deepgs,2,5,0,0.5122837568466496,0.4981870969802802,0.5122837568466493,3.3306690738754696e-16,True
easygese:rice,Seed_length,dnngp,1,1,0,0.34713799362283176,0.3155820485436241,0.34713799362283176,0.0,True
easygese:rice,Seed_length,dnngp,1,2,0,0.4750217300769332,0.43814726537603566,0.47502173007693355,-3.3306690738754696e-16,True
easygese:rice,Seed_length,dnngp,1,3,0,0.31819843312596174,0.2667914853169958,0.3181984331259619,-1.6653345369377348e-16,True
easygese:rice,Seed_length,dnngp,1,4,0,0.44062667486245516,0.39975482102270693,0.4406266748624551,5.551115123125783e-17,True
easygese:rice,Seed_length,dnngp,1,5,0,0.32109021627893636,0.3231333595397947,0.3210902162789366,-2.220446049250313e-16,True
easygese:rice,Seed_length,dnngp,2,1,0,0.3142871995252296,0.37026743226725245,0.31428719952522943,1.6653345369377348e-16,True
easygese:rice,Seed_length,dnngp,2,2,0,0.41859301803782084,0.38859649981364225,0.41859301803782073,1.1102230246251565e-16,True
easygese:rice,Seed_length,dnngp,2,3,0,0.26423901520317505,0.2506825075227613,0.26423901520317516,-1.1102230246251565e-16,True
easygese:rice,Seed_length,dnngp,2,4,0,0.3931223468974294,0.36302723334219,0.39312234689742925,1.6653345369377348e-16,True
easygese:rice,Seed_length,dnngp,2,5,0,0.44770691582997785,0.3837746961899821,0.44770691582997746,3.885780586188048e-16,True
easygese:rice,Seed_length,mlp,1,1,0,0.4202050801888997,0.41927740447088474,0.42020508018889946,2.220446049250313e-16,True
easygese:rice,Seed_length,mlp,1,2,0,0.4764581480783591,0.4575331525889257,0.4764581480783593,-1.6653345369377348e-16,True
easygese:rice,Seed_length,mlp,1,3,0,0.2872027506967943,0.1501471354544858,0.2872027506967942,1.1102230246251565e-16,True
easygese:rice,Seed_length,mlp,1,4,0,0.39246007332685195,0.38919572457238,0.3924600733268518,1.6653345369377348e-16,True
easygese:rice,Seed_length,mlp,1,5,0,0.35099495968976857,0.3414172796137722,0.3509949596897686,-5.551115123125783e-17,True
easygese:rice,Seed_length,mlp,2,1,0,0.36605799073786244,0.4084662657594002,0.3660579907378624,5.551115123125783e-17,True
easygese:rice,Seed_length,mlp,2,2,0,0.4881575258964763,0.47447900900498075,0.4881575258964766,-2.7755575615628914e-16,True
easygese:rice,Seed_length,mlp,2,3,0,0.036361673545888984,0.06888915931764325,0.036361673545888845,1.3877787807814457e-16,True
easygese:rice,Seed_length,mlp,2,4,0,0.42568262415891833,0.42959119299098253,0.4256826241589183,5.551115123125783e-17,True
easygese:rice,Seed_length,mlp,2,5,0,0.3841484735408622,0.35323020907205577,0.3841484735408623,-1.1102230246251565e-16,True
easygese:rice,Seed_length,pnngs,1,1,0,0.46728964090821706,0.4300700041577558,0.4672896409082172,-1.1102230246251565e-16,True
easygese:rice,Seed_length,pnngs,1,2,0,0.4499978260742054,0.44382888505572476,0.4499978260742055,-1.1102230246251565e-16,True
easygese:rice,Seed_length,pnngs,1,3,0,0.1268886985000051,0.1389874101618773,0.12688869850000517,-8.326672684688674e-17,True
easygese:rice,Seed_length,pnngs,1,4,0,0.338456103523606,0.35704001067848157,0.3384561035236068,-7.771561172376096e-16,True
easygese:rice,Seed_length,pnngs,1,5,0,0.4235742564031535,0.45563276285200205,0.42357425640315327,2.220446049250313e-16,True
easygese:rice,Seed_length,pnngs,2,1,0,0.3330686493301083,0.3159152478120367,0.3330686493301082,1.1102230246251565e-16,True
easygese:rice,Seed_length,pnngs,2,2,0,0.4463347214512628,0.3862668526468699,0.4463347214512629,-1.1102230246251565e-16,True
easygese:rice,Seed_length,pnngs,2,3,0,0.16041792278537612,0.14457580027298683,0.16041792278537617,-5.551115123125783e-17,True
easygese:rice,Seed_length,pnngs,2,4,0,0.21077432247755698,0.20347383589270637,0.21077432247755726,-2.7755575615628914e-16,True
easygese:rice,Seed_length,pnngs,2,5,0,0.4742668247805023,0.35927607051526816,0.4742668247805022,1.1102230246251565e-16,True
easygese:rice,Seed_length,soydngp,1,1,0,0.5266375381873697,0.4951698174417777,0.5266375381873698,-1.1102230246251565e-16,True
easygese:rice,Seed_length,soydngp,1,2,0,0.5253129936196912,0.5213162171682709,0.5253129936196916,-4.440892098500626e-16,True
easygese:rice,Seed_length,soydngp,1,3,0,0.5094442900729375,0.4714824227881805,0.5094442900729375,0.0,True
easygese:rice,Seed_length,soydngp,1,4,0,0.5716092090440776,0.5604660950379327,0.5716092090440776,0.0,True
easygese:rice,Seed_length,soydngp,1,5,0,0.5077649052149616,0.5208207888031797,0.5077649052149613,3.3306690738754696e-16,True
easygese:rice,Seed_length,soydngp,2,1,0,0.46280078696475596,0.46568769135451593,0.4628007869647557,2.7755575615628914e-16,True
easygese:rice,Seed_length,soydngp,2,2,0,0.4971703556816539,0.4882826251342214,0.497170355681654,-1.1102230246251565e-16,True
easygese:rice,Seed_length,soydngp,2,3,0,0.5381858335731362,0.518512711063071,0.5381858335731362,0.0,True
easygese:rice,Seed_length,soydngp,2,4,0,0.5496919274479368,0.533207047397996,0.5496919274479367,1.1102230246251565e-16,True
easygese:rice,Seed_length,soydngp,2,5,0,0.5749750270663387,0.5583746793807007,0.5749750270663389,-1.1102230246251565e-16,True
easygese:rice,Seed_length,transformer,1,1,0,0.29047267563451806,0.21964803970275584,0.2904726756345181,-5.551115123125783e-17,True
easygese:rice,Seed_length,transformer,1,2,0,0.36368282835213167,0.38211793555571394,0.3636828283521316,5.551115123125783e-17,True
easygese:rice,Seed_length,transformer,1,3,0,0.49275420864884545,0.45165204940620185,0.4927542086488452,2.220446049250313e-16,True
easygese:rice,Seed_length,transformer,1,4,0,0.38748122740461866,0.30867994491319456,0.38748122740461854,1.1102230246251565e-16,True
easygese:rice,Seed_length,transformer,1,5,0,0.3581459365429272,0.35257137221684565,0.3581459365429275,-2.7755575615628914e-16,True
easygese:rice,Seed_length,transformer,2,1,0,0.3354888454317366,0.37095496665509364,0.33548884543173674,-1.1102230246251565e-16,True
easygese:rice,Seed_length,transformer,2,2,0,0.4415341722138616,0.4053290007145869,0.44153417221386215,-5.551115123125783e-16,True
easygese:rice,Seed_length,transformer,2,3,0,0.30015593572013144,0.25383750506958497,0.3001559357201312,2.220446049250313e-16,True
easygese:rice,Seed_length,transformer,2,4,0,0.19164276000065347,0.18456994993910894,0.19164276000065353,-5.551115123125783e-17,True
easygese:rice,Seed_length,transformer,2,5,0,0.2841971440576878,0.27408450261358486,0.2841971440576879,-1.1102230246251565e-16,True
easygese:rice,Seed_length_width_ratio,cnn,1,1,0,0.5653356322975095,0.5645260856111628,0.5653356322975088,6.661338147750939e-16,True
easygese:rice,Seed_length_width_ratio,cnn,1,2,0,0.7140277824930263,0.7024177335951794,0.7140277824930263,0.0,True
easygese:rice,Seed_length_width_ratio,cnn,1,3,0,0.5323230343232459,0.4582843675268836,0.5323230343232457,2.220446049250313e-16,True
easygese:rice,Seed_length_width_ratio,cnn,1,4,0,0.5441195772025718,0.5283443050550276,0.5441195772025719,-1.1102230246251565e-16,True
easygese:rice,Seed_length_width_ratio,cnn,1,5,0,0.5725275106858833,0.6043583710054701,0.572527510685884,-7.771561172376096e-16,True
easygese:rice,Seed_length_width_ratio,cnn,2,1,0,0.6068404479700044,0.606443095886703,0.6068404479700045,-1.1102230246251565e-16,True
easygese:rice,Seed_length_width_ratio,cnn,2,2,0,0.461938984565161,0.4153212230123675,0.4619389845651613,-2.7755575615628914e-16,True
easygese:rice,Seed_length_width_ratio,cnn,2,3,0,0.635361011702008,0.6322107181287889,0.6353610117020081,-1.1102230246251565e-16,True
easygese:rice,Seed_length_width_ratio,cnn,2,4,0,0.6879874566219204,0.6614239642173949,0.6879874566219205,-1.1102230246251565e-16,True
easygese:rice,Seed_length_width_ratio,cnn,2,5,0,0.597991449147039,0.5575918835667953,0.597991449147039,0.0,True
easygese:rice,Seed_length_width_ratio,deepgs,1,1,0,0.6493342585602638,0.636817361880604,0.6493342585602637,1.1102230246251565e-16,True
easygese:rice,Seed_length_width_ratio,deepgs,1,2,0,0.6589205951242696,0.6668261304847265,0.6589205951242691,4.440892098500626e-16,True
easygese:rice,Seed_length_width_ratio,deepgs,1,3,0,0.4342935518381954,0.47073060264386835,0.43429355183819546,-5.551115123125783e-17,True
easygese:rice,Seed_length_width_ratio,deepgs,1,4,0,0.5796454029724054,0.5401598815556441,0.5796454029724053,1.1102230246251565e-16,True
easygese:rice,Seed_length_width_ratio,deepgs,1,5,0,0.434425802018545,0.4160793798530708,0.43442580201854475,2.7755575615628914e-16,True
easygese:rice,Seed_length_width_ratio,deepgs,2,1,0,0.522814650728265,0.4705173090796313,0.5228146507282649,1.1102230246251565e-16,True
easygese:rice,Seed_length_width_ratio,deepgs,2,2,0,0.4795043715371094,0.377974121137144,0.47950437153710923,1.6653345369377348e-16,True
easygese:rice,Seed_length_width_ratio,deepgs,2,3,0,0.5577530127529451,0.5168042824987398,0.557753012752945,1.1102230246251565e-16,True
easygese:rice,Seed_length_width_ratio,deepgs,2,4,0,0.6156867991464388,0.5993443363791057,0.6156867991464389,-1.1102230246251565e-16,True
easygese:rice,Seed_length_width_ratio,deepgs,2,5,0,0.565013431599581,0.5538684320486349,0.5650134315995805,4.440892098500626e-16,True
easygese:rice,Seed_length_width_ratio,dnngp,1,1,0,0.5069674517363951,0.5226109500427502,0.5069674517363952,-1.1102230246251565e-16,True
easygese:rice,Seed_length_width_ratio,dnngp,1,2,0,0.6675997920123811,0.6718989988582517,0.667599792012381,1.1102230246251565e-16,True
easygese:rice,Seed_length_width_ratio,dnngp,1,3,0,0.3671600144929749,0.3663282045447844,0.3671600144929749,0.0,True
easygese:rice,Seed_length_width_ratio,dnngp,1,4,0,0.5778817853938317,0.5829724404372928,0.5778817853938321,-3.3306690738754696e-16,True
easygese:rice,Seed_length_width_ratio,dnngp,1,5,0,0.5005631069608819,0.5046194138772921,0.5005631069608822,-3.3306690738754696e-16,True
easygese:rice,Seed_length_width_ratio,dnngp,2,1,0,0.5226262881758889,0.5085777574730075,0.5226262881758887,1.1102230246251565e-16,True
easygese:rice,Seed_length_width_ratio,dnngp,2,2,0,0.4634202614930199,0.394872869257731,0.46342026149301996,-5.551115123125783e-17,True
easygese:rice,Seed_length_width_ratio,dnngp,2,3,0,0.5219502022154526,0.4956492074169332,0.5219502022154527,-1.1102230246251565e-16,True
easygese:rice,Seed_length_width_ratio,dnngp,2,4,0,0.5350435781524436,0.5113373216537546,0.5350435781524439,-2.220446049250313e-16,True
easygese:rice,Seed_length_width_ratio,dnngp,2,5,0,0.49518061394628027,0.46588127409517,0.4951806139462802,5.551115123125783e-17,True
easygese:rice,Seed_length_width_ratio,mlp,1,1,0,0.5038933716147312,0.4655916278149084,0.503893371614731,2.220446049250313e-16,True
easygese:rice,Seed_length_width_ratio,mlp,1,2,0,0.5975490761014587,0.6111231869322552,0.5975490761014591,-4.440892098500626e-16,True
easygese:rice,Seed_length_width_ratio,mlp,1,3,0,0.432288033403106,0.34831105396241896,0.4322880334031061,-1.1102230246251565e-16,True
easygese:rice,Seed_length_width_ratio,mlp,1,4,0,0.5164976464975529,0.5182647467478229,0.5164976464975529,0.0,True
easygese:rice,Seed_length_width_ratio,mlp,1,5,0,0.5476981261496245,0.5326400049678252,0.5476981261496245,0.0,True
easygese:rice,Seed_length_width_ratio,mlp,2,1,0,0.6036230082924855,0.583190720976947,0.6036230082924852,3.3306690738754696e-16,True
easygese:rice,Seed_length_width_ratio,mlp,2,2,0,0.4722300528867371,0.3712145557564957,0.4722300528867371,0.0,True
easygese:rice,Seed_length_width_ratio,mlp,2,3,0,0.509841769293653,0.515929265152199,0.5098417692936531,-1.1102230246251565e-16,True
easygese:rice,Seed_length_width_ratio,mlp,2,4,0,0.698332025068268,0.6365326977298115,0.6983320250682681,-1.1102230246251565e-16,True
easygese:rice,Seed_length_width_ratio,mlp,2,5,0,0.5374088361367235,0.48956819397379825,0.5374088361367236,-1.1102230246251565e-16,True
easygese:rice,Seed_length_width_ratio,pnngs,1,1,0,0.5372561926328179,0.5229284743503869,0.5372561926328179,0.0,True
easygese:rice,Seed_length_width_ratio,pnngs,1,2,0,0.7198230473049979,0.7215331778089734,0.7198230473049979,0.0,True
easygese:rice,Seed_length_width_ratio,pnngs,1,3,0,0.4651548633893069,0.4145601845197878,0.46515486338930667,2.220446049250313e-16,True
easygese:rice,Seed_length_width_ratio,pnngs,1,4,0,0.4978290078624161,0.47164498952126316,0.4978290078624163,-2.220446049250313e-16,True
easygese:rice,Seed_length_width_ratio,pnngs,1,5,0,0.4850382679934671,0.4643569276630813,0.48503826799346667,4.440892098500626e-16,True
easygese:rice,Seed_length_width_ratio,pnngs,2,1,0,0.5308762661754539,0.4864952268086648,0.5308762661754539,0.0,True
easygese:rice,Seed_length_width_ratio,pnngs,2,2,0,0.46744414401335066,0.44814135222539203,0.4674441440133509,-2.220446049250313e-16,True
easygese:rice,Seed_length_width_ratio,pnngs,2,3,0,0.42556936857706695,0.4162866931903483,0.4255693685770661,8.326672684688674e-16,True
easygese:rice,Seed_length_width_ratio,pnngs,2,4,0,0.5417940490689768,0.4835741594766431,0.5417940490689765,2.220446049250313e-16,True
easygese:rice,Seed_length_width_ratio,pnngs,2,5,0,0.5047268781236568,0.48478583215832244,0.5047268781236569,-1.1102230246251565e-16,True
easygese:rice,Seed_length_width_ratio,soydngp,1,1,0,0.5929691741188998,0.609988610522115,0.5929691741189,-2.220446049250313e-16,True
easygese:rice,Seed_length_width_ratio,soydngp,1,2,0,0.6341496320527676,0.6472319419979068,0.6341496320527676,0.0,True
easygese:rice,Seed_length_width_ratio,soydngp,1,3,0,0.5289999547526076,0.518041480734344,0.5289999547526075,1.1102230246251565e-16,True
easygese:rice,Seed_length_width_ratio,soydngp,1,4,0,0.5460227848587592,0.5329076223105805,0.5460227848587591,1.1102230246251565e-16,True
easygese:rice,Seed_length_width_ratio,soydngp,1,5,0,0.538407265417238,0.5094618046064139,0.5384072654172378,2.220446049250313e-16,True
easygese:rice,Seed_length_width_ratio,soydngp,2,1,0,0.5814736269642544,0.5890465385335018,0.5814736269642549,-4.440892098500626e-16,True
easygese:rice,Seed_length_width_ratio,soydngp,2,2,0,0.4866614481807217,0.4908763539954004,0.48666144818072166,5.551115123125783e-17,True
easygese:rice,Seed_length_width_ratio,soydngp,2,3,0,0.6395905673002901,0.6305472575652982,0.6395905673002902,-1.1102230246251565e-16,True
easygese:rice,Seed_length_width_ratio,soydngp,2,4,0,0.6672180852160529,0.66679379405542,0.6672180852160532,-3.3306690738754696e-16,True
easygese:rice,Seed_length_width_ratio,soydngp,2,5,0,0.629087968830792,0.6203414887093525,0.6290879688307922,-2.220446049250313e-16,True
easygese:rice,Seed_length_width_ratio,transformer,1,1,0,0.508432234955238,0.42305146769833585,0.508432234955238,0.0,True
easygese:rice,Seed_length_width_ratio,transformer,1,2,0,0.6344592238628091,0.6078812631143108,0.6344592238628091,0.0,True
easygese:rice,Seed_length_width_ratio,transformer,1,3,0,0.5204506650150449,0.48493212274311076,0.5204506650150447,2.220446049250313e-16,True
easygese:rice,Seed_length_width_ratio,transformer,1,4,0,0.541082980880932,0.5514196253895741,0.5410829808809321,-1.1102230246251565e-16,True
easygese:rice,Seed_length_width_ratio,transformer,1,5,0,0.46033472722532653,0.42142821354542714,0.46033472722532653,0.0,True
easygese:rice,Seed_length_width_ratio,transformer,2,1,0,0.5909374081274456,0.5877358038236822,0.5909374081274457,-1.1102230246251565e-16,True
easygese:rice,Seed_length_width_ratio,transformer,2,2,0,0.4921320788935363,0.4364285689969637,0.49213207889353616,1.1102230246251565e-16,True
easygese:rice,Seed_length_width_ratio,transformer,2,3,0,0.46861676105851857,0.4386427554727707,0.4686167610585189,-3.3306690738754696e-16,True
easygese:rice,Seed_length_width_ratio,transformer,2,4,0,0.6848210459095384,0.6396026507144876,0.6848210459095384,0.0,True
easygese:rice,Seed_length_width_ratio,transformer,2,5,0,0.44722023413278283,0.3513819437692537,0.4472202341327829,-5.551115123125783e-17,True
easygese:rice,Seed_number_per_panicle,cnn,1,1,0,0.35742216647455205,0.3457193031623243,0.357422166474552,5.551115123125783e-17,True
easygese:rice,Seed_number_per_panicle,cnn,1,2,0,0.44371886249007814,0.3928739696709569,0.44371886249007836,-2.220446049250313e-16,True
easygese:rice,Seed_number_per_panicle,cnn,1,3,0,0.37724386252554987,0.42849781843681867,0.3772438625255498,5.551115123125783e-17,True
easygese:rice,Seed_number_per_panicle,cnn,1,4,0,0.26619582041907963,0.25069904003524557,0.2661958204190793,3.3306690738754696e-16,True
easygese:rice,Seed_number_per_panicle,cnn,1,5,0,0.2633311546853105,0.14651517650966092,0.2633311546853105,0.0,True
easygese:rice,Seed_number_per_panicle,cnn,2,1,0,0.176832492745724,0.14966063690300344,0.17683249274572344,5.551115123125783e-16,True
easygese:rice,Seed_number_per_panicle,cnn,2,2,0,0.49776540198084074,0.490704122400827,0.4977654019808406,1.1102230246251565e-16,True
easygese:rice,Seed_number_per_panicle,cnn,2,3,0,0.17362737868743858,0.10242654407172186,0.17362737868743883,-2.498001805406602e-16,True
easygese:rice,Seed_number_per_panicle,cnn,2,4,0,0.4226110447349035,0.40272289435441505,0.4226110447349027,8.326672684688674e-16,True
easygese:rice,Seed_number_per_panicle,cnn,2,5,0,0.2543304786017937,0.25545478586183284,0.2543304786017941,-3.885780586188048e-16,True
easygese:rice,Seed_number_per_panicle,deepgs,1,1,0,0.3219085486663455,0.25346603868962564,0.32190854866634583,-3.3306690738754696e-16,True
easygese:rice,Seed_number_per_panicle,deepgs,1,2,0,0.3825513732314699,0.32547127509561424,0.38255137323146976,1.6653345369377348e-16,True
easygese:rice,Seed_number_per_panicle,deepgs,1,3,0,0.21177195069108667,0.27364981528960136,0.2117719506910866,8.326672684688674e-17,True
easygese:rice,Seed_number_per_panicle,deepgs,1,4,0,0.25020354732281214,0.22561302650282172,0.250203547322812,1.1102230246251565e-16,True
easygese:rice,Seed_number_per_panicle,deepgs,1,5,0,0.2847673848373062,0.22102143682126155,0.28476738483730624,-5.551115123125783e-17,True
easygese:rice,Seed_number_per_panicle,deepgs,2,1,0,0.2660769880141224,0.18954363147733072,0.26607698801412216,2.220446049250313e-16,True
easygese:rice,Seed_number_per_panicle,deepgs,2,2,0,0.47355823425906773,0.5434956737537708,0.4735582342590682,-4.440892098500626e-16,True
easygese:rice,Seed_number_per_panicle,deepgs,2,3,0,0.2756514549762275,0.17365094062400352,0.2756514549762281,-6.106226635438361e-16,True
easygese:rice,Seed_number_per_panicle,deepgs,2,4,0,0.28959747796220764,0.37258396131956206,0.2895974779622073,3.3306690738754696e-16,True
easygese:rice,Seed_number_per_panicle,deepgs,2,5,0,0.27487621864697487,0.22578185684651228,0.2748762186469749,-5.551115123125783e-17,True
easygese:rice,Seed_number_per_panicle,dnngp,1,1,0,0.31427605396934327,0.2827401219749201,0.3142760539693434,-1.1102230246251565e-16,True
easygese:rice,Seed_number_per_panicle,dnngp,1,2,0,0.2704501869525074,0.18778061600621077,0.27045018695250733,5.551115123125783e-17,True
easygese:rice,Seed_number_per_panicle,dnngp,1,3,0,0.18727701600209593,0.17755246787107715,0.18727701600209615,-2.220446049250313e-16,True
easygese:rice,Seed_number_per_panicle,dnngp,1,4,0,0.11178944317250886,0.05884576022953234,0.11178944317250883,2.7755575615628914e-17,True
easygese:rice,Seed_number_per_panicle,dnngp,1,5,0,0.03154000829123949,0.008331018909686778,0.031540008291240006,-5.134781488891349e-16,True
easygese:rice,Seed_number_per_panicle,dnngp,2,1,0,0.18508964606034273,0.19069117101901914,0.18508964606034237,3.608224830031759e-16,True
easygese:rice,Seed_number_per_panicle,dnngp,2,2,0,0.380891597004777,0.32512389440609,0.3808915970047771,-1.1102230246251565e-16,True
easygese:rice,Seed_number_per_panicle,dnngp,2,3,0,0.17153170816682528,0.20654864736622486,0.1715317081668252,8.326672684688674e-17,True
easygese:rice,Seed_number_per_panicle,dnngp,2,4,0,0.30122102603677536,0.28054185140601007,0.3012210260367749,4.440892098500626e-16,True
easygese:rice,Seed_number_per_panicle,dnngp,2,5,0,0.23716787384110558,0.2506471790896058,0.23716787384110574,-1.6653345369377348e-16,True
easygese:rice,Seed_number_per_panicle,mlp,1,1,0,0.31571226047735135,0.25436491961901386,0.3157122604773521,-7.771561172376096e-16,True
easygese:rice,Seed_number_per_panicle,mlp,1,2,0,0.3897072542151319,0.30608269914360176,0.38970725421513175,1.6653345369377348e-16,True
easygese:rice,Seed_number_per_panicle,mlp,1,3,0,0.23866575362678327,0.332374358375084,0.23866575362678297,3.0531133177191805e-16,True
easygese:rice,Seed_number_per_panicle,mlp,1,4,0,0.20336987770127238,0.11925597844566203,0.20336987770127263,-2.498001805406602e-16,True
easygese:rice,Seed_number_per_panicle,mlp,1,5,0,0.21306993122494633,0.20883315365921523,0.2130699312249453,1.0269562977782698e-15,True
easygese:rice,Seed_number_per_panicle,mlp,2,1,0,0.25993210777262643,0.24129019554882852,0.25993210777262626,1.6653345369377348e-16,True
easygese:rice,Seed_number_per_panicle,mlp,2,2,0,0.5510675618348392,0.4719085462382755,0.5510675618348385,6.661338147750939e-16,True
easygese:rice,Seed_number_per_panicle,mlp,2,3,0,0.18763526585478643,0.21073628773978256,0.18763526585478657,-1.3877787807814457e-16,True
easygese:rice,Seed_number_per_panicle,mlp,2,4,0,0.3307965603667367,0.27105385717402125,0.3307965603667369,-1.6653345369377348e-16,True
easygese:rice,Seed_number_per_panicle,mlp,2,5,0,0.21516626227869248,0.18614110841076753,0.2151662622786924,8.326672684688674e-17,True
easygese:rice,Seed_number_per_panicle,pnngs,1,1,0,0.23338127542718728,0.25356901661562714,0.23338127542718962,-2.3314683517128287e-15,True
easygese:rice,Seed_number_per_panicle,pnngs,1,2,0,0.20909948820608346,0.1589786901129085,0.2090994882060833,1.6653345369377348e-16,True
easygese:rice,Seed_number_per_panicle,pnngs,1,3,0,0.2217255002029933,0.12243157970251385,0.22172550020299264,6.661338147750939e-16,True
easygese:rice,Seed_number_per_panicle,pnngs,1,4,0,0.09754597799939381,0.05417044700749766,0.09754597799939434,-5.273559366969494e-16,True
easygese:rice,Seed_number_per_panicle,pnngs,1,5,0,0.04858257090158866,-0.05616223405875454,0.04858257090158931,-6.453171330633722e-16,True
easygese:rice,Seed_number_per_panicle,pnngs,2,1,0,0.1489867363615056,0.16252071755379252,0.14898673636150453,1.0824674490095276e-15,True
easygese:rice,Seed_number_per_panicle,pnngs,2,2,0,0.23410486013507556,0.24842284546306334,0.23410486013507592,-3.608224830031759e-16,True
easygese:rice,Seed_number_per_panicle,pnngs,2,3,0,0.01896596898768653,-0.023680047666344003,0.018965968987686488,4.163336342344337e-17,True
easygese:rice,Seed_number_per_panicle,pnngs,2,4,0,0.21972248354425994,0.1585256438464955,0.21972248354426113,-1.1934897514720433e-15,True
easygese:rice,Seed_number_per_panicle,pnngs,2,5,0,0.03790130489496905,0.05826817175058562,0.03790130489496829,7.563394355258879e-16,True
easygese:rice,Seed_number_per_panicle,soydngp,1,1,0,0.13442521554521375,0.09061970125664247,0.13442521554599857,-7.848166561075232e-13,True
easygese:rice,Seed_number_per_panicle,soydngp,1,2,0,0.49939092505271376,0.43475527383685497,0.499390925052714,-2.220446049250313e-16,True
easygese:rice,Seed_number_per_panicle,soydngp,1,3,0,0.4147943726446707,0.40368711691564735,0.4147943726446707,0.0,True
easygese:rice,Seed_number_per_panicle,soydngp,1,4,0,0.4129190049065552,0.3355343997497238,0.41291900490655514,5.551115123125783e-17,True
easygese:rice,Seed_number_per_panicle,soydngp,1,5,0,0.3002823740737261,0.23734061694283662,0.3002823740737261,0.0,True
easygese:rice,Seed_number_per_panicle,soydngp,2,1,0,0.36195531897073324,0.3034371769143131,0.36195531897073313,1.1102230246251565e-16,True
easygese:rice,Seed_number_per_panicle,soydngp,2,2,0,0.6451590047648775,0.5883617874816791,0.6451590047648772,3.3306690738754696e-16,True
easygese:rice,Seed_number_per_panicle,soydngp,2,3,0,0.265735788947212,0.19564560853054566,0.265735788947212,0.0,True
easygese:rice,Seed_number_per_panicle,soydngp,2,4,0,0.46228365820283596,0.4614572407366047,0.4622836582028361,-1.6653345369377348e-16,True
easygese:rice,Seed_number_per_panicle,soydngp,2,5,0,0.2834605689491264,0.23387191389496878,0.28346056894912663,-2.220446049250313e-16,True
easygese:rice,Seed_number_per_panicle,transformer,1,1,0,0.30218157983610255,0.21812654193899775,0.3021815798361022,3.3306690738754696e-16,True
easygese:rice,Seed_number_per_panicle,transformer,1,2,0,0.3374619363235739,0.33977931347359136,0.3374619363235735,3.885780586188048e-16,True
easygese:rice,Seed_number_per_panicle,transformer,1,3,0,0.11084679208588762,0.051031458939215894,0.11084679208588723,3.885780586188048e-16,True
easygese:rice,Seed_number_per_panicle,transformer,1,4,0,0.19932659022779106,0.16706753558491666,0.19932659022779092,1.3877787807814457e-16,True
easygese:rice,Seed_number_per_panicle,transformer,1,5,0,0.3901711967203664,0.3427746883276238,0.39017119672036665,-2.7755575615628914e-16,True
easygese:rice,Seed_number_per_panicle,transformer,2,1,0,0.1969766109737844,0.18347664303211958,0.19697661097378427,1.3877787807814457e-16,True
easygese:rice,Seed_number_per_panicle,transformer,2,2,0,0.47239180522619506,0.42122239385394417,0.4723918052261954,-3.3306690738754696e-16,True
easygese:rice,Seed_number_per_panicle,transformer,2,3,0,0.25868955744168304,0.1380566080861991,0.2586895574416828,2.220446049250313e-16,True
easygese:rice,Seed_number_per_panicle,transformer,2,4,0,0.20309896679141662,0.2244409336485092,0.20309896679141615,4.718447854656915e-16,True
easygese:rice,Seed_number_per_panicle,transformer,2,5,0,0.23537714854223096,0.17112758701003775,0.23537714854223166,-6.938893903907228e-16,True
easygese:rice,Seed_surface_area,cnn,1,1,0,0.5138159970040974,0.48228765378825883,0.5138159970040973,1.1102230246251565e-16,True
easygese:rice,Seed_surface_area,cnn,1,2,0,0.3890929870477951,0.4219190688521764,0.389092987047795,1.1102230246251565e-16,True
easygese:rice,Seed_surface_area,cnn,1,3,0,0.5581217084563739,0.48708307009644636,0.558121708456374,-1.1102230246251565e-16,True
easygese:rice,Seed_surface_area,cnn,1,4,0,0.5914134242352269,0.45256745167346873,0.5914134242352268,1.1102230246251565e-16,True
easygese:rice,Seed_surface_area,cnn,1,5,0,0.4872493096679602,0.46366640069303344,0.4872493096679604,-1.6653345369377348e-16,True
easygese:rice,Seed_surface_area,cnn,2,1,0,0.5486257132162797,0.487779405516697,0.5486257132162797,0.0,True
easygese:rice,Seed_surface_area,cnn,2,2,0,0.6529560607257294,0.6566895647783609,0.6529560607257298,-3.3306690738754696e-16,True
easygese:rice,Seed_surface_area,cnn,2,3,0,0.5014328450511899,0.4992615720222574,0.5014328450511897,2.220446049250313e-16,True
easygese:rice,Seed_surface_area,cnn,2,4,0,0.5795453021713601,0.5149582938446909,0.5795453021713599,2.220446049250313e-16,True
easygese:rice,Seed_surface_area,cnn,2,5,0,0.5487171664913345,0.5513720468250115,0.548717166491334,5.551115123125783e-16,True
easygese:rice,Seed_surface_area,deepgs,1,1,0,0.49015953150964875,0.4371740923115953,0.4901595315096487,5.551115123125783e-17,True
easygese:rice,Seed_surface_area,deepgs,1,2,0,0.30962107823385426,0.2980876785636398,0.3096210782338536,6.661338147750939e-16,True
easygese:rice,Seed_surface_area,deepgs,1,3,0,0.5491500352967543,0.4305625398229802,0.549150035296754,3.3306690738754696e-16,True
easygese:rice,Seed_surface_area,deepgs,1,4,0,0.547534743115515,0.5599470960790307,0.5475347431155146,3.3306690738754696e-16,True
easygese:rice,Seed_surface_area,deepgs,1,5,0,0.43842438282443646,0.5101782085855529,0.4384243828244364,5.551115123125783e-17,True
easygese:rice,Seed_surface_area,deepgs,2,1,0,0.4597473174200079,0.459415888926925,0.4597473174200077,2.220446049250313e-16,True
easygese:rice,Seed_surface_area,deepgs,2,2,0,0.4733538005494539,0.4194942718752309,0.4733538005494535,4.440892098500626e-16,True
easygese:rice,Seed_surface_area,deepgs,2,3,0,0.44693967504942345,0.3609693945942927,0.44693967504942334,1.1102230246251565e-16,True
easygese:rice,Seed_surface_area,deepgs,2,4,0,0.4712157802340383,0.37062954243725,0.47121578023403804,2.7755575615628914e-16,True
easygese:rice,Seed_surface_area,deepgs,2,5,0,0.4335925090451822,0.4234132789849125,0.4335925090451825,-2.7755575615628914e-16,True
easygese:rice,Seed_surface_area,dnngp,1,1,0,0.43944427235135486,0.28268020612528694,0.4394442723513547,1.6653345369377348e-16,True
easygese:rice,Seed_surface_area,dnngp,1,2,0,0.39584525013624844,0.38693006737599156,0.3958452501362486,-1.6653345369377348e-16,True
easygese:rice,Seed_surface_area,dnngp,1,3,0,0.2883028573097686,0.25695365210295157,0.28830285730976885,-2.220446049250313e-16,True
easygese:rice,Seed_surface_area,dnngp,1,4,0,0.44663558509988244,0.4250414750746971,0.4466355850998826,-1.6653345369377348e-16,True
easygese:rice,Seed_surface_area,dnngp,1,5,0,0.4105682981096735,0.38770354720034084,0.41056829810967327,2.220446049250313e-16,True
easygese:rice,Seed_surface_area,dnngp,2,1,0,0.4653731714417585,0.4148509378736985,0.46537317144175866,-1.6653345369377348e-16,True
easygese:rice,Seed_surface_area,dnngp,2,2,0,0.4581018286607755,0.5145590782156974,0.45810182866077553,-5.551115123125783e-17,True
easygese:rice,Seed_surface_area,dnngp,2,3,0,0.45030875832470935,0.4094775805395937,0.45030875832470985,-4.996003610813204e-16,True
easygese:rice,Seed_surface_area,dnngp,2,4,0,0.5429494058424733,0.5399284896187213,0.5429494058424738,-4.440892098500626e-16,True
easygese:rice,Seed_surface_area,dnngp,2,5,0,0.37758055785412903,0.38171420574023757,0.37758055785412903,0.0,True
easygese:rice,Seed_surface_area,mlp,1,1,0,0.489872677613803,0.45078700933356053,0.48987267761380293,5.551115123125783e-17,True
easygese:rice,Seed_surface_area,mlp,1,2,0,0.38580448294736264,0.36020529503333143,0.3858044829473628,-1.6653345369377348e-16,True
easygese:rice,Seed_surface_area,mlp,1,3,0,0.5886907783342703,0.5036927658883813,0.5886907783342699,4.440892098500626e-16,True
easygese:rice,Seed_surface_area,mlp,1,4,0,0.4312881551521385,0.4277536104738994,0.4312881551521385,0.0,True
easygese:rice,Seed_surface_area,mlp,1,5,0,0.3340009012542214,0.3488371023123288,0.33400090125422166,-2.7755575615628914e-16,True
easygese:rice,Seed_surface_area,mlp,2,1,0,0.3906563449970124,0.3404319796119168,0.39065634499701196,4.440892098500626e-16,True
easygese:rice,Seed_surface_area,mlp,2,2,0,0.45694944549380323,0.4079932209792409,0.45694944549380334,-1.1102230246251565e-16,True
easygese:rice,Seed_surface_area,mlp,2,3,0,0.40548649130354947,0.38071210746560263,0.40548649130354936,1.1102230246251565e-16,True
easygese:rice,Seed_surface_area,mlp,2,4,0,0.46713462309549914,0.3616293194285476,0.46713462309549897,1.6653345369377348e-16,True
easygese:rice,Seed_surface_area,mlp,2,5,0,0.40270345713243577,0.3589103379484334,0.4027034571324358,-5.551115123125783e-17,True
easygese:rice,Seed_surface_area,pnngs,1,1,0,0.4758079014967183,0.4337356000047337,0.47580790149671787,4.440892098500626e-16,True
easygese:rice,Seed_surface_area,pnngs,1,2,0,0.27373615148412017,0.2527256144896764,0.27373615148412,1.6653345369377348e-16,True
easygese:rice,Seed_surface_area,pnngs,1,3,0,0.4795040808096858,0.41432258253550436,0.47950408080968626,-4.440892098500626e-16,True
easygese:rice,Seed_surface_area,pnngs,1,4,0,0.4480623053086679,0.43900289866328446,0.4480623053086643,3.608224830031759e-15,True
easygese:rice,Seed_surface_area,pnngs,1,5,0,0.43750131685830823,0.44413411801358016,0.43750131685830657,1.6653345369377348e-15,True
easygese:rice,Seed_surface_area,pnngs,2,1,0,0.43423094769018883,0.40764506827013053,0.43423094769018816,6.661338147750939e-16,True
easygese:rice,Seed_surface_area,pnngs,2,2,0,0.5256002941190147,0.5328958996247726,0.5256002941190155,-8.881784197001252e-16,True
easygese:rice,Seed_surface_area,pnngs,2,3,0,0.36254479410891377,0.3596140594754689,0.3625447941089139,-1.1102230246251565e-16,True
easygese:rice,Seed_surface_area,pnngs,2,4,0,0.4531324000939243,0.41781330308908,0.4531324000939246,-2.7755575615628914e-16,True
easygese:rice,Seed_surface_area,pnngs,2,5,0,0.3909112387077205,0.3450243097271275,0.3909112387077197,7.771561172376096e-16,True
easygese:rice,Seed_surface_area,soydngp,1,1,0,0.5833322695695523,0.5585813285492595,0.583332269569553,-6.661338147750939e-16,True
easygese:rice,Seed_surface_area,soydngp,1,2,0,0.49183826170664297,0.44417601719775573,0.49183826170664285,1.1102230246251565e-16,True
easygese:rice,Seed_surface_area,soydngp,1,3,0,0.6790383090430316,0.6389537236522698,0.6790383090430313,3.3306690738754696e-16,True
easygese:rice,Seed_surface_area,soydngp,1,4,0,0.6304794967858889,0.6256401737475042,0.6304794967858887,2.220446049250313e-16,True
easygese:rice,Seed_surface_area,soydngp,1,5,0,0.5196393954081645,0.576651149433916,0.5196393954081642,3.3306690738754696e-16,True
easygese:rice,Seed_surface_area,soydngp,2,1,0,0.47712286496213957,0.4645562501676306,0.4771228649621399,-3.3306690738754696e-16,True
easygese:rice,Seed_surface_area,soydngp,2,2,0,0.518409892989783,0.517687443359439,0.5184098929897829,1.1102230246251565e-16,True
easygese:rice,Seed_surface_area,soydngp,2,3,0,0.5668772766113788,0.5484256136238884,0.5668772766113794,-6.661338147750939e-16,True
easygese:rice,Seed_surface_area,soydngp,2,4,0,0.6238936876166699,0.5244875565116953,0.62389368761667,-1.1102230246251565e-16,True
easygese:rice,Seed_surface_area,soydngp,2,5,0,0.6080126113808092,0.5905994878170696,0.6080126113808088,4.440892098500626e-16,True
easygese:rice,Seed_surface_area,transformer,1,1,0,0.5329926022023819,0.43716792936570686,0.5329926022023824,-5.551115123125783e-16,True
easygese:rice,Seed_surface_area,transformer,1,2,0,0.4211198337545147,0.44777732466310266,0.4211198337545145,2.220446049250313e-16,True
easygese:rice,Seed_surface_area,transformer,1,3,0,0.4995823986577034,0.4926913785178037,0.4995823986577034,0.0,True
easygese:rice,Seed_surface_area,transformer,1,4,0,0.5122102789562641,0.41371772535070134,0.5122102789562644,-2.220446049250313e-16,True
easygese:rice,Seed_surface_area,transformer,1,5,0,0.37128395427536276,0.3543944813336709,0.37128395427536276,0.0,True
easygese:rice,Seed_surface_area,transformer,2,1,0,0.41904950646588335,0.35920471829086736,0.4190495064658833,5.551115123125783e-17,True
easygese:rice,Seed_surface_area,transformer,2,2,0,0.47387644987801597,0.40298758228393433,0.47387644987801575,2.220446049250313e-16,True
easygese:rice,Seed_surface_area,transformer,2,3,0,0.3638660965521086,0.3792395995068814,0.36386609655210833,2.7755575615628914e-16,True
easygese:rice,Seed_surface_area,transformer,2,4,0,0.4193996348268628,0.344547309411381,0.41939963482686293,-1.1102230246251565e-16,True
easygese:rice,Seed_surface_area,transformer,2,5,0,0.43575454888824955,0.4984124177251851,0.43575454888824966,-1.1102230246251565e-16,True
easygese:rice,Seed_volume,cnn,1,1,0,0.588159135862208,0.599822829082683,0.5881591358622077,3.3306690738754696e-16,True
easygese:rice,Seed_volume,cnn,1,2,0,0.5837428659225583,0.5844720177945679,0.5837428659225581,2.220446049250313e-16,True
easygese:rice,Seed_volume,cnn,1,3,0,0.7624448604082422,0.7513799535429491,0.7624448604082423,-1.1102230246251565e-16,True
easygese:rice,Seed_volume,cnn,1,4,0,0.7262673991132604,0.6873070025498562,0.7262673991132603,1.1102230246251565e-16,True
easygese:rice,Seed_volume,cnn,1,5,0,0.5671732905673598,0.5544812825223417,0.5671732905673599,-1.1102230246251565e-16,True
easygese:rice,Seed_volume,cnn,2,1,0,0.7057897054281669,0.7286775472220057,0.7057897054281669,0.0,True
easygese:rice,Seed_volume,cnn,2,2,0,0.5689783734346526,0.5735432265872761,0.5689783734346527,-1.1102230246251565e-16,True
easygese:rice,Seed_volume,cnn,2,3,0,0.6655821960592726,0.6420653064593455,0.6655821960592727,-1.1102230246251565e-16,True
easygese:rice,Seed_volume,cnn,2,4,0,0.7002491965059334,0.6620081101076657,0.700249196505934,-5.551115123125783e-16,True
easygese:rice,Seed_volume,cnn,2,5,0,0.5573305662597657,0.5374716255030394,0.5573305662597658,-1.1102230246251565e-16,True
easygese:rice,Seed_volume,deepgs,1,1,0,0.6066718632432379,0.5838584106210518,0.6066718632432376,2.220446049250313e-16,True
easygese:rice,Seed_volume,deepgs,1,2,0,0.5774952669147179,0.5727774647132551,0.5774952669147178,1.1102230246251565e-16,True
easygese:rice,Seed_volume,deepgs,1,3,0,0.5556800119757547,0.5370522066636703,0.5556800119757545,2.220446049250313e-16,True
easygese:rice,Seed_volume,deepgs,1,4,0,0.54846370143047,0.5360418463014451,0.5484637014304695,4.440892098500626e-16,True
easygese:rice,Seed_volume,deepgs,1,5,0,0.512163728473605,0.4967858063417529,0.5121637284736051,-1.1102230246251565e-16,True
easygese:rice,Seed_volume,deepgs,2,1,0,0.5961852017266407,0.6203013920996316,0.5961852017266402,4.440892098500626e-16,True
easygese:rice,Seed_volume,deepgs,2,2,0,0.5275037091251794,0.5073548585868793,0.5275037091251789,5.551115123125783e-16,True
easygese:rice,Seed_volume,deepgs,2,3,0,0.48319252835147225,0.4493161445598361,0.4831925283514723,-5.551115123125783e-17,True
easygese:rice,Seed_volume,deepgs,2,4,0,0.5987192014188201,0.608069425381007,0.5987192014188203,-2.220446049250313e-16,True
easygese:rice,Seed_volume,deepgs,2,5,0,0.5050012211200838,0.49836438098331237,0.5050012211200839,-1.1102230246251565e-16,True
easygese:rice,Seed_volume,dnngp,1,1,0,0.5149799092304491,0.4530629219932443,0.5149799092304489,2.220446049250313e-16,True
easygese:rice,Seed_volume,dnngp,1,2,0,0.5166101299399672,0.551634747945817,0.5166101299399675,-2.220446049250313e-16,True
easygese:rice,Seed_volume,dnngp,1,3,0,0.3722924926098205,0.4268739547948561,0.3722924926098204,1.1102230246251565e-16,True
easygese:rice,Seed_volume,dnngp,1,4,0,0.5804158702334563,0.5710035375491607,0.5804158702334561,2.220446049250313e-16,True
easygese:rice,Seed_volume,dnngp,1,5,0,0.4984625629302527,0.48866486009898735,0.4984625629302526,1.1102230246251565e-16,True
easygese:rice,Seed_volume,dnngp,2,1,0,0.6113853374114063,0.5382859996853188,0.6113853374114067,-3.3306690738754696e-16,True
easygese:rice,Seed_volume,dnngp,2,2,0,0.4842747368835038,0.48037417194231674,0.48427473688350403,-2.220446049250313e-16,True
easygese:rice,Seed_volume,dnngp,2,3,0,0.5499453760082341,0.5451688232495552,0.549945376008234,1.1102230246251565e-16,True
easygese:rice,Seed_volume,dnngp,2,4,0,0.5647543808668328,0.532751277911827,0.5647543808668329,-1.1102230246251565e-16,True
easygese:rice,Seed_volume,dnngp,2,5,0,0.4507531170121685,0.42227190562274225,0.4507531170121684,1.1102230246251565e-16,True
easygese:rice,Seed_volume,mlp,1,1,0,0.5902149688965933,0.5475277201292147,0.5902149688965932,1.1102230246251565e-16,True
easygese:rice,Seed_volume,mlp,1,2,0,0.42763413451812216,0.42235936003215635,0.42763413451812243,-2.7755575615628914e-16,True
easygese:rice,Seed_volume,mlp,1,3,0,0.7152965128684788,0.6631858728184334,0.7152965128684785,3.3306690738754696e-16,True
easygese:rice,Seed_volume,mlp,1,4,0,0.6230447555351076,0.6757774902758164,0.6230447555351076,0.0,True
easygese:rice,Seed_volume,mlp,1,5,0,0.4999188342117056,0.5221630636067398,0.4999188342117056,0.0,True
easygese:rice,Seed_volume,mlp,2,1,0,0.4972902459325535,0.5256872329124853,0.4972902459325537,-2.220446049250313e-16,True
easygese:rice,Seed_volume,mlp,2,2,0,0.5578514508955276,0.5344912026202032,0.5578514508955273,2.220446049250313e-16,True
easygese:rice,Seed_volume,mlp,2,3,0,0.4735155268012554,0.4255780758953153,0.4735155268012554,0.0,True
easygese:rice,Seed_volume,mlp,2,4,0,0.6155700251603424,0.5985842925481987,0.6155700251603424,0.0,True
easygese:rice,Seed_volume,mlp,2,5,0,0.4500285318037548,0.4322110159629181,0.45002853180375474,5.551115123125783e-17,True
easygese:rice,Seed_volume,pnngs,1,1,0,0.6070135978754964,0.5979081984308572,0.6070135978754962,1.1102230246251565e-16,True
easygese:rice,Seed_volume,pnngs,1,2,0,0.4796723903983793,0.5288165916992931,0.47967239039837917,1.1102230246251565e-16,True
easygese:rice,Seed_volume,pnngs,1,3,0,0.5182199655129354,0.4889034490233758,0.5182199655129354,0.0,True
easygese:rice,Seed_volume,pnngs,1,4,0,0.5884313537680582,0.55277029098073,0.5884313537680586,-3.3306690738754696e-16,True
easygese:rice,Seed_volume,pnngs,1,5,0,0.5094453909993628,0.45377069140813886,0.5094453909993627,1.1102230246251565e-16,True
easygese:rice,Seed_volume,pnngs,2,1,0,0.49535017329312725,0.49615629584481913,0.49535017329312775,-4.996003610813204e-16,True
easygese:rice,Seed_volume,pnngs,2,2,0,0.4854926254380777,0.3837826781766359,0.4854926254380781,-3.885780586188048e-16,True
easygese:rice,Seed_volume,pnngs,2,3,0,0.5575373332634271,0.5590688713935995,0.5575373332634274,-2.220446049250313e-16,True
easygese:rice,Seed_volume,pnngs,2,4,0,0.6078354481581848,0.5661773344550842,0.6078354481581837,1.1102230246251565e-15,True
easygese:rice,Seed_volume,pnngs,2,5,0,0.5109825235753512,0.5045179474951668,0.5109825235753509,3.3306690738754696e-16,True
easygese:rice,Seed_volume,soydngp,1,1,0,0.6874590766546061,0.6955835997567819,0.6874590766546063,-1.1102230246251565e-16,True
easygese:rice,Seed_volume,soydngp,1,2,0,0.6298031562969698,0.618740898667597,0.62980315629697,-2.220446049250313e-16,True
easygese:rice,Seed_volume,soydngp,1,3,0,0.7334451212887592,0.6420895542769427,0.7334451212887589,2.220446049250313e-16,True
easygese:rice,Seed_volume,soydngp,1,4,0,0.781420033744089,0.7622603916369332,0.7814200337440889,1.1102230246251565e-16,True
easygese:rice,Seed_volume,soydngp,1,5,0,0.6033200536253328,0.6409921070042819,0.603320053625333,-2.220446049250313e-16,True
easygese:rice,Seed_volume,soydngp,2,1,0,0.7191899570630166,0.6801025192065341,0.7191899570630167,-1.1102230246251565e-16,True
easygese:rice,Seed_volume,soydngp,2,2,0,0.5105799700360405,0.5507847662221187,0.5105799700360404,1.1102230246251565e-16,True
easygese:rice,Seed_volume,soydngp,2,3,0,0.7371866111828772,0.6996579231007174,0.7371866111828771,1.1102230246251565e-16,True
easygese:rice,Seed_volume,soydngp,2,4,0,0.7092150532832592,0.6930337761123914,0.7092150532832592,0.0,True
easygese:rice,Seed_volume,soydngp,2,5,0,0.5257582101850269,0.4922915377428513,0.5257582101850269,0.0,True
easygese:rice,Seed_volume,transformer,1,1,0,0.5649405459420517,0.556087131961276,0.5649405459420518,-1.1102230246251565e-16,True
easygese:rice,Seed_volume,transformer,1,2,0,0.5767977758148477,0.5721558819050377,0.5767977758148478,-1.1102230246251565e-16,True
easygese:rice,Seed_volume,transformer,1,3,0,0.6998099526866948,0.6615220244464831,0.6998099526866949,-1.1102230246251565e-16,True
easygese:rice,Seed_volume,transformer,1,4,0,0.5022084678851513,0.5302797679568753,0.5022084678851514,-1.1102230246251565e-16,True
easygese:rice,Seed_volume,transformer,1,5,0,0.4438981811249227,0.4224038383689399,0.44389818112492285,-1.6653345369377348e-16,True
easygese:rice,Seed_volume,transformer,2,1,0,0.5439910621336257,0.5863824771703429,0.5439910621336258,-1.1102230246251565e-16,True
easygese:rice,Seed_volume,transformer,2,2,0,0.5780228720658181,0.5698355690662849,0.5780228720658184,-2.220446049250313e-16,True
easygese:rice,Seed_volume,transformer,2,3,0,0.5262716989483224,0.5260454955805068,0.5262716989483218,5.551115123125783e-16,True
easygese:rice,Seed_volume,transformer,2,4,0,0.6200131208793598,0.6318683645488544,0.6200131208793596,2.220446049250313e-16,True
easygese:rice,Seed_volume,transformer,2,5,0,0.5146140634844923,0.4590525897587419,0.5146140634844923,0.0,True
easygese:rice,Seed_width,cnn,1,1,0,0.6519036328374147,0.6309328438589127,0.6519036328374148,-1.1102230246251565e-16,True
easygese:rice,Seed_width,cnn,1,2,0,0.6868108699025236,0.6803199137465235,0.6868108699025239,-3.3306690738754696e-16,True
easygese:rice,Seed_width,cnn,1,3,0,0.6514795209929618,0.6092114599879247,0.6514795209929614,4.440892098500626e-16,True
easygese:rice,Seed_width,cnn,1,4,0,0.721983538965975,0.6806082122573468,0.7219835389659744,5.551115123125783e-16,True
easygese:rice,Seed_width,cnn,1,5,0,0.5961391573832782,0.5556034525193916,0.5961391573832779,2.220446049250313e-16,True
easygese:rice,Seed_width,cnn,2,1,0,0.7375462878149596,0.7069138499447791,0.73754628781496,-4.440892098500626e-16,True
easygese:rice,Seed_width,cnn,2,2,0,0.5768013561290884,0.5496421977368131,0.5768013561290887,-2.220446049250313e-16,True
easygese:rice,Seed_width,cnn,2,3,0,0.7401124585399077,0.7339223833299897,0.7401124585399077,0.0,True
easygese:rice,Seed_width,cnn,2,4,0,0.7074841223481488,0.6937155207838404,0.7074841223481487,1.1102230246251565e-16,True
easygese:rice,Seed_width,cnn,2,5,0,0.6434220026744089,0.6297831071829199,0.643422002674409,-1.1102230246251565e-16,True
easygese:rice,Seed_width,deepgs,1,1,0,0.6818816441338353,0.6728784201298917,0.6818816441338353,0.0,True
easygese:rice,Seed_width,deepgs,1,2,0,0.6040287740557255,0.610614141538628,0.6040287740557259,-3.3306690738754696e-16,True
easygese:rice,Seed_width,deepgs,1,3,0,0.6421497078087792,0.5970070572372431,0.6421497078087792,0.0,True
easygese:rice,Seed_width,deepgs,1,4,0,0.5835559888589401,0.5069297049461047,0.5835559888589402,-1.1102230246251565e-16,True
easygese:rice,Seed_width,deepgs,1,5,0,0.5518353333170645,0.5265699730181986,0.5518353333170647,-2.220446049250313e-16,True
easygese:rice,Seed_width,deepgs,2,1,0,0.6476270968798618,0.5980294063498062,0.647627096879862,-2.220446049250313e-16,True
easygese:rice,Seed_width,deepgs,2,2,0,0.590366892428782,0.5465462944984865,0.5903668924287819,1.1102230246251565e-16,True
easygese:rice,Seed_width,deepgs,2,3,0,0.5490950033042208,0.46164512247194783,0.5490950033042205,3.3306690738754696e-16,True
easygese:rice,Seed_width,deepgs,2,4,0,0.7214252243522309,0.7105622392980114,0.7214252243522309,0.0,True
easygese:rice,Seed_width,deepgs,2,5,0,0.5697464984276787,0.5563073756882576,0.5697464984276789,-2.220446049250313e-16,True
easygese:rice,Seed_width,dnngp,1,1,0,0.6419677410896651,0.5776328172161785,0.6419677410896646,5.551115123125783e-16,True
easygese:rice,Seed_width,dnngp,1,2,0,0.6080149978001727,0.6227053003644204,0.6080149978001729,-2.220446049250313e-16,True
easygese:rice,Seed_width,dnngp,1,3,0,0.5991931414261086,0.5477594571263116,0.599193141426109,-4.440892098500626e-16,True
easygese:rice,Seed_width,dnngp,1,4,0,0.5915165529516057,0.6286611073589553,0.5915165529516059,-2.220446049250313e-16,True
easygese:rice,Seed_width,dnngp,1,5,0,0.5586126546677045,0.5535900205876976,0.5586126546677043,2.220446049250313e-16,True
easygese:rice,Seed_width,dnngp,2,1,0,0.6118857500671828,0.5542582902387635,0.6118857500671827,1.1102230246251565e-16,True
easygese:rice,Seed_width,dnngp,2,2,0,0.5318673390826661,0.5443202211211888,0.5318673390826661,0.0,True
easygese:rice,Seed_width,dnngp,2,3,0,0.6029085848997707,0.6180837525985333,0.6029085848997711,-3.3306690738754696e-16,True
easygese:rice,Seed_width,dnngp,2,4,0,0.633901332688753,0.677231043759792,0.6339013326887525,5.551115123125783e-16,True
easygese:rice,Seed_width,dnngp,2,5,0,0.527717295901469,0.5390632974085269,0.527717295901469,0.0,True
easygese:rice,Seed_width,mlp,1,1,0,0.6264861189234607,0.6288728334038975,0.6264861189234606,1.1102230246251565e-16,True
easygese:rice,Seed_width,mlp,1,2,0,0.5680625999949911,0.5802849405240341,0.568062599994991,1.1102230246251565e-16,True
easygese:rice,Seed_width,mlp,1,3,0,0.5948652330878806,0.583836027917021,0.5948652330878804,2.220446049250313e-16,True
easygese:rice,Seed_width,mlp,1,4,0,0.6611013947982678,0.6549015779429197,0.6611013947982681,-3.3306690738754696e-16,True
easygese:rice,Seed_width,mlp,1,5,0,0.5765692233568792,0.5757900989474871,0.5765692233568784,7.771561172376096e-16,True
easygese:rice,Seed_width,mlp,2,1,0,0.6283354223373813,0.6470018255467513,0.6283354223373814,-1.1102230246251565e-16,True
easygese:rice,Seed_width,mlp,2,2,0,0.6000018522229899,0.5444121968296325,0.6000018522229897,1.1102230246251565e-16,True
easygese:rice,Seed_width,mlp,2,3,0,0.6132665698379349,0.5744920168708251,0.6132665698379349,0.0,True
easygese:rice,Seed_width,mlp,2,4,0,0.6948769771880845,0.6565022917643704,0.694876977188084,4.440892098500626e-16,True
easygese:rice,Seed_width,mlp,2,5,0,0.5995960519831612,0.606868012640739,0.5995960519831611,1.1102230246251565e-16,True
easygese:rice,Seed_width,pnngs,1,1,0,0.6338801037462404,0.6191683399075568,0.6338801037462403,1.1102230246251565e-16,True
easygese:rice,Seed_width,pnngs,1,2,0,0.5738446125502433,0.536919300560941,0.5738446125502431,2.220446049250313e-16,True
easygese:rice,Seed_width,pnngs,1,3,0,0.6246308721985587,0.6242979272589945,0.6246308721985585,2.220446049250313e-16,True
easygese:rice,Seed_width,pnngs,1,4,0,0.6227922711257117,0.624577580308455,0.6227922711257121,-4.440892098500626e-16,True
easygese:rice,Seed_width,pnngs,1,5,0,0.5418363697621776,0.5457366561072109,0.5418363697621782,-5.551115123125783e-16,True
easygese:rice,Seed_width,pnngs,2,1,0,0.6433928408116321,0.6074499742806936,0.643392840811632,1.1102230246251565e-16,True
easygese:rice,Seed_width,pnngs,2,2,0,0.5120869576940206,0.5090066038392654,0.5120869576940207,-1.1102230246251565e-16,True
easygese:rice,Seed_width,pnngs,2,3,0,0.6135188558333166,0.597249359769486,0.6135188558333161,4.440892098500626e-16,True
easygese:rice,Seed_width,pnngs,2,4,0,0.6723786280446385,0.6841963000946493,0.6723786280446385,0.0,True
easygese:rice,Seed_width,pnngs,2,5,0,0.5442973837622763,0.533384917224316,0.5442973837622763,0.0,True
easygese:rice,Seed_width,soydngp,1,1,0,0.6860271128436339,0.6265473912468635,0.6860271128436336,3.3306690738754696e-16,True
easygese:rice,Seed_width,soydngp,1,2,0,0.7033022807469129,0.6798499069739853,0.7033022807469131,-2.220446049250313e-16,True
easygese:rice,Seed_width,soydngp,1,3,0,0.6541090058924853,0.6131302716387264,0.6541090058924854,-1.1102230246251565e-16,True
easygese:rice,Seed_width,soydngp,1,4,0,0.7379015537611877,0.7443393975114105,0.7379015537611874,3.3306690738754696e-16,True
easygese:rice,Seed_width,soydngp,1,5,0,0.6356034274650246,0.6102748524855198,0.6356034274650244,2.220446049250313e-16,True
easygese:rice,Seed_width,soydngp,2,1,0,0.6706987360025254,0.6557443748664181,0.6706987360025254,0.0,True
easygese:rice,Seed_width,soydngp,2,2,0,0.6021629488588809,0.5863827619267399,0.6021629488588812,-3.3306690738754696e-16,True
easygese:rice,Seed_width,soydngp,2,3,0,0.7313783987371497,0.6024420144065878,0.7313783987371496,1.1102230246251565e-16,True
easygese:rice,Seed_width,soydngp,2,4,0,0.7743852976064931,0.7595640599694586,0.7743852976064933,-2.220446049250313e-16,True
easygese:rice,Seed_width,soydngp,2,5,0,0.648896902126214,0.6320245565888537,0.6488969021262144,-4.440892098500626e-16,True
easygese:rice,Seed_width,transformer,1,1,0,0.6870471686269327,0.6755538410103407,0.687047168626933,-3.3306690738754696e-16,True
easygese:rice,Seed_width,transformer,1,2,0,0.6760421523106712,0.6694371607015324,0.6760421523106712,0.0,True
easygese:rice,Seed_width,transformer,1,3,0,0.7241036334149498,0.7130133415701762,0.7241036334149491,6.661338147750939e-16,True
easygese:rice,Seed_width,transformer,1,4,0,0.6310771201545037,0.6210818901692113,0.6310771201545035,2.220446049250313e-16,True
easygese:rice,Seed_width,transformer,1,5,0,0.5078011275916353,0.5523569875955807,0.5078011275916353,0.0,True
easygese:rice,Seed_width,transformer,2,1,0,0.632987967838694,0.5662485631049232,0.6329879678386945,-4.440892098500626e-16,True
easygese:rice,Seed_width,transformer,2,2,0,0.6009609489205655,0.5923200381271668,0.6009609489205656,-1.1102230246251565e-16,True
easygese:rice,Seed_width,transformer,2,3,0,0.6521092755250998,0.6069090626759852,0.6521092755251001,-3.3306690738754696e-16,True
easygese:rice,Seed_width,transformer,2,4,0,0.7751298457669034,0.7367176009013999,0.7751298457669038,-4.440892098500626e-16,True
easygese:rice,Seed_width,transformer,2,5,0,0.6326120408149581,0.6050481634119853,0.6326120408149584,-2.220446049250313e-16,True
easygese:rice,Straighthead_suseptability,cnn,1,1,0,0.5533546286554049,0.5249355689720934,0.553354628655405,-1.1102230246251565e-16,True
easygese:rice,Straighthead_suseptability,cnn,1,2,0,0.4823480536512662,0.5149216583814373,0.4823480536512658,3.885780586188048e-16,True
easygese:rice,Straighthead_suseptability,cnn,1,3,0,0.5927417180397646,0.5597218390135938,0.5927417180397647,-1.1102230246251565e-16,True
easygese:rice,Straighthead_suseptability,cnn,1,4,0,0.5375086407599337,0.535408908430795,0.5375086407599337,0.0,True
easygese:rice,Straighthead_suseptability,cnn,1,5,0,0.5628459534077436,0.563323279483317,0.5628459534077433,2.220446049250313e-16,True
easygese:rice,Straighthead_suseptability,cnn,2,1,0,0.6187950119583903,0.6153711241137373,0.6187950119583904,-1.1102230246251565e-16,True
easygese:rice,Straighthead_suseptability,cnn,2,2,0,0.462290879728925,0.4339334812431265,0.4622908797289251,-5.551115123125783e-17,True
easygese:rice,Straighthead_suseptability,cnn,2,3,0,0.6458418077125713,0.6187663043091879,0.645841807712571,2.220446049250313e-16,True
easygese:rice,Straighthead_suseptability,cnn,2,4,0,0.6428603787301278,0.6453621938569157,0.6428603787301277,1.1102230246251565e-16,True
easygese:rice,Straighthead_suseptability,cnn,2,5,0,0.41419428076328413,0.3851376536586306,0.41419428076328413,0.0,True
easygese:rice,Straighthead_suseptability,deepgs,1,1,0,0.676581287291409,0.6448679686816338,0.676581287291409,0.0,True
easygese:rice,Straighthead_suseptability,deepgs,1,2,0,0.5296931371395865,0.5500787972454326,0.529693137139587,-4.440892098500626e-16,True
easygese:rice,Straighthead_suseptability,deepgs,1,3,0,0.5970169713382082,0.5544360028571311,0.5970169713382083,-1.1102230246251565e-16,True
easygese:rice,Straighthead_suseptability,deepgs,1,4,0,0.47256187855205123,0.513635448431898,0.4725618785520511,1.1102230246251565e-16,True
easygese:rice,Straighthead_suseptability,deepgs,1,5,0,0.5344716552902283,0.5641084200139539,0.5344716552902284,-1.1102230246251565e-16,True
easygese:rice,Straighthead_suseptability,deepgs,2,1,0,0.47808968563365506,0.44389353576952145,0.4780896856336552,-1.6653345369377348e-16,True
easygese:rice,Straighthead_suseptability,deepgs,2,2,0,0.5224482652354623,0.4328975833885487,0.5224482652354625,-2.220446049250313e-16,True
easygese:rice,Straighthead_suseptability,deepgs,2,3,0,0.6441368459312482,0.5810121167645976,0.6441368459312483,-1.1102230246251565e-16,True
easygese:rice,Straighthead_suseptability,deepgs,2,4,0,0.6481085490845332,0.6222845234437221,0.6481085490845334,-2.220446049250313e-16,True
easygese:rice,Straighthead_suseptability,deepgs,2,5,0,0.40396595825480974,0.3955395817613624,0.4039659582548098,-5.551115123125783e-17,True
easygese:rice,Straighthead_suseptability,dnngp,1,1,0,0.5765474978692389,0.5097148835674201,0.5765474978692389,0.0,True
easygese:rice,Straighthead_suseptability,dnngp,1,2,0,0.5082828779760754,0.5651573998871577,0.5082828779760755,-1.1102230246251565e-16,True
easygese:rice,Straighthead_suseptability,dnngp,1,3,0,0.5418108806790436,0.5636118465859222,0.5418108806790437,-1.1102230246251565e-16,True
easygese:rice,Straighthead_suseptability,dnngp,1,4,0,0.4205052882724288,0.4895525747441749,0.4205052882724288,0.0,True
easygese:rice,Straighthead_suseptability,dnngp,1,5,0,0.4480712796853985,0.4543254922799872,0.4480712796853982,2.7755575615628914e-16,True
easygese:rice,Straighthead_suseptability,dnngp,2,1,0,0.5159415690452349,0.5249085826527199,0.5159415690452349,0.0,True
easygese:rice,Straighthead_suseptability,dnngp,2,2,0,0.4427542505062059,0.39939068437947245,0.44275425050620565,2.7755575615628914e-16,True
easygese:rice,Straighthead_suseptability,dnngp,2,3,0,0.6072879367632772,0.5940253561991962,0.6072879367632772,0.0,True
easygese:rice,Straighthead_suseptability,dnngp,2,4,0,0.5195759511735187,0.5019275632381531,0.5195759511735185,2.220446049250313e-16,True
easygese:rice,Straighthead_suseptability,dnngp,2,5,0,0.37034337951373547,0.3467547107805903,0.37034337951373525,2.220446049250313e-16,True
easygese:rice,Straighthead_suseptability,mlp,1,1,0,0.6623093701979016,0.6481954399069295,0.6623093701979017,-1.1102230246251565e-16,True
easygese:rice,Straighthead_suseptability,mlp,1,2,0,0.5151265362136462,0.509055714186201,0.5151265362136463,-1.1102230246251565e-16,True
easygese:rice,Straighthead_suseptability,mlp,1,3,0,0.5470851978070392,0.5435115274045059,0.5470851978070392,0.0,True
easygese:rice,Straighthead_suseptability,mlp,1,4,0,0.4730900635593219,0.47914156812343933,0.4730900635593221,-1.6653345369377348e-16,True
easygese:rice,Straighthead_suseptability,mlp,1,5,0,0.46649290335197646,0.4726157182202018,0.4664929033519765,-5.551115123125783e-17,True
easygese:rice,Straighthead_suseptability,mlp,2,1,0,0.5200935365418067,0.41065581465119216,0.5200935365418065,2.220446049250313e-16,True
easygese:rice,Straighthead_suseptability,mlp,2,2,0,0.45980258730602874,0.47248924054952546,0.4598025873060283,4.440892098500626e-16,True
easygese:rice,Straighthead_suseptability,mlp,2,3,0,0.577352274142364,0.575299342121641,0.5773522741423638,2.220446049250313e-16,True
easygese:rice,Straighthead_suseptability,mlp,2,4,0,0.5903209371790211,0.551374685939984,0.5903209371790211,0.0,True
easygese:rice,Straighthead_suseptability,mlp,2,5,0,0.42563847659439236,0.39689386773589375,0.4256384765943925,-1.6653345369377348e-16,True
easygese:rice,Straighthead_suseptability,pnngs,1,1,0,0.5880246793273054,0.6319528057861403,0.5880246793273052,2.220446049250313e-16,True
easygese:rice,Straighthead_suseptability,pnngs,1,2,0,0.4602403714129908,0.4564809709155792,0.46024037141299057,2.220446049250313e-16,True
easygese:rice,Straighthead_suseptability,pnngs,1,3,0,0.539515010674054,0.4584493228603107,0.5395150106740542,-1.1102230246251565e-16,True
easygese:rice,Straighthead_suseptability,pnngs,1,4,0,0.5544565610760681,0.4693203740948596,0.5544565610760684,-3.3306690738754696e-16,True
easygese:rice,Straighthead_suseptability,pnngs,1,5,0,0.41103121502907464,0.40259666279325634,0.41103121502907464,0.0,True
easygese:rice,Straighthead_suseptability,pnngs,2,1,0,0.5349438962167674,0.5115285099557121,0.5349438962167674,0.0,True
easygese:rice,Straighthead_suseptability,pnngs,2,2,0,0.47079659160390347,0.4634875942261535,0.47079659160390364,-1.6653345369377348e-16,True
easygese:rice,Straighthead_suseptability,pnngs,2,3,0,0.35748441724515845,0.27669512608493363,0.3574844172451583,1.6653345369377348e-16,True
easygese:rice,Straighthead_suseptability,pnngs,2,4,0,0.6264660530343836,0.5861272111632249,0.6264660530343836,0.0,True
easygese:rice,Straighthead_suseptability,pnngs,2,5,0,0.34776419474153225,0.3007647699805145,0.34776419474153203,2.220446049250313e-16,True
easygese:rice,Straighthead_suseptability,soydngp,1,1,0,0.6809358367943049,0.6361168928518665,0.6809358367943052,-3.3306690738754696e-16,True
easygese:rice,Straighthead_suseptability,soydngp,1,2,0,0.5018590872251639,0.48236402133682016,0.5018590872251613,2.6645352591003757e-15,True
easygese:rice,Straighthead_suseptability,soydngp,1,3,0,0.69990540345941,0.581422923688156,0.6999054034594099,1.1102230246251565e-16,True
easygese:rice,Straighthead_suseptability,soydngp,1,4,0,0.5648280371079243,0.5150304448409405,0.5648280371079247,-4.440892098500626e-16,True
easygese:rice,Straighthead_suseptability,soydngp,1,5,0,0.6219956042325877,0.6001558484488456,0.6219956042325877,0.0,True
easygese:rice,Straighthead_suseptability,soydngp,2,1,0,0.5865057710319828,0.6014508180159054,0.5865057710319823,4.440892098500626e-16,True
easygese:rice,Straighthead_suseptability,soydngp,2,2,0,0.32503321209570757,0.2829647691200553,0.32503321209571545,-7.882583474838611e-15,True
easygese:rice,Straighthead_suseptability,soydngp,2,3,0,0.5347051995184875,0.5377702874237807,0.5347051995184877,-2.220446049250313e-16,True
easygese:rice,Straighthead_suseptability,soydngp,2,4,0,0.7589645116654232,0.6101304960094293,0.7589645116654229,3.3306690738754696e-16,True
easygese:rice,Straighthead_suseptability,soydngp,2,5,0,0.34161236645363713,0.37404629914913906,0.3416123664536372,-5.551115123125783e-17,True
easygese:rice,Straighthead_suseptability,transformer,1,1,0,0.5268268312472132,0.525559380426417,0.526826831247213,2.220446049250313e-16,True
easygese:rice,Straighthead_suseptability,transformer,1,2,0,0.49627208303929954,0.5701140533759299,0.4962720830392995,5.551115123125783e-17,True
easygese:rice,Straighthead_suseptability,transformer,1,3,0,0.5241482744309788,0.5025417950886125,0.524148274430979,-2.220446049250313e-16,True
easygese:rice,Straighthead_suseptability,transformer,1,4,0,0.3445667265033066,0.2963084539414389,0.3445667265033066,0.0,True
easygese:rice,Straighthead_suseptability,transformer,1,5,0,0.45382722644070717,0.4779535884477214,0.45382722644070705,1.1102230246251565e-16,True
easygese:rice,Straighthead_suseptability,transformer,2,1,0,0.537428763359224,0.5326088388633423,0.5374287633592242,-2.220446049250313e-16,True
easygese:rice,Straighthead_suseptability,transformer,2,2,0,0.4541595487106006,0.34074613778362145,0.45415954871060044,1.6653345369377348e-16,True
easygese:rice,Straighthead_suseptability,transformer,2,3,0,0.5239648697623616,0.5400741988514904,0.5239648697623615,1.1102230246251565e-16,True
easygese:rice,Straighthead_suseptability,transformer,2,4,0,0.5391034136980273,0.48940150758835593,0.5391034136980275,-2.220446049250313e-16,True
easygese:rice,Straighthead_suseptability,transformer,2,5,0,0.3892797503231763,0.3980349269048574,0.38927975032317613,1.6653345369377348e-16,True
easygese:rice,Year06Flowering_time_at_Arkansas,cnn,1,1,0,0.3063061518130986,0.31880464886203175,0.30630615181309867,-5.551115123125783e-17,True
easygese:rice,Year06Flowering_time_at_Arkansas,cnn,1,2,0,0.44271003661302816,0.4697774827128877,0.442710036613028,1.6653345369377348e-16,True
easygese:rice,Year06Flowering_time_at_Arkansas,cnn,1,3,0,0.6374370432816914,0.5807780640135357,0.6374370432816912,2.220446049250313e-16,True
easygese:rice,Year06Flowering_time_at_Arkansas,cnn,1,4,0,0.41979549229654667,0.38816032655267985,0.4197954922965465,1.6653345369377348e-16,True
easygese:rice,Year06Flowering_time_at_Arkansas,cnn,1,5,0,0.537448945420083,0.525546680469628,0.5374489454200833,-2.220446049250313e-16,True
easygese:rice,Year06Flowering_time_at_Arkansas,cnn,2,1,0,0.42054168812114584,0.4140258380060169,0.420541688121146,-1.6653345369377348e-16,True
easygese:rice,Year06Flowering_time_at_Arkansas,cnn,2,2,0,0.3575784649882606,0.4082424682606656,0.3575784649882606,0.0,True
easygese:rice,Year06Flowering_time_at_Arkansas,cnn,2,3,0,0.5480504926764053,0.5025485972541881,0.5480504926764052,1.1102230246251565e-16,True
easygese:rice,Year06Flowering_time_at_Arkansas,cnn,2,4,0,0.5673383753380418,0.474263281953546,0.5673383753380417,1.1102230246251565e-16,True
easygese:rice,Year06Flowering_time_at_Arkansas,cnn,2,5,0,0.45783948898089444,0.3931168812324484,0.45783948898089444,0.0,True
easygese:rice,Year06Flowering_time_at_Arkansas,deepgs,1,1,0,0.3654657503823729,0.28857005671442654,0.36546575038237283,5.551115123125783e-17,True
easygese:rice,Year06Flowering_time_at_Arkansas,deepgs,1,2,0,0.38857338827227345,0.3325264192219715,0.3885733882722737,-2.7755575615628914e-16,True
easygese:rice,Year06Flowering_time_at_Arkansas,deepgs,1,3,0,0.4596695104243812,0.42366639077993845,0.4596695104243806,6.106226635438361e-16,True
easygese:rice,Year06Flowering_time_at_Arkansas,deepgs,1,4,0,0.33552307538273757,0.35149249513226205,0.33552307538273723,3.3306690738754696e-16,True
easygese:rice,Year06Flowering_time_at_Arkansas,deepgs,1,5,0,0.4989420498985464,0.4880167973786855,0.4989420498985466,-2.220446049250313e-16,True
easygese:rice,Year06Flowering_time_at_Arkansas,deepgs,2,1,0,0.381606898860056,0.3860521287009574,0.3816068988600559,1.1102230246251565e-16,True
easygese:rice,Year06Flowering_time_at_Arkansas,deepgs,2,2,0,0.3556562199033924,0.32053991762779205,0.3556562199033922,2.220446049250313e-16,True
easygese:rice,Year06Flowering_time_at_Arkansas,deepgs,2,3,0,0.48173846776460044,0.4462849234254785,0.4817384677646006,-1.6653345369377348e-16,True
easygese:rice,Year06Flowering_time_at_Arkansas,deepgs,2,4,0,0.6780169751473102,0.5427580894222491,0.6780169751473101,1.1102230246251565e-16,True
easygese:rice,Year06Flowering_time_at_Arkansas,deepgs,2,5,0,0.4800543747625862,0.47547905386296424,0.4800543747625861,1.1102230246251565e-16,True
easygese:rice,Year06Flowering_time_at_Arkansas,dnngp,1,1,0,0.3159094161380363,0.4051765878386976,0.31590941613803614,1.6653345369377348e-16,True
easygese:rice,Year06Flowering_time_at_Arkansas,dnngp,1,2,0,0.3343850873803121,0.3191256205855247,0.33438508738031253,-4.440892098500626e-16,True
easygese:rice,Year06Flowering_time_at_Arkansas,dnngp,1,3,0,0.19393831793677999,0.1699107265623286,0.19393831793678024,-2.498001805406602e-16,True
easygese:rice,Year06Flowering_time_at_Arkansas,dnngp,1,4,0,0.5045549304945495,0.4268588919459596,0.5045549304945492,2.220446049250313e-16,True
easygese:rice,Year06Flowering_time_at_Arkansas,dnngp,1,5,0,0.5102435940932661,0.524340429140476,0.5102435940932663,-1.1102230246251565e-16,True
easygese:rice,Year06Flowering_time_at_Arkansas,dnngp,2,1,0,0.23456775131326488,0.24996170328468945,0.23456775131326466,2.220446049250313e-16,True
easygese:rice,Year06Flowering_time_at_Arkansas,dnngp,2,2,0,0.20080553396302211,0.13831698177627902,0.20080553396302242,-3.0531133177191805e-16,True
easygese:rice,Year06Flowering_time_at_Arkansas,dnngp,2,3,0,0.39819458088492043,0.459861126528113,0.39819458088492077,-3.3306690738754696e-16,True
easygese:rice,Year06Flowering_time_at_Arkansas,dnngp,2,4,0,0.40630651290746966,0.30497783091461395,0.4063065129074704,-7.216449660063518e-16,True
easygese:rice,Year06Flowering_time_at_Arkansas,dnngp,2,5,0,0.2937825211337212,0.22065404241970338,0.2937825211337216,-3.885780586188048e-16,True
easygese:rice,Year06Flowering_time_at_Arkansas,mlp,1,1,0,0.4887927586747911,0.4926287495111496,0.4887927586747911,0.0,True
easygese:rice,Year06Flowering_time_at_Arkansas,mlp,1,2,0,0.4254587545204022,0.22834865473954172,0.425458754520402,2.220446049250313e-16,True
easygese:rice,Year06Flowering_time_at_Arkansas,mlp,1,3,0,0.2369409872562742,0.251531317862141,0.2369409872562741,8.326672684688674e-17,True
easygese:rice,Year06Flowering_time_at_Arkansas,mlp,1,4,0,0.4959391527564505,0.46259181889394746,0.4959391527564505,0.0,True
easygese:rice,Year06Flowering_time_at_Arkansas,mlp,1,5,0,0.4651354686446929,0.44531636737581554,0.46513546864469235,5.551115123125783e-16,True
easygese:rice,Year06Flowering_time_at_Arkansas,mlp,2,1,0,0.4053830318574343,0.3508382514248485,0.40538303185743424,5.551115123125783e-17,True
easygese:rice,Year06Flowering_time_at_Arkansas,mlp,2,2,0,0.2853460574567785,0.21040719576812703,0.2853460574567783,1.6653345369377348e-16,True
easygese:rice,Year06Flowering_time_at_Arkansas,mlp,2,3,0,0.4684075804723441,0.4000862447636482,0.4684075804723444,-2.7755575615628914e-16,True
easygese:rice,Year06Flowering_time_at_Arkansas,mlp,2,4,0,0.6793656735390217,0.4017504006633614,0.6793656735390213,3.3306690738754696e-16,True
easygese:rice,Year06Flowering_time_at_Arkansas,mlp,2,5,0,0.43187725872271787,0.3680945563454225,0.4318772587227177,1.6653345369377348e-16,True
easygese:rice,Year06Flowering_time_at_Arkansas,pnngs,1,1,0,0.2222572041120966,0.12557190593377368,0.22225720411209626,3.3306690738754696e-16,True
easygese:rice,Year06Flowering_time_at_Arkansas,pnngs,1,2,0,0.4147807911453971,0.3056783460769795,0.41478079114539707,5.551115123125783e-17,True
easygese:rice,Year06Flowering_time_at_Arkansas,pnngs,1,3,0,0.20816923243820232,0.2418010710315757,0.20816923243820226,5.551115123125783e-17,True
easygese:rice,Year06Flowering_time_at_Arkansas,pnngs,1,4,0,0.3626926341985612,0.4426625991063851,0.362692634198561,1.6653345369377348e-16,True
easygese:rice,Year06Flowering_time_at_Arkansas,pnngs,1,5,0,0.45137474848109754,0.39344077660129906,0.45137474848109793,-3.885780586188048e-16,True
easygese:rice,Year06Flowering_time_at_Arkansas,pnngs,2,1,0,0.3583180152238912,0.3277373009639818,0.35831801522389073,4.440892098500626e-16,True
easygese:rice,Year06Flowering_time_at_Arkansas,pnngs,2,2,0,-0.01760102670979115,-0.15599385164281415,-0.017601026709791575,4.2327252813834093e-16,True
easygese:rice,Year06Flowering_time_at_Arkansas,pnngs,2,3,0,0.4118314902110951,0.45511720627908137,0.411831490211095,1.1102230246251565e-16,True
easygese:rice,Year06Flowering_time_at_Arkansas,pnngs,2,4,0,0.15220795921626837,0.1264444701110704,0.15220795921626856,-1.942890293094024e-16,True
easygese:rice,Year06Flowering_time_at_Arkansas,pnngs,2,5,0,0.46114213261073794,0.3819672195627895,0.46114213261073794,0.0,True
easygese:rice,Year06Flowering_time_at_Arkansas,soydngp,1,1,0,0.5093600251064179,0.37640704333986674,0.5093600251064179,0.0,True
easygese:rice,Year06Flowering_time_at_Arkansas,soydngp,1,2,0,0.3475625103349648,0.35542068300398233,0.3475625103349647,1.1102230246251565e-16,True
easygese:rice,Year06Flowering_time_at_Arkansas,soydngp,1,3,0,0.4475953421382829,0.40878887756844046,0.447595342138283,-1.1102230246251565e-16,True
easygese:rice,Year06Flowering_time_at_Arkansas,soydngp,1,4,0,0.48056307798611514,0.5042590045902176,0.48056307798611503,1.1102230246251565e-16,True
easygese:rice,Year06Flowering_time_at_Arkansas,soydngp,1,5,0,0.5841426514575673,0.6152380082674672,0.584142651457567,2.220446049250313e-16,True
easygese:rice,Year06Flowering_time_at_Arkansas,soydngp,2,1,0,0.6093029464329088,0.6168418549380057,0.6093029464329088,0.0,True
easygese:rice,Year06Flowering_time_at_Arkansas,soydngp,2,2,0,0.35146958944692847,0.2860796623973799,0.351469589446928,4.440892098500626e-16,True
easygese:rice,Year06Flowering_time_at_Arkansas,soydngp,2,3,0,0.5568693975804169,0.5060825595528328,0.556869397580417,-1.1102230246251565e-16,True
easygese:rice,Year06Flowering_time_at_Arkansas,soydngp,2,4,0,0.6677343767743361,0.5362288659136918,0.667734376774336,1.1102230246251565e-16,True
easygese:rice,Year06Flowering_time_at_Arkansas,soydngp,2,5,0,0.47116805094273934,0.37745916522032835,0.4711680509427394,-5.551115123125783e-17,True
easygese:rice,Year06Flowering_time_at_Arkansas,transformer,1,1,0,0.3389960229677654,0.3542585564902033,0.3389960229677654,0.0,True
easygese:rice,Year06Flowering_time_at_Arkansas,transformer,1,2,0,0.3564559038026199,0.37580099076466905,0.35645590380261977,1.1102230246251565e-16,True
easygese:rice,Year06Flowering_time_at_Arkansas,transformer,1,3,0,0.41378525697822127,0.4196942981317658,0.41378525697822127,0.0,True
easygese:rice,Year06Flowering_time_at_Arkansas,transformer,1,4,0,0.5306627093528415,0.45327525813519015,0.5306627093528414,1.1102230246251565e-16,True
easygese:rice,Year06Flowering_time_at_Arkansas,transformer,1,5,0,0.33768247193156803,0.34596118214979704,0.3376824719315683,-2.7755575615628914e-16,True
easygese:rice,Year06Flowering_time_at_Arkansas,transformer,2,1,0,0.4197692151094035,0.4593082800565499,0.4197692151094036,-1.1102230246251565e-16,True
easygese:rice,Year06Flowering_time_at_Arkansas,transformer,2,2,0,0.28878436490908643,0.2700882725086648,0.2887843649090862,2.220446049250313e-16,True
easygese:rice,Year06Flowering_time_at_Arkansas,transformer,2,3,0,0.43071889928881574,0.3888787089282019,0.43071889928881607,-3.3306690738754696e-16,True
easygese:rice,Year06Flowering_time_at_Arkansas,transformer,2,4,0,0.6542134496649762,0.6462977393656548,0.6542134496649765,-3.3306690738754696e-16,True
easygese:rice,Year06Flowering_time_at_Arkansas,transformer,2,5,0,0.34389506796874436,0.3505664207224129,0.34389506796874436,0.0,True
easygese:rice,Year07Flowering_time_at_Arkansas,cnn,1,1,0,0.46191571283646515,0.4643442154965267,0.4619157128364652,-5.551115123125783e-17,True
easygese:rice,Year07Flowering_time_at_Arkansas,cnn,1,2,0,0.32010908118300074,0.30933557886665813,0.3201090811830009,-1.6653345369377348e-16,True
easygese:rice,Year07Flowering_time_at_Arkansas,cnn,1,3,0,0.395241614927223,0.35215297033284815,0.39524161492722293,5.551115123125783e-17,True
easygese:rice,Year07Flowering_time_at_Arkansas,cnn,1,4,0,0.4856709521215192,0.46305717563698506,0.485670952121519,1.6653345369377348e-16,True
easygese:rice,Year07Flowering_time_at_Arkansas,cnn,1,5,0,0.5323074053987088,0.5338086336864594,0.532307405398709,-2.220446049250313e-16,True
easygese:rice,Year07Flowering_time_at_Arkansas,cnn,2,1,0,0.5395301864023453,0.551502092704386,0.5395301864023453,0.0,True
easygese:rice,Year07Flowering_time_at_Arkansas,cnn,2,2,0,0.3026184076886254,0.2863156725522249,0.30261840768862536,5.551115123125783e-17,True
easygese:rice,Year07Flowering_time_at_Arkansas,cnn,2,3,0,0.32546159504160715,0.3191420396736105,0.32546159504160754,-3.885780586188048e-16,True
easygese:rice,Year07Flowering_time_at_Arkansas,cnn,2,4,0,0.5759800996140508,0.5362054116728825,0.5759800996140508,0.0,True
easygese:rice,Year07Flowering_time_at_Arkansas,cnn,2,5,0,0.5672629254514389,0.5400750888875795,0.5672629254514391,-2.220446049250313e-16,True
easygese:rice,Year07Flowering_time_at_Arkansas,deepgs,1,1,0,0.33694017176093277,0.2902115317181875,0.33694017176093294,-1.6653345369377348e-16,True
easygese:rice,Year07Flowering_time_at_Arkansas,deepgs,1,2,0,0.47237545343663456,0.44677049264738233,0.4723754534366347,-1.1102230246251565e-16,True
easygese:rice,Year07Flowering_time_at_Arkansas,deepgs,1,3,0,0.32408712061876116,0.3075715522405522,0.324087120618761,1.6653345369377348e-16,True
easygese:rice,Year07Flowering_time_at_Arkansas,deepgs,1,4,0,0.4173473402678447,0.3862325162406705,0.4173473402678442,4.996003610813204e-16,True
easygese:rice,Year07Flowering_time_at_Arkansas,deepgs,1,5,0,0.4506974128418537,0.4746905195316137,0.4506974128418544,-6.661338147750939e-16,True
easygese:rice,Year07Flowering_time_at_Arkansas,deepgs,2,1,0,0.4004642035090667,0.40942053421660196,0.4004642035090668,-1.1102230246251565e-16,True
easygese:rice,Year07Flowering_time_at_Arkansas,deepgs,2,2,0,0.37563878064552386,0.2995078347616738,0.37563878064552403,-1.6653345369377348e-16,True
easygese:rice,Year07Flowering_time_at_Arkansas,deepgs,2,3,0,0.32597428968625813,0.294127440094951,0.3259742896862579,2.220446049250313e-16,True
easygese:rice,Year07Flowering_time_at_Arkansas,deepgs,2,4,0,0.28942816658343445,0.28183717922526297,0.2894281665834345,-5.551115123125783e-17,True
easygese:rice,Year07Flowering_time_at_Arkansas,deepgs,2,5,0,0.5153102787427918,0.5004582387425304,0.5153102787427916,2.220446049250313e-16,True
easygese:rice,Year07Flowering_time_at_Arkansas,dnngp,1,1,0,0.22960805120315791,0.1174205182602113,0.2296080512031579,2.7755575615628914e-17,True
easygese:rice,Year07Flowering_time_at_Arkansas,dnngp,1,2,0,0.4966916501800877,0.4412292293130631,0.4966916501800877,0.0,True
easygese:rice,Year07Flowering_time_at_Arkansas,dnngp,1,3,0,0.28098302809317377,0.29973514688983255,0.28098302809317377,0.0,True
easygese:rice,Year07Flowering_time_at_Arkansas,dnngp,1,4,0,0.5212535276310084,0.4806993108564926,0.5212535276310082,2.220446049250313e-16,True
easygese:rice,Year07Flowering_time_at_Arkansas,dnngp,1,5,0,0.3315907617201462,0.31669802615067816,0.3315907617201461,5.551115123125783e-17,True
easygese:rice,Year07Flowering_time_at_Arkansas,dnngp,2,1,0,0.35125692350897353,0.29327960224501776,0.3512569235089735,5.551115123125783e-17,True
easygese:rice,Year07Flowering_time_at_Arkansas,dnngp,2,2,0,0.33065310720452995,0.38139180719776056,0.33065310720452973,2.220446049250313e-16,True
easygese:rice,Year07Flowering_time_at_Arkansas,dnngp,2,3,0,0.36856946172017646,0.28281480455387314,0.36856946172017657,-1.1102230246251565e-16,True
easygese:rice,Year07Flowering_time_at_Arkansas,dnngp,2,4,0,0.4803907574227538,0.36919195088847945,0.48039075742275333,4.440892098500626e-16,True
easygese:rice,Year07Flowering_time_at_Arkansas,dnngp,2,5,0,0.29692000505551996,0.29799440241057673,0.29692000505551996,0.0,True
easygese:rice,Year07Flowering_time_at_Arkansas,mlp,1,1,0,0.40017912654725857,0.32649045976651836,0.4001791265472586,-5.551115123125783e-17,True
easygese:rice,Year07Flowering_time_at_Arkansas,mlp,1,2,0,0.49900735671616503,0.43478883424446824,0.4990073567161655,-4.440892098500626e-16,True
easygese:rice,Year07Flowering_time_at_Arkansas,mlp,1,3,0,0.35769136609927993,0.36174494139469165,0.3576913660992799,5.551115123125783e-17,True
easygese:rice,Year07Flowering_time_at_Arkansas,mlp,1,4,0,0.45543990486268926,0.44560301752484804,0.4554399048626897,-4.440892098500626e-16,True
easygese:rice,Year07Flowering_time_at_Arkansas,mlp,1,5,0,0.388283423264587,0.40837128456200766,0.388283423264587,0.0,True
easygese:rice,Year07Flowering_time_at_Arkansas,mlp,2,1,0,0.288093290613169,0.392882058790947,0.28809329061316924,-2.220446049250313e-16,True
easygese:rice,Year07Flowering_time_at_Arkansas,mlp,2,2,0,0.41790364915870365,0.3913102159444709,0.4179036491587034,2.220446049250313e-16,True
easygese:rice,Year07Flowering_time_at_Arkansas,mlp,2,3,0,0.32641862284554707,0.3585570908774701,0.32641862284554696,1.1102230246251565e-16,True
easygese:rice,Year07Flowering_time_at_Arkansas,mlp,2,4,0,0.4797208666949941,0.4529224959812508,0.4797208666949939,1.6653345369377348e-16,True
easygese:rice,Year07Flowering_time_at_Arkansas,mlp,2,5,0,0.4898602159970289,0.4811994556791161,0.489860215997029,-1.1102230246251565e-16,True
easygese:rice,Year07Flowering_time_at_Arkansas,pnngs,1,1,0,0.23419060729769475,0.19878973179144113,0.23419060729769486,-1.1102230246251565e-16,True
easygese:rice,Year07Flowering_time_at_Arkansas,pnngs,1,2,0,0.46604733656711483,0.4509648458236729,0.46604733656711483,0.0,True
easygese:rice,Year07Flowering_time_at_Arkansas,pnngs,1,3,0,0.28197251580251265,0.26401797651866715,0.2819725158025126,5.551115123125783e-17,True
easygese:rice,Year07Flowering_time_at_Arkansas,pnngs,1,4,0,0.5186660944527718,0.5676060937999909,0.5186660944527719,-1.1102230246251565e-16,True
easygese:rice,Year07Flowering_time_at_Arkansas,pnngs,1,5,0,0.3902038702703805,0.34544322126091537,0.39020387027038056,-5.551115123125783e-17,True
easygese:rice,Year07Flowering_time_at_Arkansas,pnngs,2,1,0,0.2933106940279815,0.2452467195394582,0.29331069402798143,5.551115123125783e-17,True
easygese:rice,Year07Flowering_time_at_Arkansas,pnngs,2,2,0,0.27297848556824006,0.3335030814149312,0.27297848556824,5.551115123125783e-17,True
easygese:rice,Year07Flowering_time_at_Arkansas,pnngs,2,3,0,0.0226801246841376,0.12351525074031264,0.02268012468413766,-5.898059818321144e-17,True
easygese:rice,Year07Flowering_time_at_Arkansas,pnngs,2,4,0,0.3314919559246587,0.2681959663918239,0.33149195592465885,-1.6653345369377348e-16,True
easygese:rice,Year07Flowering_time_at_Arkansas,pnngs,2,5,0,0.4381949144689987,0.45052229304416547,0.4381949144689988,-5.551115123125783e-17,True
easygese:rice,Year07Flowering_time_at_Arkansas,soydngp,1,1,0,0.4882843713105232,0.3868775013041908,0.4882843713105234,-1.6653345369377348e-16,True
easygese:rice,Year07Flowering_time_at_Arkansas,soydngp,1,2,0,0.5154955730536634,0.5301274697831571,0.5154955730536637,-2.220446049250313e-16,True
easygese:rice,Year07Flowering_time_at_Arkansas,soydngp,1,3,0,0.2914198903649224,0.27711958863359876,0.2914198903649221,2.7755575615628914e-16,True
easygese:rice,Year07Flowering_time_at_Arkansas,soydngp,1,4,0,0.5323189421022925,0.45748615705214496,0.5323189421022919,5.551115123125783e-16,True
easygese:rice,Year07Flowering_time_at_Arkansas,soydngp,1,5,0,0.546102594798987,0.5601393958501947,0.546102594798987,0.0,True
easygese:rice,Year07Flowering_time_at_Arkansas,soydngp,2,1,0,0.4123952722870979,0.33684435846339933,0.412395272287098,-1.1102230246251565e-16,True
easygese:rice,Year07Flowering_time_at_Arkansas,soydngp,2,2,0,0.3983225603239472,0.35101352970923827,0.39832256032394775,-5.551115123125783e-16,True
easygese:rice,Year07Flowering_time_at_Arkansas,soydngp,2,3,0,0.29111313270235867,0.2935326222134803,0.2911131327023585,1.6653345369377348e-16,True
easygese:rice,Year07Flowering_time_at_Arkansas,soydngp,2,4,0,0.577303401138495,0.5973658393009287,0.5773034011384948,2.220446049250313e-16,True
easygese:rice,Year07Flowering_time_at_Arkansas,soydngp,2,5,0,0.4874481006876335,0.4838153049319032,0.4874481006876338,-2.7755575615628914e-16,True
easygese:rice,Year07Flowering_time_at_Arkansas,transformer,1,1,0,0.43265326850194347,0.36335871901612365,0.43265326850194363,-1.6653345369377348e-16,True
easygese:rice,Year07Flowering_time_at_Arkansas,transformer,1,2,0,0.48614411709373023,0.5051034829000408,0.4861441170937298,4.440892098500626e-16,True
easygese:rice,Year07Flowering_time_at_Arkansas,transformer,1,3,0,0.3631203856688263,0.3526898415084448,0.36312038566882626,5.551115123125783e-17,True
easygese:rice,Year07Flowering_time_at_Arkansas,transformer,1,4,0,0.3838864446599466,0.3717941954000573,0.38388644465994654,5.551115123125783e-17,True
easygese:rice,Year07Flowering_time_at_Arkansas,transformer,1,5,0,0.33492596947878256,0.31989040358995907,0.3349259694787826,-5.551115123125783e-17,True
easygese:rice,Year07Flowering_time_at_Arkansas,transformer,2,1,0,0.3840736782399004,0.4099005026677336,0.38407367823990013,2.7755575615628914e-16,True
easygese:rice,Year07Flowering_time_at_Arkansas,transformer,2,2,0,0.33960066396627697,0.38045815012185996,0.3396006639662771,-1.1102230246251565e-16,True
easygese:rice,Year07Flowering_time_at_Arkansas,transformer,2,3,0,0.24792618938910257,0.19154268795298826,0.24792618938910257,0.0,True
easygese:rice,Year07Flowering_time_at_Arkansas,transformer,2,4,0,0.4668509899189976,0.4354163062304617,0.46685098991899776,-1.6653345369377348e-16,True
easygese:rice,Year07Flowering_time_at_Arkansas,transformer,2,5,0,0.47424823730295523,0.5201169892525359,0.47424823730295534,-1.1102230246251565e-16,True
easygese:soybean,C13,cnn,1,1,0,0.25204888031188105,0.21271336123412335,0.25204888031189715,-1.609823385706477e-14,True
easygese:soybean,C13,cnn,1,2,0,0.36546633948129886,0.3020498835372207,0.3654663394813312,-3.236300116782331e-14,True
easygese:soybean,C13,cnn,1,3,0,0.2993125210641786,0.28024953766703836,0.29931252106419237,-1.3766765505351941e-14,True
easygese:soybean,C13,cnn,1,4,0,0.39868226350661906,0.40676219410845454,0.39868226350663477,-1.5709655798445965e-14,True
easygese:soybean,C13,cnn,1,5,0,0.2735886408960337,0.2320814304890453,0.27358864089606016,-2.6478819137309983e-14,True
easygese:soybean,C13,cnn,2,1,0,0.21853317936425914,0.08963847418083941,0.21853317936425776,1.3877787807814457e-15,True
easygese:soybean,C13,cnn,2,2,0,0.23975194038441955,0.1886629723602026,0.23975194038443354,-1.3988810110276972e-14,True
easygese:soybean,C13,cnn,2,3,0,0.383763084659439,0.39891580600468013,0.3837630846594593,-2.0317081350640365e-14,True
easygese:soybean,C13,cnn,2,4,0,0.3889306397045217,0.38915348432032193,0.38893063970452507,-3.3861802251067274e-15,True
easygese:soybean,C13,cnn,2,5,0,0.35211461219244916,0.2653925613548074,0.35211461219244744,1.7208456881689926e-15,True
easygese:soybean,C13,deepgs,1,1,0,0.27387792241568076,0.253335956749247,0.2738779224156811,-3.3306690738754696e-16,True
easygese:soybean,C13,deepgs,1,2,0,0.2610128037102546,0.42775668831898944,0.261012803710257,-2.3869795029440866e-15,True
easygese:soybean,C13,deepgs,1,3,0,0.38430944696300023,0.34748873163624133,0.3843094469629999,3.3306690738754696e-16,True
easygese:soybean,C13,deepgs,1,4,0,0.31960900109713086,0.26425817172592037,0.3196090010971316,-7.216449660063518e-16,True
easygese:soybean,C13,deepgs,1,5,0,0.3960770682725642,0.36391699503792696,0.39607706827256384,3.885780586188048e-16,True
easygese:soybean,C13,deepgs,2,1,0,0.13005907450582654,0.18501545066365122,0.13005907450582685,-3.0531133177191805e-16,True
easygese:soybean,C13,deepgs,2,2,0,0.4383650919951818,0.41460098807066925,0.43836509199518375,-1.942890293094024e-15,True
easygese:soybean,C13,deepgs,2,3,0,0.40422804434869897,0.33732816897965556,0.4042280443486996,-6.106226635438361e-16,True
easygese:soybean,C13,deepgs,2,4,0,0.43069450206561244,0.39337513355433257,0.4306945020656143,-1.887379141862766e-15,True
easygese:soybean,C13,deepgs,2,5,0,0.3272181350519909,0.32886688752939996,0.3272181350519934,-2.4980018054066022e-15,True
easygese:soybean,C13,dnngp,1,1,0,0.28644777075609,0.22838030797946218,0.2864477707560918,-1.7763568394002505e-15,True
easygese:soybean,C13,dnngp,1,2,0,0.4043486673779348,0.39320993483098543,0.40434866737793634,-1.5543122344752192e-15,True
easygese:soybean,C13,dnngp,1,3,0,0.37215107932967734,0.33614057746793,0.3721510793296766,7.216449660063518e-16,True
easygese:soybean,C13,dnngp,1,4,0,0.38229377808723286,0.32198208554153135,0.3822937780872292,3.6637359812630166e-15,True
easygese:soybean,C13,dnngp,1,5,0,0.43598873494599316,0.3324469012141369,0.43598873494599233,8.326672684688674e-16,True
easygese:soybean,C13,dnngp,2,1,0,0.13083084552396387,0.19244846312550487,0.1308308455239664,-2.525757381022231e-15,True
easygese:soybean,C13,dnngp,2,2,0,0.43601153407176374,0.40548646551651074,0.4360115340717655,-1.7763568394002505e-15,True
easygese:soybean,C13,dnngp,2,3,0,0.40912478064706526,0.38963267680991004,0.40912478064706265,2.609024107869118e-15,True
easygese:soybean,C13,dnngp,2,4,0,0.4157429973554041,0.38259790257714826,0.41574299735540476,-6.661338147750939e-16,True
easygese:soybean,C13,dnngp,2,5,0,0.2873697504678383,0.29693849048703824,0.28736975046783914,-8.326672684688674e-16,True
easygese:soybean,C13,mlp,1,1,0,0.2938371880670803,0.2644127861894808,0.29383718806708026,5.551115123125783e-17,True
easygese:soybean,C13,mlp,1,2,0,0.33412929703650707,0.2624750122929061,0.33412929703650723,-1.6653345369377348e-16,True
easygese:soybean,C13,mlp,1,3,0,0.4318581928868858,0.4262910032101384,0.43185819288688543,3.885780586188048e-16,True
easygese:soybean,C13,mlp,1,4,0,0.2718406347015172,0.2129381647142643,0.2718406347015171,1.1102230246251565e-16,True
easygese:soybean,C13,mlp,1,5,0,0.3880145881127596,0.3348749362621061,0.3880145881127589,6.661338147750939e-16,True
easygese:soybean,C13,mlp,2,1,0,7.51297149943363e-05,0.002355601080088598,7.512971499443133e-05,-9.503032041835446e-17,True
easygese:soybean,C13,mlp,2,2,0,0.41068414469055187,0.38575141224107506,0.41068414469055364,-1.7763568394002505e-15,True
easygese:soybean,C13,mlp,2,3,0,0.46392539251200837,0.4663099075687651,0.463925392512008,3.885780586188048e-16,True
easygese:soybean,C13,mlp,2,4,0,0.42617972747304544,0.39504090727535274,0.4261797274730447,7.216449660063518e-16,True
easygese:soybean,C13,mlp,2,5,0,0.2474840758478931,0.23126719529376039,0.24748407584789225,8.326672684688674e-16,True
easygese:soybean,C13,pnngs,1,1,0,0.1815080147155187,0.14196845174742795,0.18150801471551697,1.7208456881689926e-15,True
easygese:soybean,C13,pnngs,1,2,0,0.13818297237459068,0.1484868056744696,0.13818297237459817,-7.494005416219807e-15,True
easygese:soybean,C13,pnngs,1,3,0,0.3802303371598215,0.39780987207125384,0.3802303371598231,-1.5543122344752192e-15,True
easygese:soybean,C13,pnngs,1,4,0,0.26365183735713243,0.21132850969044184,0.2636518373571331,-6.661338147750939e-16,True
easygese:soybean,C13,pnngs,1,5,0,0.2272700484807335,0.1738026802645011,0.2272700484807433,-9.797718192317006e-15,True
easygese:soybean,C13,pnngs,2,1,0,0.04956473183339131,0.06214648899133075,0.049564731833377715,1.359329315775426e-14,True
easygese:soybean,C13,pnngs,2,2,0,0.12034348948405059,0.16888108422775616,0.12034348948405163,-1.0408340855860843e-15,True
easygese:soybean,C13,pnngs,2,3,0,0.12244609678602418,0.15247613044117875,0.12244609678599391,3.026745520884333e-14,True
easygese:soybean,C13,pnngs,2,4,0,0.1526450215918535,0.1605626036326105,0.15264502159184656,6.938893903907228e-15,True
easygese:soybean,C13,pnngs,2,5,0,0.14247891791158593,0.18045041874285447,0.14247891791159667,-1.074140776324839e-14,True
easygese:soybean,C13,soydngp,1,1,0,0.3519840342511923,0.3165533197865985,0.3519840342511926,-3.3306690738754696e-16,True
easygese:soybean,C13,soydngp,1,2,0,0.4032597503966021,0.38829458366486613,0.403259750396599,3.1086244689504383e-15,True
easygese:soybean,C13,soydngp,1,3,0,0.38779434142124114,0.35823105397469995,0.3877943414212407,4.440892098500626e-16,True
easygese:soybean,C13,soydngp,1,4,0,0.3730799550753022,0.33325259627887127,0.3730799550753035,-1.27675647831893e-15,True
easygese:soybean,C13,soydngp,1,5,0,0.42851745060514806,0.4213358610428448,0.42851745060514634,1.7208456881689926e-15,True
easygese:soybean,C13,soydngp,2,1,0,0.19578074996266348,0.20699477832324945,0.19578074996265923,4.246603069191224e-15,True
easygese:soybean,C13,soydngp,2,2,0,0.3204964838861538,0.26633031309776156,0.3204964838861541,-2.7755575615628914e-16,True
easygese:soybean,C13,soydngp,2,3,0,0.4835757441028643,0.39064007931593925,0.4835757441028636,7.216449660063518e-16,True
easygese:soybean,C13,soydngp,2,4,0,0.2885917498133094,0.27750359853051704,0.2885917498133087,6.661338147750939e-16,True
easygese:soybean,C13,soydngp,2,5,0,0.30855980715464354,0.2620792689662025,0.3085598071546432,3.3306690738754696e-16,True
easygese:soybean,C13,transformer,1,1,0,0.1906175476293151,0.2066895936414284,0.19061754762931762,-2.525757381022231e-15,True
easygese:soybean,C13,transformer,1,2,0,0.3112340705997129,0.25160792836516394,0.31123407059971325,-3.3306690738754696e-16,True
easygese:soybean,C13,transformer,1,3,0,0.2839576501872891,0.20582306059828512,0.28395765018728814,9.43689570931383e-16,True
easygese:soybean,C13,transformer,1,4,0,0.13122284709526105,0.21118452834801735,0.1312228470952607,3.608224830031759e-16,True
easygese:soybean,C13,transformer,1,5,0,0.18967585329623332,0.1673003430976191,0.1896758532962342,-8.881784197001252e-16,True
easygese:soybean,C13,transformer,2,1,0,-0.0702167462029283,0.002202981488485009,-0.07021674620292773,-5.689893001203927e-16,True
easygese:soybean,C13,transformer,2,2,0,0.19044577436480548,0.2605221643321822,0.19044577436480536,1.1102230246251565e-16,True
easygese:soybean,C13,transformer,2,3,0,0.2526619089289312,0.3200338228802451,0.25266190892893226,-1.0547118733938987e-15,True
easygese:soybean,C13,transformer,2,4,0,0.3195722537897692,0.23926504870659976,0.3195722537897715,-2.275957200481571e-15,True
easygese:soybean,C13,transformer,2,5,0,0.34666819053527587,0.38291114261097386,0.34666819053527326,2.609024107869118e-15,True
easygese:soybean,Wilt,cnn,1,1,0,0.19121925049124613,0.17579375199573596,0.1912192504912462,-5.551115123125783e-17,True
easygese:soybean,Wilt,cnn,1,2,0,0.5192420845180322,0.513748198969284,0.5192420845180326,-3.3306690738754696e-16,True
easygese:soybean,Wilt,cnn,1,3,0,0.42882732261030443,0.35449396509285874,0.42882732261030404,3.885780586188048e-16,True
easygese:soybean,Wilt,cnn,1,4,0,0.058220410485391574,0.023729332555434354,0.058220410485391706,-1.3183898417423734e-16,True
easygese:soybean,Wilt,cnn,1,5,0,0.33572793008573554,0.2879498209037847,0.3357279300857356,-5.551115123125783e-17,True
easygese:soybean,Wilt,cnn,2,1,0,0.36857975300702894,0.3701817222361844,0.3685797530070292,-2.7755575615628914e-16,True
easygese:soybean,Wilt,cnn,2,2,0,0.34873213122777336,0.29591511478275967,0.3487321312277733,5.551115123125783e-17,True
easygese:soybean,Wilt,cnn,2,3,0,0.18136903077398528,0.11865739683512336,0.18136903077398558,-3.0531133177191805e-16,True
easygese:soybean,Wilt,cnn,2,4,0,0.32198994792928226,0.22765835042387358,0.3219899479292825,-2.220446049250313e-16,True
easygese:soybean,Wilt,cnn,2,5,0,0.2782973282334284,0.22497726774330032,0.2782973282334291,-7.216449660063518e-16,True
easygese:soybean,Wilt,deepgs,1,1,0,0.23260977373045222,0.24382566095126618,0.23260977373045225,-2.7755575615628914e-17,True
easygese:soybean,Wilt,deepgs,1,2,0,0.4386673087756775,0.39019263091387946,0.4386673087756776,-1.1102230246251565e-16,True
easygese:soybean,Wilt,deepgs,1,3,0,0.4043194247571297,0.3679106484235647,0.40431942475712945,2.220446049250313e-16,True
easygese:soybean,Wilt,deepgs,1,4,0,0.29504226328979255,0.24619065456359057,0.2950422632897925,5.551115123125783e-17,True
easygese:soybean,Wilt,deepgs,1,5,0,0.40907388520057514,0.3655540642439191,0.40907388520057536,-2.220446049250313e-16,True
easygese:soybean,Wilt,deepgs,2,1,0,0.38740575440936975,0.36759238686391726,0.38740575440936975,0.0,True
easygese:soybean,Wilt,deepgs,2,2,0,0.4262976123065118,0.3898678779797821,0.42629761230651164,1.6653345369377348e-16,True
easygese:soybean,Wilt,deepgs,2,3,0,0.46488028008865706,0.24421702077041615,0.46488028008865717,-1.1102230246251565e-16,True
easygese:soybean,Wilt,deepgs,2,4,0,0.4562975506836827,0.5077478699662084,0.4562975506836827,0.0,True
easygese:soybean,Wilt,deepgs,2,5,0,0.5315262770689078,0.5271973449447496,0.5315262770689079,-1.1102230246251565e-16,True
easygese:soybean,Wilt,dnngp,1,1,0,0.22928879989633777,0.10321665401306522,0.22928879989633782,-5.551115123125783e-17,True
easygese:soybean,Wilt,dnngp,1,2,0,0.24673915975145447,0.2608062302177776,0.24673915975145447,0.0,True
easygese:soybean,Wilt,dnngp,1,3,0,0.3955363265096342,0.3644839143568746,0.3955363265096342,0.0,True
easygese:soybean,Wilt,dnngp,1,4,0,0.19001494583315823,0.2766129003795689,0.19001494583315812,1.1102230246251565e-16,True
easygese:soybean,Wilt,dnngp,1,5,0,0.372024449170864,0.4733037950184978,0.372024449170864,0.0,True
easygese:soybean,Wilt,dnngp,2,1,0,0.3417026986195616,0.3174653060230692,0.3417026986195615,1.1102230246251565e-16,True
easygese:soybean,Wilt,dnngp,2,2,0,0.38401347194936625,0.3075340913739124,0.38401347194936636,-1.1102230246251565e-16,True
easygese:soybean,Wilt,dnngp,2,3,0,0.4056823425016334,0.3219542740107435,0.4056823425016336,-2.220446049250313e-16,True
easygese:soybean,Wilt,dnngp,2,4,0,0.42403855940361274,0.4044188831568595,0.42403855940361257,1.6653345369377348e-16,True
easygese:soybean,Wilt,dnngp,2,5,0,0.42680132291692513,0.40359530791140763,0.42680132291692535,-2.220446049250313e-16,True
easygese:soybean,Wilt,mlp,1,1,0,0.27442114308897725,0.25091589571991424,0.27442114308897725,0.0,True
easygese:soybean,Wilt,mlp,1,2,0,0.3853818202687042,0.39280682419926877,0.3853818202687043,-1.1102230246251565e-16,True
easygese:soybean,Wilt,mlp,1,3,0,0.4337529191248516,0.34919617348986876,0.43375291912485164,-5.551115123125783e-17,True
easygese:soybean,Wilt,mlp,1,4,0,0.3040265554543466,0.2963486397868941,0.30402655545434665,-5.551115123125783e-17,True
easygese:soybean,Wilt,mlp,1,5,0,0.5022742529356085,0.5538687484898135,0.5022742529356086,-1.1102230246251565e-16,True
easygese:soybean,Wilt,mlp,2,1,0,0.3415674072465208,0.3190760292194532,0.3415674072465208,0.0,True
easygese:soybean,Wilt,mlp,2,2,0,0.39876625382841624,0.3558374620991798,0.3987662538284163,-5.551115123125783e-17,True
easygese:soybean,Wilt,mlp,2,3,0,0.3593084017338274,0.3124644325527705,0.35930840173382744,-5.551115123125783e-17,True
easygese:soybean,Wilt,mlp,2,4,0,0.40089494536368653,0.32089161068465866,0.4008949453636865,5.551115123125783e-17,True
easygese:soybean,Wilt,mlp,2,5,0,0.5156592141445484,0.6014430027136355,0.5156592141445484,0.0,True
easygese:soybean,Wilt,pnngs,1,1,0,0.28740168245987824,0.271095263129306,0.2874016824598782,5.551115123125783e-17,True
easygese:soybean,Wilt,pnngs,1,2,0,0.16324895374447523,0.19072714379377173,0.16324895374447532,-8.326672684688674e-17,True
easygese:soybean,Wilt,pnngs,1,3,0,0.24070914472043375,0.18540241760211792,0.2407091447204336,1.6653345369377348e-16,True
easygese:soybean,Wilt,pnngs,1,4,0,0.23083449279975432,0.269816300421364,0.23083449279975443,-1.1102230246251565e-16,True
easygese:soybean,Wilt,pnngs,1,5,0,0.2844507082201475,0.3783230512308435,0.28445070822014756,-5.551115123125783e-17,True
easygese:soybean,Wilt,pnngs,2,1,0,0.32448139311469854,0.32901314518777247,0.32448139311469854,0.0,True
easygese:soybean,Wilt,pnngs,2,2,0,0.38422514050174744,0.4583854665954199,0.3842251405017482,-7.771561172376096e-16,True
easygese:soybean,Wilt,pnngs,2,3,0,0.22489229122381482,0.15869662966873055,0.22489229122381485,-2.7755575615628914e-17,True
easygese:soybean,Wilt,pnngs,2,4,0,0.24614219941851304,0.2857602253561189,0.24614219941851317,-1.3877787807814457e-16,True
easygese:soybean,Wilt,pnngs,2,5,0,0.1260708538408535,0.06379924314194316,0.12607085384085356,-5.551115123125783e-17,True
easygese:soybean,Wilt,soydngp,1,1,0,0.022604799841589737,0.12266328251271563,0.02260479984158991,-1.734723475976807e-16,True
easygese:soybean,Wilt,soydngp,1,2,0,0.18056996906932657,0.12422893634839546,0.18056996906932674,-1.6653345369377348e-16,True
easygese:soybean,Wilt,soydngp,1,3,0,0.2347541124349166,0.26444053222519825,0.23475411243491673,-1.3877787807814457e-16,True
easygese:soybean,Wilt,soydngp,1,4,0,-0.09408497150247622,0.008120544998030934,-0.0940849715024556,-2.0622392682412283e-14,True
easygese:soybean,Wilt,soydngp,1,5,0,0.19145791186522945,0.2725992661492087,0.19145791186522956,-1.1102230246251565e-16,True
easygese:soybean,Wilt,soydngp,2,1,0,0.31293488691681975,0.3259147711769017,0.31293488691681975,0.0,True
easygese:soybean,Wilt,soydngp,2,2,0,0.2898002320451081,0.32129752592000926,0.2898002320451082,-1.1102230246251565e-16,True
easygese:soybean,Wilt,soydngp,2,3,0,0.28189339829378207,0.17464215645267211,0.28189339829378196,1.1102230246251565e-16,True
easygese:soybean,Wilt,soydngp,2,4,0,0.2311675058948308,0.21520355677630773,0.23116750589483062,1.6653345369377348e-16,True
easygese:soybean,Wilt,soydngp,2,5,0,0.3199404732047733,0.24697120238919046,0.3199404732047735,-1.6653345369377348e-16,True
easygese:soybean,Wilt,transformer,1,1,0,0.11086979604527654,0.1601892365147781,0.11086979604527653,1.3877787807814457e-17,True
easygese:soybean,Wilt,transformer,1,2,0,0.25377247452008217,0.28703820544865394,0.2537724745200821,5.551115123125783e-17,True
easygese:soybean,Wilt,transformer,1,3,0,0.23075364805950516,0.16494575026902833,0.2307536480595055,-3.3306690738754696e-16,True
easygese:soybean,Wilt,transformer,1,4,0,0.24760275167149587,0.24864705055724953,0.24760275167149523,6.38378239159465e-16,True
easygese:soybean,Wilt,transformer,1,5,0,0.25118972930118244,0.25757961280542707,0.25118972930118244,0.0,True
easygese:soybean,Wilt,transformer,2,1,0,0.2081486424258936,0.18357630744228198,0.2081486424258937,-1.1102230246251565e-16,True
easygese:soybean,Wilt,transformer,2,2,0,0.2772203094719603,0.2237130750840259,0.2772203094719603,0.0,True
easygese:soybean,Wilt,transformer,2,3,0,0.15927497178523306,0.20710697940261003,0.15927497178523295,1.1102230246251565e-16,True
easygese:soybean,Wilt,transformer,2,4,0,0.3291308315401419,0.31754215746120334,0.32913083154014167,2.220446049250313e-16,True
easygese:soybean,Wilt,transformer,2,5,0,0.19901123355305803,0.15437916859878711,0.19901123355305814,-1.1102230246251565e-16,True
easygese:wheatG,DTR,cnn,1,1,0,0.44099312331715845,0.45384186509057156,0.44099312331715845,0.0,True
easygese:wheatG,DTR,cnn,1,2,0,0.3276396904279146,0.27841354534171564,0.32763969042791447,1.1102230246251565e-16,True
easygese:wheatG,DTR,cnn,1,3,0,0.0730010889867727,0.14095704465805284,0.07300108898677264,5.551115123125783e-17,True
easygese:wheatG,DTR,cnn,1,4,0,0.2952039233935951,0.2619762995294682,0.29520392339359514,-5.551115123125783e-17,True
easygese:wheatG,DTR,cnn,1,5,0,0.4658976445375236,0.5018204444366038,0.46589764453752347,1.1102230246251565e-16,True
easygese:wheatG,DTR,cnn,2,1,0,0.20334895140046755,-0.061480746488479704,0.20334895140046755,0.0,True
easygese:wheatG,DTR,cnn,2,2,0,0.43761840584907574,0.30104491909135017,0.4376184058490756,1.6653345369377348e-16,True
easygese:wheatG,DTR,cnn,2,3,0,0.29581816512977993,0.33085867414883857,0.29581816512978,-5.551115123125783e-17,True
easygese:wheatG,DTR,cnn,2,4,0,0.35787913877591654,0.3350520534706757,0.35787913877591676,-2.220446049250313e-16,True
easygese:wheatG,DTR,cnn,2,5,0,0.22000841022314854,0.22130477324789158,0.22000841022314843,1.1102230246251565e-16,True
easygese:wheatG,DTR,deepgs,1,1,0,0.5280939231336645,0.5769694986598897,0.5280939231336644,1.1102230246251565e-16,True
easygese:wheatG,DTR,deepgs,1,2,0,0.395551121367044,0.38759637543684206,0.3955511213670442,-1.6653345369377348e-16,True
easygese:wheatG,DTR,deepgs,1,3,0,0.2597787305236683,0.20997512380315334,0.25977873052366857,-2.7755575615628914e-16,True
easygese:wheatG,DTR,deepgs,1,4,0,0.3366798064260521,0.31155772636237317,0.3366798064260521,0.0,True
easygese:wheatG,DTR,deepgs,1,5,0,0.49625100831759983,0.35964876325148487,0.4962510083175999,-5.551115123125783e-17,True
easygese:wheatG,DTR,deepgs,2,1,0,0.22751814778380325,0.28374988647527344,0.2275181477838032,5.551115123125783e-17,True
easygese:wheatG,DTR,deepgs,2,2,0,0.5512076023586931,0.4519193056023111,0.5512076023586931,0.0,True
easygese:wheatG,DTR,deepgs,2,3,0,0.36097982016024,0.3884857117462015,0.3609798201602401,-1.1102230246251565e-16,True
easygese:wheatG,DTR,deepgs,2,4,0,0.495140577290689,0.45306877075425894,0.495140577290689,0.0,True
easygese:wheatG,DTR,deepgs,2,5,0,0.2953055820824103,0.3469308968440573,0.2953055820824102,1.1102230246251565e-16,True
easygese:wheatG,DTR,dnngp,1,1,0,0.5473694270200199,0.5279906236335733,0.54736942702002,-1.1102230246251565e-16,True
easygese:wheatG,DTR,dnngp,1,2,0,0.39974311765860815,0.37483261342698243,0.39974311765860826,-1.1102230246251565e-16,True
easygese:wheatG,DTR,dnngp,1,3,0,0.23987049030414198,0.29534642982055026,0.23987049030414204,-5.551115123125783e-17,True
easygese:wheatG,DTR,dnngp,1,4,0,0.3278207723562379,0.34153271494390486,0.3278207723562381,-1.6653345369377348e-16,True
easygese:wheatG,DTR,dnngp,1,5,0,0.4894674974677931,0.46625832475024337,0.48946749746779283,2.7755575615628914e-16,True
easygese:wheatG,DTR,dnngp,2,1,0,0.45786006665665585,0.3611200138098541,0.45786006665665574,1.1102230246251565e-16,True
easygese:wheatG,DTR,dnngp,2,2,0,0.5916725093670543,0.6129975208155833,0.5916725093670544,-1.1102230246251565e-16,True
easygese:wheatG,DTR,dnngp,2,3,0,0.47767338698702894,0.5411104467040568,0.4776733869870286,3.3306690738754696e-16,True
easygese:wheatG,DTR,dnngp,2,4,0,0.5301417241919921,0.40127205187753495,0.530141724191992,1.1102230246251565e-16,True
easygese:wheatG,DTR,dnngp,2,5,0,0.23898643786603455,0.29266039212880623,0.23898643786603457,-2.7755575615628914e-17,True
easygese:wheatG,DTR,mlp,1,1,0,0.5241847603369061,0.5456858108099972,0.5241847603369061,0.0,True
easygese:wheatG,DTR,mlp,1,2,0,0.46113589077824185,0.46769892977366506,0.4611358907782418,5.551115123125783e-17,True
easygese:wheatG,DTR,mlp,1,3,0,0.2489779726011233,0.21653150854611158,0.2489779726011233,0.0,True
easygese:wheatG,DTR,mlp,1,4,0,0.34741206970998983,0.3904114885036097,0.3474120697099898,5.551115123125783e-17,True
easygese:wheatG,DTR,mlp,1,5,0,0.46564946207180763,0.41440625644881945,0.4656494620718079,-2.7755575615628914e-16,True
easygese:wheatG,DTR,mlp,2,1,0,0.3037397214908836,0.1187937393741391,0.3037397214908839,-3.3306690738754696e-16,True
easygese:wheatG,DTR,mlp,2,2,0,0.44898416994032575,0.3758004656244685,0.44898416994032603,-2.7755575615628914e-16,True
easygese:wheatG,DTR,mlp,2,3,0,0.43649748574401015,0.44665608152399433,0.43649748574401015,0.0,True
easygese:wheatG,DTR,mlp,2,4,0,0.4803360285960111,0.4738165773852878,0.480336028596011,1.1102230246251565e-16,True
easygese:wheatG,DTR,mlp,2,5,0,0.3586741683566974,0.3269225985710212,0.3586741683566974,0.0,True
easygese:wheatG,DTR,pnngs,1,1,0,0.3696686396054993,0.3753992504677985,0.3696686396054989,3.885780586188048e-16,True
easygese:wheatG,DTR,pnngs,1,2,0,0.41900318473139475,0.33052039775214825,0.41900318473139475,0.0,True
easygese:wheatG,DTR,pnngs,1,3,0,0.2754219193089129,0.2284717329686093,0.2754219193089129,0.0,True
easygese:wheatG,DTR,pnngs,1,4,0,0.21743327595871237,0.08596293070265384,0.2174332759587125,-1.3877787807814457e-16,True
easygese:wheatG,DTR,pnngs,1,5,0,0.4662736946468509,0.44983836524813803,0.4662736946468506,3.3306690738754696e-16,True
easygese:wheatG,DTR,pnngs,2,1,0,0.34852828501318006,0.3927389295666174,0.34852828501318006,0.0,True
easygese:wheatG,DTR,pnngs,2,2,0,-0.4887043485799024,0.34399542773536385,0.48870434857990297,-0.9774086971598054,True
easygese:wheatG,DTR,pnngs,2,3,0,0.30970030094353707,0.3076857184812924,0.30970030094353684,2.220446049250313e-16,True
easygese:wheatG,DTR,pnngs,2,4,0,0.3924293747664182,0.3714546825038761,0.3924293747664179,2.7755575615628914e-16,True
easygese:wheatG,DTR,pnngs,2,5,0,0.3136078924945727,0.2104180293128903,0.3136078924945728,-1.1102230246251565e-16,True
easygese:wheatG,DTR,soydngp,1,1,0,0.44818620551320415,0.3790182419178868,0.4481862055132031,1.0547118733938987e-15,True
easygese:wheatG,DTR,soydngp,1,2,0,0.28961418359788277,0.24016448637282053,0.2896141835978826,1.6653345369377348e-16,True
easygese:wheatG,DTR,soydngp,1,3,0,0.2096009529757226,0.1393365326400107,0.2096009529757225,8.326672684688674e-17,True
easygese:wheatG,DTR,soydngp,1,4,0,0.36275122459321946,0.38015095635668783,0.36275122459321946,0.0,True
easygese:wheatG,DTR,soydngp,1,5,0,0.5125624509309563,0.4740049721979414,0.5125624509309563,0.0,True
easygese:wheatG,DTR,soydngp,2,1,0,0.327269470180775,0.25502307666827934,0.32726947018077385,1.1657341758564144e-15,True
easygese:wheatG,DTR,soydngp,2,2,0,0.5210534830171327,0.5307206985035184,0.521053483017133,-2.220446049250313e-16,True
easygese:wheatG,DTR,soydngp,2,3,0,0.325200276144945,0.2814908360969853,0.32520027614494607,-1.0547118733938987e-15,True
easygese:wheatG,DTR,soydngp,2,4,0,0.49555805710365447,0.3861303321350318,0.4955580571036549,-4.440892098500626e-16,True
easygese:wheatG,DTR,soydngp,2,5,0,0.24649823733312864,0.2547590841314201,0.24649823733312864,0.0,True
easygese:wheatG,DTR,transformer,1,1,0,0.4683484165737789,0.41108158374677684,0.46834841657377907,-1.6653345369377348e-16,True
easygese:wheatG,DTR,transformer,1,2,0,0.32460975906097966,0.29293337083368354,0.3246097590609795,1.6653345369377348e-16,True
easygese:wheatG,DTR,transformer,1,3,0,0.2643082290538482,0.22218429229873776,0.26430822905384843,-2.220446049250313e-16,True
easygese:wheatG,DTR,transformer,1,4,0,0.2768266615138859,0.27015457551232747,0.27682666151388596,-5.551115123125783e-17,True
easygese:wheatG,DTR,transformer,1,5,0,0.3356764420179757,0.28147672131008983,0.33567644201797575,-5.551115123125783e-17,True
easygese:wheatG,DTR,transformer,2,1,0,0.26499377129966867,0.19855439514718695,0.2649937712996688,-1.1102230246251565e-16,True
easygese:wheatG,DTR,transformer,2,2,0,0.31653222334223446,0.2737824107580042,0.31653222334223446,0.0,True
easygese:wheatG,DTR,transformer,2,3,0,0.2793611863714776,0.24286119941184942,0.27936118637147767,-5.551115123125783e-17,True
easygese:wheatG,DTR,transformer,2,4,0,0.46586644334770777,0.466654966826984,0.4658664433477078,-5.551115123125783e-17,True
easygese:wheatG,DTR,transformer,2,5,0,0.27939366150111433,0.24437647209193808,0.2793936615011144,-5.551115123125783e-17,True
easygese:wheatG,EW,cnn,1,1,0,0.21918308768773537,0.1213083249349477,0.21918308768773564,-2.7755575615628914e-16,True
easygese:wheatG,EW,cnn,1,2,0,0.2620427264733991,0.29373144559828046,0.26204272647339916,-5.551115123125783e-17,True
easygese:wheatG,EW,cnn,1,3,0,0.31312223123841976,0.35826316826126586,0.31312223123841987,-1.1102230246251565e-16,True
easygese:wheatG,EW,cnn,1,4,0,0.36276734758360385,0.4352966944139499,0.36276734758360374,1.1102230246251565e-16,True
easygese:wheatG,EW,cnn,1,5,0,0.2673728881544209,0.2779157440842104,0.26737288815442073,1.6653345369377348e-16,True
easygese:wheatG,EW,cnn,2,1,0,0.33908534873837803,0.2953611313815187,0.3390853487383783,-2.7755575615628914e-16,True
easygese:wheatG,EW,cnn,2,2,0,0.1317204608732873,0.15764063510966195,0.131720460873287,2.7755575615628914e-16,True
easygese:wheatG,EW,cnn,2,3,0,0.22756587381490279,0.2033984596558306,0.22756587381490262,1.6653345369377348e-16,True
easygese:wheatG,EW,cnn,2,4,0,0.34402456484657,0.273831610327279,0.34402456484656985,1.6653345369377348e-16,True
easygese:wheatG,EW,cnn,2,5,0,0.33108090573091054,0.3271550251474504,0.3310809057309107,-1.6653345369377348e-16,True
easygese:wheatG,EW,deepgs,1,1,0,0.3084691670310795,0.25748095431107876,0.3084691670310793,2.220446049250313e-16,True
easygese:wheatG,EW,deepgs,1,2,0,0.24320056893840794,0.2949439875045935,0.24320056893840822,-2.7755575615628914e-16,True
easygese:wheatG,EW,deepgs,1,3,0,0.31474687582896527,0.2838680585583788,0.31474687582896493,3.3306690738754696e-16,True
easygese:wheatG,EW,deepgs,1,4,0,0.524101391723333,0.364113966044739,0.5241013917233331,-1.1102230246251565e-16,True
easygese:wheatG,EW,deepgs,1,5,0,0.38292257254997847,0.19501222732592852,0.38292257254997814,3.3306690738754696e-16,True
easygese:wheatG,EW,deepgs,2,1,0,0.3895000790814799,0.34627263345386855,0.38950007908147977,1.1102230246251565e-16,True
easygese:wheatG,EW,deepgs,2,2,0,0.28388498559028147,0.24857463596983542,0.28388498559028164,-1.6653345369377348e-16,True
easygese:wheatG,EW,deepgs,2,3,0,0.18772760849565698,0.2160605744768033,0.18772760849565695,2.7755575615628914e-17,True
easygese:wheatG,EW,deepgs,2,4,0,0.3950665314482984,0.36884612230512587,0.39506653144829823,1.6653345369377348e-16,True
easygese:wheatG,EW,deepgs,2,5,0,0.28495126655603886,0.3219842407977029,0.2849512665560389,-5.551115123125783e-17,True
easygese:wheatG,EW,dnngp,1,1,0,0.3267576117484628,0.2670163296801958,0.32675761174846274,5.551115123125783e-17,True
easygese:wheatG,EW,dnngp,1,2,0,0.2979318501218981,0.14221068286916308,0.29793185012189816,-5.551115123125783e-17,True
easygese:wheatG,EW,dnngp,1,3,0,0.23767000958581705,0.21477118578248156,0.23767000958581788,-8.326672684688674e-16,True
easygese:wheatG,EW,dnngp,1,4,0,0.3918440036084379,0.18995657896742213,0.3918440036084374,4.996003610813204e-16,True
easygese:wheatG,EW,dnngp,1,5,0,0.34110719863704575,0.314650636044541,0.34110719863704575,0.0,True
easygese:wheatG,EW,dnngp,2,1,0,0.2605808901519928,0.24253427782513162,0.2605808901519923,4.996003610813204e-16,True
easygese:wheatG,EW,dnngp,2,2,0,0.23496731344303098,0.3085095142443129,0.23496731344303096,2.7755575615628914e-17,True
easygese:wheatG,EW,dnngp,2,3,0,0.2552762239276384,0.22801032579036745,0.25527622392763877,-3.885780586188048e-16,True
easygese:wheatG,EW,dnngp,2,4,0,0.31401325310189343,0.24835394400054908,0.3140132531018935,-5.551115123125783e-17,True
easygese:wheatG,EW,dnngp,2,5,0,0.5008025653629643,0.46702566702019604,0.5008025653629641,2.220446049250313e-16,True
easygese:wheatG,EW,mlp,1,1,0,0.38820966721188865,0.41138342360855784,0.388209667211889,-3.3306690738754696e-16,True
easygese:wheatG,EW,mlp,1,2,0,0.3731992991277504,0.24396770223919848,0.37319929912775057,-1.6653345369377348e-16,True
easygese:wheatG,EW,mlp,1,3,0,0.31276778893564283,0.3136706250205137,0.31276778893564255,2.7755575615628914e-16,True
easygese:wheatG,EW,mlp,1,4,0,0.5479300618149446,0.4685031774531465,0.5479300618149447,-1.1102230246251565e-16,True
easygese:wheatG,EW,mlp,1,5,0,0.40386148728791915,0.339134510182894,0.403861487287919,1.6653345369377348e-16,True
easygese:wheatG,EW,mlp,2,1,0,0.28622691233868347,0.34580900165634176,0.28622691233868325,2.220446049250313e-16,True
easygese:wheatG,EW,mlp,2,2,0,0.21034659305394804,0.31602697948442154,0.21034659305394815,-1.1102230246251565e-16,True
easygese:wheatG,EW,mlp,2,3,0,0.2394658666855864,0.20516612511626728,0.23946586668558623,1.6653345369377348e-16,True
easygese:wheatG,EW,mlp,2,4,0,0.4324786117290406,0.39585369670250214,0.4324786117290404,2.220446049250313e-16,True
easygese:wheatG,EW,mlp,2,5,0,0.4761986765670465,0.4377413908184168,0.47619867656704656,-5.551115123125783e-17,True
easygese:wheatG,EW,pnngs,1,1,0,0.11683991660904004,0.09344466372198988,0.11683991660904003,1.3877787807814457e-17,True
easygese:wheatG,EW,pnngs,1,2,0,0.22921400333905714,0.15508322657319598,0.22921400333905725,-1.1102230246251565e-16,True
easygese:wheatG,EW,pnngs,1,3,0,0.15480032935140758,0.1596905012125596,0.15480032935140783,-2.498001805406602e-16,True
easygese:wheatG,EW,pnngs,1,4,0,0.19770730066216,0.23153016323006256,0.19770730066214637,1.3627987627273797e-14,True
easygese:wheatG,EW,pnngs,1,5,0,0.2930322510941929,0.2075206754309454,0.29303225109419284,5.551115123125783e-17,True
easygese:wheatG,EW,pnngs,2,1,0,0.2124366653458412,0.21235049928474786,0.21243666534583971,1.4988010832439613e-15,True
easygese:wheatG,EW,pnngs,2,2,0,0.2596109901101755,0.10961198135335203,0.2596109901101762,-6.661338147750939e-16,True
easygese:wheatG,EW,pnngs,2,3,0,0.13835814239104513,0.19454634330101364,0.13835814239104688,-1.7486012637846216e-15,True
easygese:wheatG,EW,pnngs,2,4,0,0.20137568414935317,0.23080407362172173,0.20137568414935234,8.326672684688674e-16,True
easygese:wheatG,EW,pnngs,2,5,0,0.2245613874669886,0.19750523569701187,0.224561387466988,5.828670879282072e-16,True
easygese:wheatG,EW,soydngp,1,1,0,0.22106519031050964,0.24585738748816147,0.22106519031050936,2.7755575615628914e-16,True
easygese:wheatG,EW,soydngp,1,2,0,0.1533659381724497,0.13943783490593512,0.1533659381724374,1.2295719997723609e-14,True
easygese:wheatG,EW,soydngp,1,3,0,0.3751147537651168,0.3705948236535215,0.37511475376511705,-2.220446049250313e-16,True
easygese:wheatG,EW,soydngp,1,4,0,0.47732097043959626,0.35204491378269126,0.4773209704395964,-1.6653345369377348e-16,True
easygese:wheatG,EW,soydngp,1,5,0,0.35265294614093595,0.32848508497391615,0.35265294614093573,2.220446049250313e-16,True
easygese:wheatG,EW,soydngp,2,1,0,0.2746504333881411,0.23031795672196775,0.2746504333881424,-1.27675647831893e-15,True
easygese:wheatG,EW,soydngp,2,2,0,0.09075227004360133,0.07602498039414309,0.09075227004360076,5.689893001203927e-16,True
easygese:wheatG,EW,soydngp,2,3,0,0.21775349081291914,0.19355184646665666,0.21775349081291923,-8.326672684688674e-17,True
easygese:wheatG,EW,soydngp,2,4,0,0.33067789294585903,0.29425698335012773,0.3306778929458589,1.1102230246251565e-16,True
easygese:wheatG,EW,soydngp,2,5,0,0.33392253834431235,0.33758216382995127,0.3339225383443138,-1.4432899320127035e-15,True
easygese:wheatG,EW,transformer,1,1,0,0.3011243316053885,0.23305138414372692,0.30112433160538876,-2.7755575615628914e-16,True
easygese:wheatG,EW,transformer,1,2,0,0.4452702348393535,0.4419063912645498,0.4452702348393533,2.220446049250313e-16,True
easygese:wheatG,EW,transformer,1,3,0,0.3112605278804398,0.252190556403228,0.3112605278804402,-3.885780586188048e-16,True
easygese:wheatG,EW,transformer,1,4,0,0.4315033573663597,0.3892539732332977,0.4315033573663593,3.885780586188048e-16,True
easygese:wheatG,EW,transformer,1,5,0,0.2785041153713186,0.26970299631345607,0.2785041153713184,1.6653345369377348e-16,True
easygese:wheatG,EW,transformer,2,1,0,0.23899947739868946,0.23849463273800195,0.23899947739868957,-1.1102230246251565e-16,True
easygese:wheatG,EW,transformer,2,2,0,0.29288223410592945,0.22916013952279418,0.2928822341059291,3.3306690738754696e-16,True
easygese:wheatG,EW,transformer,2,3,0,0.25685465719159495,0.18819457916353732,0.2568546571915948,1.6653345369377348e-16,True
easygese:wheatG,EW,transformer,2,4,0,0.3888446177564061,0.28695111044434163,0.388844617756406,1.1102230246251565e-16,True
easygese:wheatG,EW,transformer,2,5,0,0.5259205421562309,0.4839424170571811,0.5259205421562306,2.220446049250313e-16,True
easygese:wheatG,FHB,cnn,1,1,0,0.614876353232877,0.6336816055732152,0.6148763532328773,-2.220446049250313e-16,True
easygese:wheatG,FHB,cnn,1,2,0,0.6058446536669567,0.5225365573018943,0.605844653666957,-2.220446049250313e-16,True
easygese:wheatG,FHB,cnn,1,3,0,0.6832114844677074,0.596777956619606,0.6832114844677072,2.220446049250313e-16,True
easygese:wheatG,FHB,cnn,1,4,0,0.6526733719136363,0.6092664100328852,0.6526733719136361,2.220446049250313e-16,True
easygese:wheatG,FHB,cnn,1,5,0,0.630185961773658,0.6636639706155223,0.6301859617736582,-1.1102230246251565e-16,True
easygese:wheatG,FHB,cnn,2,1,0,0.6252164186996217,0.5967591955094094,0.6252164186996216,1.1102230246251565e-16,True
easygese:wheatG,FHB,cnn,2,2,0,0.6155271110125438,0.5832391614136622,0.615527111012544,-2.220446049250313e-16,True
easygese:wheatG,FHB,cnn,2,3,0,0.5197567836837971,0.5275230159302559,0.519756783683797,1.1102230246251565e-16,True
easygese:wheatG,FHB,cnn,2,4,0,0.6326721053473905,0.604363082464567,0.6326721053473905,0.0,True
easygese:wheatG,FHB,cnn,2,5,0,0.6079199685097875,0.5672355673488904,0.6079199685097875,0.0,True
easygese:wheatG,FHB,deepgs,1,1,0,0.6763469290612532,0.6443178715073817,0.676346929061253,1.1102230246251565e-16,True
easygese:wheatG,FHB,deepgs,1,2,0,0.6359804179908405,0.5853106785114239,0.6359804179908405,0.0,True
easygese:wheatG,FHB,deepgs,1,3,0,0.7068902116031199,0.6793468213294914,0.7068902116031203,-3.3306690738754696e-16,True
easygese:wheatG,FHB,deepgs,1,4,0,0.7284692278839335,0.7643148139412215,0.7284692278839335,0.0,True
easygese:wheatG,FHB,deepgs,1,5,0,0.7709768759637129,0.7827166090647444,0.7709768759637128,1.1102230246251565e-16,True
easygese:wheatG,FHB,deepgs,2,1,0,0.7234282380435128,0.7407754891622989,0.7234282380435134,-6.661338147750939e-16,True
easygese:wheatG,FHB,deepgs,2,2,0,0.5524445444621153,0.5516654664889835,0.5524445444621157,-3.3306690738754696e-16,True
easygese:wheatG,FHB,deepgs,2,3,0,0.595248789630093,0.6335407422548823,0.5952487896300929,1.1102230246251565e-16,True
easygese:wheatG,FHB,deepgs,2,4,0,0.7276544686616355,0.7309635307614449,0.7276544686616359,-3.3306690738754696e-16,True
easygese:wheatG,FHB,deepgs,2,5,0,0.7276472356305099,0.7236663342813067,0.7276472356305099,0.0,True
easygese:wheatG,FHB,dnngp,1,1,0,0.6832448503520872,0.6923666342869508,0.6832448503520869,2.220446049250313e-16,True
easygese:wheatG,FHB,dnngp,1,2,0,0.6587395389714839,0.6502603563773893,0.6587395389714836,2.220446049250313e-16,True
easygese:wheatG,FHB,dnngp,1,3,0,0.6514317994685164,0.6386385076711313,0.6514317994685163,1.1102230246251565e-16,True
easygese:wheatG,FHB,dnngp,1,4,0,0.6705677019584445,0.6760121360377305,0.6705677019584437,7.771561172376096e-16,True
easygese:wheatG,FHB,dnngp,1,5,0,0.6851748687694326,0.6832685819339375,0.6851748687694326,0.0,True
easygese:wheatG,FHB,dnngp,2,1,0,0.6921130101815943,0.6655159829700933,0.6921130101815942,1.1102230246251565e-16,True
easygese:wheatG,FHB,dnngp,2,2,0,0.6882758654590175,0.6772295727909924,0.6882758654590178,-2.220446049250313e-16,True
easygese:wheatG,FHB,dnngp,2,3,0,0.6319187894590157,0.6738835317315001,0.6319187894590153,4.440892098500626e-16,True
easygese:wheatG,FHB,dnngp,2,4,0,0.6941881154060852,0.6589770652554718,0.6941881154060847,4.440892098500626e-16,True
easygese:wheatG,FHB,dnngp,2,5,0,0.6018347807413331,0.5859607259494266,0.6018347807413337,-5.551115123125783e-16,True
easygese:wheatG,FHB,mlp,1,1,0,0.6793560629225074,0.6830275104981273,0.6793560629225069,4.440892098500626e-16,True
easygese:wheatG,FHB,mlp,1,2,0,0.6707979901898665,0.6353352655455453,0.6707979901898659,6.661338147750939e-16,True
easygese:wheatG,FHB,mlp,1,3,0,0.7323026993137666,0.7066868416881658,0.732302699313766,5.551115123125783e-16,True
easygese:wheatG,FHB,mlp,1,4,0,0.7130219635154613,0.7299155994197944,0.7130219635154613,0.0,True
easygese:wheatG,FHB,mlp,1,5,0,0.757470344017836,0.8217091097901893,0.757470344017836,0.0,True
easygese:wheatG,FHB,mlp,2,1,0,0.7074100961931434,0.7290668093259283,0.7074100961931435,-1.1102230246251565e-16,True
easygese:wheatG,FHB,mlp,2,2,0,0.7012963682348592,0.6365231024881581,0.7012963682348591,1.1102230246251565e-16,True
easygese:wheatG,FHB,mlp,2,3,0,0.5989835358840243,0.5798006335039694,0.5989835358840245,-2.220446049250313e-16,True
easygese:wheatG,FHB,mlp,2,4,0,0.7397172040748344,0.7204915144964732,0.7397172040748348,-3.3306690738754696e-16,True
easygese:wheatG,FHB,mlp,2,5,0,0.7353207090211891,0.6947926381374067,0.735320709021189,1.1102230246251565e-16,True
easygese:wheatG,FHB,pnngs,1,1,0,0.4810585272314751,0.47991949306875537,0.4810585272314751,0.0,True
easygese:wheatG,FHB,pnngs,1,2,0,0.5745930371341001,0.5647942621093495,0.5745930371341,1.1102230246251565e-16,True
easygese:wheatG,FHB,pnngs,1,3,0,0.5760211157090114,0.5531719902305158,0.5760211157090115,-1.1102230246251565e-16,True
easygese:wheatG,FHB,pnngs,1,4,0,0.5256955905166169,0.5121737692118496,0.5256955905166171,-2.220446049250313e-16,True
easygese:wheatG,FHB,pnngs,1,5,0,0.630705437074526,0.6187053934441443,0.6307054370745262,-2.220446049250313e-16,True
easygese:wheatG,FHB,pnngs,2,1,0,0.5912151268699446,0.5651009562350342,0.5912151268699438,7.771561172376096e-16,True
easygese:wheatG,FHB,pnngs,2,2,0,0.5899750900712366,0.4784823996316122,0.5899750900712364,2.220446049250313e-16,True
easygese:wheatG,FHB,pnngs,2,3,0,0.42618461629865867,0.5341332129678812,0.42618461629865856,1.1102230246251565e-16,True
easygese:wheatG,FHB,pnngs,2,4,0,0.560872528859624,0.5781918482767024,0.5608725288596244,-3.3306690738754696e-16,True
easygese:wheatG,FHB,pnngs,2,5,0,0.6285571814994834,0.5989423465717667,0.6285571814994834,0.0,True
easygese:wheatG,FHB,soydngp,1,1,0,0.6155261775602371,0.6255487249152564,0.6155261775602366,4.440892098500626e-16,True
easygese:wheatG,FHB,soydngp,1,2,0,0.666008439935742,0.648032371970249,0.6660084399357419,1.1102230246251565e-16,True
easygese:wheatG,FHB,soydngp,1,3,0,0.7298904468518959,0.6926883386091468,0.729890446851896,-1.1102230246251565e-16,True
easygese:wheatG,FHB,soydngp,1,4,0,0.718241198764217,0.7210705838710801,0.7182411987642171,-1.1102230246251565e-16,True
easygese:wheatG,FHB,soydngp,1,5,0,0.6125547082418922,0.6268974285663484,0.6125547082418927,-5.551115123125783e-16,True
easygese:wheatG,FHB,soydngp,2,1,0,0.66905385695643,0.644343140975301,0.6690538569564298,2.220446049250313e-16,True
easygese:wheatG,FHB,soydngp,2,2,0,0.7014234828593626,0.6513584501999837,0.7014234828593623,3.3306690738754696e-16,True
easygese:wheatG,FHB,soydngp,2,3,0,0.6030949220768799,0.5926269398092034,0.60309492207688,-1.1102230246251565e-16,True
easygese:wheatG,FHB,soydngp,2,4,0,0.7445138339072296,0.6948243951653172,0.7445138339072295,1.1102230246251565e-16,True
easygese:wheatG,FHB,soydngp,2,5,0,0.7093628643354742,0.7024991986935835,0.7093628643354745,-2.220446049250313e-16,True
easygese:wheatG,FHB,transformer,1,1,0,0.5916069561236246,0.5951857100350579,0.5916069561236248,-2.220446049250313e-16,True
easygese:wheatG,FHB,transformer,1,2,0,0.5822729115928057,0.5517621250400964,0.5822729115928058,-1.1102230246251565e-16,True
easygese:wheatG,FHB,transformer,1,3,0,0.6130293836943762,0.6161961762424458,0.6130293836943761,1.1102230246251565e-16,True
easygese:wheatG,FHB,transformer,1,4,0,0.6310050429791272,0.5702436618083346,0.6310050429791271,1.1102230246251565e-16,True
easygese:wheatG,FHB,transformer,1,5,0,0.6610965162675904,0.6257636468615174,0.6610965162675907,-3.3306690738754696e-16,True
easygese:wheatG,FHB,transformer,2,1,0,0.6057900292031699,0.5602023906336403,0.6057900292031702,-2.220446049250313e-16,True
easygese:wheatG,FHB,transformer,2,2,0,0.5348700063288977,0.4773241016475744,0.5348700063288977,0.0,True
easygese:wheatG,FHB,transformer,2,3,0,0.6146828499311228,0.5859405440406745,0.6146828499311223,4.440892098500626e-16,True
easygese:wheatG,FHB,transformer,2,4,0,0.5479181007474055,0.545163471171903,0.5479181007474055,0.0,True
easygese:wheatG,FHB,transformer,2,5,0,0.6500764539581609,0.6460126622969796,0.6500764539581609,0.0,True
easygese:wheatG,GH,cnn,1,1,0,0.36540256541346783,0.3274393498775753,0.36540256541346744,3.885780586188048e-16,True
easygese:wheatG,GH,cnn,1,2,0,0.2938966414974278,0.2599547488714878,0.29389664149742767,1.1102230246251565e-16,True
easygese:wheatG,GH,cnn,1,3,0,0.6217676464841922,0.6114740132116603,0.6217676464841927,-4.440892098500626e-16,True
easygese:wheatG,GH,cnn,1,4,0,0.4986204585860875,0.4450817974273849,0.4986204585860881,-6.106226635438361e-16,True
easygese:wheatG,GH,cnn,1,5,0,0.5718391611802731,0.5568594704695102,0.5718391611802729,2.220446049250313e-16,True
easygese:wheatG,GH,cnn,2,1,0,0.39503295909433045,0.3194027723280534,0.3950329590943306,-1.6653345369377348e-16,True
easygese:wheatG,GH,cnn,2,2,0,0.43960964182582957,0.4281064735417335,0.4396096418258296,-5.551115123125783e-17,True
easygese:wheatG,GH,cnn,2,3,0,0.5949266236835579,0.579905744973251,0.5949266236835575,3.3306690738754696e-16,True
easygese:wheatG,GH,cnn,2,4,0,0.31288984861998065,0.2754025447322037,0.3128898486199803,3.3306690738754696e-16,True
easygese:wheatG,GH,cnn,2,5,0,0.5295653403682158,0.5649222726241595,0.5295653403682156,2.220446049250313e-16,True
easygese:wheatG,GH,deepgs,1,1,0,0.5469593562434297,0.4868391144281258,0.5469593562434296,1.1102230246251565e-16,True
easygese:wheatG,GH,deepgs,1,2,0,0.4339852309251313,0.45164147069002913,0.433985230925131,2.7755575615628914e-16,True
easygese:wheatG,GH,deepgs,1,3,0,0.5190643532915987,0.5993901243383032,0.5190643532915986,1.1102230246251565e-16,True
easygese:wheatG,GH,deepgs,1,4,0,0.5556489966582465,0.4937656898067003,0.5556489966582469,-3.3306690738754696e-16,True
easygese:wheatG,GH,deepgs,1,5,0,0.6895699978618879,0.6614635803894509,0.6895699978618884,-5.551115123125783e-16,True
easygese:wheatG,GH,deepgs,2,1,0,0.4715076313100784,0.4367865569400136,0.4715076313100787,-3.3306690738754696e-16,True
easygese:wheatG,GH,deepgs,2,2,0,0.5249970413246128,0.44890869703507513,0.5249970413246132,-4.440892098500626e-16,True
easygese:wheatG,GH,deepgs,2,3,0,0.5516325550454845,0.5536564632753734,0.5516325550454841,3.3306690738754696e-16,True
easygese:wheatG,GH,deepgs,2,4,0,0.5052666389353363,0.4672555776825766,0.505266638935336,3.3306690738754696e-16,True
easygese:wheatG,GH,deepgs,2,5,0,0.5761722982877403,0.46102804681952664,0.5761722982877402,1.1102230246251565e-16,True
easygese:wheatG,GH,dnngp,1,1,0,0.5493245505325559,0.5683495271658416,0.5493245505325564,-4.440892098500626e-16,True
easygese:wheatG,GH,dnngp,1,2,0,0.45306902331269033,0.43278216630315514,0.45306902331268994,3.885780586188048e-16,True
easygese:wheatG,GH,dnngp,1,3,0,0.6028258314495142,0.5122214757547663,0.6028258314495143,-1.1102230246251565e-16,True
easygese:wheatG,GH,dnngp,1,4,0,0.5228340963497268,0.5257922701509428,0.5228340963497271,-3.3306690738754696e-16,True
easygese:wheatG,GH,dnngp,1,5,0,0.6990617219352329,0.6768668440724743,0.6990617219352329,0.0,True
easygese:wheatG,GH,dnngp,2,1,0,0.5391290134307677,0.4979885453965317,0.5391290134307678,-1.1102230246251565e-16,True
easygese:wheatG,GH,dnngp,2,2,0,0.5843706817831145,0.5701012853971401,0.5843706817831142,2.220446049250313e-16,True
easygese:wheatG,GH,dnngp,2,3,0,0.5365527216034368,0.5677158101765845,0.5365527216034367,1.1102230246251565e-16,True
easygese:wheatG,GH,dnngp,2,4,0,0.5171150109288806,0.4943457042950136,0.5171150109288803,2.220446049250313e-16,True
easygese:wheatG,GH,dnngp,2,5,0,0.499288924024035,0.4891729070787995,0.49928892402403524,-2.220446049250313e-16,True
easygese:wheatG,GH,mlp,1,1,0,0.5265331643549849,0.5202849409467816,0.5265331643549852,-3.3306690738754696e-16,True
easygese:wheatG,GH,mlp,1,2,0,0.3344334165035377,0.33234283689899424,0.33443341650353786,-1.6653345369377348e-16,True
easygese:wheatG,GH,mlp,1,3,0,0.7155246347434747,0.7083946307507799,0.7155246347434746,1.1102230246251565e-16,True
easygese:wheatG,GH,mlp,1,4,0,0.5735108395500599,0.5865328954584945,0.5735108395500599,0.0,True
easygese:wheatG,GH,mlp,1,5,0,0.7163396274744731,0.6937991812525441,0.7163396274744731,0.0,True
easygese:wheatG,GH,mlp,2,1,0,0.5309943884739821,0.46212995766330034,0.5309943884739826,-5.551115123125783e-16,True
easygese:wheatG,GH,mlp,2,2,0,0.6247082369298437,0.6596487694212634,0.624708236929844,-3.3306690738754696e-16,True
easygese:wheatG,GH,mlp,2,3,0,0.644131571351031,0.6337302057003925,0.6441315713510312,-1.1102230246251565e-16,True
easygese:wheatG,GH,mlp,2,4,0,0.5223768124178325,0.5155997737360083,0.5223768124178321,4.440892098500626e-16,True
easygese:wheatG,GH,mlp,2,5,0,0.5244997675226002,0.5071890300647577,0.5244997675226003,-1.1102230246251565e-16,True
easygese:wheatG,GH,pnngs,1,1,0,0.296007545122775,0.24246645433232972,0.2960075451227738,1.2212453270876722e-15,True
easygese:wheatG,GH,pnngs,1,2,0,0.2547028300546743,0.23758353802326582,0.25470283005467353,7.771561172376096e-16,True
easygese:wheatG,GH,pnngs,1,3,0,0.544580944832501,0.5546458644441548,0.5445809448325014,-4.440892098500626e-16,True
easygese:wheatG,GH,pnngs,1,4,0,0.22617192446846374,0.18292613127607305,0.22617192446846304,6.938893903907228e-16,True
easygese:wheatG,GH,pnngs,1,5,0,0.3879713324696362,0.42137397736430127,0.3879713324696359,3.3306690738754696e-16,True
easygese:wheatG,GH,pnngs,2,1,0,0.2958340660727013,0.3325666925096845,0.2958340660727016,-2.7755575615628914e-16,True
easygese:wheatG,GH,pnngs,2,2,0,0.4170770108933314,0.3700537613016304,0.4170770108933313,5.551115123125783e-17,True
easygese:wheatG,GH,pnngs,2,3,0,0.40114578405382106,0.3822542729645697,0.4011457840538213,-2.220446049250313e-16,True
easygese:wheatG,GH,pnngs,2,4,0,0.33756791649552875,0.23897596122980874,0.33756791649552903,-2.7755575615628914e-16,True
easygese:wheatG,GH,pnngs,2,5,0,0.38396844087324083,0.35074702392970014,0.38396844087324117,-3.3306690738754696e-16,True
easygese:wheatG,GH,soydngp,1,1,0,0.5621139657654945,0.5904918820150614,0.5621139657654945,0.0,True
easygese:wheatG,GH,soydngp,1,2,0,0.4033622983390731,0.35247747632845655,0.4033622983390733,-1.6653345369377348e-16,True
easygese:wheatG,GH,soydngp,1,3,0,0.6827325557057026,0.618701652389915,0.6827325557057028,-2.220446049250313e-16,True
easygese:wheatG,GH,soydngp,1,4,0,0.5589485925757746,0.5498361292115043,0.5589485925757747,-1.1102230246251565e-16,True
easygese:wheatG,GH,soydngp,1,5,0,0.6364785820342643,0.5883685975218789,0.6364785820342643,0.0,True
easygese:wheatG,GH,soydngp,2,1,0,0.5084299025148441,0.4381275528194417,0.5084299025148445,-4.440892098500626e-16,True
easygese:wheatG,GH,soydngp,2,2,0,0.5764620825137374,0.51956142460925,0.5764620825137378,-3.3306690738754696e-16,True
easygese:wheatG,GH,soydngp,2,3,0,0.5120436388999902,0.4382456949189819,0.5120436388999897,4.440892098500626e-16,True
easygese:wheatG,GH,soydngp,2,4,0,0.54695558450738,0.4061602931346538,0.5469555845073801,-1.1102230246251565e-16,True
easygese:wheatG,GH,soydngp,2,5,0,0.4643999045313046,0.4310388216864351,0.4643999045313043,2.7755575615628914e-16,True
easygese:wheatG,GH,transformer,1,1,0,0.41996724705850064,0.31874662287974487,0.41996724705850047,1.6653345369377348e-16,True
easygese:wheatG,GH,transformer,1,2,0,0.24943370769608983,0.3570026471579447,0.24943370769609002,-1.942890293094024e-16,True
easygese:wheatG,GH,transformer,1,3,0,0.499588572364895,0.42596215064852766,0.49958857236489534,-3.3306690738754696e-16,True
easygese:wheatG,GH,transformer,1,4,0,0.38440691072138067,0.33606737519629803,0.38440691072138045,2.220446049250313e-16,True
easygese:wheatG,GH,transformer,1,5,0,0.6263859037542865,0.5545381336659447,0.6263859037542864,1.1102230246251565e-16,True
easygese:wheatG,GH,transformer,2,1,0,0.31940838603870575,0.24339882412949898,0.31940838603870586,-1.1102230246251565e-16,True
easygese:wheatG,GH,transformer,2,2,0,0.5674575909622094,0.5405345956728995,0.5674575909622094,0.0,True
easygese:wheatG,GH,transformer,2,3,0,0.38427818628603677,0.37065380270667914,0.38427818628603666,1.1102230246251565e-16,True
easygese:wheatG,GH,transformer,2,4,0,0.460820434521714,0.4716923874023823,0.46082043452171423,-2.220446049250313e-16,True
easygese:wheatG,GH,transformer,2,5,0,0.37203985032957254,0.3581610877824732,0.3720398503295726,-5.551115123125783e-17,True
easygese:wheatG,GPE,cnn,1,1,0,0.28452013876194365,0.23021236179420315,0.2845201387619438,-1.6653345369377348e-16,True
easygese:wheatG,GPE,cnn,1,2,0,0.35411437862420264,0.360864928081843,0.3541143786242025,1.6653345369377348e-16,True
easygese:wheatG,GPE,cnn,1,3,0,0.16904593559236342,0.2602278985105311,0.16904593559236372,-3.0531133177191805e-16,True
easygese:wheatG,GPE,cnn,1,4,0,0.21000080023699508,0.24222291134662047,0.21000080023699605,-9.71445146547012e-16,True
easygese:wheatG,GPE,cnn,1,5,0,0.316840489380677,0.2959500312257178,0.3168404893806769,1.1102230246251565e-16,True
easygese:wheatG,GPE,cnn,2,1,0,0.4250411371623919,0.4051140237604964,0.4250411371623919,0.0,True
easygese:wheatG,GPE,cnn,2,2,0,-0.015294182029582873,0.018780482078806508,-0.015294182029582822,-5.0306980803327406e-17,True
easygese:wheatG,GPE,cnn,2,3,0,0.2753936581595114,0.22694802071684067,0.2753936581595114,0.0,True
easygese:wheatG,GPE,cnn,2,4,0,0.30350122346060143,0.3026406004377692,0.3035012234606012,2.220446049250313e-16,True
easygese:wheatG,GPE,cnn,2,5,0,0.3668066311357644,0.4095624539175281,0.3668066311357649,-4.996003610813204e-16,True
easygese:wheatG,GPE,deepgs,1,1,0,0.2855780933859855,0.25569817804861256,0.28557809338598544,5.551115123125783e-17,True
easygese:wheatG,GPE,deepgs,1,2,0,0.3118792478638176,0.30978474300167386,0.3118792478638176,0.0,True
easygese:wheatG,GPE,deepgs,1,3,0,0.19241253207201844,0.2507280102747557,0.19241253207201853,-8.326672684688674e-17,True
easygese:wheatG,GPE,deepgs,1,4,0,0.38255275698273317,0.369526989639437,0.3825527569827331,5.551115123125783e-17,True
easygese:wheatG,GPE,deepgs,1,5,0,0.2652728040838834,0.22367121560815298,0.2652728040838834,0.0,True
easygese:wheatG,GPE,deepgs,2,1,0,0.4651853405027018,0.5019391289971119,0.46518534050270155,2.7755575615628914e-16,True
easygese:wheatG,GPE,deepgs,2,2,0,0.04165574145072797,0.06975339525647296,0.04165574145072789,8.326672684688674e-17,True
easygese:wheatG,GPE,deepgs,2,3,0,0.05344840409338457,0.05860624128429451,0.05344840409338644,-1.8735013540549517e-15,True
easygese:wheatG,GPE,deepgs,2,4,0,0.4730636173105431,0.43962278061858656,0.4730636173105429,1.6653345369377348e-16,True
easygese:wheatG,GPE,deepgs,2,5,0,0.3638503157688403,0.3846510235376298,0.3638503157688404,-1.1102230246251565e-16,True
easygese:wheatG,GPE,dnngp,1,1,0,0.2813610280063001,0.295458569494663,0.2813610280063,1.1102230246251565e-16,True
easygese:wheatG,GPE,dnngp,1,2,0,0.2381023295365993,0.21414067373058404,0.2381023295365992,8.326672684688674e-17,True
easygese:wheatG,GPE,dnngp,1,3,0,0.22818011606617575,0.21948516164588908,0.2281801160661759,-1.3877787807814457e-16,True
easygese:wheatG,GPE,dnngp,1,4,0,0.4229275872095379,0.41885618856515794,0.4229275872095383,-4.440892098500626e-16,True
easygese:wheatG,GPE,dnngp,1,5,0,0.21724956360626238,0.18512550198947636,0.21724956360626246,-8.326672684688674e-17,True
easygese:wheatG,GPE,dnngp,2,1,0,0.340060642835566,0.3307333046705944,0.34006064283556636,-3.885780586188048e-16,True
easygese:wheatG,GPE,dnngp,2,2,0,-0.03031186500772366,-0.001546563362086315,-0.0303118650077238,1.4224732503009818e-16,True
easygese:wheatG,GPE,dnngp,2,3,0,0.3245016039545057,0.28277482545879845,0.32450160395450567,5.551115123125783e-17,True
easygese:wheatG,GPE,dnngp,2,4,0,0.4089698422797299,0.40393703930391184,0.4089698422797296,2.7755575615628914e-16,True
easygese:wheatG,GPE,dnngp,2,5,0,0.3636021149268325,0.30537646092358295,0.3636021149268326,-1.1102230246251565e-16,True
easygese:wheatG,GPE,mlp,1,1,0,0.3148106818821739,0.28160837336756295,0.3148106818821738,1.1102230246251565e-16,True
easygese:wheatG,GPE,mlp,1,2,0,0.32760875652133825,0.3037618079576386,0.3276087565213385,-2.220446049250313e-16,True
easygese:wheatG,GPE,mlp,1,3,0,0.19496529361044979,0.15886218528343635,0.1949652936104508,-1.0269562977782698e-15,True
easygese:wheatG,GPE,mlp,1,4,0,0.32111348106479215,0.32751904698942536,0.3211134810647923,-1.6653345369377348e-16,True
easygese:wheatG,GPE,mlp,1,5,0,0.2373816371937912,0.176169366530838,0.2373816371937911,1.1102230246251565e-16,True
easygese:wheatG,GPE,mlp,2,1,0,0.5172540770940806,0.5135086457199782,0.5172540770940806,0.0,True
easygese:wheatG,GPE,mlp,2,2,0,0.07433627240769174,0.09471385984314952,0.07433627240769172,1.3877787807814457e-17,True
easygese:wheatG,GPE,mlp,2,3,0,0.24202044641650486,0.24500752686456678,0.2420204464165056,-7.494005416219807e-16,True
easygese:wheatG,GPE,mlp,2,4,0,0.5497822289690301,0.4795093359455957,0.5497822289690302,-1.1102230246251565e-16,True
easygese:wheatG,GPE,mlp,2,5,0,0.3749901619178148,0.3692743569892824,0.37499016191781465,1.6653345369377348e-16,True
easygese:wheatG,GPE,pnngs,1,1,0,0.2362382816418104,0.2782375089409423,0.23623828164181035,5.551115123125783e-17,True
easygese:wheatG,GPE,pnngs,1,2,0,0.1184718564414197,0.05973863177316625,0.11847185644141969,1.3877787807814457e-17,True
easygese:wheatG,GPE,pnngs,1,3,0,0.17789851195302853,0.1684489022565932,0.1778985119530232,5.329070518200751e-15,True
easygese:wheatG,GPE,pnngs,1,4,0,0.1815890339477167,0.27607759092654166,0.18158903394771628,4.163336342344337e-16,True
easygese:wheatG,GPE,pnngs,1,5,0,0.17888527587768868,0.19231349770871872,0.17888527587768846,2.220446049250313e-16,True
easygese:wheatG,GPE,pnngs,2,1,0,0.3552684261011772,0.371720569846807,0.35526842610117787,-6.661338147750939e-16,True
easygese:wheatG,GPE,pnngs,2,2,0,-0.008544646663615377,-0.03207686763293363,-0.008544646663614878,-4.996003610813204e-16,True
easygese:wheatG,GPE,pnngs,2,3,0,0.1918540267803778,0.005098134333943202,0.19185402678037783,-2.7755575615628914e-17,True
easygese:wheatG,GPE,pnngs,2,4,0,0.24962630434026742,0.2664391438751067,0.2496263043402679,-4.718447854656915e-16,True
easygese:wheatG,GPE,pnngs,2,5,0,0.1320024991922505,0.10986515198310595,0.13200249919225815,-7.66053886991358e-15,True
easygese:wheatG,GPE,soydngp,1,1,0,0.3394949053269902,0.23852662763994667,0.3394949053269903,-5.551115123125783e-17,True
easygese:wheatG,GPE,soydngp,1,2,0,0.28651601056013587,0.3059668508183367,0.28651601056013587,0.0,True
easygese:wheatG,GPE,soydngp,1,3,0,0.18343550299668696,0.2716088278043297,0.18343550299668665,3.0531133177191805e-16,True
easygese:wheatG,GPE,soydngp,1,4,0,0.21808449814399172,0.2561863436069439,0.21808449814399766,-5.9396931817445875e-15,True
easygese:wheatG,GPE,soydngp,1,5,0,0.07417873887663556,0.1163040834791078,0.07417873887662564,9.922618282587337e-15,True
easygese:wheatG,GPE,soydngp,2,1,0,0.2701561993683339,0.24576419803415167,0.27015619936833374,1.6653345369377348e-16,True
easygese:wheatG,GPE,soydngp,2,2,0,-0.1047131313938874,-0.10405212149573778,-0.10471313139388777,3.7470027081099033e-16,True
easygese:wheatG,GPE,soydngp,2,3,0,0.21821877518041624,0.1956912139773246,0.2182187751804166,-3.608224830031759e-16,True
easygese:wheatG,GPE,soydngp,2,4,0,0.3846442743892561,0.39040926320675556,0.3846442743892584,-2.3314683517128287e-15,True
easygese:wheatG,GPE,soydngp,2,5,0,0.3485931629957641,0.37683752503796203,0.34859316299576415,-5.551115123125783e-17,True
easygese:wheatG,GPE,transformer,1,1,0,0.3014208002817375,0.2825638508383537,0.3014208002817377,-1.6653345369377348e-16,True
easygese:wheatG,GPE,transformer,1,2,0,0.15747175790799106,0.14765962220196116,0.1574717579079909,1.6653345369377348e-16,True
easygese:wheatG,GPE,transformer,1,3,0,0.28910030475433895,0.2377249108423423,0.2891003047543394,-4.440892098500626e-16,True
easygese:wheatG,GPE,transformer,1,4,0,0.2542607816797587,0.2417267380872585,0.2542607816797587,0.0,True
easygese:wheatG,GPE,transformer,1,5,0,0.011374804115062448,0.04435908121184964,0.011374804115062451,-3.469446951953614e-18,True
easygese:wheatG,GPE,transformer,2,1,0,0.39478762448608,0.34850395190053784,0.39478762448607985,1.6653345369377348e-16,True
easygese:wheatG,GPE,transformer,2,2,0,0.019716141367942377,0.026857267575413606,0.019716141367942464,-8.673617379884035e-17,True
easygese:wheatG,GPE,transformer,2,3,0,0.05368047758878769,0.08306487375430628,0.05368047758878763,6.245004513516506e-17,True
easygese:wheatG,GPE,transformer,2,4,0,0.3401599319612953,0.25430946618863637,0.34015993196129557,-2.7755575615628914e-16,True
easygese:wheatG,GPE,transformer,2,5,0,0.2137622179144581,0.2597325525881523,0.21376221791445835,-2.498001805406602e-16,True
easygese:wheatG,GY,cnn,1,1,0,0.5268099901065817,0.5008453024669292,0.5268099901065817,0.0,True
easygese:wheatG,GY,cnn,1,2,0,0.5621717739881771,0.509768831552009,0.5621717739881772,-1.1102230246251565e-16,True
easygese:wheatG,GY,cnn,1,3,0,0.6668668275899019,0.6408176917928446,0.6668668275899019,0.0,True
easygese:wheatG,GY,cnn,1,4,0,0.5113798471061348,0.31076067816566966,0.5113798471061352,-3.3306690738754696e-16,True
easygese:wheatG,GY,cnn,1,5,0,0.5687923908787186,0.5369723160841015,0.5687923908787189,-3.3306690738754696e-16,True
easygese:wheatG,GY,cnn,2,1,0,0.5947456208774898,0.5556076919002784,0.5947456208774904,-5.551115123125783e-16,True
easygese:wheatG,GY,cnn,2,2,0,0.4786783204570392,0.49434011568506253,0.47867832045703934,-1.6653345369377348e-16,True
easygese:wheatG,GY,cnn,2,3,0,0.5729325313671596,0.540751502234671,0.5729325313671599,-3.3306690738754696e-16,True
easygese:wheatG,GY,cnn,2,4,0,0.5640796833604542,0.5293204537514451,0.5640796833604539,3.3306690738754696e-16,True
easygese:wheatG,GY,cnn,2,5,0,0.47391379176856596,0.4557570418076862,0.47391379176856574,2.220446049250313e-16,True
easygese:wheatG,GY,deepgs,1,1,0,0.6142927869717595,0.6223684928168801,0.614292786971759,4.440892098500626e-16,True
easygese:wheatG,GY,deepgs,1,2,0,0.5760793454952193,0.5555604191265161,0.576079345495219,3.3306690738754696e-16,True
easygese:wheatG,GY,deepgs,1,3,0,0.6979857924734141,0.6542666819415608,0.6979857924734144,-3.3306690738754696e-16,True
easygese:wheatG,GY,deepgs,1,4,0,0.6038571226540128,0.6164678614295552,0.6038571226540135,-6.661338147750939e-16,True
easygese:wheatG,GY,deepgs,1,5,0,0.5725229563990837,0.5620058585007653,0.5725229563990838,-1.1102230246251565e-16,True
easygese:wheatG,GY,deepgs,2,1,0,0.6142456287526037,0.6203850883998754,0.6142456287526035,2.220446049250313e-16,True
easygese:wheatG,GY,deepgs,2,2,0,0.6299797691415614,0.5895224590483917,0.6299797691415614,0.0,True
easygese:wheatG,GY,deepgs,2,3,0,0.6203961607140224,0.5808218139712827,0.6203961607140226,-2.220446049250313e-16,True
easygese:wheatG,GY,deepgs,2,4,0,0.6437215053838502,0.6817764281219351,0.6437215053838496,5.551115123125783e-16,True
easygese:wheatG,GY,deepgs,2,5,0,0.47402622374119774,0.40573673174545716,0.4740262237411983,-5.551115123125783e-16,True
easygese:wheatG,GY,dnngp,1,1,0,0.5615641724420194,0.5084225710766336,0.5615641724420196,-2.220446049250313e-16,True
easygese:wheatG,GY,dnngp,1,2,0,0.43572655361661394,0.42524150356393453,0.43572655361661355,3.885780586188048e-16,True
easygese:wheatG,GY,dnngp,1,3,0,0.580465375604623,0.5291148899110005,0.5804653756046229,1.1102230246251565e-16,True
easygese:wheatG,GY,dnngp,1,4,0,0.572244035138876,0.5188788419190253,0.572244035138876,0.0,True
easygese:wheatG,GY,dnngp,1,5,0,0.5175293851860846,0.46154612284666147,0.5175293851860846,0.0,True
easygese:wheatG,GY,dnngp,2,1,0,0.48712790463195904,0.5560792116291347,0.4871279046319598,-7.771561172376096e-16,True
easygese:wheatG,GY,dnngp,2,2,0,0.719678211134582,0.6927746258377157,0.719678211134582,0.0,True
easygese:wheatG,GY,dnngp,2,3,0,0.5759665142410757,0.5126385799874944,0.575966514241076,-3.3306690738754696e-16,True
easygese:wheatG,GY,dnngp,2,4,0,0.5315223319448928,0.5045779022997774,0.5315223319448932,-3.3306690738754696e-16,True
easygese:wheatG,GY,dnngp,2,5,0,0.47738893194955073,0.38949768104846466,0.47738893194955045,2.7755575615628914e-16,True
easygese:wheatG,GY,mlp,1,1,0,0.6519412163364565,0.6259803790879768,0.6519412163364565,0.0,True
easygese:wheatG,GY,mlp,1,2,0,0.5678473994983552,0.533400473756791,0.5678473994983557,-5.551115123125783e-16,True
easygese:wheatG,GY,mlp,1,3,0,0.6829362798889939,0.6777691391099898,0.6829362798889941,-2.220446049250313e-16,True
easygese:wheatG,GY,mlp,1,4,0,0.6379722243780667,0.3134875039779906,0.6379722243780674,-7.771561172376096e-16,True
easygese:wheatG,GY,mlp,1,5,0,0.553043027132421,0.5263439465885008,0.5530430271324218,-7.771561172376096e-16,True
easygese:wheatG,GY,mlp,2,1,0,0.5400208462117216,0.5674906487489467,0.5400208462117218,-1.1102230246251565e-16,True
easygese:wheatG,GY,mlp,2,2,0,0.678694841089281,0.6759070093826535,0.6786948410892805,5.551115123125783e-16,True
easygese:wheatG,GY,mlp,2,3,0,0.6127012807944631,0.5848121058903046,0.6127012807944627,3.3306690738754696e-16,True
easygese:wheatG,GY,mlp,2,4,0,0.6123231072156082,0.598460608627206,0.6123231072156081,1.1102230246251565e-16,True
easygese:wheatG,GY,mlp,2,5,0,0.505349431042721,0.46899915787369584,0.5053494310427208,2.220446049250313e-16,True
easygese:wheatG,GY,pnngs,1,1,0,0.36420760894415183,0.4086416837805504,0.36420760894415133,4.996003610813204e-16,True
easygese:wheatG,GY,pnngs,1,2,0,0.5224715418356117,0.4530089587216281,0.5224715418356123,-5.551115123125783e-16,True
easygese:wheatG,GY,pnngs,1,3,0,0.6018474465087483,0.5592296147862914,0.6018474465087479,4.440892098500626e-16,True
easygese:wheatG,GY,pnngs,1,4,0,0.29988641592257775,0.19847014893183978,0.2998864159225792,-1.4432899320127035e-15,True
easygese:wheatG,GY,pnngs,1,5,0,0.4895563027527653,0.472065426156305,0.48955630275276496,3.3306690738754696e-16,True
easygese:wheatG,GY,pnngs,2,1,0,0.5429247560202898,0.489689836569687,0.5429247560202901,-3.3306690738754696e-16,True
easygese:wheatG,GY,pnngs,2,2,0,0.4316792993116662,0.407822920603475,0.4316792993116632,2.9976021664879227e-15,True
easygese:wheatG,GY,pnngs,2,3,0,0.5365031080812575,0.4971893923414973,0.5365031080812566,8.881784197001252e-16,True
easygese:wheatG,GY,pnngs,2,4,0,0.5028948558037317,0.5277541950480016,0.5028948558037312,5.551115123125783e-16,True
easygese:wheatG,GY,pnngs,2,5,0,0.37305621004560247,0.3974776392999844,0.37305621004560213,3.3306690738754696e-16,True
easygese:wheatG,GY,soydngp,1,1,0,0.6634937393497424,0.6448693499208642,0.6634937393497423,1.1102230246251565e-16,True
easygese:wheatG,GY,soydngp,1,2,0,0.4474381087461925,0.4533910200356746,0.4474381087461929,-3.885780586188048e-16,True
easygese:wheatG,GY,soydngp,1,3,0,0.32066193584565544,0.34766949830072685,0.32066193584566655,-1.1102230246251565e-14,True
easygese:wheatG,GY,soydngp,1,4,0,0.6428486888722793,0.5286700189953022,0.6428486888722795,-2.220446049250313e-16,True
easygese:wheatG,GY,soydngp,1,5,0,0.5291257499621089,0.45897127612843663,0.529125749962109,-1.1102230246251565e-16,True
easygese:wheatG,GY,soydngp,2,1,0,0.6355844797730722,0.6588052783543528,0.635584479773072,2.220446049250313e-16,True
easygese:wheatG,GY,soydngp,2,2,0,0.5724613403778576,0.5208038828842045,0.5724613403778599,-2.3314683517128287e-15,True
easygese:wheatG,GY,soydngp,2,3,0,0.5931472405995244,0.5540483220654517,0.5931472405995238,5.551115123125783e-16,True
easygese:wheatG,GY,soydngp,2,4,0,0.6004700144844296,0.5609661103864693,0.6004700144844297,-1.1102230246251565e-16,True
easygese:wheatG,GY,soydngp,2,5,0,0.3965360759920857,0.4186700399903466,0.3965360759920857,0.0,True
easygese:wheatG,GY,transformer,1,1,0,0.4387714675252861,0.42651418778989925,0.4387714675252859,2.220446049250313e-16,True
easygese:wheatG,GY,transformer,1,2,0,0.3900547451287636,0.37000534379696925,0.39005474512876387,-2.7755575615628914e-16,True
easygese:wheatG,GY,transformer,1,3,0,0.5729245542218608,0.5326699686886088,0.572924554221861,-1.1102230246251565e-16,True
easygese:wheatG,GY,transformer,1,4,0,0.4972552586426012,0.5419434388252812,0.4972552586426013,-1.1102230246251565e-16,True
easygese:wheatG,GY,transformer,1,5,0,0.3793575304438484,0.3242317053099508,0.3793575304438484,0.0,True
easygese:wheatG,GY,transformer,2,1,0,0.46089610428292244,0.4114857215585646,0.46089610428292216,2.7755575615628914e-16,True
easygese:wheatG,GY,transformer,2,2,0,0.5240305200318546,0.5262430125022625,0.5240305200318539,6.661338147750939e-16,True
easygese:wheatG,GY,transformer,2,3,0,0.48918068949325566,0.4394716295067977,0.48918068949325577,-1.1102230246251565e-16,True
easygese:wheatG,GY,transformer,2,4,0,0.39074677100830063,0.31387833401989007,0.3907467710083005,1.1102230246251565e-16,True
easygese:wheatG,GY,transformer,2,5,0,0.44114850864824245,0.41446698270792154,0.4411485086482424,5.551115123125783e-17,True
easygese:wheatG,HAG,cnn,1,1,0,0.3522275162485589,0.3261903175237358,0.35222751624855914,-2.220446049250313e-16,True
easygese:wheatG,HAG,cnn,1,2,0,0.19707192147747518,0.19106434206500825,0.19707192147747532,-1.3877787807814457e-16,True
easygese:wheatG,HAG,cnn,1,3,0,0.29483658631296616,0.31939856284123236,0.2948365863129662,-5.551115123125783e-17,True
easygese:wheatG,HAG,cnn,1,4,0,0.3134624077994719,0.30461344824585046,0.313462407799472,-1.1102230246251565e-16,True
easygese:wheatG,HAG,cnn,1,5,0,0.452865251199767,0.3768710123117973,0.4528652511997667,2.7755575615628914e-16,True
easygese:wheatG,HAG,cnn,2,1,0,0.237607444645667,0.27523018164852253,0.23760744464566727,-2.7755575615628914e-16,True
easygese:wheatG,HAG,cnn,2,2,0,0.3790829225691893,0.3250328240510318,0.37908292256918935,-5.551115123125783e-17,True
easygese:wheatG,HAG,cnn,2,3,0,0.2948447321692254,0.31902888747581276,0.2948447321692254,0.0,True
easygese:wheatG,HAG,cnn,2,4,0,0.2690924228896788,0.3259578558321084,0.2690924228896787,5.551115123125783e-17,True
easygese:wheatG,HAG,cnn,2,5,0,0.5173723953540906,0.4230167847825869,0.5173723953540911,-4.440892098500626e-16,True
easygese:wheatG,HAG,deepgs,1,1,0,0.5442854525736398,0.44449380984295817,0.5442854525736396,2.220446049250313e-16,True
easygese:wheatG,HAG,deepgs,1,2,0,0.38527938677048673,0.39745584375552123,0.38527938677048673,0.0,True
easygese:wheatG,HAG,deepgs,1,3,0,0.3780282440161654,0.31996507919481504,0.37802824401616536,5.551115123125783e-17,True
easygese:wheatG,HAG,deepgs,1,4,0,0.4220323035997774,0.4181411517896454,0.4220323035997773,1.1102230246251565e-16,True
easygese:wheatG,HAG,deepgs,1,5,0,0.5967393605119936,0.5143127481818498,0.5967393605119938,-2.220446049250313e-16,True
easygese:wheatG,HAG,deepgs,2,1,0,0.4222379762131843,0.41475916508070715,0.4222379762131846,-2.7755575615628914e-16,True
easygese:wheatG,HAG,deepgs,2,2,0,0.3900802193520705,0.38028785813159105,0.39008021935207016,3.3306690738754696e-16,True
easygese:wheatG,HAG,deepgs,2,3,0,0.4397004254273691,0.3923467388952398,0.43970042542736887,2.220446049250313e-16,True
easygese:wheatG,HAG,deepgs,2,4,0,0.3559787373409077,0.3130231975634205,0.35597873734090757,1.1102230246251565e-16,True
easygese:wheatG,HAG,deepgs,2,5,0,0.6257563534124774,0.496761751961262,0.6257563534124769,4.440892098500626e-16,True
easygese:wheatG,HAG,dnngp,1,1,0,0.4537585858507837,0.3684840990868874,0.4537585858507836,1.1102230246251565e-16,True
easygese:wheatG,HAG,dnngp,1,2,0,0.30511224111602886,0.2805696905849522,0.3051122411160289,-5.551115123125783e-17,True
easygese:wheatG,HAG,dnngp,1,3,0,0.34560489668703726,0.36158934434409606,0.34560489668703714,1.1102230246251565e-16,True
easygese:wheatG,HAG,dnngp,1,4,0,0.5246807855853152,0.4795307409195245,0.5246807855853151,1.1102230246251565e-16,True
easygese:wheatG,HAG,dnngp,1,5,0,0.4545624718557508,0.43223680772825124,0.45456247185575094,-1.1102230246251565e-16,True
easygese:wheatG,HAG,dnngp,2,1,0,0.3707228162237101,0.41912220071140044,0.3707228162237103,-1.6653345369377348e-16,True
easygese:wheatG,HAG,dnngp,2,2,0,0.3789391338524426,0.3695711404890411,0.3789391338524423,2.7755575615628914e-16,True
easygese:wheatG,HAG,dnngp,2,3,0,0.4647553951680206,0.3868910739869145,0.46475539516802017,4.440892098500626e-16,True
easygese:wheatG,HAG,dnngp,2,4,0,0.33152762411443326,0.3037642035245816,0.3315276241144328,4.440892098500626e-16,True
easygese:wheatG,HAG,dnngp,2,5,0,0.6070190723527653,0.541026120399068,0.607019072352765,3.3306690738754696e-16,True
easygese:wheatG,HAG,mlp,1,1,0,0.5239934652248399,0.45295629640465346,0.5239934652248396,3.3306690738754696e-16,True
easygese:wheatG,HAG,mlp,1,2,0,0.3090529112068978,0.38669641319698983,0.30905291120689793,-1.1102230246251565e-16,True
easygese:wheatG,HAG,mlp,1,3,0,0.3967517983740129,0.4027163597377392,0.3967517983740133,-3.885780586188048e-16,True
easygese:wheatG,HAG,mlp,1,4,0,0.39895707429557264,0.407625462158316,0.39895707429557253,1.1102230246251565e-16,True
easygese:wheatG,HAG,mlp,1,5,0,0.5371384745875077,0.46976051001759317,0.5371384745875079,-1.1102230246251565e-16,True
easygese:wheatG,HAG,mlp,2,1,0,0.48332044156553916,0.4815935339742491,0.48332044156553927,-1.1102230246251565e-16,True
easygese:wheatG,HAG,mlp,2,2,0,0.4379597864829342,0.4415555082464003,0.4379597864829344,-1.6653345369377348e-16,True
easygese:wheatG,HAG,mlp,2,3,0,0.40903476287957313,0.3101599940355223,0.409034762879573,1.1102230246251565e-16,True
easygese:wheatG,HAG,mlp,2,4,0,0.3872184679611643,0.3553541427964701,0.3872184679611643,0.0,True
easygese:wheatG,HAG,mlp,2,5,0,0.6055025247703717,0.39754923709880186,0.6055025247703714,3.3306690738754696e-16,True
easygese:wheatG,HAG,pnngs,1,1,0,0.05411308209780855,0.11583466184333673,0.054113082097806194,2.3592239273284576e-15,True
easygese:wheatG,HAG,pnngs,1,2,0,-0.027345547471830173,-0.01526918596339061,-0.02734554747182989,-2.8449465006019636e-16,True
easygese:wheatG,HAG,pnngs,1,3,0,0.2795233185357817,0.24230003080416831,0.2795233185357819,-1.6653345369377348e-16,True
easygese:wheatG,HAG,pnngs,1,4,0,0.00169228262984388,-0.0064954297379928045,0.0016922826298439192,-3.924811864397526e-17,True
easygese:wheatG,HAG,pnngs,1,5,0,-0.10611787955356983,-0.05725445732736866,-0.10611787955357005,2.220446049250313e-16,True
easygese:wheatG,HAG,pnngs,2,1,0,0.20687805225780814,0.16859979924036397,0.20687805225780778,3.608224830031759e-16,True
easygese:wheatG,HAG,pnngs,2,2,0,0.17300465200038492,0.19885491594868707,0.17300465200038465,2.7755575615628914e-16,True
easygese:wheatG,HAG,pnngs,2,3,0,0.10493973017118674,0.10193278954328112,0.10493973017118727,-5.273559366969494e-16,True
easygese:wheatG,HAG,pnngs,2,4,0,0.17126530180870644,0.11829019898972572,0.17126530180870667,-2.220446049250313e-16,True
easygese:wheatG,HAG,pnngs,2,5,0,0.12134565554739063,0.16365792903093984,0.12134565554739014,4.85722573273506e-16,True
easygese:wheatG,HAG,soydngp,1,1,0,0.5341256105164198,0.5156606202460178,0.5341256105164197,1.1102230246251565e-16,True
easygese:wheatG,HAG,soydngp,1,2,0,0.27984974172039684,0.26866567500245614,0.2798497417203974,-5.551115123125783e-16,True
easygese:wheatG,HAG,soydngp,1,3,0,0.2922139527712369,0.2794908292001404,0.2922139527712368,1.1102230246251565e-16,True
easygese:wheatG,HAG,soydngp,1,4,0,0.4258415579318636,0.3821680746056226,0.4258415579318688,-5.162537064506978e-15,True
easygese:wheatG,HAG,soydngp,1,5,0,0.548574921219777,0.5243923101029736,0.5485749212197769,1.1102230246251565e-16,True
easygese:wheatG,HAG,soydngp,2,1,0,0.47420827900933576,0.45447257194125473,0.4742082790093359,-1.1102230246251565e-16,True
easygese:wheatG,HAG,soydngp,2,2,0,0.34462261709202274,0.29444936528015914,0.34462261709202274,0.0,True
easygese:wheatG,HAG,soydngp,2,3,0,0.33174621644728547,0.3404263167573625,0.3317462164472998,-1.432187701766452e-14,True
easygese:wheatG,HAG,soydngp,2,4,0,0.3575001418459869,0.29662263661961097,0.3575001418459869,0.0,True
easygese:wheatG,HAG,soydngp,2,5,0,0.5366442708873752,0.4040805988488524,0.5366442708873751,1.1102230246251565e-16,True
easygese:wheatG,HAG,transformer,1,1,0,0.464977205006788,0.45995753742264545,0.4649772050067881,-5.551115123125783e-17,True
easygese:wheatG,HAG,transformer,1,2,0,0.2966927492524781,0.2971121534800263,0.29669274925247796,1.6653345369377348e-16,True
easygese:wheatG,HAG,transformer,1,3,0,0.34642336898552545,0.31964443322681196,0.34642336898552545,0.0,True
easygese:wheatG,HAG,transformer,1,4,0,0.2820507153400598,0.2497498496528062,0.28205071534005977,5.551115123125783e-17,True
easygese:wheatG,HAG,transformer,1,5,0,0.5079886380598516,0.4805506844223455,0.5079886380598515,1.1102230246251565e-16,True
easygese:wheatG,HAG,transformer,2,1,0,0.4161916473552308,0.45390673262171366,0.416191647355231,-2.220446049250313e-16,True
easygese:wheatG,HAG,transformer,2,2,0,0.23496047116050484,0.22364664453587274,0.23496047116050478,5.551115123125783e-17,True
easygese:wheatG,HAG,transformer,2,3,0,0.25054872449309895,0.24930350954634606,0.25054872449309873,2.220446049250313e-16,True
easygese:wheatG,HAG,transformer,2,4,0,0.20492684548681073,0.179709287029365,0.2049268454868113,-5.828670879282072e-16,True
easygese:wheatG,HAG,transformer,2,5,0,0.44526463126170635,0.386854436999615,0.4452646312617061,2.220446049250313e-16,True
easygese:wheatG,HD,cnn,1,1,0,0.645315882153294,0.6241487199316673,0.6453158821532948,-7.771561172376096e-16,True
easygese:wheatG,HD,cnn,1,2,0,0.638523038380784,0.6907556952853272,0.6385230383807841,-1.1102230246251565e-16,True
easygese:wheatG,HD,cnn,1,3,0,0.7204509336185618,0.7074642076389605,0.7204509336185622,-3.3306690738754696e-16,True
easygese:wheatG,HD,cnn,1,4,0,0.2475301847694035,0.2596076177290681,0.24753018476940306,4.440892098500626e-16,True
easygese:wheatG,HD,cnn,1,5,0,0.5632756200661961,0.6073135103926449,0.5632756200661957,4.440892098500626e-16,True
easygese:wheatG,HD,cnn,2,1,0,0.6535141072047354,0.6311266606244061,0.6535141072047346,7.771561172376096e-16,True
easygese:wheatG,HD,cnn,2,2,0,0.5788052192548246,0.510787406703811,0.5788052192548252,-5.551115123125783e-16,True
easygese:wheatG,HD,cnn,2,3,0,0.38514980429469636,0.32974422502315104,0.38514980429469714,-7.771561172376096e-16,True
easygese:wheatG,HD,cnn,2,4,0,0.586737155872468,0.5302937625331323,0.5867371558724683,-3.3306690738754696e-16,True
easygese:wheatG,HD,cnn,2,5,0,0.5537374984054567,0.5069816807914485,0.5537374984054575,-7.771561172376096e-16,True
easygese:wheatG,HD,deepgs,1,1,0,0.699041492717099,0.7105208232218113,0.6990414927170988,2.220446049250313e-16,True
easygese:wheatG,HD,deepgs,1,2,0,0.7128240650226385,0.7203311035586232,0.712824065022638,5.551115123125783e-16,True
easygese:wheatG,HD,deepgs,1,3,0,0.8023597344928896,0.7694134518317183,0.8023597344928892,3.3306690738754696e-16,True
easygese:wheatG,HD,deepgs,1,4,0,0.5861212141058715,0.5579159187512253,0.586121214105871,4.440892098500626e-16,True
easygese:wheatG,HD,deepgs,1,5,0,0.6341269780548812,0.6389681537202859,0.634126978054881,1.1102230246251565e-16,True
easygese:wheatG,HD,deepgs,2,1,0,0.7284378591127815,0.7218501288184357,0.7284378591127818,-3.3306690738754696e-16,True
easygese:wheatG,HD,deepgs,2,2,0,0.722457667088383,0.689439500237169,0.7224576670883833,-3.3306690738754696e-16,True
easygese:wheatG,HD,deepgs,2,3,0,0.560322355284418,0.5000426613232314,0.5603223552844182,-2.220446049250313e-16,True
easygese:wheatG,HD,deepgs,2,4,0,0.6732274504803518,0.5853004839930313,0.6732274504803533,-1.4432899320127035e-15,True
easygese:wheatG,HD,deepgs,2,5,0,0.6861421791308577,0.6610219608760889,0.6861421791308571,6.661338147750939e-16,True
easygese:wheatG,HD,dnngp,1,1,0,0.593311293347874,0.5907935390944502,0.5933112933478748,-7.771561172376096e-16,True
easygese:wheatG,HD,dnngp,1,2,0,0.670841104246702,0.6965846631677449,0.6708411042467013,6.661338147750939e-16,True
easygese:wheatG,HD,dnngp,1,3,0,0.7316809194661446,0.7219519593340901,0.7316809194661447,-1.1102230246251565e-16,True
easygese:wheatG,HD,dnngp,1,4,0,0.48440898713318215,0.5618431808256448,0.48440898713318387,-1.7208456881689926e-15,True
easygese:wheatG,HD,dnngp,1,5,0,0.6356063635864188,0.6555077279829185,0.6356063635864191,-3.3306690738754696e-16,True
easygese:wheatG,HD,dnngp,2,1,0,0.7718013012555266,0.746629316495252,0.7718013012555268,-2.220446049250313e-16,True
easygese:wheatG,HD,dnngp,2,2,0,0.7077604623919345,0.7187058468068543,0.7077604623919347,-2.220446049250313e-16,True
easygese:wheatG,HD,dnngp,2,3,0,0.5052483886738129,0.4305124697226108,0.5052483886738135,-5.551115123125783e-16,True
easygese:wheatG,HD,dnngp,2,4,0,0.6896912985151817,0.6941317775386531,0.6896912985151816,1.1102230246251565e-16,True
easygese:wheatG,HD,dnngp,2,5,0,0.6414031537786076,0.6677131875144728,0.6414031537786081,-5.551115123125783e-16,True
easygese:wheatG,HD,mlp,1,1,0,0.7034459724183715,0.6832148835649027,0.7034459724183706,8.881784197001252e-16,True
easygese:wheatG,HD,mlp,1,2,0,0.7167410102040623,0.7460000253952733,0.7167410102040634,-1.1102230246251565e-15,True
easygese:wheatG,HD,mlp,1,3,0,0.7915444497630623,0.7685464000829915,0.7915444497630623,0.0,True
easygese:wheatG,HD,mlp,1,4,0,0.6465844784497461,0.649528847875216,0.6465844784497454,6.661338147750939e-16,True
easygese:wheatG,HD,mlp,1,5,0,0.6550681123270049,0.6339220294020476,0.6550681123270045,4.440892098500626e-16,True
easygese:wheatG,HD,mlp,2,1,0,0.7154752281409342,0.6555316720355383,0.715475228140934,2.220446049250313e-16,True
easygese:wheatG,HD,mlp,2,2,0,0.7336997489662211,0.74495037290101,0.7336997489662206,5.551115123125783e-16,True
easygese:wheatG,HD,mlp,2,3,0,0.5919057010814263,0.48065376482412353,0.5919057010814253,9.992007221626409e-16,True
easygese:wheatG,HD,mlp,2,4,0,0.7027812418060165,0.6939160640343699,0.7027812418060164,1.1102230246251565e-16,True
easygese:wheatG,HD,mlp,2,5,0,0.6940472441641939,0.6932708955772464,0.6940472441641931,8.881784197001252e-16,True
easygese:wheatG,HD,pnngs,1,1,0,0.5055374385575859,0.5272796195930373,0.5055374385575856,3.3306690738754696e-16,True
easygese:wheatG,HD,pnngs,1,2,0,0.6273616795070462,0.5860070089609247,0.6273616795070466,-3.3306690738754696e-16,True
easygese:wheatG,HD,pnngs,1,3,0,0.5048794239544717,0.40586801893732327,0.5048794239544729,-1.2212453270876722e-15,True
easygese:wheatG,HD,pnngs,1,4,0,0.14542057120334642,0.22703235703978222,0.14542057120334995,-3.524958103184872e-15,True
easygese:wheatG,HD,pnngs,1,5,0,0.3042340724540896,0.2582362658364965,0.30423407245408984,-2.220446049250313e-16,True
easygese:wheatG,HD,pnngs,2,1,0,0.4064006113040962,0.3357054331582316,0.40640061130409666,-4.440892098500626e-16,True
easygese:wheatG,HD,pnngs,2,2,0,0.4469435939578232,0.40210021640622895,0.4469435939578248,-1.609823385706477e-15,True
easygese:wheatG,HD,pnngs,2,3,0,0.19776444257778653,0.16205199407956875,0.1977644425777866,-8.326672684688674e-17,True
easygese:wheatG,HD,pnngs,2,4,0,0.5334078852771569,0.4486710254307872,0.5334078852771573,-4.440892098500626e-16,True
easygese:wheatG,HD,pnngs,2,5,0,0.3662524118575565,0.38158727376243673,0.36625241185755286,3.6637359812630166e-15,True
easygese:wheatG,HD,soydngp,1,1,0,0.6793044570141225,0.6599414489496096,0.6793044570141236,-1.1102230246251565e-15,True
easygese:wheatG,HD,soydngp,1,2,0,0.653405199471548,0.6303867295924885,0.653405199471548,0.0,True
easygese:wheatG,HD,soydngp,1,3,0,0.7829237138121848,0.787401627094249,0.782923713812185,-1.1102230246251565e-16,True
easygese:wheatG,HD,soydngp,1,4,0,0.5267546106207219,0.4569437764402912,0.526754610620722,-1.1102230246251565e-16,True
easygese:wheatG,HD,soydngp,1,5,0,0.5866524265590639,0.6072827517711021,0.5866524265590645,-5.551115123125783e-16,True
easygese:wheatG,HD,soydngp,2,1,0,0.6977037745478435,0.6598102399789907,0.6977037745478435,0.0,True
easygese:wheatG,HD,soydngp,2,2,0,0.6852901367836594,0.6475947024981872,0.6852901367836591,2.220446049250313e-16,True
easygese:wheatG,HD,soydngp,2,3,0,0.5153579777796176,0.43847007483850037,0.5153579777796168,7.771561172376096e-16,True
easygese:wheatG,HD,soydngp,2,4,0,0.6726314568300118,0.7039054527553122,0.6726314568300117,1.1102230246251565e-16,True
easygese:wheatG,HD,soydngp,2,5,0,0.6877053882565396,0.6693230980758643,0.6877053882565398,-2.220446049250313e-16,True
easygese:wheatG,HD,transformer,1,1,0,0.4684251058181339,0.4947499808438663,0.4684251058181346,-7.216449660063518e-16,True
easygese:wheatG,HD,transformer,1,2,0,0.4877903019498222,0.466320655471379,0.48779030194982337,-1.1657341758564144e-15,True
easygese:wheatG,HD,transformer,1,3,0,0.6947654343382569,0.7050898704271595,0.6947654343382571,-2.220446049250313e-16,True
easygese:wheatG,HD,transformer,1,4,0,0.448832855384191,0.43978781020772423,0.44883285538419115,-1.6653345369377348e-16,True
easygese:wheatG,HD,transformer,1,5,0,0.5214479100435496,0.4927869494765348,0.5214479100435498,-2.220446049250313e-16,True
easygese:wheatG,HD,transformer,2,1,0,0.5691184442658265,0.5173708066992428,0.5691184442658277,-1.2212453270876722e-15,True
easygese:wheatG,HD,transformer,2,2,0,0.5986481436482229,0.5928089204035986,0.598648143648223,-1.1102230246251565e-16,True
easygese:wheatG,HD,transformer,2,3,0,0.5136599847045311,0.4654310338428016,0.5136599847045316,-4.440892098500626e-16,True
easygese:wheatG,HD,transformer,2,4,0,0.5763177773236313,0.5871018926185797,0.5763177773236305,7.771561172376096e-16,True
easygese:wheatG,HD,transformer,2,5,0,0.664549440347173,0.6688019257156799,0.6645494403471723,6.661338147750939e-16,True
easygese:wheatG,PC,cnn,1,1,0,0.47103722479630555,0.5062999366848905,0.4710372247963056,-5.551115123125783e-17,True
easygese:wheatG,PC,cnn,1,2,0,0.5603478210115856,0.47016384013139234,0.5603478210115862,-5.551115123125783e-16,True
easygese:wheatG,PC,cnn,1,3,0,0.6836520768495026,0.6876131456387685,0.6836520768495024,2.220446049250313e-16,True
easygese:wheatG,PC,cnn,1,4,0,0.6007311075652276,0.3722809698271621,0.6007311075652279,-2.220446049250313e-16,True
easygese:wheatG,PC,cnn,1,5,0,0.7391527787175457,0.6994221384028286,0.7391527787175461,-4.440892098500626e-16,True
easygese:wheatG,PC,cnn,2,1,0,0.5484623341074305,0.5731269681809892,0.5484623341074306,-1.1102230246251565e-16,True
easygese:wheatG,PC,cnn,2,2,0,0.6482747901322217,0.6171511457778188,0.6482747901322209,7.771561172376096e-16,True
easygese:wheatG,PC,cnn,2,3,0,0.5303883199761961,0.5207048593290386,0.5303883199761963,-2.220446049250313e-16,True
easygese:wheatG,PC,cnn,2,4,0,0.5071541059676173,0.4908071879251668,0.5071541059676177,-3.3306690738754696e-16,True
easygese:wheatG,PC,cnn,2,5,0,0.6628429479857181,0.6187244717996407,0.6628429479857179,2.220446049250313e-16,True
easygese:wheatG,PC,deepgs,1,1,0,0.513487364099463,0.4929531228715146,0.5134873640994632,-1.1102230246251565e-16,True
easygese:wheatG,PC,deepgs,1,2,0,0.5843133395436632,0.5659799010237258,0.5843133395436636,-4.440892098500626e-16,True
easygese:wheatG,PC,deepgs,1,3,0,0.7603182133895181,0.6939577937770416,0.7603182133895178,3.3306690738754696e-16,True
easygese:wheatG,PC,deepgs,1,4,0,0.6449515295919622,0.5905775939642453,0.6449515295919627,-4.440892098500626e-16,True
easygese:wheatG,PC,deepgs,1,5,0,0.6741135011972086,0.6427551389106531,0.6741135011972089,-3.3306690738754696e-16,True
easygese:wheatG,PC,deepgs,2,1,0,0.628150586649914,0.6444637124431513,0.6281505866499136,3.3306690738754696e-16,True
easygese:wheatG,PC,deepgs,2,2,0,0.7464589479933952,0.6740270726649256,0.7464589479933953,-1.1102230246251565e-16,True
easygese:wheatG,PC,deepgs,2,3,0,0.6628446565095182,0.6073989141513889,0.6628446565095188,-6.661338147750939e-16,True
easygese:wheatG,PC,deepgs,2,4,0,0.6191387757935793,0.5994411354037799,0.6191387757935787,6.661338147750939e-16,True
easygese:wheatG,PC,deepgs,2,5,0,0.7784118947886915,0.7429615685027685,0.7784118947886917,-1.1102230246251565e-16,True
easygese:wheatG,PC,dnngp,1,1,0,0.5817236316398309,0.5777274521748429,0.5817236316398311,-2.220446049250313e-16,True
easygese:wheatG,PC,dnngp,1,2,0,0.5645560947721436,0.5689780688866447,0.5645560947721434,2.220446049250313e-16,True
easygese:wheatG,PC,dnngp,1,3,0,0.6249224226934087,0.5695430925586519,0.6249224226934083,4.440892098500626e-16,True
easygese:wheatG,PC,dnngp,1,4,0,0.3435598280033176,0.339928062410136,0.3435598280033188,-1.2212453270876722e-15,True
easygese:wheatG,PC,dnngp,1,5,0,0.6447008581443362,0.6317337036925242,0.6447008581443362,0.0,True
easygese:wheatG,PC,dnngp,2,1,0,0.6065089262550414,0.62518809031399,0.606508926255041,3.3306690738754696e-16,True
easygese:wheatG,PC,dnngp,2,2,0,0.7429845416119207,0.6705340586782513,0.7429845416119203,4.440892098500626e-16,True
easygese:wheatG,PC,dnngp,2,3,0,0.6032621383862966,0.5949447604262533,0.6032621383862966,0.0,True
easygese:wheatG,PC,dnngp,2,4,0,0.6404527936520525,0.6479753762069409,0.6404527936520522,3.3306690738754696e-16,True
easygese:wheatG,PC,dnngp,2,5,0,0.756184152871885,0.7487926758603508,0.7561841528718858,-7.771561172376096e-16,True
easygese:wheatG,PC,mlp,1,1,0,0.5201534844013443,0.500030050755346,0.5201534844013443,0.0,True
easygese:wheatG,PC,mlp,1,2,0,0.594331418599967,0.578246846628788,0.5943314185999673,-3.3306690738754696e-16,True
easygese:wheatG,PC,mlp,1,3,0,0.7257516402603255,0.6684520778200983,0.7257516402603249,5.551115123125783e-16,True
easygese:wheatG,PC,mlp,1,4,0,0.6628037846500535,0.5690185259882081,0.6628037846500537,-2.220446049250313e-16,True
easygese:wheatG,PC,mlp,1,5,0,0.6402290634348393,0.5912095537047573,0.6402290634348394,-1.1102230246251565e-16,True
easygese:wheatG,PC,mlp,2,1,0,0.6445630890091292,0.6691392946984973,0.6445630890091293,-1.1102230246251565e-16,True
easygese:wheatG,PC,mlp,2,2,0,0.7383130971194694,0.6980425237789832,0.7383130971194696,-2.220446049250313e-16,True
easygese:wheatG,PC,mlp,2,3,0,0.6833169507793556,0.6612255954301018,0.6833169507793554,2.220446049250313e-16,True
easygese:wheatG,PC,mlp,2,4,0,0.595593325011669,0.5996149681403927,0.5955933250116688,1.1102230246251565e-16,True
easygese:wheatG,PC,mlp,2,5,0,0.7426577667456637,0.7319450445707195,0.7426577667456635,2.220446049250313e-16,True
easygese:wheatG,PC,pnngs,1,1,0,0.23474670050120675,0.20149068658710556,0.23474670050120977,-3.0253577421035516e-15,True
easygese:wheatG,PC,pnngs,1,2,0,0.44459062380341624,0.40636324168958315,0.4445906238034156,6.661338147750939e-16,True
easygese:wheatG,PC,pnngs,1,3,0,0.7000257180865042,0.7024643646878803,0.7000257180865055,-1.3322676295501878e-15,True
easygese:wheatG,PC,pnngs,1,4,0,0.4065056251281095,0.3959475673027091,0.40650562512810967,-1.6653345369377348e-16,True
easygese:wheatG,PC,pnngs,1,5,0,0.6998275890444619,0.6297593187652454,0.6998275890444613,5.551115123125783e-16,True
easygese:wheatG,PC,pnngs,2,1,0,0.4402257641098538,0.3263781656613845,0.4402257641098521,1.7208456881689926e-15,True
easygese:wheatG,PC,pnngs,2,2,0,0.48651122213275616,0.5096045866435329,0.486511222132756,1.6653345369377348e-16,True
easygese:wheatG,PC,pnngs,2,3,0,0.6555513944431959,0.557371593243839,0.655551394443196,-1.1102230246251565e-16,True
easygese:wheatG,PC,pnngs,2,4,0,0.48367993994871494,0.519396831656139,0.4836799399487149,5.551115123125783e-17,True
easygese:wheatG,PC,pnngs,2,5,0,0.648124858403534,0.6352833204258731,0.6481248584035348,-8.881784197001252e-16,True
easygese:wheatG,PC,soydngp,1,1,0,0.575334648451774,0.5003895467704199,0.5753346484517753,-1.3322676295501878e-15,True
easygese:wheatG,PC,soydngp,1,2,0,0.5985575320095727,0.5685629158703395,0.5985575320095726,1.1102230246251565e-16,True
easygese:wheatG,PC,soydngp,1,3,0,0.6702380581132653,0.598002569353609,0.670238058113265,3.3306690738754696e-16,True
easygese:wheatG,PC,soydngp,1,4,0,0.6851464583821975,0.5868941105689246,0.685146458382198,-5.551115123125783e-16,True
easygese:wheatG,PC,soydngp,1,5,0,0.5619278352076409,0.4888070598883204,0.5619278352076394,1.4432899320127035e-15,True
easygese:wheatG,PC,soydngp,2,1,0,0.655481702699989,0.6339760554630093,0.6554817026999891,-1.1102230246251565e-16,True
easygese:wheatG,PC,soydngp,2,2,0,0.7315847263812962,0.6366437842162032,0.7315847263812961,1.1102230246251565e-16,True
easygese:wheatG,PC,soydngp,2,3,0,0.6238315166022134,0.5902857917336075,0.6238315166022131,2.220446049250313e-16,True
easygese:wheatG,PC,soydngp,2,4,0,0.5597564069812324,0.562111825129212,0.5597564069812326,-2.220446049250313e-16,True
easygese:wheatG,PC,soydngp,2,5,0,0.7019260047111922,0.6454495445678051,0.7019260047111929,-7.771561172376096e-16,True
easygese:wheatG,PC,transformer,1,1,0,0.5470282925963186,0.5048018705217757,0.5470282925963191,-5.551115123125783e-16,True
easygese:wheatG,PC,transformer,1,2,0,0.419618707240449,0.44117501868270187,0.4196187072404485,4.996003610813204e-16,True
easygese:wheatG,PC,transformer,1,3,0,0.48780577374024003,0.44578247623931466,0.4878057737402399,1.1102230246251565e-16,True
easygese:wheatG,PC,transformer,1,4,0,0.49742060967266777,0.42704092036004204,0.49742060967266805,-2.7755575615628914e-16,True
easygese:wheatG,PC,transformer,1,5,0,0.5499385048727604,0.4873738756202506,0.5499385048727604,0.0,True
easygese:wheatG,PC,transformer,2,1,0,0.35820477584234006,0.31260828578716593,0.3582047758423401,-5.551115123125783e-17,True
easygese:wheatG,PC,transformer,2,2,0,0.6707089608162751,0.5609386389670195,0.6707089608162748,2.220446049250313e-16,True
easygese:wheatG,PC,transformer,2,3,0,0.614599838863448,0.58540678977999,0.6145998388634483,-2.220446049250313e-16,True
easygese:wheatG,PC,transformer,2,4,0,0.50081573943652,0.5324528494647945,0.5008157394365196,4.440892098500626e-16,True
easygese:wheatG,PC,transformer,2,5,0,0.6607629342764221,0.6310455085009574,0.6607629342764224,-3.3306690738754696e-16,True
easygese:wheatG,PH,cnn,1,1,0,0.7453478254036553,0.7556741974237385,0.7453478254036554,-1.1102230246251565e-16,True
easygese:wheatG,PH,cnn,1,2,0,0.6867330478649802,0.7027519808385582,0.6867330478649801,1.1102230246251565e-16,True
easygese:wheatG,PH,cnn,1,3,0,0.753878487087698,0.7155669949404557,0.753878487087698,0.0,True
easygese:wheatG,PH,cnn,1,4,0,0.7612119307385999,0.7162704189733208,0.7612119307386004,-4.440892098500626e-16,True
easygese:wheatG,PH,cnn,1,5,0,0.77811777021123,0.7754277929712414,0.77811777021123,0.0,True
easygese:wheatG,PH,cnn,2,1,0,0.696631420670027,0.7034161068535412,0.6966314206700271,-1.1102230246251565e-16,True
easygese:wheatG,PH,cnn,2,2,0,0.7431592013742171,0.7325527751688877,0.7431592013742172,-1.1102230246251565e-16,True
easygese:wheatG,PH,cnn,2,3,0,0.7188262532417031,0.7207302981654015,0.7188262532417031,0.0,True
easygese:wheatG,PH,cnn,2,4,0,0.8269316927010476,0.8103042143111686,0.8269316927010474,2.220446049250313e-16,True
easygese:wheatG,PH,cnn,2,5,0,0.6253570634830425,0.5968516373509776,0.6253570634830427,-1.1102230246251565e-16,True
easygese:wheatG,PH,deepgs,1,1,0,0.8154338022221191,0.7927687813684454,0.815433802222119,1.1102230246251565e-16,True
easygese:wheatG,PH,deepgs,1,2,0,0.7741709556960034,0.7768467023189471,0.7741709556960034,0.0,True
easygese:wheatG,PH,deepgs,1,3,0,0.8241637930462915,0.8096789022909255,0.8241637930462915,0.0,True
easygese:wheatG,PH,deepgs,1,4,0,0.7955559916593054,0.7822474391386464,0.7955559916593052,1.1102230246251565e-16,True
easygese:wheatG,PH,deepgs,1,5,0,0.8241987418275576,0.8077362593772728,0.8241987418275574,2.220446049250313e-16,True
easygese:wheatG,PH,deepgs,2,1,0,0.7569911315064494,0.7256025919645334,0.7569911315064495,-1.1102230246251565e-16,True
easygese:wheatG,PH,deepgs,2,2,0,0.8056779242203592,0.8101251150332501,0.8056779242203593,-1.1102230246251565e-16,True
easygese:wheatG,PH,deepgs,2,3,0,0.8171164899693875,0.8003195689433198,0.8171164899693875,0.0,True
easygese:wheatG,PH,deepgs,2,4,0,0.8510683322935049,0.8166453477254348,0.8510683322935053,-4.440892098500626e-16,True
easygese:wheatG,PH,deepgs,2,5,0,0.7667709157988329,0.7169089811456658,0.7667709157988327,2.220446049250313e-16,True
easygese:wheatG,PH,dnngp,1,1,0,0.7827739714253635,0.7544100157831446,0.7827739714253631,4.440892098500626e-16,True
easygese:wheatG,PH,dnngp,1,2,0,0.7568310656036156,0.7764257106581169,0.7568310656036155,1.1102230246251565e-16,True
easygese:wheatG,PH,dnngp,1,3,0,0.8310156366811602,0.817160874416836,0.83101563668116,2.220446049250313e-16,True
easygese:wheatG,PH,dnngp,1,4,0,0.7384822963706025,0.7214299971997711,0.7384822963706027,-2.220446049250313e-16,True
easygese:wheatG,PH,dnngp,1,5,0,0.7575316020271157,0.7794000524262393,0.7575316020271153,3.3306690738754696e-16,True
easygese:wheatG,PH,dnngp,2,1,0,0.7383631141748327,0.7432506804780441,0.7383631141748327,0.0,True
easygese:wheatG,PH,dnngp,2,2,0,0.7802936821520545,0.794506541023295,0.7802936821520544,1.1102230246251565e-16,True
easygese:wheatG,PH,dnngp,2,3,0,0.8038131920844336,0.8007892424218426,0.8038131920844335,1.1102230246251565e-16,True
easygese:wheatG,PH,dnngp,2,4,0,0.7954005810343754,0.7769116455477507,0.7954005810343759,-5.551115123125783e-16,True
easygese:wheatG,PH,dnngp,2,5,0,0.747355952104479,0.7158464308787594,0.747355952104479,0.0,True
easygese:wheatG,PH,mlp,1,1,0,0.8127560640764991,0.7980959709647483,0.8127560640764993,-1.1102230246251565e-16,True
easygese:wheatG,PH,mlp,1,2,0,0.7996070636378538,0.7873507988671421,0.799607063637854,-2.220446049250313e-16,True
easygese:wheatG,PH,mlp,1,3,0,0.8129105758738241,0.7592605215338759,0.8129105758738245,-4.440892098500626e-16,True
easygese:wheatG,PH,mlp,1,4,0,0.7861183819647858,0.7454973030980754,0.7861183819647857,1.1102230246251565e-16,True
easygese:wheatG,PH,mlp,1,5,0,0.807582142875926,0.8059584774365478,0.8075821428759262,-2.220446049250313e-16,True
easygese:wheatG,PH,mlp,2,1,0,0.7567728996416433,0.7365194458487604,0.7567728996416426,6.661338147750939e-16,True
easygese:wheatG,PH,mlp,2,2,0,0.8049896711240637,0.795668400776339,0.8049896711240636,1.1102230246251565e-16,True
easygese:wheatG,PH,mlp,2,3,0,0.8101549679739536,0.7752585233280617,0.8101549679739536,0.0,True
easygese:wheatG,PH,mlp,2,4,0,0.8584303926056935,0.8404628681370238,0.8584303926056936,-1.1102230246251565e-16,True
easygese:wheatG,PH,mlp,2,5,0,0.7586658281423838,0.7197134658585118,0.7586658281423839,-1.1102230246251565e-16,True
easygese:wheatG,PH,pnngs,1,1,0,0.5269796637962033,0.556079181144937,0.5269796637962035,-2.220446049250313e-16,True
easygese:wheatG,PH,pnngs,1,2,0,0.3717101337304195,0.32101051260286734,0.3717101337304186,8.881784197001252e-16,True
easygese:wheatG,PH,pnngs,1,3,0,0.6348162045729235,0.6414856104519029,0.6348162045729226,8.881784197001252e-16,True
easygese:wheatG,PH,pnngs,1,4,0,0.4569974511379551,0.4180881391593727,0.4569974511379551,0.0,True
easygese:wheatG,PH,pnngs,1,5,0,0.6138166844056897,0.5818493887267757,0.6138166844056895,2.220446049250313e-16,True
easygese:wheatG,PH,pnngs,2,1,0,0.5285507779899938,0.46399804873331363,0.5285507779899946,-7.771561172376096e-16,True
easygese:wheatG,PH,pnngs,2,2,0,0.6359523492843315,0.5142725391223709,0.6359523492843315,0.0,True
easygese:wheatG,PH,pnngs,2,3,0,0.4182494380698668,0.364231294107362,0.4182494380698666,2.220446049250313e-16,True
easygese:wheatG,PH,pnngs,2,4,0,0.6526961191834808,0.6167951851425043,0.6526961191834814,-5.551115123125783e-16,True
easygese:wheatG,PH,pnngs,2,5,0,0.503392556464001,0.46383196308396685,0.5033925564640006,4.440892098500626e-16,True
easygese:wheatG,PH,soydngp,1,1,0,0.791413000068652,0.7760721523629917,0.7914130000686523,-3.3306690738754696e-16,True
easygese:wheatG,PH,soydngp,1,2,0,0.7683792042732793,0.7589038067040859,0.7683792042732797,-3.3306690738754696e-16,True
easygese:wheatG,PH,soydngp,1,3,0,0.793350974484689,0.8021830997045186,0.7933509744846887,3.3306690738754696e-16,True
easygese:wheatG,PH,soydngp,1,4,0,0.7452105615972432,0.6943105765067573,0.7452105615972431,1.1102230246251565e-16,True
easygese:wheatG,PH,soydngp,1,5,0,0.823389114247432,0.8184411433932185,0.8233891142474319,1.1102230246251565e-16,True
easygese:wheatG,PH,soydngp,2,1,0,0.7498552293258314,0.7614332337479428,0.7498552293258313,1.1102230246251565e-16,True
easygese:wheatG,PH,soydngp,2,2,0,0.8049745171372008,0.7977540355409567,0.8049745171372009,-1.1102230246251565e-16,True
easygese:wheatG,PH,soydngp,2,3,0,0.7985814729070452,0.7705006625284159,0.7985814729070447,4.440892098500626e-16,True
easygese:wheatG,PH,soydngp,2,4,0,0.8351179005952561,0.7945201369481298,0.8351179005952565,-3.3306690738754696e-16,True
easygese:wheatG,PH,soydngp,2,5,0,0.7241565272598789,0.687531986948177,0.7241565272598788,1.1102230246251565e-16,True
easygese:wheatG,PH,transformer,1,1,0,0.6807555606260038,0.6414366415950171,0.6807555606260042,-3.3306690738754696e-16,True
easygese:wheatG,PH,transformer,1,2,0,0.6947924577782967,0.6869480055573032,0.6947924577782968,-1.1102230246251565e-16,True
easygese:wheatG,PH,transformer,1,3,0,0.7573760371890683,0.7169811281125426,0.7573760371890683,0.0,True
easygese:wheatG,PH,transformer,1,4,0,0.7289912894223297,0.6888964805984761,0.7289912894223298,-1.1102230246251565e-16,True
easygese:wheatG,PH,transformer,1,5,0,0.756131801191982,0.7548580317026983,0.756131801191982,0.0,True
easygese:wheatG,PH,transformer,2,1,0,0.6900977407739971,0.664540215406832,0.6900977407739974,-3.3306690738754696e-16,True
easygese:wheatG,PH,transformer,2,2,0,0.7300565705812981,0.7020567317369095,0.730056570581298,1.1102230246251565e-16,True
easygese:wheatG,PH,transformer,2,3,0,0.7052097111889167,0.7024347160649521,0.7052097111889167,0.0,True
easygese:wheatG,PH,transformer,2,4,0,0.7860388855331643,0.7918444626805405,0.7860388855331639,3.3306690738754696e-16,True
easygese:wheatG,PH,transformer,2,5,0,0.6230726134172554,0.6078825158192522,0.6230726134172552,2.220446049250313e-16,True
easygese:wheatG,SDS,cnn,1,1,0,0.6469497513093091,0.6512009147338255,0.6469497513093094,-3.3306690738754696e-16,True
easygese:wheatG,SDS,cnn,1,2,0,0.5563503672128683,0.5488604499129776,0.5563503672128685,-1.1102230246251565e-16,True
easygese:wheatG,SDS,cnn,1,3,0,0.632108983114391,0.6058856540604701,0.6321089831143909,1.1102230246251565e-16,True
easygese:wheatG,SDS,cnn,1,4,0,0.6217929654896477,0.6310990866179527,0.6217929654896477,0.0,True
easygese:wheatG,SDS,cnn,1,5,0,0.7052525943448205,0.6962930254360347,0.70525259434482,4.440892098500626e-16,True
easygese:wheatG,SDS,cnn,2,1,0,0.577841065553397,0.5623696839722876,0.5778410655533969,1.1102230246251565e-16,True
easygese:wheatG,SDS,cnn,2,2,0,0.5063587655529239,0.47236199419644104,0.5063587655529239,0.0,True
easygese:wheatG,SDS,cnn,2,3,0,0.7122303985822126,0.655683132276922,0.7122303985822126,0.0,True
easygese:wheatG,SDS,cnn,2,4,0,0.6552259936757313,0.6019419948627259,0.6552259936757311,2.220446049250313e-16,True
easygese:wheatG,SDS,cnn,2,5,0,0.6091964525995943,0.6160214836312924,0.6091964525995947,-3.3306690738754696e-16,True
easygese:wheatG,SDS,deepgs,1,1,0,0.7476503826499157,0.7514311847929257,0.7476503826499156,1.1102230246251565e-16,True
easygese:wheatG,SDS,deepgs,1,2,0,0.7341725273637199,0.709598393847301,0.7341725273637199,0.0,True
easygese:wheatG,SDS,deepgs,1,3,0,0.7802582952379378,0.7658474899986563,0.7802582952379378,0.0,True
easygese:wheatG,SDS,deepgs,1,4,0,0.8242199291973179,0.8001506245091409,0.8242199291973182,-3.3306690738754696e-16,True
easygese:wheatG,SDS,deepgs,1,5,0,0.7507275460814935,0.7070352661629955,0.7507275460814938,-3.3306690738754696e-16,True
easygese:wheatG,SDS,deepgs,2,1,0,0.6759212206954756,0.6579883456098794,0.6759212206954752,3.3306690738754696e-16,True
easygese:wheatG,SDS,deepgs,2,2,0,0.7155752372122717,0.6878475306666274,0.7155752372122718,-1.1102230246251565e-16,True
easygese:wheatG,SDS,deepgs,2,3,0,0.770818304373827,0.7170918232935785,0.7708183043738267,3.3306690738754696e-16,True
easygese:wheatG,SDS,deepgs,2,4,0,0.7817282153638163,0.7741394109417471,0.7817282153638165,-2.220446049250313e-16,True
easygese:wheatG,SDS,deepgs,2,5,0,0.7419835395759469,0.727438367710197,0.7419835395759464,4.440892098500626e-16,True
easygese:wheatG,SDS,dnngp,1,1,0,0.7538353052232089,0.7533110302016903,0.753835305223209,-1.1102230246251565e-16,True
easygese:wheatG,SDS,dnngp,1,2,0,0.7226274502593447,0.7013383180825576,0.7226274502593447,0.0,True
easygese:wheatG,SDS,dnngp,1,3,0,0.7213285695546968,0.7274235368250206,0.7213285695546968,0.0,True
easygese:wheatG,SDS,dnngp,1,4,0,0.8023500485374159,0.7435063566240377,0.8023500485374152,6.661338147750939e-16,True
easygese:wheatG,SDS,dnngp,1,5,0,0.7637014458439935,0.7696522233302656,0.7637014458439936,-1.1102230246251565e-16,True
easygese:wheatG,SDS,dnngp,2,1,0,0.7010239223287966,0.7082274214595972,0.701023922328797,-3.3306690738754696e-16,True
easygese:wheatG,SDS,dnngp,2,2,0,0.6833494661412968,0.6987770054982222,0.6833494661412968,0.0,True
easygese:wheatG,SDS,dnngp,2,3,0,0.8580980767039826,0.8623579513168947,0.8580980767039825,1.1102230246251565e-16,True
easygese:wheatG,SDS,dnngp,2,4,0,0.7298667883288863,0.7330063504288654,0.7298667883288862,1.1102230246251565e-16,True
easygese:wheatG,SDS,dnngp,2,5,0,0.7130062241935295,0.6934784519111391,0.7130062241935295,0.0,True
easygese:wheatG,SDS,mlp,1,1,0,0.7241577402622471,0.7343999555939781,0.7241577402622467,4.440892098500626e-16,True
easygese:wheatG,SDS,mlp,1,2,0,0.6804133905188159,0.6766975438277885,0.6804133905188161,-2.220446049250313e-16,True
easygese:wheatG,SDS,mlp,1,3,0,0.7499335094703592,0.7047479086306561,0.7499335094703586,5.551115123125783e-16,True
easygese:wheatG,SDS,mlp,1,4,0,0.8379799585828842,0.835977677646691,0.8379799585828842,0.0,True
easygese:wheatG,SDS,mlp,1,5,0,0.7315562291537697,0.7195697249993401,0.7315562291537699,-2.220446049250313e-16,True
easygese:wheatG,SDS,mlp,2,1,0,0.6618184357901999,0.6134076897612564,0.6618184357901999,0.0,True
easygese:wheatG,SDS,mlp,2,2,0,0.708818820659005,0.7038393528091594,0.708818820659005,0.0,True
easygese:wheatG,SDS,mlp,2,3,0,0.8579615076854723,0.8476364744783181,0.8579615076854722,1.1102230246251565e-16,True
easygese:wheatG,SDS,mlp,2,4,0,0.7557163899002604,0.7362490410978989,0.7557163899002605,-1.1102230246251565e-16,True
easygese:wheatG,SDS,mlp,2,5,0,0.7235106512890107,0.7179914979394151,0.7235106512890107,0.0,True
easygese:wheatG,SDS,pnngs,1,1,0,0.4317064878618903,0.31585487519372973,0.4317064878618901,2.220446049250313e-16,True
easygese:wheatG,SDS,pnngs,1,2,0,0.46763252207451295,0.40082661085140553,0.4676325220745133,-3.3306690738754696e-16,True
easygese:wheatG,SDS,pnngs,1,3,0,0.5269063365252545,0.46857609879594686,0.5269063365252549,-3.3306690738754696e-16,True
easygese:wheatG,SDS,pnngs,1,4,0,0.3361219578781712,0.2446028742822723,0.3361219578781713,-1.1102230246251565e-16,True
easygese:wheatG,SDS,pnngs,1,5,0,0.42833530460179614,0.36730472005040854,0.4283353046017961,5.551115123125783e-17,True
easygese:wheatG,SDS,pnngs,2,1,0,0.29807101545119824,0.28292501615056986,0.2980710154511985,-2.7755575615628914e-16,True
easygese:wheatG,SDS,pnngs,2,2,0,0.38008607737576544,0.3201901031568121,0.3800860773757649,5.551115123125783e-16,True
easygese:wheatG,SDS,pnngs,2,3,0,0.4327202663365447,0.40878581862876684,0.43272026633654515,-4.440892098500626e-16,True
easygese:wheatG,SDS,pnngs,2,4,0,0.5099467761583408,0.4237866023541042,0.5099467761583406,2.220446049250313e-16,True
easygese:wheatG,SDS,pnngs,2,5,0,0.4180779601483258,0.442507512539645,0.4180779601483261,-2.7755575615628914e-16,True
easygese:wheatG,SDS,soydngp,1,1,0,0.6728674870836675,0.6800528686351808,0.6728674870836676,-1.1102230246251565e-16,True
easygese:wheatG,SDS,soydngp,1,2,0,0.7270427508351645,0.6958566575184704,0.7270427508351641,3.3306690738754696e-16,True
easygese:wheatG,SDS,soydngp,1,3,0,0.8132657396675171,0.8157301901940295,0.8132657396675174,-2.220446049250313e-16,True
easygese:wheatG,SDS,soydngp,1,4,0,0.7872625049080081,0.7936795711832204,0.787262504908008,1.1102230246251565e-16,True
easygese:wheatG,SDS,soydngp,1,5,0,0.6993954120462645,0.6752823028256338,0.6993954120462643,2.220446049250313e-16,True
easygese:wheatG,SDS,soydngp,2,1,0,0.643255268561467,0.6339310983943087,0.6432552685614671,-1.1102230246251565e-16,True
easygese:wheatG,SDS,soydngp,2,2,0,0.680786218825704,0.6855188616476984,0.6807862188257041,-1.1102230246251565e-16,True
easygese:wheatG,SDS,soydngp,2,3,0,0.8672662278699007,0.8545600209445009,0.8672662278699005,2.220446049250313e-16,True
easygese:wheatG,SDS,soydngp,2,4,0,0.7359117561463279,0.7436610138888079,0.735911756146328,-1.1102230246251565e-16,True
easygese:wheatG,SDS,soydngp,2,5,0,0.7157617485567955,0.6749139834872325,0.7157617485567956,-1.1102230246251565e-16,True
easygese:wheatG,SDS,transformer,1,1,0,0.6986221956031686,0.6864315454226425,0.6986221956031682,4.440892098500626e-16,True
easygese:wheatG,SDS,transformer,1,2,0,0.5441008997509617,0.5737059184196293,0.5441008997509617,0.0,True
easygese:wheatG,SDS,transformer,1,3,0,0.5866227194122988,0.5756916624372435,0.5866227194122989,-1.1102230246251565e-16,True
easygese:wheatG,SDS,transformer,1,4,0,0.6723886699136853,0.636271581743106,0.6723886699136854,-1.1102230246251565e-16,True
easygese:wheatG,SDS,transformer,1,5,0,0.6046761489286445,0.6067416170498248,0.6046761489286443,2.220446049250313e-16,True
easygese:wheatG,SDS,transformer,2,1,0,0.4451153205286644,0.47419145146671965,0.44511532052866415,2.7755575615628914e-16,True
easygese:wheatG,SDS,transformer,2,2,0,0.5571706237491909,0.5791115344152313,0.5571706237491907,2.220446049250313e-16,True
easygese:wheatG,SDS,transformer,2,3,0,0.7706327473599308,0.7070601610933114,0.7706327473599309,-1.1102230246251565e-16,True
easygese:wheatG,SDS,transformer,2,4,0,0.5412945298688396,0.5219362296283206,0.54129452986884,-3.3306690738754696e-16,True
easygese:wheatG,SDS,transformer,2,5,0,0.6500922798881117,0.6689354617668,0.6500922798881116,1.1102230246251565e-16,True
easygese:wheatG,SEP,cnn,1,1,0,0.5273180632141377,0.5176031702073415,0.5273180632141375,1.1102230246251565e-16,True
easygese:wheatG,SEP,cnn,1,2,0,0.39443180538575523,0.3156202032832167,0.39443180538575545,-2.220446049250313e-16,True
easygese:wheatG,SEP,cnn,1,3,0,0.30612839221907984,0.24160993591351662,0.30612839221908,-1.6653345369377348e-16,True
easygese:wheatG,SEP,cnn,1,4,0,0.35367984359959875,0.3007318940730607,0.35367984359959903,-2.7755575615628914e-16,True
easygese:wheatG,SEP,cnn,1,5,0,0.472226372120499,0.4917237475709022,0.4722263721204983,7.216449660063518e-16,True
easygese:wheatG,SEP,cnn,2,1,0,0.33392615954891736,0.24836007541354357,0.3339261595489174,-5.551115123125783e-17,True
easygese:wheatG,SEP,cnn,2,2,0,0.389070828892485,0.37585603660651096,0.38907082889248495,5.551115123125783e-17,True
easygese:wheatG,SEP,cnn,2,3,0,0.428654493481494,0.41078521961525705,0.42865449348149404,-5.551115123125783e-17,True
easygese:wheatG,SEP,cnn,2,4,0,0.3249170362453216,0.3012631252568686,0.3249170362453217,-1.1102230246251565e-16,True
easygese:wheatG,SEP,cnn,2,5,0,0.3283940949659207,0.42943985548788494,0.328394094965921,-2.7755575615628914e-16,True
easygese:wheatG,SEP,deepgs,1,1,0,0.5556071492328866,0.5376270307260195,0.5556071492328873,-7.771561172376096e-16,True
easygese:wheatG,SEP,deepgs,1,2,0,0.3254634815883577,0.30887599960500256,0.32546348158835775,-5.551115123125783e-17,True
easygese:wheatG,SEP,deepgs,1,3,0,0.3439975023669944,0.2826693148949296,0.3439975023669941,2.7755575615628914e-16,True
easygese:wheatG,SEP,deepgs,1,4,0,0.5099254521695044,0.4443827322220889,0.5099254521695044,0.0,True
easygese:wheatG,SEP,deepgs,1,5,0,0.6057542833356203,0.5178444518995486,0.6057542833356208,-4.440892098500626e-16,True
easygese:wheatG,SEP,deepgs,2,1,0,0.4357102377586693,0.43878592362926633,0.43571023775866935,-5.551115123125783e-17,True
easygese:wheatG,SEP,deepgs,2,2,0,0.45560835710710884,0.36515944638200776,0.45560835710710923,-3.885780586188048e-16,True
easygese:wheatG,SEP,deepgs,2,3,0,0.4393333694773685,0.4609124580581732,0.4393333694773685,0.0,True
easygese:wheatG,SEP,deepgs,2,4,0,0.49232293753963563,0.4551522000896889,0.4923229375396354,2.220446049250313e-16,True
easygese:wheatG,SEP,deepgs,2,5,0,0.43738723456727735,0.4580175485498443,0.43738723456727757,-2.220446049250313e-16,True
easygese:wheatG,SEP,dnngp,1,1,0,0.5714074323311373,0.5817443613851373,0.5714074323311373,0.0,True
easygese:wheatG,SEP,dnngp,1,2,0,0.44106739176861126,0.4645347224654247,0.44106739176861137,-1.1102230246251565e-16,True
easygese:wheatG,SEP,dnngp,1,3,0,0.38410341593091907,0.28870830127355834,0.3841034159309191,-5.551115123125783e-17,True
easygese:wheatG,SEP,dnngp,1,4,0,0.5413113547796953,0.49395286148282025,0.5413113547796949,3.3306690738754696e-16,True
easygese:wheatG,SEP,dnngp,1,5,0,0.6231898716706477,0.6286489279153238,0.623189871670647,6.661338147750939e-16,True
easygese:wheatG,SEP,dnngp,2,1,0,0.3875614411375038,0.39159844389420656,0.38756144113750374,5.551115123125783e-17,True
easygese:wheatG,SEP,dnngp,2,2,0,0.3724955590184987,0.3260152900276886,0.37249555901849873,-5.551115123125783e-17,True
easygese:wheatG,SEP,dnngp,2,3,0,0.49210300150485714,0.39324418041522125,0.4921030015048567,4.440892098500626e-16,True
easygese:wheatG,SEP,dnngp,2,4,0,0.38723976268090216,0.4112352164525551,0.3872397626809024,-2.220446049250313e-16,True
easygese:wheatG,SEP,dnngp,2,5,0,0.4608501332783213,0.4541358753834564,0.46085013327832103,2.7755575615628914e-16,True
easygese:wheatG,SEP,mlp,1,1,0,0.57641343780629,0.5137413925004872,0.5764134378062898,1.1102230246251565e-16,True
easygese:wheatG,SEP,mlp,1,2,0,0.41324403206825966,0.4881707278035287,0.41324403206825955,1.1102230246251565e-16,True
easygese:wheatG,SEP,mlp,1,3,0,0.4430515582268241,0.2624936904775507,0.4430515582268247,-5.551115123125783e-16,True
easygese:wheatG,SEP,mlp,1,4,0,0.498978130270579,0.4201274699938716,0.4989781302705786,4.440892098500626e-16,True
easygese:wheatG,SEP,mlp,1,5,0,0.6028742249470458,0.5462072323415844,0.6028742249470457,1.1102230246251565e-16,True
easygese:wheatG,SEP,mlp,2,1,0,0.39124462236999974,0.3740499290520697,0.39124462236999996,-2.220446049250313e-16,True
easygese:wheatG,SEP,mlp,2,2,0,0.44297917050143315,0.40458633155181023,0.4429791705014331,5.551115123125783e-17,True
easygese:wheatG,SEP,mlp,2,3,0,0.5197170034643619,0.5003917911350976,0.5197170034643619,0.0,True
easygese:wheatG,SEP,mlp,2,4,0,0.5268544899819732,0.5033573142397436,0.5268544899819733,-1.1102230246251565e-16,True
easygese:wheatG,SEP,mlp,2,5,0,0.42431687187447925,0.3937707581581195,0.4243168718744794,-1.6653345369377348e-16,True
easygese:wheatG,SEP,pnngs,1,1,0,0.3413633364769625,0.28550865618595683,0.3413633364769625,0.0,True
easygese:wheatG,SEP,pnngs,1,2,0,0.22240721797993207,0.159542987280747,0.22240721797993201,5.551115123125783e-17,True
easygese:wheatG,SEP,pnngs,1,3,0,0.10606767602394197,0.1425451880975165,0.10606767602394193,4.163336342344337e-17,True
easygese:wheatG,SEP,pnngs,1,4,0,0.417440093540543,0.3808205881257794,0.4174400935405433,-2.7755575615628914e-16,True
easygese:wheatG,SEP,pnngs,1,5,0,0.26660454348784646,0.28386539905899527,0.26660454348784657,-1.1102230246251565e-16,True
easygese:wheatG,SEP,pnngs,2,1,0,0.2766601187111367,0.25108637297424935,0.2766601187111369,-1.6653345369377348e-16,True
easygese:wheatG,SEP,pnngs,2,2,0,0.25191773089019215,0.21353399735782153,0.25191773089019226,-1.1102230246251565e-16,True
easygese:wheatG,SEP,pnngs,2,3,0,0.16864852535862254,0.0931957827975573,0.16864852535862257,-2.7755575615628914e-17,True
easygese:wheatG,SEP,pnngs,2,4,0,0.15797745085050655,0.10099635486671704,0.15797745085050657,-2.7755575615628914e-17,True
easygese:wheatG,SEP,pnngs,2,5,0,0.3547790515683416,0.16019310932820072,0.35477905156834166,-5.551115123125783e-17,True
easygese:wheatG,SEP,soydngp,1,1,0,0.5016707144597852,0.4567134440967288,0.5016707144597852,0.0,True
easygese:wheatG,SEP,soydngp,1,2,0,0.3711236432537123,0.3966996175639961,0.37112364325371217,1.1102230246251565e-16,True
easygese:wheatG,SEP,soydngp,1,3,0,0.396933018483121,0.3410759034555103,0.39693301848312074,2.7755575615628914e-16,True
easygese:wheatG,SEP,soydngp,1,4,0,0.4797443650468272,0.4481608141510389,0.4797443650468271,1.1102230246251565e-16,True
easygese:wheatG,SEP,soydngp,1,5,0,0.4681792458445865,0.38744588246027384,0.4681792458445865,0.0,True
easygese:wheatG,SEP,soydngp,2,1,0,0.3932569711164642,0.3157099712240555,0.3932569711164641,5.551115123125783e-17,True
easygese:wheatG,SEP,soydngp,2,2,0,0.36701522211925325,0.34177519604542006,0.367015222119253,2.220446049250313e-16,True
easygese:wheatG,SEP,soydngp,2,3,0,0.5120336994585067,0.5409217957939318,0.5120336994585063,4.440892098500626e-16,True
easygese:wheatG,SEP,soydngp,2,4,0,0.3908968831631822,0.36898409523606995,0.3908968831631823,-5.551115123125783e-17,True
easygese:wheatG,SEP,soydngp,2,5,0,0.4718951516653699,0.5023850071075862,0.47189515166536977,1.1102230246251565e-16,True
easygese:wheatG,SEP,transformer,1,1,0,0.38993024550051975,0.28211315109555046,0.3899302455005198,-5.551115123125783e-17,True
easygese:wheatG,SEP,transformer,1,2,0,0.24609177709935684,0.25504994478739146,0.24609177709935684,0.0,True
easygese:wheatG,SEP,transformer,1,3,0,0.2409194683614334,0.20835001540235829,0.2409194683614334,0.0,True
easygese:wheatG,SEP,transformer,1,4,0,0.4402650570581267,0.4613998987245141,0.44026505705812646,2.220446049250313e-16,True
easygese:wheatG,SEP,transformer,1,5,0,0.3854203708693655,0.3578841846335222,0.3854203708693657,-2.220446049250313e-16,True
easygese:wheatG,SEP,transformer,2,1,0,0.17245075608906194,0.2405074294611657,0.172450756089062,-5.551115123125783e-17,True
easygese:wheatG,SEP,transformer,2,2,0,0.32050766214116067,0.3144520522040831,0.3205076621411609,-2.220446049250313e-16,True
easygese:wheatG,SEP,transformer,2,3,0,0.36486220001293446,0.30801520567070784,0.3648622000129343,1.6653345369377348e-16,True
easygese:wheatG,SEP,transformer,2,4,0,0.34222203714270305,0.31881048980640714,0.34222203714270316,-1.1102230246251565e-16,True
easygese:wheatG,SEP,transformer,2,5,0,0.3790652505103008,0.3134009456675989,0.3790652505103009,-5.551115123125783e-17,True
easygese:wheatG,STC,cnn,1,1,0,0.48623897571211155,0.40973318747778437,0.4862389757121117,-1.6653345369377348e-16,True
easygese:wheatG,STC,cnn,1,2,0,0.3009881312541619,0.2812847792835707,0.30098813125416246,-5.551115123125783e-16,True
easygese:wheatG,STC,cnn,1,3,0,0.5727465936668079,0.5423524812649593,0.5727465936668074,5.551115123125783e-16,True
easygese:wheatG,STC,cnn,1,4,0,0.43659964475892055,0.3216888156553147,0.4365996447589201,4.440892098500626e-16,True
easygese:wheatG,STC,cnn,1,5,0,0.5251610765028792,0.49390125674189334,0.525161076502877,2.220446049250313e-15,True
easygese:wheatG,STC,cnn,2,1,0,0.4402436647615925,0.4856286452900881,0.4402436647615925,0.0,True
easygese:wheatG,STC,cnn,2,2,0,0.37374461105187495,0.3184619776926785,0.37374461105187834,-3.3861802251067274e-15,True
easygese:wheatG,STC,cnn,2,3,0,0.5778565941946705,0.3898551439639643,0.5778565941946718,-1.3322676295501878e-15,True
easygese:wheatG,STC,cnn,2,4,0,0.4179689993403742,0.37040027947532805,0.4179689993403726,1.5543122344752192e-15,True
easygese:wheatG,STC,cnn,2,5,0,0.4807835830885372,0.3966615191067365,0.4807835830885381,-8.881784197001252e-16,True
easygese:wheatG,STC,deepgs,1,1,0,0.5368708062254003,0.500871086001079,0.5368708062253993,9.992007221626409e-16,True
easygese:wheatG,STC,deepgs,1,2,0,0.41956058342987,0.36006148110594693,0.4195605834298666,3.4416913763379853e-15,True
easygese:wheatG,STC,deepgs,1,3,0,0.6723596879107739,0.6798156214207179,0.6723596879107735,4.440892098500626e-16,True
easygese:wheatG,STC,deepgs,1,4,0,0.5597442283734533,0.5058886241426438,0.5597442283734532,1.1102230246251565e-16,True
easygese:wheatG,STC,deepgs,1,5,0,0.6070484999021595,0.6134513542637349,0.60704849990216,-5.551115123125783e-16,True
easygese:wheatG,STC,deepgs,2,1,0,0.5777105023707891,0.564218301371688,0.5777105023707902,-1.1102230246251565e-15,True
easygese:wheatG,STC,deepgs,2,2,0,0.6268286978049548,0.6103914006954086,0.6268286978049542,5.551115123125783e-16,True
easygese:wheatG,STC,deepgs,2,3,0,0.3557316024877806,0.4272082067841724,0.35573160248777946,1.1102230246251565e-15,True
easygese:wheatG,STC,deepgs,2,4,0,0.41057501764738197,0.38355351842438895,0.41057501764737997,1.9984014443252818e-15,True
easygese:wheatG,STC,deepgs,2,5,0,0.6549354135454676,0.5945357103974805,0.6549354135454676,0.0,True
easygese:wheatG,STC,dnngp,1,1,0,0.5744119752943749,0.49902984169466547,0.5744119752943746,3.3306690738754696e-16,True
easygese:wheatG,STC,dnngp,1,2,0,0.37871287171849366,0.35773999904916826,0.3787128717184941,-4.440892098500626e-16,True
easygese:wheatG,STC,dnngp,1,3,0,0.6281884187830846,0.6553509107310447,0.6281884187830844,2.220446049250313e-16,True
easygese:wheatG,STC,dnngp,1,4,0,0.5358777264207572,0.49037890925939936,0.535877726420757,1.1102230246251565e-16,True
easygese:wheatG,STC,dnngp,1,5,0,0.6063529270453788,0.5996983085834817,0.6063529270453781,6.661338147750939e-16,True
easygese:wheatG,STC,dnngp,2,1,0,0.4527020662859917,0.45192795302053634,0.452702066285992,-3.3306690738754696e-16,True
easygese:wheatG,STC,dnngp,2,2,0,0.6230774222669586,0.6288205849253707,0.6230774222669581,5.551115123125783e-16,True
easygese:wheatG,STC,dnngp,2,3,0,0.5898364629269384,0.5469130124828447,0.5898364629269391,-7.771561172376096e-16,True
easygese:wheatG,STC,dnngp,2,4,0,0.4645724885860194,0.40786163821558635,0.46457248858601813,1.27675647831893e-15,True
easygese:wheatG,STC,dnngp,2,5,0,0.6255914358501733,0.5698061702252164,0.6255914358501746,-1.3322676295501878e-15,True
easygese:wheatG,STC,mlp,1,1,0,0.5980659721340933,0.5506948090127273,0.5980659721340951,-1.7763568394002505e-15,True
easygese:wheatG,STC,mlp,1,2,0,0.4132734887672883,0.36689390324314586,0.4132734887672876,7.216449660063518e-16,True
easygese:wheatG,STC,mlp,1,3,0,0.6499643894875644,0.640687102440048,0.6499643894875652,-7.771561172376096e-16,True
easygese:wheatG,STC,mlp,1,4,0,0.5982038621227305,0.5350745162311701,0.5982038621227306,-1.1102230246251565e-16,True
easygese:wheatG,STC,mlp,1,5,0,0.5991152529513194,0.5557453905015919,0.5991152529513181,1.3322676295501878e-15,True
easygese:wheatG,STC,mlp,2,1,0,0.5968320688258327,0.621693441796007,0.5968320688258346,-1.887379141862766e-15,True
easygese:wheatG,STC,mlp,2,2,0,0.6194600014054749,0.6131164588510263,0.6194600014054743,5.551115123125783e-16,True
easygese:wheatG,STC,mlp,2,3,0,0.6172579470797512,0.6097449036962116,0.6172579470797517,-4.440892098500626e-16,True
easygese:wheatG,STC,mlp,2,4,0,0.3743819090084653,0.37820264398132375,0.37438190900846535,-5.551115123125783e-17,True
easygese:wheatG,STC,mlp,2,5,0,0.6103645421853844,0.5582174148964903,0.6103645421853833,1.1102230246251565e-15,True
easygese:wheatG,STC,pnngs,1,1,0,0.4150559913190744,0.38020781469220805,0.4150559913190724,1.9984014443252818e-15,True
easygese:wheatG,STC,pnngs,1,2,0,0.32020512288084757,0.4508072229013442,0.3202051228808472,3.885780586188048e-16,True
easygese:wheatG,STC,pnngs,1,3,0,0.5146752529530562,0.5108777715478708,0.5146752529530644,-8.215650382226158e-15,True
easygese:wheatG,STC,pnngs,1,4,0,0.36345848331139907,0.3132928758240703,0.36345848331140873,-9.658940314238862e-15,True
easygese:wheatG,STC,pnngs,1,5,0,0.35761761154236454,0.413450165932973,0.35761761154238464,-2.0095036745715333e-14,True
easygese:wheatG,STC,pnngs,2,1,0,0.3423981369836061,0.27520401513109016,0.34239813698359967,6.439293542825908e-15,True
easygese:wheatG,STC,pnngs,2,2,0,0.5284008572905969,0.4716391636597321,0.528400857290598,-1.1102230246251565e-15,True
easygese:wheatG,STC,pnngs,2,3,0,0.5456713850425748,0.2880228828709437,0.5456713850425773,-2.4424906541753444e-15,True
easygese:wheatG,STC,pnngs,2,4,0,0.24338455478617319,0.21539117403279448,0.24338455478617677,-3.58046925441613e-15,True
easygese:wheatG,STC,pnngs,2,5,0,0.3492429285444416,0.30619199234877637,0.3492429285444384,3.219646771412954e-15,True
easygese:wheatG,STC,soydngp,1,1,0,0.5473496882760335,0.5085235728075044,0.547349688276035,-1.5543122344752192e-15,True
easygese:wheatG,STC,soydngp,1,2,0,0.3935130756976633,0.3574703293174285,0.39351307569766236,9.43689570931383e-16,True
easygese:wheatG,STC,soydngp,1,3,0,0.6391968275028947,0.6084650130936978,0.6391968275028949,-1.1102230246251565e-16,True
easygese:wheatG,STC,soydngp,1,4,0,0.524728537934043,0.48706816017909127,0.5247285379340446,-1.6653345369377348e-15,True
easygese:wheatG,STC,soydngp,1,5,0,0.5520898306905531,0.5288383632057018,0.5520898306905492,3.885780586188048e-15,True
easygese:wheatG,STC,soydngp,2,1,0,0.5559780751763236,0.524239788553689,0.5559780751763236,0.0,True
easygese:wheatG,STC,soydngp,2,2,0,0.509760557617386,0.47118578277036555,0.5097605576173851,8.881784197001252e-16,True
easygese:wheatG,STC,soydngp,2,3,0,0.37454677762242117,0.3525611521831253,0.3745467776224087,1.2490009027033011e-14,True
easygese:wheatG,STC,soydngp,2,4,0,0.37609483914288216,0.3512418666799524,0.3760948391428823,-1.1102230246251565e-16,True
easygese:wheatG,STC,soydngp,2,5,0,0.6085441151135007,0.5598682359414977,0.6085441151134989,1.7763568394002505e-15,True
easygese:wheatG,STC,transformer,1,1,0,0.4377095146579158,0.3149961148440536,0.4377095146579156,2.220446049250313e-16,True
easygese:wheatG,STC,transformer,1,2,0,0.21972172531849865,0.21563267357578322,0.21972172531849976,-1.1102230246251565e-15,True
easygese:wheatG,STC,transformer,1,3,0,0.5898678769354184,0.5484369308231857,0.5898678769354191,-6.661338147750939e-16,True
easygese:wheatG,STC,transformer,1,4,0,0.30913523625788186,0.31189758257674727,0.30913523625788386,-1.9984014443252818e-15,True
easygese:wheatG,STC,transformer,1,5,0,0.4690106159498467,0.4212491148066769,0.4690106159498458,9.43689570931383e-16,True
easygese:wheatG,STC,transformer,2,1,0,0.3902438628149925,0.35626570075486397,0.39024386281499124,1.27675647831893e-15,True
easygese:wheatG,STC,transformer,2,2,0,0.37238175230848325,0.3850701779028794,0.37238175230848547,-2.220446049250313e-15,True
easygese:wheatG,STC,transformer,2,3,0,0.4449974645740195,0.44012353979352986,0.44499746457402234,-2.831068712794149e-15,True
easygese:wheatG,STC,transformer,2,4,0,0.20693730957441933,0.18582265216220953,0.20693730957442455,-5.218048215738236e-15,True
easygese:wheatG,STC,transformer,2,5,0,0.5175239745568725,0.47455520202960777,0.5175239745568737,-1.2212453270876722e-15,True
easygese:wheatG,SW,cnn,1,1,0,0.6784103397100089,0.6458550391453929,0.6784103397100091,-2.220446049250313e-16,True
easygese:wheatG,SW,cnn,1,2,0,0.45515152530382913,0.4737452118827369,0.4551515253038285,6.106226635438361e-16,True
easygese:wheatG,SW,cnn,1,3,0,0.6948744699718734,0.6569747178084546,0.6948744699718736,-2.220446049250313e-16,True
easygese:wheatG,SW,cnn,1,4,0,0.6824008904056006,0.7023733344505653,0.6824008904056011,-5.551115123125783e-16,True
easygese:wheatG,SW,cnn,1,5,0,0.7245823308406034,0.7053551478020922,0.724582330840604,-5.551115123125783e-16,True
easygese:wheatG,SW,cnn,2,1,0,0.6751490665104843,0.5968497222163021,0.6751490665104839,4.440892098500626e-16,True
easygese:wheatG,SW,cnn,2,2,0,0.5866177967415531,0.5278719293332715,0.5866177967415532,-1.1102230246251565e-16,True
easygese:wheatG,SW,cnn,2,3,0,0.6627067649242294,0.6465255512356881,0.6627067649242299,-4.440892098500626e-16,True
easygese:wheatG,SW,cnn,2,4,0,0.6979645257549053,0.704579229252875,0.6979645257549055,-2.220446049250313e-16,True
easygese:wheatG,SW,cnn,2,5,0,0.5690814316383889,0.5012920696215885,0.569081431638389,-1.1102230246251565e-16,True
easygese:wheatG,SW,deepgs,1,1,0,0.7428818126496073,0.6806634575970923,0.7428818126496058,1.4432899320127035e-15,True
easygese:wheatG,SW,deepgs,1,2,0,0.5905140095589888,0.5704260474224675,0.5905140095589889,-1.1102230246251565e-16,True
easygese:wheatG,SW,deepgs,1,3,0,0.7748749117149977,0.7388376599059757,0.7748749117149978,-1.1102230246251565e-16,True
easygese:wheatG,SW,deepgs,1,4,0,0.7633403576768043,0.7425869936528794,0.7633403576768043,0.0,True
easygese:wheatG,SW,deepgs,1,5,0,0.7675618855484414,0.7371741161573994,0.7675618855484416,-2.220446049250313e-16,True
easygese:wheatG,SW,deepgs,2,1,0,0.7465576845206563,0.7201653794343464,0.7465576845206564,-1.1102230246251565e-16,True
easygese:wheatG,SW,deepgs,2,2,0,0.6838879085618719,0.6251071150822851,0.6838879085618714,4.440892098500626e-16,True
easygese:wheatG,SW,deepgs,2,3,0,0.8019382884274497,0.766137458228137,0.8019382884274496,1.1102230246251565e-16,True
easygese:wheatG,SW,deepgs,2,4,0,0.7996432369961567,0.7702308373280793,0.7996432369961565,2.220446049250313e-16,True
easygese:wheatG,SW,deepgs,2,5,0,0.6924170083717934,0.6758536523872647,0.692417008371794,-5.551115123125783e-16,True
easygese:wheatG,SW,dnngp,1,1,0,0.746993594781665,0.7084750427525882,0.7469935947816652,-1.1102230246251565e-16,True
easygese:wheatG,SW,dnngp,1,2,0,0.5824569523904092,0.600029758271923,0.5824569523904093,-1.1102230246251565e-16,True
easygese:wheatG,SW,dnngp,1,3,0,0.7649959920778278,0.7027879576716336,0.764995992077828,-2.220446049250313e-16,True
easygese:wheatG,SW,dnngp,1,4,0,0.7872466170378382,0.7386218368320964,0.7872466170378377,4.440892098500626e-16,True
easygese:wheatG,SW,dnngp,1,5,0,0.6864977795195745,0.6723551030727755,0.6864977795195741,3.3306690738754696e-16,True
easygese:wheatG,SW,dnngp,2,1,0,0.6921569573880743,0.652740111847269,0.6921569573880738,4.440892098500626e-16,True
easygese:wheatG,SW,dnngp,2,2,0,0.7320226989090705,0.6600110334247444,0.7320226989090706,-1.1102230246251565e-16,True
easygese:wheatG,SW,dnngp,2,3,0,0.7900115268229997,0.7843185158459965,0.7900115268229991,5.551115123125783e-16,True
easygese:wheatG,SW,dnngp,2,4,0,0.7513790094329834,0.7338847434706425,0.7513790094329833,1.1102230246251565e-16,True
easygese:wheatG,SW,dnngp,2,5,0,0.7179340402607508,0.6845528544004532,0.7179340402607509,-1.1102230246251565e-16,True
easygese:wheatG,SW,mlp,1,1,0,0.7435945898603575,0.7144331403396981,0.7435945898603573,2.220446049250313e-16,True
easygese:wheatG,SW,mlp,1,2,0,0.5618964307392282,0.5427300548783262,0.5618964307392283,-1.1102230246251565e-16,True
easygese:wheatG,SW,mlp,1,3,0,0.8009791152983846,0.7692916684383845,0.8009791152983845,1.1102230246251565e-16,True
easygese:wheatG,SW,mlp,1,4,0,0.7788594781504591,0.7488082411186625,0.7788594781504589,2.220446049250313e-16,True
easygese:wheatG,SW,mlp,1,5,0,0.7727690447571278,0.7593176587260528,0.7727690447571276,2.220446049250313e-16,True
easygese:wheatG,SW,mlp,2,1,0,0.7344271645101187,0.7149817477158092,0.734427164510119,-3.3306690738754696e-16,True
easygese:wheatG,SW,mlp,2,2,0,0.6991412685952005,0.6001411689139492,0.6991412685952009,-3.3306690738754696e-16,True
easygese:wheatG,SW,mlp,2,3,0,0.8133585037831582,0.8007523991162037,0.8133585037831587,-4.440892098500626e-16,True
easygese:wheatG,SW,mlp,2,4,0,0.7772668140040511,0.7590188626528861,0.7772668140040508,2.220446049250313e-16,True
easygese:wheatG,SW,mlp,2,5,0,0.7040034576001064,0.6766874441159487,0.7040034576001067,-3.3306690738754696e-16,True
easygese:wheatG,SW,pnngs,1,1,0,0.5653835002968026,0.5237533465825449,0.5653835002968025,1.1102230246251565e-16,True
easygese:wheatG,SW,pnngs,1,2,0,0.42746707242035914,0.38084337600829454,0.42746707242035864,4.996003610813204e-16,True
easygese:wheatG,SW,pnngs,1,3,0,0.6270548571533229,0.5442387172112053,0.6270548571533225,3.3306690738754696e-16,True
easygese:wheatG,SW,pnngs,1,4,0,0.4781175957344071,0.4115836512346009,0.4781175957344091,-1.9984014443252818e-15,True
easygese:wheatG,SW,pnngs,1,5,0,0.5700349376700162,0.5402570621147493,0.5700349376700163,-1.1102230246251565e-16,True
easygese:wheatG,SW,pnngs,2,1,0,0.6049863498693306,0.5793441607750277,0.6049863498693319,-1.2212453270876722e-15,True
easygese:wheatG,SW,pnngs,2,2,0,0.49037421046214785,0.3988303485641491,0.49037421046214696,8.881784197001252e-16,True
easygese:wheatG,SW,pnngs,2,3,0,0.4771786712361,0.4888403273281002,0.4771786712361008,-7.771561172376096e-16,True
easygese:wheatG,SW,pnngs,2,4,0,0.71817945434603,0.7420465628314197,0.7181794543460294,6.661338147750939e-16,True
easygese:wheatG,SW,pnngs,2,5,0,0.49969667333124523,0.44548911853946255,0.4996966733312449,3.3306690738754696e-16,True
easygese:wheatG,SW,soydngp,1,1,0,0.690741849051586,0.6548352453046961,0.6907418490515866,-6.661338147750939e-16,True
easygese:wheatG,SW,soydngp,1,2,0,0.5583954792911041,0.5517069118968465,0.558395479291104,1.1102230246251565e-16,True
easygese:wheatG,SW,soydngp,1,3,0,0.75557601021475,0.7381616251796426,0.7555760102147497,2.220446049250313e-16,True
easygese:wheatG,SW,soydngp,1,4,0,0.7231754715205736,0.729841197087477,0.7231754715205732,4.440892098500626e-16,True
easygese:wheatG,SW,soydngp,1,5,0,0.7370294765835109,0.736608917547623,0.7370294765835108,1.1102230246251565e-16,True
easygese:wheatG,SW,soydngp,2,1,0,0.7332408480062115,0.6910579106463832,0.7332408480062114,1.1102230246251565e-16,True
easygese:wheatG,SW,soydngp,2,2,0,0.6663404378268947,0.5982142053035252,0.6663404378268947,0.0,True
easygese:wheatG,SW,soydngp,2,3,0,0.6594342153676604,0.6473883820374488,0.6594342153676472,1.3211653993039363e-14,True
easygese:wheatG,SW,soydngp,2,4,0,0.6754068919803637,0.6706440454054409,0.6754068919803635,2.220446049250313e-16,True
easygese:wheatG,SW,soydngp,2,5,0,0.6196370056413892,0.4749701581790045,0.6196370056413909,-1.6653345369377348e-15,True
easygese:wheatG,SW,transformer,1,1,0,0.640973924283627,0.5482000283351707,0.6409739242836273,-3.3306690738754696e-16,True
easygese:wheatG,SW,transformer,1,2,0,0.5810198158509474,0.558648720831697,0.5810198158509469,5.551115123125783e-16,True
easygese:wheatG,SW,transformer,1,3,0,0.6888939111518009,0.6821461654450094,0.6888939111518009,0.0,True
easygese:wheatG,SW,transformer,1,4,0,0.6582221131548767,0.6650503177634618,0.6582221131548768,-1.1102230246251565e-16,True
easygese:wheatG,SW,transformer,1,5,0,0.648308501028131,0.6503161193019944,0.6483085010281313,-3.3306690738754696e-16,True
easygese:wheatG,SW,transformer,2,1,0,0.6627659154733019,0.6104866626597687,0.6627659154733012,6.661338147750939e-16,True
easygese:wheatG,SW,transformer,2,2,0,0.5934899480660195,0.5828648724422297,0.5934899480660193,2.220446049250313e-16,True
easygese:wheatG,SW,transformer,2,3,0,0.6809491343135438,0.6643986390723059,0.6809491343135434,3.3306690738754696e-16,True
easygese:wheatG,SW,transformer,2,4,0,0.7630743043716568,0.7699446959074572,0.7630743043716567,1.1102230246251565e-16,True
easygese:wheatG,SW,transformer,2,5,0,0.49582244848535295,0.44623698866297423,0.495822448485353,-5.551115123125783e-17,True
easygese:wheatG,TKW,cnn,1,1,0,0.3648759298882451,0.3184618875878319,0.3648759298882451,0.0,True
easygese:wheatG,TKW,cnn,1,2,0,0.21393140494467172,0.17881633629439822,0.21393140494467186,-1.3877787807814457e-16,True
easygese:wheatG,TKW,cnn,1,3,0,0.30858684031152794,0.2252908608071074,0.3085868403115285,-5.551115123125783e-16,True
easygese:wheatG,TKW,cnn,1,4,0,0.17639375234876126,0.17024403699376803,0.17639375234875523,6.022959908591474e-15,True
easygese:wheatG,TKW,cnn,1,5,0,0.31525117416457876,0.25638986683577114,0.3152511741645778,9.43689570931383e-16,True
easygese:wheatG,TKW,cnn,2,1,0,0.2575945827545411,0.2430492924677369,0.25759458275454106,5.551115123125783e-17,True
easygese:wheatG,TKW,cnn,2,2,0,0.3423520402820393,0.33812141480249713,0.3423520402820393,0.0,True
easygese:wheatG,TKW,cnn,2,3,0,0.4517331835117038,0.3976478117685577,0.45173318351170344,3.3306690738754696e-16,True
easygese:wheatG,TKW,cnn,2,4,0,0.14976907360959374,0.21190232966734232,0.14976907360959316,5.828670879282072e-16,True
easygese:wheatG,TKW,cnn,2,5,0,0.39577461165431266,0.46658451653228056,0.39577461165431255,1.1102230246251565e-16,True
easygese:wheatG,TKW,deepgs,1,1,0,0.481281418459358,0.3802819346818557,0.4812814184593575,4.996003610813204e-16,True
easygese:wheatG,TKW,deepgs,1,2,0,0.17723292798595555,0.15516900332813965,0.17723292798595558,-2.7755575615628914e-17,True
easygese:wheatG,TKW,deepgs,1,3,0,0.5336329928001668,0.5346591969062925,0.533632992800167,-1.1102230246251565e-16,True
easygese:wheatG,TKW,deepgs,1,4,0,0.40952576584049005,0.36475896517840717,0.40952576584049005,0.0,True
easygese:wheatG,TKW,deepgs,1,5,0,0.32417755597988057,0.26719439324223,0.3241775559798807,-1.1102230246251565e-16,True
easygese:wheatG,TKW,deepgs,2,1,0,0.5160314239346018,0.42890200402188217,0.5160314239346023,-5.551115123125783e-16,True
easygese:wheatG,TKW,deepgs,2,2,0,0.390059981039562,0.42111141119555134,0.39005998103956196,5.551115123125783e-17,True
easygese:wheatG,TKW,deepgs,2,3,0,0.49120934701499136,0.48242455970416925,0.4912093470149913,5.551115123125783e-17,True
easygese:wheatG,TKW,deepgs,2,4,0,0.20475707009285946,0.17305577752610246,0.20475707009285926,1.942890293094024e-16,True
easygese:wheatG,TKW,deepgs,2,5,0,0.4917285193874137,0.4027677203683583,0.49172851938741396,-2.7755575615628914e-16,True
easygese:wheatG,TKW,dnngp,1,1,0,0.5179675314462554,0.494838366035146,0.5179675314462557,-3.3306690738754696e-16,True
easygese:wheatG,TKW,dnngp,1,2,0,0.22912658372506003,0.19311116709750134,0.2291265837250601,-5.551115123125783e-17,True
easygese:wheatG,TKW,dnngp,1,3,0,0.37334219356030196,0.35823057581884293,0.37334219356030207,-1.1102230246251565e-16,True
easygese:wheatG,TKW,dnngp,1,4,0,0.39606207905501045,0.3441024191427098,0.39606207905501084,-3.885780586188048e-16,True
easygese:wheatG,TKW,dnngp,1,5,0,0.48008531346749855,0.4820410707428451,0.4800853134674983,2.7755575615628914e-16,True
easygese:wheatG,TKW,dnngp,2,1,0,0.4896617108634287,0.4044278312798809,0.4896617108634287,0.0,True
easygese:wheatG,TKW,dnngp,2,2,0,0.43773696382991584,0.4757430141113165,0.4377369638299156,2.220446049250313e-16,True
easygese:wheatG,TKW,dnngp,2,3,0,0.4621842850562281,0.431089227093679,0.4621842850562279,2.220446049250313e-16,True
easygese:wheatG,TKW,dnngp,2,4,0,0.1546029621668532,0.1131612334681466,0.15460296216685307,1.3877787807814457e-16,True
easygese:wheatG,TKW,dnngp,2,5,0,0.5001723896291841,0.4816588590461485,0.5001723896291841,0.0,True
easygese:wheatG,TKW,mlp,1,1,0,0.5408741495369239,0.5306387725907074,0.5408741495369241,-2.220446049250313e-16,True
easygese:wheatG,TKW,mlp,1,2,0,0.22112197400412537,0.17329312034747252,0.2211219740041253,5.551115123125783e-17,True
easygese:wheatG,TKW,mlp,1,3,0,0.40218678009178965,0.36534631081021446,0.40218678009179,-3.3306690738754696e-16,True
easygese:wheatG,TKW,mlp,1,4,0,0.4803989478057284,0.46241894964805924,0.48039894780572817,2.220446049250313e-16,True
easygese:wheatG,TKW,mlp,1,5,0,0.3225738202927334,0.24925117695782315,0.3225738202927334,0.0,True
easygese:wheatG,TKW,mlp,2,1,0,0.4983487893146111,0.47356497356257576,0.49834878931461124,-1.6653345369377348e-16,True
easygese:wheatG,TKW,mlp,2,2,0,0.4482799969239743,0.45878472871034953,0.4482799969239742,1.1102230246251565e-16,True
easygese:wheatG,TKW,mlp,2,3,0,0.5161382242581461,0.46980417310252076,0.5161382242581461,0.0,True
easygese:wheatG,TKW,mlp,2,4,0,0.22787474058030086,0.2028310433405656,0.22787474058030102,-1.6653345369377348e-16,True
easygese:wheatG,TKW,mlp,2,5,0,0.41827044073619885,0.41466993848573586,0.4182704407361985,3.3306690738754696e-16,True
easygese:wheatG,TKW,pnngs,1,1,0,0.3556506404857335,0.29730325375860694,0.35565064048573286,6.661338147750939e-16,True
easygese:wheatG,TKW,pnngs,1,2,0,0.129503848522574,0.11732503702083523,0.12950384852257388,1.1102230246251565e-16,True
easygese:wheatG,TKW,pnngs,1,3,0,0.15111326308531342,0.22485346920233745,0.15111326308531187,1.5543122344752192e-15,True
easygese:wheatG,TKW,pnngs,1,4,0,0.12939999855868395,0.07868146400312657,0.12939999855868337,5.828670879282072e-16,True
easygese:wheatG,TKW,pnngs,1,5,0,0.13853264359884315,0.02193751373311632,0.13853264359884407,-9.159339953157541e-16,True
easygese:wheatG,TKW,pnngs,2,1,0,0.16394959234974663,0.2202517703432484,0.16394959234974793,-1.304512053934559e-15,True
easygese:wheatG,TKW,pnngs,2,2,0,0.2175382591369712,0.1642044277503796,0.21753825913696936,1.8318679906315083e-15,True
easygese:wheatG,TKW,pnngs,2,3,0,0.04419958994333371,0.037859896166334464,0.04419958994333444,-7.355227538141662e-16,True
easygese:wheatG,TKW,pnngs,2,4,0,-0.06567700628204096,-0.09765316876823757,-0.06567700628204017,-7.91033905045424e-16,True
easygese:wheatG,TKW,pnngs,2,5,0,0.03667548974456027,0.03224753028644984,0.036675489744565935,-5.662137425588298e-15,True
easygese:wheatG,TKW,soydngp,1,1,0,0.4380583898589699,0.39645678855556393,0.4380583898589691,7.771561172376096e-16,True
easygese:wheatG,TKW,soydngp,1,2,0,0.1320103348941377,0.10067531346762029,0.1320103348941377,0.0,True
easygese:wheatG,TKW,soydngp,1,3,0,0.40315252922033007,0.38015687229881095,0.4031525292203301,-5.551115123125783e-17,True
easygese:wheatG,TKW,soydngp,1,4,0,0.30037567199300286,0.2916440606742498,0.3003756719930052,-2.3314683517128287e-15,True
easygese:wheatG,TKW,soydngp,1,5,0,0.5118355360407971,0.49000735555924374,0.5118355360407969,2.220446049250313e-16,True
easygese:wheatG,TKW,soydngp,2,1,0,0.47746844809407357,0.4019754428915611,0.47746844809407313,4.440892098500626e-16,True
easygese:wheatG,TKW,soydngp,2,2,0,0.3525907942923003,0.3611154025019486,0.35259079429230017,1.1102230246251565e-16,True
easygese:wheatG,TKW,soydngp,2,3,0,0.366765672108087,0.37549544760811426,0.3667656721080868,2.220446049250313e-16,True
easygese:wheatG,TKW,soydngp,2,4,0,0.3556430642011947,0.3510322436709765,0.3556430642011948,-1.1102230246251565e-16,True
easygese:wheatG,TKW,soydngp,2,5,0,0.413489805744819,0.36921355241399306,0.4134898057448212,-2.220446049250313e-15,True
easygese:wheatG,TKW,transformer,1,1,0,0.18709643363898842,0.2019733954393076,0.1870964336389885,-8.326672684688674e-17,True
easygese:wheatG,TKW,transformer,1,2,0,0.19355521685195246,0.22064717105068338,0.19355521685195234,1.1102230246251565e-16,True
easygese:wheatG,TKW,transformer,1,3,0,0.3692288222985024,0.25382429703024284,0.36922882229850235,5.551115123125783e-17,True
easygese:wheatG,TKW,transformer,1,4,0,0.35499204732882933,0.2699351593430658,0.35499204732882983,-4.996003610813204e-16,True
easygese:wheatG,TKW,transformer,1,5,0,0.3274922481544749,0.42612942070386634,0.3274922481544752,-2.7755575615628914e-16,True
easygese:wheatG,TKW,transformer,2,1,0,0.26395416627333007,0.11401664221892124,0.26395416627332974,3.3306690738754696e-16,True
easygese:wheatG,TKW,transformer,2,2,0,0.29271857938463314,0.24430621730119118,0.29271857938463286,2.7755575615628914e-16,True
easygese:wheatG,TKW,transformer,2,3,0,0.23413333743996523,0.18691307862179973,0.2341333374399654,-1.6653345369377348e-16,True
easygese:wheatG,TKW,transformer,2,4,0,0.17958441869875338,0.21455680704412255,0.17958441869875322,1.6653345369377348e-16,True
easygese:wheatG,TKW,transformer,2,5,0,0.3218395602260934,0.34107242019023004,0.32183956022609356,-1.6653345369377348e-16,True
easygese:wheatG,ZEL,cnn,1,1,0,0.6456346570632533,0.635462163329125,0.6456346570632537,-4.440892098500626e-16,True
easygese:wheatG,ZEL,cnn,1,2,0,0.5327213513705921,0.5312912925731227,0.5327213513705921,0.0,True
easygese:wheatG,ZEL,cnn,1,3,0,0.7233550447347518,0.6461685130730905,0.7233550447347518,0.0,True
easygese:wheatG,ZEL,cnn,1,4,0,0.6767185007651518,0.6180805061559054,0.6767185007651514,4.440892098500626e-16,True
easygese:wheatG,ZEL,cnn,1,5,0,0.8188000161353418,0.7979021392676114,0.8188000161353424,-5.551115123125783e-16,True
easygese:wheatG,ZEL,cnn,2,1,0,0.5786300404580501,0.5491678125353163,0.5786300404580499,2.220446049250313e-16,True
easygese:wheatG,ZEL,cnn,2,2,0,0.6799970555368927,0.5948420773933814,0.6799970555368924,3.3306690738754696e-16,True
easygese:wheatG,ZEL,cnn,2,3,0,0.8093886434614161,0.8147323814314522,0.8093886434614165,-3.3306690738754696e-16,True
easygese:wheatG,ZEL,cnn,2,4,0,0.7029729642455425,0.642937231797154,0.7029729642455426,-1.1102230246251565e-16,True
easygese:wheatG,ZEL,cnn,2,5,0,0.5852412062701965,0.5727610401435156,0.5852412062701967,-2.220446049250313e-16,True
easygese:wheatG,ZEL,deepgs,1,1,0,0.7438248490829957,0.7437999486182949,0.7438248490829958,-1.1102230246251565e-16,True
easygese:wheatG,ZEL,deepgs,1,2,0,0.6720932465843962,0.6370840195024834,0.672093246584396,2.220446049250313e-16,True
easygese:wheatG,ZEL,deepgs,1,3,0,0.8074759510678604,0.7706913742550004,0.8074759510678596,7.771561172376096e-16,True
easygese:wheatG,ZEL,deepgs,1,4,0,0.7732501566102837,0.7055805785840877,0.7732501566102836,1.1102230246251565e-16,True
easygese:wheatG,ZEL,deepgs,1,5,0,0.8357866205412356,0.8152949154178584,0.8357866205412361,-4.440892098500626e-16,True
easygese:wheatG,ZEL,deepgs,2,1,0,0.699428602361956,0.6557253697418408,0.6994286023619561,-1.1102230246251565e-16,True
easygese:wheatG,ZEL,deepgs,2,2,0,0.7987353303782064,0.7692037217483261,0.7987353303782067,-2.220446049250313e-16,True
easygese:wheatG,ZEL,deepgs,2,3,0,0.8571498311469665,0.8535427947290768,0.8571498311469662,3.3306690738754696e-16,True
easygese:wheatG,ZEL,deepgs,2,4,0,0.7820262804171662,0.7685277424195703,0.7820262804171663,-1.1102230246251565e-16,True
easygese:wheatG,ZEL,deepgs,2,5,0,0.7344670604022134,0.7017425162133006,0.7344670604022134,0.0,True
easygese:wheatG,ZEL,dnngp,1,1,0,0.7709406516900303,0.7933454905868019,0.7709406516900306,-2.220446049250313e-16,True
easygese:wheatG,ZEL,dnngp,1,2,0,0.6570465814219417,0.6241064570165129,0.6570465814219415,2.220446049250313e-16,True
easygese:wheatG,ZEL,dnngp,1,3,0,0.7369793855140893,0.7422444764239364,0.7369793855140893,0.0,True
easygese:wheatG,ZEL,dnngp,1,4,0,0.7574133914115745,0.7517460022138759,0.7574133914115745,0.0,True
easygese:wheatG,ZEL,dnngp,1,5,0,0.8126682606682488,0.8020238669171618,0.812668260668249,-2.220446049250313e-16,True
easygese:wheatG,ZEL,dnngp,2,1,0,0.7377915396911037,0.7200780827703818,0.7377915396911037,0.0,True
easygese:wheatG,ZEL,dnngp,2,2,0,0.7786626359545139,0.7964357176113522,0.7786626359545142,-3.3306690738754696e-16,True
easygese:wheatG,ZEL,dnngp,2,3,0,0.8397456479517799,0.8323578322619644,0.8397456479517792,6.661338147750939e-16,True
easygese:wheatG,ZEL,dnngp,2,4,0,0.7105421742388559,0.6978910585531468,0.7105421742388561,-2.220446049250313e-16,True
easygese:wheatG,ZEL,dnngp,2,5,0,0.6978160830491205,0.6858110039801668,0.6978160830491207,-2.220446049250313e-16,True
easygese:wheatG,ZEL,mlp,1,1,0,0.7408639295961404,0.7281374621398612,0.7408639295961403,1.1102230246251565e-16,True
easygese:wheatG,ZEL,mlp,1,2,0,0.6433849580582571,0.6204899381953483,0.6433849580582576,-4.440892098500626e-16,True
easygese:wheatG,ZEL,mlp,1,3,0,0.8080697596929065,0.8039442388363514,0.8080697596929061,4.440892098500626e-16,True
easygese:wheatG,ZEL,mlp,1,4,0,0.7943298262288102,0.787502332649166,0.7943298262288102,0.0,True
easygese:wheatG,ZEL,mlp,1,5,0,0.8263826360929504,0.805318852566693,0.8263826360929505,-1.1102230246251565e-16,True
easygese:wheatG,ZEL,mlp,2,1,0,0.7021349568897427,0.6959427491075405,0.7021349568897426,1.1102230246251565e-16,True
easygese:wheatG,ZEL,mlp,2,2,0,0.7940619606500551,0.7746524467589871,0.7940619606500555,-4.440892098500626e-16,True
easygese:wheatG,ZEL,mlp,2,3,0,0.8477443796223858,0.8447053645282036,0.8477443796223856,2.220446049250313e-16,True
easygese:wheatG,ZEL,mlp,2,4,0,0.7559072617631536,0.7232256914652612,0.7559072617631535,1.1102230246251565e-16,True
easygese:wheatG,ZEL,mlp,2,5,0,0.7444074866814692,0.7492214853985246,0.7444074866814689,2.220446049250313e-16,True
easygese:wheatG,ZEL,pnngs,1,1,0,0.4378941030911131,0.4592642876238376,0.4378941030911131,0.0,True
easygese:wheatG,ZEL,pnngs,1,2,0,0.46383980941047565,0.36573372006746674,0.4638398094104758,-1.6653345369377348e-16,True
easygese:wheatG,ZEL,pnngs,1,3,0,0.6657253087701652,0.6409914512685179,0.6657253087701657,-4.440892098500626e-16,True
easygese:wheatG,ZEL,pnngs,1,4,0,0.3438669779755298,0.2526709561728385,0.3438669779755296,1.6653345369377348e-16,True
easygese:wheatG,ZEL,pnngs,1,5,0,0.5398027301213596,0.3865963905601757,0.5398027301213599,-3.3306690738754696e-16,True
easygese:wheatG,ZEL,pnngs,2,1,0,0.41509566337160664,0.3381926083983189,0.41509566337160686,-2.220446049250313e-16,True
easygese:wheatG,ZEL,pnngs,2,2,0,0.47589606166689685,0.4406009581254259,0.47589606166689663,2.220446049250313e-16,True
easygese:wheatG,ZEL,pnngs,2,3,0,0.5973345002736998,0.6089112602242928,0.5973345002736994,4.440892098500626e-16,True
easygese:wheatG,ZEL,pnngs,2,4,0,0.588448502298615,0.48615208499779233,0.5884485022986147,3.3306690738754696e-16,True
easygese:wheatG,ZEL,pnngs,2,5,0,0.47939798278561924,0.487536536733258,0.4793979827856193,-5.551115123125783e-17,True
easygese:wheatG,ZEL,soydngp,1,1,0,0.7220602011186646,0.7093396760600815,0.7220602011186644,2.220446049250313e-16,True
easygese:wheatG,ZEL,soydngp,1,2,0,0.695002139728745,0.6450165092863808,0.6950021397287449,1.1102230246251565e-16,True
easygese:wheatG,ZEL,soydngp,1,3,0,0.8068740433577057,0.7992567090356887,0.8068740433577054,3.3306690738754696e-16,True
easygese:wheatG,ZEL,soydngp,1,4,0,0.7304394931339767,0.632642225672972,0.7304394931339764,3.3306690738754696e-16,True
easygese:wheatG,ZEL,soydngp,1,5,0,0.7885589238295786,0.7908277016989821,0.7885589238295787,-1.1102230246251565e-16,True
easygese:wheatG,ZEL,soydngp,2,1,0,0.653156285935746,0.6400826124623877,0.6531562859357459,1.1102230246251565e-16,True
easygese:wheatG,ZEL,soydngp,2,2,0,0.7632859716214642,0.7277862038714591,0.7632859716214647,-5.551115123125783e-16,True
easygese:wheatG,ZEL,soydngp,2,3,0,0.8374969307226292,0.8214307428989494,0.8374969307226295,-3.3306690738754696e-16,True
easygese:wheatG,ZEL,soydngp,2,4,0,0.7726647650768046,0.7299170721134814,0.7726647650768039,6.661338147750939e-16,True
easygese:wheatG,ZEL,soydngp,2,5,0,0.7034907070446301,0.6279017562869247,0.7034907070446301,0.0,True
easygese:wheatG,ZEL,transformer,1,1,0,0.7238531653637292,0.7386957278596796,0.7238531653637291,1.1102230246251565e-16,True
easygese:wheatG,ZEL,transformer,1,2,0,0.4806254746215496,0.43822368019693186,0.4806254746215498,-2.220446049250313e-16,True
easygese:wheatG,ZEL,transformer,1,3,0,0.6367770820992291,0.62365607973509,0.6367770820992292,-1.1102230246251565e-16,True
easygese:wheatG,ZEL,transformer,1,4,0,0.5840431722289054,0.47606580012994,0.5840431722289054,0.0,True
easygese:wheatG,ZEL,transformer,1,5,0,0.684142050713029,0.6753327201327679,0.684142050713029,0.0,True
easygese:wheatG,ZEL,transformer,2,1,0,0.4844505740986083,0.5654225829746202,0.4844505740986082,1.1102230246251565e-16,True
easygese:wheatG,ZEL,transformer,2,2,0,0.6447977965380904,0.6158888308569256,0.644797796538091,-5.551115123125783e-16,True
easygese:wheatG,ZEL,transformer,2,3,0,0.7263181996757514,0.7131367604088625,0.7263181996757512,2.220446049250313e-16,True
easygese:wheatG,ZEL,transformer,2,4,0,0.6102019877758077,0.6215484497376249,0.6102019877758078,-1.1102230246251565e-16,True
easygese:wheatG,ZEL,transformer,2,5,0,0.6632112410674406,0.644767153348383,0.6632112410674403,2.220446049250313e-16,True
soynam:height,height,cnn,1,1,0,0.6580509167056972,0.6555510950513117,0.6580509167056973,-1.1102230246251565e-16,True
soynam:height,height,cnn,1,2,0,0.6574993192529839,0.6516976542687491,0.657499319252984,-1.1102230246251565e-16,True
soynam:height,height,cnn,1,3,0,0.6543268271103144,0.6203390072005304,0.6543268271103145,-1.1102230246251565e-16,True
soynam:height,height,cnn,1,4,0,0.5873437914164817,0.5724008106323343,0.5873437914164815,2.220446049250313e-16,True
soynam:height,height,cnn,1,5,0,0.6563236849647115,0.6453382063844333,0.6563236849647117,-2.220446049250313e-16,True
soynam:height,height,cnn,2,1,0,0.636749621429122,0.6105430586984347,0.6367496214291217,2.220446049250313e-16,True
soynam:height,height,cnn,2,2,0,0.668886577407156,0.6565976580611764,0.6688865774071563,-3.3306690738754696e-16,True
soynam:height,height,cnn,2,3,0,0.6292232237491326,0.6186689347779711,0.6292232237491331,-4.440892098500626e-16,True
soynam:height,height,cnn,2,4,0,0.5979334223276694,0.5940749433368887,0.5979334223276692,2.220446049250313e-16,True
soynam:height,height,cnn,2,5,0,0.5909025959206496,0.5845930322919043,0.5909025959206496,0.0,True
soynam:height,height,deepgs,1,1,0,0.6912141578358135,0.6691273826556076,0.6912141578358135,0.0,True
soynam:height,height,deepgs,1,2,0,0.6597246929737157,0.6442787301066875,0.6597246929737159,-2.220446049250313e-16,True
soynam:height,height,deepgs,1,3,0,0.6293839462940619,0.5538337079116674,0.6293839462940622,-3.3306690738754696e-16,True
soynam:height,height,deepgs,1,4,0,0.6123034970216367,0.6007477453715129,0.6123034970216367,0.0,True
soynam:height,height,deepgs,1,5,0,0.6713296286114828,0.6619516093557676,0.6713296286114826,2.220446049250313e-16,True
soynam:height,height,deepgs,2,1,0,0.6408449805312824,0.6169186621444149,0.6408449805312824,0.0,True
soynam:height,height,deepgs,2,2,0,0.6898494247692685,0.6828022230556637,0.6898494247692684,1.1102230246251565e-16,True
soynam:height,height,deepgs,2,3,0,0.6708825102312844,0.6267652248398162,0.6708825102312843,1.1102230246251565e-16,True
soynam:height,height,deepgs,2,4,0,0.5776610779563638,0.5722426947559691,0.5776610779563637,1.1102230246251565e-16,True
soynam:height,height,deepgs,2,5,0,0.6515372269632668,0.6257064490142737,0.6515372269632667,1.1102230246251565e-16,True
soynam:height,height,dnngp,1,1,0,0.5936345047562345,0.5858334706398558,0.5936345047562345,0.0,True
soynam:height,height,dnngp,1,2,0,0.6167093104762916,0.6041915144541723,0.6167093104762916,0.0,True
soynam:height,height,dnngp,1,3,0,0.5551179358258083,0.5511398479146533,0.5551179358258083,0.0,True
soynam:height,height,dnngp,1,4,0,0.5362033033049334,0.5166601102549906,0.5362033033049333,1.1102230246251565e-16,True
soynam:height,height,dnngp,1,5,0,0.5993247216294852,0.5739834838594075,0.5993247216294851,1.1102230246251565e-16,True
soynam:height,height,dnngp,2,1,0,0.5657265802230013,0.5144498302750071,0.5657265802230012,1.1102230246251565e-16,True
soynam:height,height,dnngp,2,2,0,0.5984688582842994,0.5909161358774575,0.5984688582842994,0.0,True
soynam:height,height,dnngp,2,3,0,0.5860998240991625,0.5722915726282447,0.5860998240991626,-1.1102230246251565e-16,True
soynam:height,height,dnngp,2,4,0,0.5608886090609791,0.5510092545812388,0.5608886090609794,-2.220446049250313e-16,True
soynam:height,height,dnngp,2,5,0,0.6351516329131492,0.6087096223218886,0.635151632913149,2.220446049250313e-16,True
soynam:height,height,mlp,1,1,0,0.7186213038393547,0.7037098541166841,0.7186213038393543,4.440892098500626e-16,True
soynam:height,height,mlp,1,2,0,0.680154532698104,0.6622429362912825,0.6801545326981039,1.1102230246251565e-16,True
soynam:height,height,mlp,1,3,0,0.650875828936976,0.6394073033596823,0.6508758289369758,2.220446049250313e-16,True
soynam:height,height,mlp,1,4,0,0.6490340586892882,0.6404748497683291,0.6490340586892877,5.551115123125783e-16,True
soynam:height,height,mlp,1,5,0,0.6981616595666655,0.692728165588288,0.6981616595666655,0.0,True
soynam:height,height,mlp,2,1,0,0.651419985340973,0.6503277676877941,0.651419985340973,0.0,True
soynam:height,height,mlp,2,2,0,0.7121319489372283,0.6973837024969353,0.7121319489372283,0.0,True
soynam:height,height,mlp,2,3,0,0.6926329682806148,0.6541407514211228,0.6926329682806148,0.0,True
soynam:height,height,mlp,2,4,0,0.6673926332851585,0.6565387126059138,0.6673926332851582,3.3306690738754696e-16,True
soynam:height,height,mlp,2,5,0,0.7059532795979492,0.6876075915691331,0.7059532795979495,-3.3306690738754696e-16,True
soynam:height,height,pnngs,1,1,0,0.6344209956362254,0.6202433460732811,0.6344209956362253,1.1102230246251565e-16,True
soynam:height,height,pnngs,1,2,0,0.6166871539344951,0.582189929184847,0.6166871539344949,2.220446049250313e-16,True
soynam:height,height,pnngs,1,3,0,0.40721670869143967,0.37623734682108206,0.40721670869143956,1.1102230246251565e-16,True
soynam:height,height,pnngs,1,4,0,0.387813520097822,0.39722550410334306,0.38781352009782233,-3.3306690738754696e-16,True
soynam:height,height,pnngs,1,5,0,0.5603056533250392,0.5314462987843761,0.5603056533250392,0.0,True
soynam:height,height,pnngs,2,1,0,0.5038275041569789,0.513204669633975,0.5038275041569786,2.220446049250313e-16,True
soynam:height,height,pnngs,2,2,0,0.602688271768208,0.5902911619929495,0.6026882717682077,3.3306690738754696e-16,True
soynam:height,height,pnngs,2,3,0,0.6717409121830996,0.6269028260153473,0.6717409121830998,-2.220446049250313e-16,True
soynam:height,height,pnngs,2,4,0,0.558000405874246,0.5561544523365627,0.5580004058742459,1.1102230246251565e-16,True
soynam:height,height,pnngs,2,5,0,0.5841311958741077,0.5760258630284256,0.5841311958741082,-5.551115123125783e-16,True
soynam:height,height,soydngp,1,1,0,0.6769491937575601,0.65697798286028,0.6769491937575607,-5.551115123125783e-16,True
soynam:height,height,soydngp,1,2,0,0.6762541341788734,0.6495176374880539,0.6762541341788734,0.0,True
soynam:height,height,soydngp,1,3,0,0.6501544444982269,0.633155437260884,0.6501544444982269,0.0,True
soynam:height,height,soydngp,1,4,0,0.514471526518787,0.5003567693427685,0.5144715265187871,-1.1102230246251565e-16,True
soynam:height,height,soydngp,1,5,0,0.6916950634590884,0.6783686859409453,0.6916950634590884,0.0,True
soynam:height,height,soydngp,2,1,0,0.6112360796400085,0.5980985783761648,0.6112360796400084,1.1102230246251565e-16,True
soynam:height,height,soydngp,2,2,0,0.7113713768300463,0.6932130126666181,0.711371376830046,2.220446049250313e-16,True
soynam:height,height,soydngp,2,3,0,0.6502889964786118,0.6230635698232919,0.6502889964786114,4.440892098500626e-16,True
soynam:height,height,soydngp,2,4,0,0.643587816259886,0.642580112136844,0.6435878162598863,-2.220446049250313e-16,True
soynam:height,height,soydngp,2,5,0,0.69035746651457,0.6580020243307106,0.6903574665145703,-3.3306690738754696e-16,True
soynam:height,height,transformer,1,1,0,0.6320691803829698,0.6113900368084454,0.6320691803829698,0.0,True
soynam:height,height,transformer,1,2,0,0.6368315555798304,0.6187182396060336,0.6368315555798303,1.1102230246251565e-16,True
soynam:height,height,transformer,1,3,0,0.6037509621615967,0.5838335288884147,0.6037509621615966,1.1102230246251565e-16,True
soynam:height,height,transformer,1,4,0,0.5693686406254665,0.5540837631602944,0.5693686406254667,-1.1102230246251565e-16,True
soynam:height,height,transformer,1,5,0,0.6471354677495568,0.6460476077306065,0.6471354677495571,-3.3306690738754696e-16,True
soynam:height,height,transformer,2,1,0,0.6192455267485383,0.6092435866171008,0.6192455267485383,0.0,True
soynam:height,height,transformer,2,2,0,0.630890893563921,0.6201273600312178,0.6308908935639213,-2.220446049250313e-16,True
soynam:height,height,transformer,2,3,0,0.6036578110663439,0.580899768398696,0.6036578110663436,2.220446049250313e-16,True
soynam:height,height,transformer,2,4,0,0.6007709380755905,0.5908740530740871,0.6007709380755901,3.3306690738754696e-16,True
soynam:height,height,transformer,2,5,0,0.6510063820576455,0.6401072600697698,0.6510063820576455,0.0,True
soynam:oil,oil,cnn,1,1,0,0.6776236512093927,0.6735539805721691,0.6776236512093932,-4.440892098500626e-16,True
soynam:oil,oil,cnn,1,2,0,0.6393011205659233,0.6331545705360694,0.6393011205659221,1.1102230246251565e-15,True
soynam:oil,oil,cnn,1,3,0,0.6598778031923401,0.655895038473026,0.6598778031923371,2.9976021664879227e-15,True
soynam:oil,oil,cnn,1,4,0,0.6475134025503874,0.6324333981046543,0.6475134025503874,0.0,True
soynam:oil,oil,cnn,1,5,0,0.6251429562007328,0.6226809401724479,0.6251429562007315,1.3322676295501878e-15,True
soynam:oil,oil,cnn,2,1,0,0.6748529474229399,0.654207737652478,0.6748529474229379,1.9984014443252818e-15,True
soynam:oil,oil,cnn,2,2,0,0.6376069718204763,0.6256172639190651,0.6376069718204768,-4.440892098500626e-16,True
soynam:oil,oil,cnn,2,3,0,0.620697518328098,0.5994076898791016,0.6206975183281004,-2.3314683517128287e-15,True
soynam:oil,oil,cnn,2,4,0,0.6490808097986535,0.6288860764859575,0.6490808097986523,1.1102230246251565e-15,True
soynam:oil,oil,cnn,2,5,0,0.631968470841795,0.6363186270946154,0.6319684708417945,4.440892098500626e-16,True
soynam:oil,oil,deepgs,1,1,0,0.7070334092056408,0.6905991996777961,0.7070334092056408,0.0,True
soynam:oil,oil,deepgs,1,2,0,0.7132732565928291,0.7094125919767313,0.7132732565928294,-2.220446049250313e-16,True
soynam:oil,oil,deepgs,1,3,0,0.6993876993178524,0.6888774647439911,0.6993876993178526,-2.220446049250313e-16,True
soynam:oil,oil,deepgs,1,4,0,0.6827233787830294,0.6641525982827826,0.6827233787830291,2.220446049250313e-16,True
soynam:oil,oil,deepgs,1,5,0,0.7091381441826151,0.6995174625605645,0.7091381441826157,-5.551115123125783e-16,True
soynam:oil,oil,deepgs,2,1,0,0.7061121581322135,0.6523901802119431,0.7061121581322136,-1.1102230246251565e-16,True
soynam:oil,oil,deepgs,2,2,0,0.6819356699402044,0.6736810175586616,0.6819356699402038,5.551115123125783e-16,True
soynam:oil,oil,deepgs,2,3,0,0.6625785507424871,0.6526155645399622,0.6625785507424871,0.0,True
soynam:oil,oil,deepgs,2,4,0,0.6986651484871839,0.67876622501068,0.6986651484871843,-4.440892098500626e-16,True
soynam:oil,oil,deepgs,2,5,0,0.685681687910374,0.6798505798530352,0.6856816879103738,2.220446049250313e-16,True
soynam:oil,oil,dnngp,1,1,0,0.6489385247624141,0.6425058320403259,0.6489385247624139,2.220446049250313e-16,True
soynam:oil,oil,dnngp,1,2,0,0.6734710975348834,0.6649560669486628,0.6734710975348832,2.220446049250313e-16,True
soynam:oil,oil,dnngp,1,3,0,0.6636040296147203,0.653090033752049,0.66360402961472,3.3306690738754696e-16,True
soynam:oil,oil,dnngp,1,4,0,0.633511383704166,0.6153644805991597,0.6335113837041658,2.220446049250313e-16,True
soynam:oil,oil,dnngp,1,5,0,0.6459655432551186,0.6240020039654411,0.6459655432551183,2.220446049250313e-16,True
soynam:oil,oil,dnngp,2,1,0,0.661838229732538,0.6422031116805698,0.6618382297325378,2.220446049250313e-16,True
soynam:oil,oil,dnngp,2,2,0,0.6184568846228492,0.6086922598787173,0.6184568846228493,-1.1102230246251565e-16,True
soynam:oil,oil,dnngp,2,3,0,0.6380106027244106,0.6236554464112841,0.638010602724411,-4.440892098500626e-16,True
soynam:oil,oil,dnngp,2,4,0,0.6646635360625686,0.6418473622318778,0.6646635360625688,-2.220446049250313e-16,True
soynam:oil,oil,dnngp,2,5,0,0.6127789261176435,0.598014004146153,0.6127789261176435,0.0,True
soynam:oil,oil,mlp,1,1,0,0.7289628210371324,0.7187351227542426,0.7289628210371326,-2.220446049250313e-16,True
soynam:oil,oil,mlp,1,2,0,0.725295405745791,0.7198430648199364,0.7252954057457903,6.661338147750939e-16,True
soynam:oil,oil,mlp,1,3,0,0.7273905887705268,0.722440667962327,0.7273905887705269,-1.1102230246251565e-16,True
soynam:oil,oil,mlp,1,4,0,0.7004246914984733,0.6861579845490829,0.7004246914984733,0.0,True
soynam:oil,oil,mlp,1,5,0,0.7320629327435089,0.7171243716033296,0.732062932743509,-1.1102230246251565e-16,True
soynam:oil,oil,mlp,2,1,0,0.7087215204444121,0.681123363086116,0.7087215204444123,-2.220446049250313e-16,True
soynam:oil,oil,mlp,2,2,0,0.6942077356944926,0.6848339182417843,0.6942077356944926,0.0,True
soynam:oil,oil,mlp,2,3,0,0.6557247466615862,0.6409859424117941,0.6557247466615862,0.0,True
soynam:oil,oil,mlp,2,4,0,0.7252387811182918,0.7081536057787063,0.7252387811182912,5.551115123125783e-16,True
soynam:oil,oil,mlp,2,5,0,0.707449789001033,0.6993753973181992,0.7074497890010327,2.220446049250313e-16,True
soynam:oil,oil,pnngs,1,1,0,0.6159870359873686,0.6083533069640509,0.6159870359873685,1.1102230246251565e-16,True
soynam:oil,oil,pnngs,1,2,0,0.6061015276639874,0.5884741776892395,0.6061015276639877,-3.3306690738754696e-16,True
soynam:oil,oil,pnngs,1,3,0,0.5593571914314946,0.5441829096766688,0.5593571914314941,5.551115123125783e-16,True
soynam:oil,oil,pnngs,1,4,0,0.5866807033624144,0.5741532448098932,0.5866807033624144,0.0,True
soynam:oil,oil,pnngs,1,5,0,0.6268375332982647,0.6239063940881581,0.626837533298265,-2.220446049250313e-16,True
soynam:oil,oil,pnngs,2,1,0,0.5788232511103455,0.5691345878571317,0.5788232511103452,3.3306690738754696e-16,True
soynam:oil,oil,pnngs,2,2,0,0.6284361272407103,0.6126407132197073,0.6284361272407099,4.440892098500626e-16,True
soynam:oil,oil,pnngs,2,3,0,0.6170640175387218,0.5952884206458107,0.6170640175387223,-5.551115123125783e-16,True
soynam:oil,oil,pnngs,2,4,0,0.6577737142049256,0.633574638534375,0.657773714204926,-4.440892098500626e-16,True
soynam:oil,oil,pnngs,2,5,0,0.618876098782194,0.6078146979861035,0.6188760987821939,1.1102230246251565e-16,True
soynam:oil,oil,soydngp,1,1,0,0.6916100871606152,0.6810367634783819,0.6916100871606152,0.0,True
soynam:oil,oil,soydngp,1,2,0,0.6932278375848007,0.6902442243082607,0.6932278375848004,2.220446049250313e-16,True
soynam:oil,oil,soydngp,1,3,0,0.6731539510580256,0.6600141646043045,0.6731539510580253,2.220446049250313e-16,True
soynam:oil,oil,soydngp,1,4,0,0.634433346612331,0.6238244049795226,0.634433346612331,0.0,True
soynam:oil,oil,soydngp,1,5,0,0.6920878787631729,0.6720884287527462,0.6920878787631733,-4.440892098500626e-16,True
soynam:oil,oil,soydngp,2,1,0,0.632806416699796,0.6102501323151088,0.6328064166997963,-3.3306690738754696e-16,True
soynam:oil,oil,soydngp,2,2,0,0.663132439308572,0.6482820136293175,0.663132439308572,0.0,True
soynam:oil,oil,soydngp,2,3,0,0.6802166602335527,0.6517114212976738,0.6802166602335527,0.0,True
soynam:oil,oil,soydngp,2,4,0,0.6854775714399527,0.6353596212090266,0.6854775714399527,0.0,True
soynam:oil,oil,soydngp,2,5,0,0.671288407779543,0.6642481249359312,0.6712884077795431,-1.1102230246251565e-16,True
soynam:oil,oil,transformer,1,1,0,0.6847528326471224,0.6764199057828433,0.6847528326471224,0.0,True
soynam:oil,oil,transformer,1,2,0,0.6693203025777801,0.6616924660065726,0.6693203025777803,-2.220446049250313e-16,True
soynam:oil,oil,transformer,1,3,0,0.6428233562817569,0.6343318224192204,0.642823356281757,-1.1102230246251565e-16,True
soynam:oil,oil,transformer,1,4,0,0.6392295148356638,0.612575449879678,0.6392295148356639,-1.1102230246251565e-16,True
soynam:oil,oil,transformer,1,5,0,0.6592968074411656,0.6516636732919101,0.6592968074411655,1.1102230246251565e-16,True
soynam:oil,oil,transformer,2,1,0,0.635119319074874,0.6270588233746904,0.6351193190748736,3.3306690738754696e-16,True
soynam:oil,oil,transformer,2,2,0,0.6175129746159971,0.6105773340499672,0.6175129746159971,0.0,True
soynam:oil,oil,transformer,2,3,0,0.6276408842868858,0.6163026844504863,0.6276408842868854,4.440892098500626e-16,True
soynam:oil,oil,transformer,2,4,0,0.6499275996017323,0.6307098689698949,0.6499275996017323,0.0,True
soynam:oil,oil,transformer,2,5,0,0.6413001166224689,0.6411385211944338,0.641300116622469,-1.1102230246251565e-16,True
soynam:protein,protein,cnn,1,1,0,0.690099819692715,0.6886401548039588,0.6900998196927124,2.6645352591003757e-15,True
soynam:protein,protein,cnn,1,2,0,0.6290557310954741,0.6122338887083226,0.6290557310954756,-1.5543122344752192e-15,True
soynam:protein,protein,cnn,1,3,0,0.610923738320393,0.6079391948838172,0.6109237383203922,8.881784197001252e-16,True
soynam:protein,protein,cnn,1,4,0,0.6224946076306559,0.6095934903089022,0.6224946076306563,-4.440892098500626e-16,True
soynam:protein,protein,cnn,1,5,0,0.6386036718172414,0.6282433429220113,0.6386036718172369,4.551914400963142e-15,True
soynam:protein,protein,cnn,2,1,0,0.6753484992357834,0.6573444152089215,0.6753484992357831,3.3306690738754696e-16,True
soynam:protein,protein,cnn,2,2,0,0.651383869188153,0.6438450267222637,0.6513838691881535,-4.440892098500626e-16,True
soynam:protein,protein,cnn,2,3,0,0.6371216134433458,0.6106209693417289,0.6371216134433465,-6.661338147750939e-16,True
soynam:protein,protein,cnn,2,4,0,0.7056405198125387,0.696794948018443,0.7056405198125384,3.3306690738754696e-16,True
soynam:protein,protein,cnn,2,5,0,0.6686528198517105,0.6611834006399161,0.6686528198517098,7.771561172376096e-16,True
soynam:protein,protein,deepgs,1,1,0,0.730568024745217,0.7225432184507605,0.7305680247452172,-2.220446049250313e-16,True
soynam:protein,protein,deepgs,1,2,0,0.7126521994217965,0.6788185911228795,0.7126521994217966,-1.1102230246251565e-16,True
soynam:protein,protein,deepgs,1,3,0,0.7262229612615069,0.7233154046394651,0.7262229612615072,-3.3306690738754696e-16,True
soynam:protein,protein,deepgs,1,4,0,0.6866214548249142,0.6756098606490205,0.6866214548249139,3.3306690738754696e-16,True
soynam:protein,protein,deepgs,1,5,0,0.7315427414051462,0.7166525738691759,0.7315427414051462,0.0,True
soynam:protein,protein,deepgs,2,1,0,0.7189097877302537,0.681812915256439,0.718909787730254,-3.3306690738754696e-16,True
soynam:protein,protein,deepgs,2,2,0,0.7072213133824433,0.697403418690674,0.707221313382443,3.3306690738754696e-16,True
soynam:protein,protein,deepgs,2,3,0,0.691874346249181,0.6788564824390239,0.6918743462491812,-2.220446049250313e-16,True
soynam:protein,protein,deepgs,2,4,0,0.748374878039187,0.7379206825089931,0.7483748780391867,3.3306690738754696e-16,True
soynam:protein,protein,deepgs,2,5,0,0.7127091813174999,0.7038218617176621,0.7127091813174998,1.1102230246251565e-16,True
soynam:protein,protein,dnngp,1,1,0,0.6611114299409658,0.6503072045243122,0.6611114299409653,5.551115123125783e-16,True
soynam:protein,protein,dnngp,1,2,0,0.6509955004289811,0.6374914684207651,0.6509955004289814,-2.220446049250313e-16,True
soynam:protein,protein,dnngp,1,3,0,0.6709178203818462,0.6621078622522529,0.6709178203818463,-1.1102230246251565e-16,True
soynam:protein,protein,dnngp,1,4,0,0.6652870960978198,0.6550163086103572,0.6652870960978197,1.1102230246251565e-16,True
soynam:protein,protein,dnngp,1,5,0,0.6502060570086511,0.6339409619077777,0.6502060570086509,2.220446049250313e-16,True
soynam:protein,protein,dnngp,2,1,0,0.6594941443725174,0.6402252802169022,0.6594941443725175,-1.1102230246251565e-16,True
soynam:protein,protein,dnngp,2,2,0,0.6553310030716751,0.6506046228554611,0.6553310030716752,-1.1102230246251565e-16,True
soynam:protein,protein,dnngp,2,3,0,0.6490804871707331,0.6385433823968122,0.6490804871707327,3.3306690738754696e-16,True
soynam:protein,protein,dnngp,2,4,0,0.7111508247369298,0.700263151967063,0.7111508247369303,-4.440892098500626e-16,True
soynam:protein,protein,dnngp,2,5,0,0.665777883435179,0.6523167248887703,0.6657778834351789,1.1102230246251565e-16,True
soynam:protein,protein,mlp,1,1,0,0.733567658845817,0.7195275068547988,0.733567658845817,0.0,True
soynam:protein,protein,mlp,1,2,0,0.7195445340033115,0.7101021745876658,0.7195445340033114,1.1102230246251565e-16,True
soynam:protein,protein,mlp,1,3,0,0.7386463695201223,0.7354201677844628,0.7386463695201229,-5.551115123125783e-16,True
soynam:protein,protein,mlp,1,4,0,0.7126695954241042,0.7037200537486588,0.7126695954241046,-3.3306690738754696e-16,True
soynam:protein,protein,mlp,1,5,0,0.7361141495124898,0.7345567827346624,0.7361141495124899,-1.1102230246251565e-16,True
soynam:protein,protein,mlp,2,1,0,0.7313461995154414,0.7140458167629826,0.731346199515441,4.440892098500626e-16,True
soynam:protein,protein,mlp,2,2,0,0.7209068794239313,0.7123893772924399,0.7209068794239314,-1.1102230246251565e-16,True
soynam:protein,protein,mlp,2,3,0,0.7112150893097529,0.7066204851635481,0.7112150893097527,1.1102230246251565e-16,True
soynam:protein,protein,mlp,2,4,0,0.7598837872551663,0.737851174668106,0.759883787255166,2.220446049250313e-16,True
soynam:protein,protein,mlp,2,5,0,0.7248448231622234,0.7145697569667167,0.7248448231622232,2.220446049250313e-16,True
soynam:protein,protein,pnngs,1,1,0,0.6544231909325623,0.6476266963989793,0.6544231909325627,-4.440892098500626e-16,True
soynam:protein,protein,pnngs,1,2,0,0.683849195163467,0.6602811790476837,0.6838491951634671,-1.1102230246251565e-16,True
soynam:protein,protein,pnngs,1,3,0,0.6341356481427021,0.6127927896787325,0.6341356481427016,4.440892098500626e-16,True
soynam:protein,protein,pnngs,1,4,0,0.6118097934260265,0.6094420115747032,0.611809793426026,4.440892098500626e-16,True
soynam:protein,protein,pnngs,1,5,0,0.6262455219395023,0.6135429900638951,0.6262455219395019,4.440892098500626e-16,True
soynam:protein,protein,pnngs,2,1,0,0.6308487705537547,0.6093921143994486,0.6308487705537549,-2.220446049250313e-16,True
soynam:protein,protein,pnngs,2,2,0,0.6104178119889055,0.613766143110134,0.6104178119889053,2.220446049250313e-16,True
soynam:protein,protein,pnngs,2,3,0,0.6442986679436028,0.6312823848616304,0.6442986679436031,-3.3306690738754696e-16,True
soynam:protein,protein,pnngs,2,4,0,0.4185952534413545,0.4004966401924348,0.4185952534413543,2.220446049250313e-16,True
soynam:protein,protein,pnngs,2,5,0,0.6422627244223484,0.6349899878971733,0.6422627244223484,0.0,True
soynam:protein,protein,soydngp,1,1,0,0.7004824558847109,0.6914387370718291,0.7004824558847111,-2.220446049250313e-16,True
soynam:protein,protein,soydngp,1,2,0,0.6716636282120211,0.6640557970528864,0.6716636282120213,-2.220446049250313e-16,True
soynam:protein,protein,soydngp,1,3,0,0.7047922704176924,0.6966404087594426,0.7047922704176921,3.3306690738754696e-16,True
soynam:protein,protein,soydngp,1,4,0,0.6710276329505375,0.6524843337864201,0.6710276329505375,0.0,True
soynam:protein,protein,soydngp,1,5,0,0.6792843290479021,0.6759816526851511,0.6792843290479026,-4.440892098500626e-16,True
soynam:protein,protein,soydngp,2,1,0,0.6853385889440561,0.658350948800633,0.6853385889440559,2.220446049250313e-16,True
soynam:protein,protein,soydngp,2,2,0,0.6766356568372363,0.6732940815280883,0.6766356568372363,0.0,True
soynam:protein,protein,soydngp,2,3,0,0.6713908737033267,0.6669257299870415,0.671390873703327,-2.220446049250313e-16,True
soynam:protein,protein,soydngp,2,4,0,0.7223098712722816,0.7092100630313107,0.7223098712722817,-1.1102230246251565e-16,True
soynam:protein,protein,soydngp,2,5,0,0.7075659309655384,0.7018110988528138,0.7075659309655384,0.0,True
soynam:protein,protein,transformer,1,1,0,0.6520868724583809,0.628902806215143,0.6520868724583809,0.0,True
soynam:protein,protein,transformer,1,2,0,0.6419711693926164,0.6241101459173917,0.6419711693926168,-3.3306690738754696e-16,True
soynam:protein,protein,transformer,1,3,0,0.6625482829780855,0.6529735978915202,0.6625482829780852,3.3306690738754696e-16,True
soynam:protein,protein,transformer,1,4,0,0.5909463609861841,0.5654062589500269,0.5909463609861847,-5.551115123125783e-16,True
soynam:protein,protein,transformer,1,5,0,0.6591142716893403,0.6504089080612412,0.6591142716893399,4.440892098500626e-16,True
soynam:protein,protein,transformer,2,1,0,0.6211796718037303,0.6114527335604579,0.6211796718037302,1.1102230246251565e-16,True
soynam:protein,protein,transformer,2,2,0,0.6188827569019426,0.615436364578878,0.6188827569019426,0.0,True
soynam:protein,protein,transformer,2,3,0,0.6255270251276934,0.6237417945575104,0.6255270251276934,0.0,True
soynam:protein,protein,transformer,2,4,0,0.6222549960705445,0.6043007555934156,0.6222549960705444,1.1102230246251565e-16,True
soynam:protein,protein,transformer,2,5,0,0.6633933944790834,0.6584715965412758,0.6633933944790834,0.0,True
soynam:yield,yield,cnn,1,1,0,0.6402250801262601,0.6309786297748731,0.6402250801262611,-9.992007221626409e-16,True
soynam:yield,yield,cnn,1,2,0,0.6764060558461975,0.6591132922755147,0.6764060558461961,1.4432899320127035e-15,True
soynam:yield,yield,cnn,1,3,0,0.5821479493116888,0.5721113237561233,0.5821479493116883,4.440892098500626e-16,True
soynam:yield,yield,cnn,1,4,0,0.6642899099259605,0.6551344025346428,0.6642899099259597,7.771561172376096e-16,True
soynam:yield,yield,cnn,1,5,0,0.6623578167389229,0.6660178208518226,0.6623578167389232,-3.3306690738754696e-16,True
soynam:yield,yield,cnn,2,1,0,0.6767470635468282,0.6703911357464203,0.676747063546829,-7.771561172376096e-16,True
soynam:yield,yield,cnn,2,2,0,0.6720294092360185,0.6625443490036708,0.6720294092360187,-2.220446049250313e-16,True
soynam:yield,yield,cnn,2,3,0,0.6453085947909605,0.6066645550900382,0.6453085947909601,3.3306690738754696e-16,True
soynam:yield,yield,cnn,2,4,0,0.6927516878735279,0.6901461690459946,0.6927516878735277,2.220446049250313e-16,True
soynam:yield,yield,cnn,2,5,0,0.6624317229699772,0.6382452947114147,0.662431722969978,-7.771561172376096e-16,True
soynam:yield,yield,deepgs,1,1,0,0.6673663607357609,0.6636555123205049,0.667366360735761,-1.1102230246251565e-16,True
soynam:yield,yield,deepgs,1,2,0,0.7157200053372513,0.7048225204211271,0.7157200053372512,1.1102230246251565e-16,True
soynam:yield,yield,deepgs,1,3,0,0.632231450599069,0.6274838822165282,0.6322314505990693,-2.220446049250313e-16,True
soynam:yield,yield,deepgs,1,4,0,0.7008785589441627,0.6935892831048222,0.7008785589441626,1.1102230246251565e-16,True
soynam:yield,yield,deepgs,1,5,0,0.6927092819545987,0.6876308861536893,0.6927092819545986,1.1102230246251565e-16,True
soynam:yield,yield,deepgs,2,1,0,0.707446404657934,0.6973817227781143,0.7074464046579342,-2.220446049250313e-16,True
soynam:yield,yield,deepgs,2,2,0,0.7171958171992318,0.7100335053909058,0.7171958171992321,-3.3306690738754696e-16,True
soynam:yield,yield,deepgs,2,3,0,0.6799383071401027,0.6813422834419963,0.6799383071401032,-4.440892098500626e-16,True
soynam:yield,yield,deepgs,2,4,0,0.7233069395644451,0.7160778009401193,0.723306939564445,1.1102230246251565e-16,True
soynam:yield,yield,deepgs,2,5,0,0.7036933165063415,0.6634752420111764,0.7036933165063417,-2.220446049250313e-16,True
soynam:yield,yield,dnngp,1,1,0,0.6451897275086338,0.6434528301001772,0.6451897275086337,1.1102230246251565e-16,True
soynam:yield,yield,dnngp,1,2,0,0.6446532835770377,0.6071228837933236,0.6446532835770379,-2.220446049250313e-16,True
soynam:yield,yield,dnngp,1,3,0,0.5978391470336132,0.5849952331208503,0.5978391470336134,-2.220446049250313e-16,True
soynam:yield,yield,dnngp,1,4,0,0.6860146340265865,0.6797138744797204,0.6860146340265865,0.0,True
soynam:yield,yield,dnngp,1,5,0,0.6748421045741881,0.6630521624507795,0.674842104574188,1.1102230246251565e-16,True
soynam:yield,yield,dnngp,2,1,0,0.6923578544696093,0.6711479373796767,0.6923578544696094,-1.1102230246251565e-16,True
soynam:yield,yield,dnngp,2,2,0,0.668004370173537,0.665098490918073,0.6680043701735373,-3.3306690738754696e-16,True
soynam:yield,yield,dnngp,2,3,0,0.6605086991624219,0.6083663999841764,0.6605086991624217,2.220446049250313e-16,True
soynam:yield,yield,dnngp,2,4,0,0.691723716188489,0.6783423953686283,0.6917237161884892,-1.1102230246251565e-16,True
soynam:yield,yield,dnngp,2,5,0,0.6789790883558475,0.6673777696507533,0.6789790883558474,1.1102230246251565e-16,True
soynam:yield,yield,mlp,1,1,0,0.6696247722038239,0.6688378631047784,0.669624772203824,-1.1102230246251565e-16,True
soynam:yield,yield,mlp,1,2,0,0.7117622296559649,0.6769014821562803,0.7117622296559646,3.3306690738754696e-16,True
soynam:yield,yield,mlp,1,3,0,0.6461007902379232,0.6373677081614326,0.6461007902379237,-4.440892098500626e-16,True
soynam:yield,yield,mlp,1,4,0,0.7138485445404865,0.7110357442112498,0.713848544540487,-4.440892098500626e-16,True
soynam:yield,yield,mlp,1,5,0,0.7009587971666953,0.6993180232829302,0.7009587971666952,1.1102230246251565e-16,True
soynam:yield,yield,mlp,2,1,0,0.7218183829803072,0.7138017312175235,0.7218183829803071,1.1102230246251565e-16,True
soynam:yield,yield,mlp,2,2,0,0.7151211435581005,0.7093308205803909,0.7151211435581004,1.1102230246251565e-16,True
soynam:yield,yield,mlp,2,3,0,0.6754901296749756,0.6413374148691896,0.6754901296749755,1.1102230246251565e-16,True
soynam:yield,yield,mlp,2,4,0,0.7144550687393085,0.712084359604798,0.7144550687393084,1.1102230246251565e-16,True
soynam:yield,yield,mlp,2,5,0,0.7117848886180937,0.7038792083149158,0.7117848886180941,-3.3306690738754696e-16,True
soynam:yield,yield,pnngs,1,1,0,0.6852891874539464,0.6783358159058956,0.6852891874539464,0.0,True
soynam:yield,yield,pnngs,1,2,0,0.6569596256642335,0.6415855748133852,0.6569596256642336,-1.1102230246251565e-16,True
soynam:yield,yield,pnngs,1,3,0,0.5990144907191656,0.5841652556305666,0.5990144907191652,3.3306690738754696e-16,True
soynam:yield,yield,pnngs,1,4,0,0.676618990668024,0.6719537668902944,0.6766189906680238,2.220446049250313e-16,True
soynam:yield,yield,pnngs,1,5,0,0.6245327227988219,0.6128829220107817,0.6245327227988219,0.0,True
soynam:yield,yield,pnngs,2,1,0,0.6855461136690358,0.6528419295214851,0.6855461136690358,0.0,True
soynam:yield,yield,pnngs,2,2,0,0.6931689250301406,0.6641709174164107,0.6931689250301402,4.440892098500626e-16,True
soynam:yield,yield,pnngs,2,3,0,0.5768590759254295,0.6174631061506352,0.5768590759254296,-1.1102230246251565e-16,True
soynam:yield,yield,pnngs,2,4,0,0.6851999074369042,0.6798171883416476,0.6851999074369044,-2.220446049250313e-16,True
soynam:yield,yield,pnngs,2,5,0,0.6749468131666629,0.6224253432556733,0.674946813166663,-1.1102230246251565e-16,True
soynam:yield,yield,soydngp,1,1,0,0.6444445915006127,0.6544464565359275,0.6444445915006124,3.3306690738754696e-16,True
soynam:yield,yield,soydngp,1,2,0,0.6867656789321028,0.6832397759717683,0.6867656789321028,0.0,True
soynam:yield,yield,soydngp,1,3,0,0.6220669593037567,0.607127559441068,0.6220669593037567,0.0,True
soynam:yield,yield,soydngp,1,4,0,0.6767522851564421,0.6766798985495782,0.6767522851564424,-2.220446049250313e-16,True
soynam:yield,yield,soydngp,1,5,0,0.5094459613575776,0.501192308881024,0.5094459613575774,2.220446049250313e-16,True
soynam:yield,yield,soydngp,2,1,0,0.7081057978605785,0.7052110652774911,0.7081057978605785,0.0,True
soynam:yield,yield,soydngp,2,2,0,0.7095539256513504,0.6989165672164068,0.7095539256513502,2.220446049250313e-16,True
soynam:yield,yield,soydngp,2,3,0,0.6513905375514688,0.6397938437525732,0.6513905375514689,-1.1102230246251565e-16,True
soynam:yield,yield,soydngp,2,4,0,0.7055369091966727,0.6940537069634947,0.7055369091966726,1.1102230246251565e-16,True
soynam:yield,yield,soydngp,2,5,0,0.6899138273634547,0.570045539560818,0.6899138273634546,1.1102230246251565e-16,True
soynam:yield,yield,transformer,1,1,0,0.6277081052081895,0.6246615113499265,0.6277081052081895,0.0,True
soynam:yield,yield,transformer,1,2,0,0.6822255331832624,0.6762309404370798,0.6822255331832626,-2.220446049250313e-16,True
soynam:yield,yield,transformer,1,3,0,0.5958561979885273,0.5802929936035708,0.5958561979885272,1.1102230246251565e-16,True
soynam:yield,yield,transformer,1,4,0,0.6770704716878418,0.6722487211155036,0.6770704716878417,1.1102230246251565e-16,True
soynam:yield,yield,transformer,1,5,0,0.6445401504209191,0.6403916235072028,0.6445401504209187,3.3306690738754696e-16,True
soynam:yield,yield,transformer,2,1,0,0.6769251655658141,0.6578435026580409,0.6769251655658142,-1.1102230246251565e-16,True
soynam:yield,yield,transformer,2,2,0,0.659805741028719,0.6483995697119849,0.6598057410287188,2.220446049250313e-16,True
soynam:yield,yield,transformer,2,3,0,0.6313866895990022,0.6313311750356088,0.6313866895990022,0.0,True
soynam:yield,yield,transformer,2,4,0,0.6771572096770415,0.6647223315993526,0.6771572096770417,-2.220446049250313e-16,True
soynam:yield,yield,transformer,2,5,0,0.6377293089601922,0.6028721273246958,0.637729308960192,2.220446049250313e-16,True
wheat,env1,cnn,1,1,0,0.5713988680531475,0.59876588064275,0.5713988680531477,-1.1102230246251565e-16,True
wheat,env1,cnn,1,2,0,0.3291469224028004,0.264819354589195,0.32914692240280036,5.551115123125783e-17,True
wheat,env1,cnn,1,3,0,0.5470409115521098,0.5187261019058959,0.5470409115521101,-3.3306690738754696e-16,True
wheat,env1,cnn,1,4,0,0.421463554657647,0.41351769415448797,0.421463554657647,0.0,True
wheat,env1,cnn,1,5,0,0.5938670363369046,0.6035011785652924,0.5938670363369046,0.0,True
wheat,env1,cnn,2,1,0,0.5449888996858872,0.5245495925280984,0.5449888996858869,2.220446049250313e-16,True
wheat,env1,cnn,2,2,0,0.4798429434979441,0.46774528404713905,0.479842943497944,1.1102230246251565e-16,True
wheat,env1,cnn,2,3,0,0.4618947135434496,0.4040791103233092,0.46189471354344924,3.3306690738754696e-16,True
wheat,env1,cnn,2,4,0,0.5411165112601118,0.4915005101237734,0.5411165112601118,0.0,True
wheat,env1,cnn,2,5,0,0.5579447428858585,0.5778418492577662,0.5579447428858585,0.0,True
wheat,env1,deepgs,1,1,0,0.5780868272976637,0.5151163910680884,0.5780868272976636,1.1102230246251565e-16,True
wheat,env1,deepgs,1,2,0,0.4528608714174102,0.429365711794229,0.4528608714174101,1.1102230246251565e-16,True
wheat,env1,deepgs,1,3,0,0.4456575172774982,0.34228926373673035,0.4456575172774983,-1.1102230246251565e-16,True
wheat,env1,deepgs,1,4,0,0.4610114057352699,0.46842079530229164,0.4610114057352698,1.1102230246251565e-16,True
wheat,env1,deepgs,1,5,0,0.5928670159640976,0.5569529265236522,0.5928670159640975,1.1102230246251565e-16,True
wheat,env1,deepgs,2,1,0,0.47614130175111163,0.4264267038877938,0.4761413017511116,5.551115123125783e-17,True
wheat,env1,deepgs,2,2,0,0.550387516240783,0.5126822618852714,0.5503875162407832,-2.220446049250313e-16,True
wheat,env1,deepgs,2,3,0,0.5511169437670607,0.5465135566705029,0.551116943767061,-3.3306690738754696e-16,True
wheat,env1,deepgs,2,4,0,0.5788335356996654,0.5490955213666645,0.5788335356996653,1.1102230246251565e-16,True
wheat,env1,deepgs,2,5,0,0.518063422729663,0.5182627667179124,0.5180634227296632,-2.220446049250313e-16,True
wheat,env1,dnngp,1,1,0,0.5589258866798981,0.557508271579265,0.5589258866798981,0.0,True
wheat,env1,dnngp,1,2,0,0.32488242179124704,0.35856571345320704,0.32488242179124704,0.0,True
wheat,env1,dnngp,1,3,0,0.5803654604585973,0.5254303721954356,0.5803654604585974,-1.1102230246251565e-16,True
wheat,env1,dnngp,1,4,0,0.4400036789156477,0.41591769107870913,0.44000367891564773,-5.551115123125783e-17,True
wheat,env1,dnngp,1,5,0,0.645094858849874,0.5976274706307064,0.6450948588498744,-3.3306690738754696e-16,True
wheat,env1,dnngp,2,1,0,0.4494826150099101,0.44280542652621935,0.44948261500990994,1.6653345369377348e-16,True
wheat,env1,dnngp,2,2,0,0.5628719496627551,0.5646385728144738,0.5628719496627549,2.220446049250313e-16,True
wheat,env1,dnngp,2,3,0,0.4549967541229803,0.44540938404294467,0.4549967541229804,-1.1102230246251565e-16,True
wheat,env1,dnngp,2,4,0,0.5387312536473419,0.5041650704853421,0.5387312536473418,1.1102230246251565e-16,True
wheat,env1,dnngp,2,5,0,0.5413022938281172,0.5311266902844723,0.5413022938281172,0.0,True
wheat,env1,mlp,1,1,0,0.5705941928971802,0.5828866654056059,0.5705941928971802,0.0,True
wheat,env1,mlp,1,2,0,0.4356382364696129,0.4373995512837912,0.435638236469613,-1.1102230246251565e-16,True
wheat,env1,mlp,1,3,0,0.5975682069450652,0.5799136132829615,0.5975682069450656,-4.440892098500626e-16,True
wheat,env1,mlp,1,4,0,0.4881312546165022,0.49820737799811915,0.488131254616502,2.220446049250313e-16,True
wheat,env1,mlp,1,5,0,0.6053359621008318,0.5651784279074527,0.6053359621008318,0.0,True
wheat,env1,mlp,2,1,0,0.5229340253979703,0.5015554730708154,0.5229340253979704,-1.1102230246251565e-16,True
wheat,env1,mlp,2,2,0,0.5728077804404839,0.5617741196775465,0.572807780440484,-1.1102230246251565e-16,True
wheat,env1,mlp,2,3,0,0.5244196494583027,0.49793568624011897,0.5244196494583028,-1.1102230246251565e-16,True
wheat,env1,mlp,2,4,0,0.60879359672907,0.5519014631737572,0.6087935967290694,5.551115123125783e-16,True
wheat,env1,mlp,2,5,0,0.5571601485967412,0.5725529583972413,0.5571601485967415,-2.220446049250313e-16,True
wheat,env1,pnngs,1,1,0,0.5533836981391436,0.5314141529397609,0.5533836981391438,-2.220446049250313e-16,True
wheat,env1,pnngs,1,2,0,0.3954402462274793,0.3799718959246958,0.39544024622747914,1.6653345369377348e-16,True
wheat,env1,pnngs,1,3,0,0.3651670466895433,0.3562974698576233,0.3651670466895431,2.220446049250313e-16,True
wheat,env1,pnngs,1,4,0,0.18703939439823553,0.14698737486318375,0.18703939439823566,-1.3877787807814457e-16,True
wheat,env1,pnngs,1,5,0,0.47804556337777254,0.43094005129608526,0.47804556337777254,0.0,True
wheat,env1,pnngs,2,1,0,0.3596316395315034,0.33572382020346575,0.35963163953150357,-1.6653345369377348e-16,True
wheat,env1,pnngs,2,2,0,0.17868622669597278,0.18190663544008362,0.17868622669597278,0.0,True
wheat,env1,pnngs,2,3,0,0.4322073939397298,0.44272636485323474,0.43220739393972996,-1.6653345369377348e-16,True
wheat,env1,pnngs,2,4,0,0.3547645289372086,0.30400761480336763,0.35476452893720856,5.551115123125783e-17,True
wheat,env1,pnngs,2,5,0,0.4974379581541548,0.5265455225030456,0.49743795815415476,5.551115123125783e-17,True
wheat,env1,soydngp,1,1,0,0.5933053627956036,0.5716278598517099,0.5933053627956032,4.440892098500626e-16,True
wheat,env1,soydngp,1,2,0,0.39449093702324217,0.33455376905282713,0.39449093702324234,-1.6653345369377348e-16,True
wheat,env1,soydngp,1,3,0,0.5600245322810273,0.5390447879236915,0.5600245322810272,1.1102230246251565e-16,True
wheat,env1,soydngp,1,4,0,0.4351196326243175,0.41620950641528287,0.4351196326243174,1.1102230246251565e-16,True
wheat,env1,soydngp,1,5,0,0.6191218332850821,0.627222002054853,0.6191218332850824,-3.3306690738754696e-16,True
wheat,env1,soydngp,2,1,0,0.4717517748129331,0.4424598707239793,0.4717517748129331,0.0,True
wheat,env1,soydngp,2,2,0,0.40560224883386914,0.42290329373170304,0.40560224883386925,-1.1102230246251565e-16,True
wheat,env1,soydngp,2,3,0,0.5380059067214618,0.5038240184279104,0.5380059067214615,2.220446049250313e-16,True
wheat,env1,soydngp,2,4,0,0.5814492973704414,0.4916680924798987,0.5814492973704413,1.1102230246251565e-16,True
wheat,env1,soydngp,2,5,0,0.5603163521986423,0.5628268706325815,0.5603163521986422,1.1102230246251565e-16,True
wheat,env1,transformer,1,1,0,0.4525618350450723,0.4449201236060626,0.45256183504507214,1.6653345369377348e-16,True
wheat,env1,transformer,1,2,0,0.2931183615706117,0.3036090250458,0.2931183615706117,0.0,True
wheat,env1,transformer,1,3,0,0.5141408208118942,0.48878105541079836,0.5141408208118942,0.0,True
wheat,env1,transformer,1,4,0,0.3320329834073816,0.3207948731272297,0.33203298340738174,-1.6653345369377348e-16,True
wheat,env1,transformer,1,5,0,0.5170560613185093,0.45367821556424687,0.5170560613185092,1.1102230246251565e-16,True
wheat,env1,transformer,2,1,0,0.39163064453166996,0.4224355994815369,0.39163064453167007,-1.1102230246251565e-16,True
wheat,env1,transformer,2,2,0,0.4222575117456492,0.43019994182921556,0.42225751174564913,5.551115123125783e-17,True
wheat,env1,transformer,2,3,0,0.32152187270384086,0.30256333019128756,0.3215218727038407,1.6653345369377348e-16,True
wheat,env1,transformer,2,4,0,0.4409126279698729,0.3841254792617794,0.4409126279698727,2.220446049250313e-16,True
wheat,env1,transformer,2,5,0,0.47103612669687983,0.47027171318530225,0.4710361266968795,3.3306690738754696e-16,True
wheat,env2,cnn,1,1,0,0.43630063743900765,0.429428317429747,0.43630063743900765,0.0,True
wheat,env2,cnn,1,2,0,0.4759000738064995,0.4441356674134373,0.47590007380649924,2.7755575615628914e-16,True
wheat,env2,cnn,1,3,0,0.3769960625115207,0.3422738996642877,0.3769960625115205,1.6653345369377348e-16,True
wheat,env2,cnn,1,4,0,0.3460515421917234,0.2973888856429453,0.34605154219172357,-1.6653345369377348e-16,True
wheat,env2,cnn,1,5,0,0.4494721068595479,0.45468853537197806,0.4494721068595478,1.1102230246251565e-16,True
wheat,env2,cnn,2,1,0,0.26709179075039763,0.2197721261775493,0.2670917907503979,-2.7755575615628914e-16,True
wheat,env2,cnn,2,2,0,0.3093023794980368,0.28757321041272044,0.30930237949803696,-1.6653345369377348e-16,True
wheat,env2,cnn,2,3,0,0.38129131160436686,0.3455359247146148,0.38129131160436697,-1.1102230246251565e-16,True
wheat,env2,cnn,2,4,0,0.37816832139952805,0.34984519091194705,0.3781683213995284,-3.3306690738754696e-16,True
wheat,env2,cnn,2,5,0,0.580452186697421,0.5225791279147382,0.5804521866974206,4.440892098500626e-16,True
wheat,env2,deepgs,1,1,0,0.43521359615164096,0.42761337926955906,0.43521359615164107,-1.1102230246251565e-16,True
wheat,env2,deepgs,1,2,0,0.5430450347635005,0.43301960910985304,0.5430450347635003,2.220446049250313e-16,True
wheat,env2,deepgs,1,3,0,0.38068079773196417,0.34775205005745,0.38068079773196395,2.220446049250313e-16,True
wheat,env2,deepgs,1,4,0,0.41653509659500065,0.4157047076323406,0.4165350965950009,-2.220446049250313e-16,True
wheat,env2,deepgs,1,5,0,0.5005295420921556,0.4417125326711078,0.5005295420921557,-1.1102230246251565e-16,True
wheat,env2,deepgs,2,1,0,0.466626021214131,0.44959136740591676,0.46662602121413155,-5.551115123125783e-16,True
wheat,env2,deepgs,2,2,0,0.34923080538003565,0.2912542822667424,0.3492308053800359,-2.7755575615628914e-16,True
wheat,env2,deepgs,2,3,0,0.36132658357269765,0.3552444492368406,0.3613265835726976,5.551115123125783e-17,True
wheat,env2,deepgs,2,4,0,0.46283511710014846,0.46331830727699336,0.4628351171001488,-3.3306690738754696e-16,True
wheat,env2,deepgs,2,5,0,0.5997005689002204,0.5364025285788655,0.5997005689002207,-3.3306690738754696e-16,True
wheat,env2,dnngp,1,1,0,0.4771436860356796,0.4529124650725931,0.47714368603567964,-5.551115123125783e-17,True
wheat,env2,dnngp,1,2,0,0.5220414625621147,0.45605779319498335,0.5220414625621146,1.1102230246251565e-16,True
wheat,env2,dnngp,1,3,0,0.24995892315413745,0.2011979368042683,0.24995892315413748,-2.7755575615628914e-17,True
wheat,env2,dnngp,1,4,0,0.4950397048611949,0.5053164125061649,0.495039704861195,-5.551115123125783e-17,True
wheat,env2,dnngp,1,5,0,0.5027335310601401,0.4579948881648916,0.5027335310601403,-2.220446049250313e-16,True
wheat,env2,dnngp,2,1,0,0.31402382524620476,0.3225940184121232,0.3140238252462047,5.551115123125783e-17,True
wheat,env2,dnngp,2,2,0,0.3020778168535486,0.28705569429415784,0.3020778168535486,0.0,True
wheat,env2,dnngp,2,3,0,0.29260908278536873,0.3065253117126596,0.2926090827853689,-1.6653345369377348e-16,True
wheat,env2,dnngp,2,4,0,0.41916790719523395,0.3895386381910644,0.41916790719523384,1.1102230246251565e-16,True
wheat,env2,dnngp,2,5,0,0.44969505755668276,0.3121896020512173,0.4496950575566825,2.7755575615628914e-16,True
wheat,env2,mlp,1,1,0,0.465915197111068,0.4154114042853591,0.4659151971110683,-3.3306690738754696e-16,True
wheat,env2,mlp,1,2,0,0.530008594308114,0.48709905315098556,0.5300085943081135,4.440892098500626e-16,True
wheat,env2,mlp,1,3,0,0.4291314614708362,0.38499780769466485,0.4291314614708363,-1.1102230246251565e-16,True
wheat,env2,mlp,1,4,0,0.5312701349116471,0.5089942255919975,0.5312701349116473,-2.220446049250313e-16,True
wheat,env2,mlp,1,5,0,0.44947168353434075,0.4387703418675957,0.44947168353434075,0.0,True
wheat,env2,mlp,2,1,0,0.3886036981418758,0.2946263710878658,0.3886036981418764,-6.106226635438361e-16,True
wheat,env2,mlp,2,2,0,0.4091507946242615,0.3738435947283502,0.40915079462426157,-5.551115123125783e-17,True
wheat,env2,mlp,2,3,0,0.43529915147204035,0.4122380616630772,0.43529915147204024,1.1102230246251565e-16,True
wheat,env2,mlp,2,4,0,0.4747467675992211,0.43231860727649685,0.47474676759922085,2.220446049250313e-16,True
wheat,env2,mlp,2,5,0,0.6071834122999086,0.555064162446344,0.6071834122999086,0.0,True
wheat,env2,pnngs,1,1,0,0.1909101580479429,0.18479406062459253,0.19091015804794298,-8.326672684688674e-17,True
wheat,env2,pnngs,1,2,0,0.45242130208998277,0.36380177634504196,0.45242130208998266,1.1102230246251565e-16,True
wheat,env2,pnngs,1,3,0,0.2256876750524595,0.21187338738760125,0.22568767505245962,-1.1102230246251565e-16,True
wheat,env2,pnngs,1,4,0,0.22347986661615477,0.163335928224965,0.22347986661615452,2.498001805406602e-16,True
wheat,env2,pnngs,1,5,0,0.14542019854337643,0.1193699350110344,0.14542019854337654,-1.1102230246251565e-16,True
wheat,env2,pnngs,2,1,0,0.173530583823317,0.10182134000551403,0.17353058382331696,2.7755575615628914e-17,True
wheat,env2,pnngs,2,2,0,0.2369357718833224,0.22520368794358053,0.23693577188332235,5.551115123125783e-17,True
wheat,env2,pnngs,2,3,0,0.20475420438942246,0.20215029374732216,0.20475420438942254,-8.326672684688674e-17,True
wheat,env2,pnngs,2,4,0,0.26402707288392685,0.12569155901892304,0.2640270728839269,-5.551115123125783e-17,True
wheat,env2,pnngs,2,5,0,0.3738570657089706,0.3236705947296089,0.37385706570897087,-2.7755575615628914e-16,True
wheat,env2,soydngp,1,1,0,0.4221296666983151,0.41823020537320155,0.42212966669831514,-5.551115123125783e-17,True
wheat,env2,soydngp,1,2,0,0.511138652887394,0.4854694639598664,0.5111386528873941,-1.1102230246251565e-16,True
wheat,env2,soydngp,1,3,0,0.3778744307953157,0.37376650299326347,0.3778744307953157,0.0,True
wheat,env2,soydngp,1,4,0,0.4239891300299117,0.4819184205933072,0.4239891300299117,0.0,True
wheat,env2,soydngp,1,5,0,0.203270857211261,0.19831439437516374,0.203270857211261,0.0,True
wheat,env2,soydngp,2,1,0,0.26320344144580893,0.2784675917385529,0.26320344144580926,-3.3306690738754696e-16,True
wheat,env2,soydngp,2,2,0,0.2738481450689534,0.2230712526148139,0.27384814506895333,5.551115123125783e-17,True
wheat,env2,soydngp,2,3,0,0.3860141613079026,0.3733182071027822,0.38601416130790245,1.6653345369377348e-16,True
wheat,env2,soydngp,2,4,0,0.4235302846478721,0.35726661397534687,0.42353028464787185,2.7755575615628914e-16,True
wheat,env2,soydngp,2,5,0,0.2989497085146574,0.27731126910377,0.29894970851465735,5.551115123125783e-17,True
wheat,env2,transformer,1,1,0,0.2841443092065066,0.2813826348804489,0.28414430920650663,-5.551115123125783e-17,True
wheat,env2,transformer,1,2,0,0.331465206428531,0.2966237064206931,0.3314652064285314,-3.885780586188048e-16,True
wheat,env2,transformer,1,3,0,0.21686877623787976,0.20023086154651673,0.21686877623787978,-2.7755575615628914e-17,True
wheat,env2,transformer,1,4,0,0.36081934754587824,0.333576387734858,0.3608193475458782,5.551115123125783e-17,True
wheat,env2,transformer,1,5,0,0.17108747716929312,0.09649818354323228,0.1710874771692931,2.7755575615628914e-17,True
wheat,env2,transformer,2,1,0,0.13466309096434617,0.13584652192366403,0.13466309096434625,-8.326672684688674e-17,True
wheat,env2,transformer,2,2,0,0.11693473176496531,0.14918876855935745,0.1169347317649653,1.3877787807814457e-17,True
wheat,env2,transformer,2,3,0,0.2631132420662719,0.282312238998819,0.26311324206627196,-5.551115123125783e-17,True
wheat,env2,transformer,2,4,0,0.10238478632778786,0.11988850784922932,0.10238478632778787,-1.3877787807814457e-17,True
wheat,env2,transformer,2,5,0,0.5578062256741333,0.48146904535218005,0.5578062256741334,-1.1102230246251565e-16,True
wheat,env3,cnn,1,1,0,0.4448972214628698,0.4341729515698214,0.4448972214628698,0.0,True
wheat,env3,cnn,1,2,0,0.5708128976540486,0.5868695137380167,0.5708128976540485,1.1102230246251565e-16,True
wheat,env3,cnn,1,3,0,0.22528005079470337,0.17600940751668784,0.22528005079470337,0.0,True
wheat,env3,cnn,1,4,0,0.2160153576703496,0.1721438363404071,0.2160153576703494,1.942890293094024e-16,True
wheat,env3,cnn,1,5,0,0.46810839216292255,0.38124518136483326,0.4681083921629224,1.6653345369377348e-16,True
wheat,env3,cnn,2,1,0,0.18522999582005795,0.16427219324563114,0.18522999582005792,2.7755575615628914e-17,True
wheat,env3,cnn,2,2,0,0.3200022156898938,0.3150470363129771,0.32000221568989357,2.220446049250313e-16,True
wheat,env3,cnn,2,3,0,0.28260162265358435,0.3338511633011361,0.28260162265358446,-1.1102230246251565e-16,True
wheat,env3,cnn,2,4,0,0.4610810597698198,0.3648812407175505,0.4610810597698194,3.885780586188048e-16,True
wheat,env3,cnn,2,5,0,0.54664246474292,0.5192643472265432,0.5466424647429197,3.3306690738754696e-16,True
wheat,env3,deepgs,1,1,0,0.42795208625065856,0.39137030394701905,0.42795208625065856,0.0,True
wheat,env3,deepgs,1,2,0,0.5318818762909358,0.5173793674788117,0.5318818762909354,3.3306690738754696e-16,True
wheat,env3,deepgs,1,3,0,0.1794886083677245,0.16119105067819822,0.17948860836772457,-5.551115123125783e-17,True
wheat,env3,deepgs,1,4,0,0.28798328749380536,0.28075518593555004,0.28798328749380536,0.0,True
wheat,env3,deepgs,1,5,0,0.4374002600792486,0.31899138733904076,0.43740026007924815,4.440892098500626e-16,True
wheat,env3,deepgs,2,1,0,0.22300753715296537,0.20840121146635018,0.22300753715296526,1.1102230246251565e-16,True
wheat,env3,deepgs,2,2,0,0.3381328944304876,0.3070820883591962,0.3381328944304876,0.0,True
wheat,env3,deepgs,2,3,0,0.3277647793371618,0.27912783271262015,0.3277647793371617,1.1102230246251565e-16,True
wheat,env3,deepgs,2,4,0,0.47471533238091895,0.3704283642012728,0.4747153323809193,-3.3306690738754696e-16,True
wheat,env3,deepgs,2,5,0,0.5619574221284966,0.5048500207205058,0.5619574221284962,4.440892098500626e-16,True
wheat,env3,dnngp,1,1,0,0.4784169356488235,0.39990451483042,0.4784169356488235,0.0,True
wheat,env3,dnngp,1,2,0,0.47240939079086625,0.37497972636135407,0.47240939079086613,1.1102230246251565e-16,True
wheat,env3,dnngp,1,3,0,0.2603513722857314,0.25974031281750026,0.2603513722857314,0.0,True
wheat,env3,dnngp,1,4,0,0.23564269316707367,0.19701619727688285,0.23564269316707356,1.1102230246251565e-16,True
wheat,env3,dnngp,1,5,0,0.3847878789735802,0.3202639683323424,0.38478787897358024,-5.551115123125783e-17,True
wheat,env3,dnngp,2,1,0,0.21835178543807093,0.19369119228349208,0.2183517854380709,2.7755575615628914e-17,True
wheat,env3,dnngp,2,2,0,0.33523165434218166,0.2846157355813882,0.3352316543421816,5.551115123125783e-17,True
wheat,env3,dnngp,2,3,0,0.2836256636557327,0.27816604646036536,0.28362566365573294,-2.220446049250313e-16,True
wheat,env3,dnngp,2,4,0,0.48625875641001937,0.4251509233030014,0.4862587564100198,-4.440892098500626e-16,True
wheat,env3,dnngp,2,5,0,0.5415257346848085,0.4775773150310691,0.5415257346848086,-1.1102230246251565e-16,True
wheat,env3,mlp,1,1,0,0.42249889321067297,0.37986061389216313,0.42249889321067313,-1.6653345369377348e-16,True
wheat,env3,mlp,1,2,0,0.5311203421640326,0.48215445353926617,0.5311203421640326,0.0,True
wheat,env3,mlp,1,3,0,0.2689187832001053,0.2916814082992141,0.2689187832001051,2.220446049250313e-16,True
wheat,env3,mlp,1,4,0,0.2642096108002846,0.24800251314805583,0.2642096108002846,0.0,True
wheat,env3,mlp,1,5,0,0.38447586349027424,0.3200984971939823,0.3844758634902743,-5.551115123125783e-17,True
wheat,env3,mlp,2,1,0,0.3306194892942462,0.2664961524609388,0.33061948929424645,-2.220446049250313e-16,True
wheat,env3,mlp,2,2,0,0.3910273330201188,0.3662756747054525,0.3910273330201186,1.6653345369377348e-16,True
wheat,env3,mlp,2,3,0,0.33608023367413786,0.3697116129663014,0.336080233674138,-1.1102230246251565e-16,True
wheat,env3,mlp,2,4,0,0.5306506409289217,0.4388014184429173,0.5306506409289218,-1.1102230246251565e-16,True
wheat,env3,mlp,2,5,0,0.5708260016109454,0.5201909094877107,0.5708260016109451,3.3306690738754696e-16,True
wheat,env3,pnngs,1,1,0,0.22357681054380596,0.14184039974066542,0.223576810543806,-2.7755575615628914e-17,True
wheat,env3,pnngs,1,2,0,0.3015226490267961,0.18633273640292353,0.30152264902679604,5.551115123125783e-17,True
wheat,env3,pnngs,1,3,0,0.2988969243485679,0.2526619548727542,0.29889692434856785,5.551115123125783e-17,True
wheat,env3,pnngs,1,4,0,0.2538029056124477,0.19413858924053615,0.2538029056124476,1.1102230246251565e-16,True
wheat,env3,pnngs,1,5,0,0.09554531603005197,0.12147735182794867,0.09554531603005192,4.163336342344337e-17,True
wheat,env3,pnngs,2,1,0,0.2565647393063024,0.20785946638881675,0.25656473930630247,-5.551115123125783e-17,True
wheat,env3,pnngs,2,2,0,0.24395839198202282,0.20061621031784113,0.24395839198202268,1.3877787807814457e-16,True
wheat,env3,pnngs,2,3,0,0.1676577415198242,0.23258336436901472,0.16765774151982424,-2.7755575615628914e-17,True
wheat,env3,pnngs,2,4,0,0.3950905796378864,0.4138726794013619,0.3950905796378866,-1.6653345369377348e-16,True
wheat,env3,pnngs,2,5,0,0.4024205617484472,0.4003536386914203,0.40242056174844676,4.440892098500626e-16,True
wheat,env3,soydngp,1,1,0,0.4284666671703039,0.38683158301262105,0.42846666717030407,-1.6653345369377348e-16,True
wheat,env3,soydngp,1,2,0,0.5699221120647529,0.515991931214398,0.5699221120647533,-4.440892098500626e-16,True
wheat,env3,soydngp,1,3,0,0.21767890818857719,0.20293797805279107,0.21767890818857707,1.1102230246251565e-16,True
wheat,env3,soydngp,1,4,0,0.19568756368487683,0.1585108052826524,0.195687563684877,-1.6653345369377348e-16,True
wheat,env3,soydngp,1,5,0,0.36918529622782725,0.3282731447570465,0.3691852962278274,-1.6653345369377348e-16,True
wheat,env3,soydngp,2,1,0,0.1660445796963781,0.11638646397488166,0.16604457969637804,5.551115123125783e-17,True
wheat,env3,soydngp,2,2,0,0.11689564370863847,0.14647466342638352,0.11689564370863856,-8.326672684688674e-17,True
wheat,env3,soydngp,2,3,0,0.24457132834166898,0.273107838536413,0.2445713283416691,-1.1102230246251565e-16,True
wheat,env3,soydngp,2,4,0,0.43403083473738735,0.3930340971477117,0.434030834737387,3.3306690738754696e-16,True
wheat,env3,soydngp,2,5,0,0.49871216363954707,0.44570756243998944,0.4987121636395471,-5.551115123125783e-17,True
wheat,env3,transformer,1,1,0,0.3231641264327228,0.24934370231534908,0.32316412643272285,-5.551115123125783e-17,True
wheat,env3,transformer,1,2,0,0.4427449333790762,0.39924999053589544,0.442744933379076,2.220446049250313e-16,True
wheat,env3,transformer,1,3,0,0.22062607405943982,0.19448345771938255,0.22062607405943985,-2.7755575615628914e-17,True
wheat,env3,transformer,1,4,0,0.24383442160672303,0.18680073179905077,0.243834421606723,2.7755575615628914e-17,True
wheat,env3,transformer,1,5,0,0.11105915460782556,0.11948475306271833,0.11105915460782553,2.7755575615628914e-17,True
wheat,env3,transformer,2,1,0,0.22695254950997856,0.2696406993568961,0.22695254950997848,8.326672684688674e-17,True
wheat,env3,transformer,2,2,0,0.175871812853545,0.1758102459060771,0.1758718128535452,-1.942890293094024e-16,True
wheat,env3,transformer,2,3,0,0.2816586999561741,0.24015300046554375,0.28165869995617404,5.551115123125783e-17,True
wheat,env3,transformer,2,4,0,0.4249197755384502,0.34755186472539623,0.4249197755384501,5.551115123125783e-17,True
wheat,env3,transformer,2,5,0,0.29827171393892826,0.25367581874423584,0.29827171393892815,1.1102230246251565e-16,True
wheat,env4,cnn,1,1,0,0.5397772067965281,0.45670201311061215,0.5397772067965282,-1.1102230246251565e-16,True
wheat,env4,cnn,1,2,0,0.5119444042423166,0.4734207822789942,0.5119444042423162,3.3306690738754696e-16,True
wheat,env4,cnn,1,3,0,0.44785410903406353,0.41959296571701926,0.44785410903406375,-2.220446049250313e-16,True
wheat,env4,cnn,1,4,0,0.3912493480969074,0.3731487527344312,0.3912493480969073,1.1102230246251565e-16,True
wheat,env4,cnn,1,5,0,0.4599228782380642,0.4174315453575793,0.4599228782380638,3.885780586188048e-16,True
wheat,env4,cnn,2,1,0,0.4975787239239335,0.48641292481741083,0.49757872392393354,-5.551115123125783e-17,True
wheat,env4,cnn,2,2,0,0.46476114347154657,0.42532451822540873,0.4647611434715466,-5.551115123125783e-17,True
wheat,env4,cnn,2,3,0,0.3679055128269598,0.3835602078160831,0.36790551282696,-1.6653345369377348e-16,True
wheat,env4,cnn,2,4,0,0.5325420937753692,0.5545140348874914,0.5325420937753695,-3.3306690738754696e-16,True
wheat,env4,cnn,2,5,0,0.5524818278725998,0.48675702072611376,0.5524818278725997,1.1102230246251565e-16,True
wheat,env4,deepgs,1,1,0,0.4565077915088875,0.4210139631627789,0.45650779150888765,-1.6653345369377348e-16,True
wheat,env4,deepgs,1,2,0,0.4248120228695814,0.3752861985242254,0.4248120228695813,1.1102230246251565e-16,True
wheat,env4,deepgs,1,3,0,0.4278207088995916,0.37834606827931233,0.4278207088995916,0.0,True
wheat,env4,deepgs,1,4,0,0.3332299345942342,0.26680895877253374,0.33322993459423433,-1.1102230246251565e-16,True
wheat,env4,deepgs,1,5,0,0.40206763080575497,0.38667012240167126,0.40206763080575486,1.1102230246251565e-16,True
wheat,env4,deepgs,2,1,0,0.3814585753746379,0.3663864601301593,0.38145857537463795,-5.551115123125783e-17,True
wheat,env4,deepgs,2,2,0,0.43994248656689,0.43903374040198284,0.4399424865668902,-2.220446049250313e-16,True
wheat,env4,deepgs,2,3,0,0.2785491182419536,0.2574853983943852,0.27854911824195366,-5.551115123125783e-17,True
wheat,env4,deepgs,2,4,0,0.484167731523815,0.4578753971875264,0.48416773152381526,-2.7755575615628914e-16,True
wheat,env4,deepgs,2,5,0,0.6202425437454832,0.5252529480376494,0.6202425437454834,-2.220446049250313e-16,True
wheat,env4,dnngp,1,1,0,0.5538753530920963,0.5209076901205971,0.5538753530920968,-4.440892098500626e-16,True
wheat,env4,dnngp,1,2,0,0.4912695548207057,0.4723671892941677,0.49126955482070606,-3.3306690738754696e-16,True
wheat,env4,dnngp,1,3,0,0.4130693902161919,0.34148990983772076,0.4130693902161915,3.885780586188048e-16,True
wheat,env4,dnngp,1,4,0,0.3946907249019369,0.36606407368424926,0.394690724901937,-1.1102230246251565e-16,True
wheat,env4,dnngp,1,5,0,0.3878092394991624,0.4183393135671389,0.38780923949916246,-5.551115123125783e-17,True
wheat,env4,dnngp,2,1,0,0.3844424736768491,0.36238794289242543,0.38444247367684903,5.551115123125783e-17,True
wheat,env4,dnngp,2,2,0,0.42966161722036483,0.4169933461033679,0.42966161722036483,0.0,True
wheat,env4,dnngp,2,3,0,0.3459177935824951,0.37366149555048983,0.34591779358249486,2.220446049250313e-16,True
wheat,env4,dnngp,2,4,0,0.5245759302036646,0.4826079101231139,0.5245759302036646,0.0,True
wheat,env4,dnngp,2,5,0,0.6088049633157815,0.5951290323935201,0.6088049633157814,1.1102230246251565e-16,True
wheat,env4,mlp,1,1,0,0.4673215021810153,0.45008059974915365,0.467321502181015,3.3306690738754696e-16,True
wheat,env4,mlp,1,2,0,0.5081449638748426,0.5398716460388753,0.5081449638748425,1.1102230246251565e-16,True
wheat,env4,mlp,1,3,0,0.4249569791509545,0.34622139757174597,0.42495697915095465,-1.6653345369377348e-16,True
wheat,env4,mlp,1,4,0,0.3919538429611722,0.37888077566996037,0.3919538429611723,-1.1102230246251565e-16,True
wheat,env4,mlp,1,5,0,0.5538287168195768,0.49469380501132,0.5538287168195769,-1.1102230246251565e-16,True
wheat,env4,mlp,2,1,0,0.37126147782342583,0.36947144848441577,0.37126147782342533,4.996003610813204e-16,True
wheat,env4,mlp,2,2,0,0.46455621409820647,0.42381559855528506,0.4645562140982064,5.551115123125783e-17,True
wheat,env4,mlp,2,3,0,0.25798206784814676,0.2389358969278894,0.25798206784814687,-1.1102230246251565e-16,True
wheat,env4,mlp,2,4,0,0.5406895937062425,0.5065776280586236,0.540689593706242,4.440892098500626e-16,True
wheat,env4,mlp,2,5,0,0.5856294355183278,0.4757426953033306,0.5856294355183279,-1.1102230246251565e-16,True
wheat,env4,pnngs,1,1,0,0.4244280430781743,0.41826490618524476,0.42442804307817433,-5.551115123125783e-17,True
wheat,env4,pnngs,1,2,0,0.11641050040948912,0.05356647054345969,0.11641050040948907,5.551115123125783e-17,True
wheat,env4,pnngs,1,3,0,0.2320281248354513,0.2117427931710948,0.2320281248354512,8.326672684688674e-17,True
wheat,env4,pnngs,1,4,0,0.21080127083906405,0.21195149345631598,0.21080127083906408,-2.7755575615628914e-17,True
wheat,env4,pnngs,1,5,0,0.37296470474390186,0.3281845993852698,0.372964704743902,-1.1102230246251565e-16,True
wheat,env4,pnngs,2,1,0,0.35022199812734284,0.22953215231106036,0.3502219981273428,5.551115123125783e-17,True
wheat,env4,pnngs,2,2,0,0.1698819633606682,0.13999397334538335,0.16988196336066821,-2.7755575615628914e-17,True
wheat,env4,pnngs,2,3,0,0.17392424719343108,0.10552168128658948,0.17392424719343108,0.0,True
wheat,env4,pnngs,2,4,0,0.3365231967839823,0.31186412650752166,0.3365231967839823,0.0,True
wheat,env4,pnngs,2,5,0,0.3515394899710397,0.3593537139097751,0.3515394899710395,1.6653345369377348e-16,True
wheat,env4,soydngp,1,1,0,0.40770946284448184,0.37302233597538426,0.40770946284448195,-1.1102230246251565e-16,True
wheat,env4,soydngp,1,2,0,0.5995898694119653,0.5827867500438142,0.5995898694119655,-1.1102230246251565e-16,True
wheat,env4,soydngp,1,3,0,0.40641560467781473,0.3924755996024736,0.40641560467781473,0.0,True
wheat,env4,soydngp,1,4,0,0.49166188734285965,0.38841908279815346,0.4916618873428595,1.6653345369377348e-16,True
wheat,env4,soydngp,1,5,0,0.4088832137805167,0.40153896434608144,0.4088832137805167,0.0,True
wheat,env4,soydngp,2,1,0,0.33368827511857624,0.299822315224485,0.3336882751185762,5.551115123125783e-17,True
wheat,env4,soydngp,2,2,0,0.42554546105820706,0.4304959095548141,0.42554546105820706,0.0,True
wheat,env4,soydngp,2,3,0,0.37829375678147076,0.41308296047179055,0.37829375678147076,0.0,True
wheat,env4,soydngp,2,4,0,0.5068016922669794,0.4504857829366193,0.5068016922669792,1.1102230246251565e-16,True
wheat,env4,soydngp,2,5,0,0.6115022518888504,0.5365941994862553,0.6115022518888505,-1.1102230246251565e-16,True
wheat,env4,transformer,1,1,0,0.39846851419726315,0.30655130149066223,0.3984685141972628,3.3306690738754696e-16,True
wheat,env4,transformer,1,2,0,0.39526769119137345,0.3703110831952277,0.39526769119137345,0.0,True
wheat,env4,transformer,1,3,0,0.2516541215934355,0.21158606547897274,0.25165412159343536,1.1102230246251565e-16,True
wheat,env4,transformer,1,4,0,0.15876641871367056,0.18559351701900179,0.15876641871367053,2.7755575615628914e-17,True
wheat,env4,transformer,1,5,0,0.4099533148365809,0.3697742042620701,0.4099533148365807,1.6653345369377348e-16,True
wheat,env4,transformer,2,1,0,0.32326120588806456,0.34269755796100265,0.3232612058880645,5.551115123125783e-17,True
wheat,env4,transformer,2,2,0,0.3161663823941419,0.3031658949338774,0.3161663823941419,0.0,True
wheat,env4,transformer,2,3,0,0.21996214547660572,0.17990566526381957,0.21996214547660567,5.551115123125783e-17,True
wheat,env4,transformer,2,4,0,0.2655983010974984,0.21447004090997684,0.2655983010974984,0.0,True
wheat,env4,transformer,2,5,0,0.4230713541776648,0.4109193077379185,0.4230713541776645,2.7755575615628914e-16,True
