dataset,species,trait,model,loss,calibration,pearson,spearman,rmse,r2,ndcg@10,overlap@10,releff@10
easygese:barley,barley,BaMMV,cnn,ccc,affine,0.6207555924649135,0.6015622641270559,1.8727191197906887,0.3770224735155334,0.8146541485577063,0.2206896551724138,0.6162048126879615
easygese:barley,barley,BaMMV,cnn,ccc,isotonic,0.6108319540472154,0.5983945973765187,1.8961892703230867,0.3613201568130421,0.8233499594046185,0.22758620689655173,0.6184144380351084
easygese:barley,barley,BaMMV,cnn,ccc,raw,0.6207555924649136,0.6015622641270559,1.9363686531936999,0.33374180933119046,0.8146541485577063,0.2206896551724138,0.6162048126879615
easygese:barley,barley,BaMMV,cnn,hybrid,affine,0.6002315139137584,0.5819838956465586,1.9109569771280828,0.3513242130588793,0.8022553226594672,0.19310344827586207,0.5883469345426798
easygese:barley,barley,BaMMV,cnn,hybrid,isotonic,0.5953858086946145,0.5820480063255509,1.9260284969439059,0.34115304464768514,0.8104980730384652,0.2,0.6077060192563971
easygese:barley,barley,BaMMV,cnn,hybrid,raw,0.6002315139137584,0.5819838956465586,2.336945762199382,0.03119107967955447,0.8022553226594672,0.19310344827586207,0.5883469345426798
easygese:barley,barley,BaMMV,cnn,mse,affine,0.6255929035940395,0.6093777581901165,1.8637887429370952,0.38323168704464095,0.8165997744453144,0.19655172413793104,0.6231884728680653
easygese:barley,barley,BaMMV,cnn,mse,isotonic,0.6163266703493516,0.6080962110909536,1.8834921581180921,0.3700015692024075,0.8072970277407544,0.18275862068965515,0.5980498139410895
easygese:barley,barley,BaMMV,cnn,mse,raw,0.6255929035940395,0.6093777581901165,1.8656327427859043,0.38195605539722177,0.8165997744453144,0.19655172413793104,0.6231884728680653
easygese:barley,barley,BaMMV,cnn,pearson,affine,0.6005246582071082,0.5839352613781374,1.910321245427405,0.3522396556684989,0.7911148972565384,0.16551724137931034,0.5824480492667754
easygese:barley,barley,BaMMV,cnn,pearson,isotonic,0.5949239281660603,0.5825393008997771,1.925487236575962,0.3418516950233723,0.7946804995075629,0.15862068965517243,0.5868251521775638
easygese:barley,barley,BaMMV,cnn,pearson,raw,0.600524658207108,0.5839352613781374,2.3539377866456315,0.017013163293076738,0.7911148972565384,0.16551724137931034,0.5824480492667754
easygese:barley,barley,BaMMV,mlp,ccc,affine,0.6568837160312542,0.638429886909989,1.8009305203049244,0.4237842246016873,0.8528109881519432,0.24482758620689654,0.7084203485289133
easygese:barley,barley,BaMMV,mlp,ccc,isotonic,0.6449750594937755,0.6360804736866951,1.83096494924681,0.40439943041099846,0.8442756052609267,0.23448275862068968,0.6834660810050671
easygese:barley,barley,BaMMV,mlp,ccc,raw,0.6568837160312542,0.638429886909989,1.8887338878212545,0.366147241776709,0.8528109881519432,0.24482758620689654,0.7084203485289133
easygese:barley,barley,BaMMV,mlp,hybrid,affine,0.6528584091336305,0.6395671971126886,1.8103064465294874,0.41807890980812557,0.8389537502429123,0.22413793103448273,0.6674988952399806
easygese:barley,barley,BaMMV,mlp,hybrid,isotonic,0.6465887039777108,0.6370252144184836,1.8260091114740937,0.40780549738486205,0.8290645950518456,0.22758620689655173,0.626434233413345
easygese:barley,barley,BaMMV,mlp,hybrid,raw,0.6528584091336305,0.6395671971126886,1.8114521964174433,0.4173132082703191,0.8389537502429123,0.22413793103448273,0.6674988952399806
easygese:barley,barley,BaMMV,mlp,mse,affine,0.6595177325058523,0.6406419761768551,1.7963846221021196,0.42685435780487807,0.8489057962533317,0.23103448275862068,0.6832901101003888
easygese:barley,barley,BaMMV,mlp,mse,isotonic,0.65209900423473,0.6350359498014645,1.8143106122928496,0.41533685495109757,0.8498182146408185,0.22413793103448273,0.6742708826985482
easygese:barley,barley,BaMMV,mlp,mse,raw,0.6595177325058523,0.6406419761768551,1.7923326536285475,0.42953358743780523,0.8489057962533317,0.23103448275862068,0.6832901101003888
easygese:barley,barley,BaMMV,mlp,pearson,affine,0.6582124270722332,0.641183648621926,1.7980813431462928,0.4259045754311915,0.8410702883140271,0.23448275862068968,0.6670739773683109
easygese:barley,barley,BaMMV,mlp,pearson,isotonic,0.6460680380430954,0.6346190457865287,1.8284550874512753,0.4065742596553819,0.8295552740952296,0.23103448275862068,0.6463692543680067
easygese:barley,barley,BaMMV,mlp,pearson,raw,0.6582124270722332,0.641183648621926,2.4363921552527223,-0.05557757251277673,0.8410702883140271,0.23448275862068968,0.6670739773683109
easygese:barley,barley,BaMMV,transformer,ccc,affine,0.5992719984157249,0.5838064225358787,1.9091530709976432,0.3528410165634246,0.7740901237280904,0.15517241379310345,0.5264448766009588
easygese:barley,barley,BaMMV,transformer,ccc,isotonic,0.594481390854553,0.5775632201459231,1.9248497636165294,0.3421215934774015,0.7725773549357838,0.14827586206896554,0.5076374950070796
easygese:barley,barley,BaMMV,transformer,ccc,raw,0.5992719984157249,0.5838064225358787,2.1212146405993977,0.2002477409685243,0.7740901237280904,0.15517241379310345,0.5264448766009588
easygese:barley,barley,BaMMV,transformer,hybrid,affine,0.5957587639329706,0.5793338983242433,1.9186607139421767,0.34611468280858315,0.7811970241525519,0.17241379310344826,0.5540993158971297
easygese:barley,barley,BaMMV,transformer,hybrid,isotonic,0.5889057790091793,0.5788630934714811,1.9376029213079597,0.3331932963395999,0.780463555980924,0.1724137931034483,0.5564098933278852
easygese:barley,barley,BaMMV,transformer,hybrid,raw,0.5957587639329707,0.5793338983242433,1.9973101277922265,0.2906687523806276,0.7811970241525519,0.17241379310344826,0.5540993158971297
easygese:barley,barley,BaMMV,transformer,mse,affine,0.5838849052246833,0.5648092742387897,1.9395115015918083,0.3324370589921858,0.8001882038999849,0.18620689655172412,0.5931907044960745
easygese:barley,barley,BaMMV,transformer,mse,isotonic,0.5701237398837758,0.5593956666891206,1.9694769986169356,0.31136415620912034,0.7902998328816719,0.18275862068965515,0.5870855363330822
easygese:barley,barley,BaMMV,transformer,mse,raw,0.5838849052246833,0.5648092742387897,1.982466781464352,0.3018405888575837,0.8001882038999849,0.18620689655172412,0.5931907044960745
easygese:barley,barley,BaMMV,transformer,pearson,affine,0.6028512712462678,0.5887932870768149,1.909139592277785,0.3528939636887452,0.7890926675278483,0.2206896551724138,0.5751509841435113
easygese:barley,barley,BaMMV,transformer,pearson,isotonic,0.6026300265383281,0.5883306889396571,1.9198342999374691,0.34522478232021514,0.7922459462134239,0.19655172413793104,0.5401645226860169
easygese:barley,barley,BaMMV,transformer,pearson,raw,0.6028512712462677,0.5887932870768149,5.397415825140712,-4.216600211475704,0.7890926675278483,0.2206896551724138,0.5751509841435113
easygese:barley,barley,BaYMV,cnn,ccc,affine,0.4807829919368224,0.48629227599891267,0.8812512068371972,0.22324508897695045,0.6897218644762957,0.21724137931034485,0.3569896763386696
easygese:barley,barley,BaYMV,cnn,ccc,isotonic,0.4803663136486048,0.4849759911564237,0.8841120025533702,0.21842757662955412,0.6839943435163807,0.2,0.31732110433456073
easygese:barley,barley,BaYMV,cnn,ccc,raw,0.4807829919368224,0.48629227599891267,0.9446324510492458,0.10588281820438836,0.6897218644762957,0.21724137931034485,0.3569896763386696
easygese:barley,barley,BaYMV,cnn,hybrid,affine,0.47264870313188007,0.4816776278260447,0.8855028385048962,0.2154922189358892,0.6954624745321648,0.2137931034482759,0.3460407485119516
easygese:barley,barley,BaYMV,cnn,hybrid,isotonic,0.4692857951862005,0.47784748199284677,0.8912479208408838,0.2051606277982363,0.6984643330081254,0.19655172413793104,0.32155718396911215
easygese:barley,barley,BaYMV,cnn,hybrid,raw,0.47264870313187995,0.4816776278260447,0.9924562129038094,0.014575480632815252,0.6954624745321648,0.2137931034482759,0.3460407485119516
easygese:barley,barley,BaYMV,cnn,mse,affine,0.49059584724542693,0.4946908731662122,0.8755170929573982,0.23322367879076483,0.6985884040238107,0.2482758620689655,0.39438716176788996
easygese:barley,barley,BaYMV,cnn,mse,isotonic,0.48352224135644767,0.4921794490075865,0.882700737745019,0.2206317729544615,0.6911786583381925,0.23103448275862068,0.3437110913460669
easygese:barley,barley,BaYMV,cnn,mse,raw,0.49059584724542693,0.4946908731662122,0.8776791792569443,0.2293465770372467,0.6985884040238107,0.2482758620689655,0.39438716176788996
easygese:barley,barley,BaYMV,cnn,pearson,affine,0.4574565769045642,0.4661328521613018,0.8942575882798067,0.2001236499494344,0.6777476627492119,0.2103448275862069,0.33725830525114586
easygese:barley,barley,BaYMV,cnn,pearson,isotonic,0.4575237500074607,0.4654590040568154,0.9010959812477417,0.18783525133743853,0.6821630109278185,0.1793103448275862,0.31740882556294325
easygese:barley,barley,BaYMV,cnn,pearson,raw,0.4574565769045643,0.4661328521613018,0.9977894805808327,0.0038050922000654407,0.6777476627492119,0.2103448275862069,0.33725830525114586
easygese:barley,barley,BaYMV,mlp,ccc,affine,0.5025035015168815,0.5135325000630271,0.8678169723987599,0.2472644539441049,0.6857644470172921,0.22758620689655173,0.3693495442932194
easygese:barley,barley,BaYMV,mlp,ccc,isotonic,0.4962516764469706,0.5089564129346547,0.8748161898152121,0.23476830376300772,0.6852914951492448,0.23448275862068968,0.36601543637814643
easygese:barley,barley,BaYMV,mlp,ccc,raw,0.5025035015168814,0.5135325000630271,0.9402571116667657,0.11542025031609202,0.6857644470172921,0.22758620689655173,0.3693495442932194
easygese:barley,barley,BaYMV,mlp,hybrid,affine,0.5092467278892951,0.5183826529614394,0.8636330326796532,0.25446825512421606,0.6932568052302615,0.22413793103448273,0.35614103660074214
easygese:barley,barley,BaYMV,mlp,hybrid,isotonic,0.5082779176726266,0.5140564126616907,0.8670071178603174,0.24839003054458547,0.6986128938109135,0.24137931034482757,0.36190583447135793
easygese:barley,barley,BaYMV,mlp,hybrid,raw,0.5092467278892951,0.5183826529614394,0.8763409538602479,0.23224152714022636,0.6932568052302615,0.22413793103448273,0.35614103660074214
easygese:barley,barley,BaYMV,mlp,mse,affine,0.5053358952639393,0.51771313707014,0.8659200294876465,0.25025979245595004,0.6805120397568628,0.2206896551724138,0.3574301801052342
easygese:barley,barley,BaYMV,mlp,mse,isotonic,0.4993057814698962,0.5140827959117338,0.8742292215895529,0.2360100910365676,0.6854378823711706,0.21724137931034485,0.32520743120625284
easygese:barley,barley,BaYMV,mlp,mse,raw,0.5053358952639393,0.51771313707014,0.8685538520978102,0.24552459605374102,0.6805120397568628,0.2206896551724138,0.3574301801052342
easygese:barley,barley,BaYMV,mlp,pearson,affine,0.5057231448345856,0.5181317746305905,0.8658878118113508,0.250597150928144,0.6943925591991225,0.23793103448275862,0.38653031011180994
easygese:barley,barley,BaYMV,mlp,pearson,isotonic,0.5039494394330756,0.5183991637518223,0.8703776884871598,0.24258963650064008,0.6982073685176815,0.24482758620689654,0.37570141580991784
easygese:barley,barley,BaYMV,mlp,pearson,raw,0.5057231448345856,0.5181317746305905,1.1084946890420535,-0.23212078560635527,0.6943925591991225,0.23793103448275862,0.38653031011180994
easygese:barley,barley,BaYMV,transformer,ccc,affine,0.4425232628127869,0.4562982999095027,0.9026769430053726,0.18456335022107173,0.6569330073683577,0.2,0.29444736011178285
easygese:barley,barley,BaYMV,transformer,ccc,isotonic,0.43511401723797966,0.4518041457550045,0.9112526997137639,0.16897398338938519,0.6575939638275287,0.1793103448275862,0.29188921225665226
easygese:barley,barley,BaYMV,transformer,ccc,raw,0.4425232628127869,0.4562982999095027,1.0568913701541576,-0.12132592898602867,0.6569330073683577,0.2,0.29444736011178285
easygese:barley,barley,BaYMV,transformer,hybrid,affine,0.462324044815514,0.47131545325082935,0.8928680085400644,0.20333522500538984,0.6765981494363791,0.21724137931034485,0.3400953620858406
easygese:barley,barley,BaYMV,transformer,hybrid,isotonic,0.46428900046850863,0.471314280251702,0.896565370982651,0.1963341463422817,0.6866547994990297,0.2103448275862069,0.32112922994057846
easygese:barley,barley,BaYMV,transformer,hybrid,raw,0.462324044815514,0.47131545325082935,0.9430801017449572,0.10975358936869242,0.6765981494363791,0.21724137931034485,0.3400953620858406
easygese:barley,barley,BaYMV,transformer,mse,affine,0.43146882669266723,0.44109893010362133,0.9055798423360303,0.17915712401390405,0.6769595136793651,0.23103448275862068,0.32932222235949565
easygese:barley,barley,BaYMV,transformer,mse,isotonic,0.43121109421415793,0.44186991534340114,0.9098821465578923,0.1707490895014831,0.6809944229330872,0.2206896551724138,0.3333844533412337
easygese:barley,barley,BaYMV,transformer,mse,raw,0.4314688266926673,0.44109893010362133,0.917312654763947,0.15810645034499732,0.6769595136793651,0.23103448275862068,0.32932222235949565
easygese:barley,barley,BaYMV,transformer,pearson,affine,0.45000591860638445,0.46393138944197637,0.8980952012588853,0.19317311974735557,0.6537873150016373,0.20344827586206896,0.3077422908622896
easygese:barley,barley,BaYMV,transformer,pearson,isotonic,0.4519801810247852,0.466204767099589,0.9031611185029995,0.18339874687073138,0.6729171635908189,0.19655172413793104,0.27694395815556483
easygese:barley,barley,BaYMV,transformer,pearson,raw,0.4500059186063844,0.46393138944197637,1.6417736900030913,-1.7703688269654059,0.6537873150016373,0.20344827586206896,0.3077422908622896
easygese:bean,bean,DF,cnn,ccc,affine,0.7525759479836779,0.7381311927550883,1.5883006310545287,0.5338765533286951,0.8608698889184618,0.45555555555555555,0.7177077622255844
easygese:bean,bean,DF,cnn,ccc,isotonic,0.7189154483005968,0.7306418588123968,1.700361202367804,0.46290297635983935,0.8375737158652425,0.4222222222222222,0.6867147122416811
easygese:bean,bean,DF,cnn,ccc,raw,0.7525759479836781,0.7381311927550883,1.6531550991098811,0.49397818367727125,0.8608698889184618,0.45555555555555555,0.7177077622255844
easygese:bean,bean,DF,cnn,hybrid,affine,0.7463818185298907,0.7337010621391772,1.6159274924848277,0.5159625614197287,0.869991611359465,0.5,0.7413205587069357
easygese:bean,bean,DF,cnn,hybrid,isotonic,0.7113680439539187,0.7264934249903605,1.7203498668066586,0.45157065051135914,0.8553341640118243,0.5111111111111111,0.7457254333398884
easygese:bean,bean,DF,cnn,hybrid,raw,0.7463818185298907,0.7337010621391772,1.6931323885753404,0.46976515595872215,0.869991611359465,0.5,0.7413205587069357
easygese:bean,bean,DF,cnn,mse,affine,0.6884541068763924,0.6665565276206988,1.7143185159321686,0.4519003371395292,0.8152604309873975,0.4222222222222222,0.6506497738534796
easygese:bean,bean,DF,cnn,mse,isotonic,0.6416703485496281,0.6676912175438143,1.86897957397879,0.34803860469789205,0.8018924380023524,0.4444444444444445,0.6487075191430062
easygese:bean,bean,DF,cnn,mse,raw,0.6884541068763925,0.6665565276206988,1.720353483364819,0.44576093902415115,0.8152604309873975,0.4222222222222222,0.6506497738534796
easygese:bean,bean,DF,cnn,pearson,affine,0.7426068788614186,0.7254781886953595,1.6186674969031227,0.5147528733726422,0.889153986113965,0.5111111111111111,0.7837864146638653
easygese:bean,bean,DF,cnn,pearson,isotonic,0.7234560994662532,0.718198218392706,1.6986072048561067,0.4633094682000995,0.8690633368467482,0.48888888888888893,0.7761831935870975
easygese:bean,bean,DF,cnn,pearson,raw,0.7426068788614186,0.7254781886953595,2.144691144069029,0.15424575150385542,0.889153986113965,0.5111111111111111,0.7837864146638653
easygese:bean,bean,DF,mlp,ccc,affine,0.6853828548230197,0.6825421676745206,1.7388050258505658,0.44096036756943907,0.8061980689820942,0.4111111111111111,0.6451631813963582
easygese:bean,bean,DF,mlp,ccc,isotonic,0.6664183951234622,0.6778477638526436,1.7966951787859766,0.4048813140647334,0.792704091750658,0.4111111111111111,0.6513100455856004
easygese:bean,bean,DF,mlp,ccc,raw,0.6853828548230199,0.6825421676745206,1.833703261173237,0.3798182769668032,0.8061980689820942,0.4111111111111111,0.6451631813963582
easygese:bean,bean,DF,mlp,hybrid,affine,0.722437845135458,0.7063752878502215,1.6511142703983026,0.4954956587182148,0.8222509217565429,0.47777777777777775,0.6650117502195111
easygese:bean,bean,DF,mlp,hybrid,isotonic,0.6936824914624605,0.7030872954112329,1.7621004079166618,0.4242146333965359,0.7950626077990424,0.4333333333333333,0.6367218122682543
easygese:bean,bean,DF,mlp,hybrid,raw,0.7224378451354577,0.7063752878502215,1.6251893770182804,0.5120181379121346,0.8222509217565429,0.47777777777777775,0.6650117502195111
easygese:bean,bean,DF,mlp,mse,affine,0.7102905073920686,0.7002152982994506,1.6817006073470693,0.4740850770297172,0.8303791593579156,0.45555555555555555,0.6922973444809476
easygese:bean,bean,DF,mlp,mse,isotonic,0.6884499903623091,0.6939519334705754,1.7629124111654886,0.41915912372191333,0.7997743671489981,0.4333333333333333,0.649126689229133
easygese:bean,bean,DF,mlp,mse,raw,0.7102905073920683,0.7002152982994506,1.6588515359076694,0.4902400827788947,0.8303791593579156,0.45555555555555555,0.6922973444809476
easygese:bean,bean,DF,mlp,pearson,affine,0.7203722287397861,0.7074274605176623,1.6599457801601567,0.4882688135560951,0.8299519305083456,0.48888888888888893,0.6734151705806853
easygese:bean,bean,DF,mlp,pearson,isotonic,0.6892258334912154,0.6979860743598578,1.7615050234046556,0.42428850079265157,0.826646674954606,0.5333333333333333,0.7089125347065035
easygese:bean,bean,DF,mlp,pearson,raw,0.7203722287397861,0.7074274605176623,2.015036026026965,0.2419083008588582,0.8299519305083456,0.48888888888888893,0.6734151705806853
easygese:bean,bean,DF,transformer,ccc,affine,0.747862021998921,0.725448840321399,1.5863615326065263,0.5337711735674879,0.8317381406082424,0.4666666666666667,0.7189180550174754
easygese:bean,bean,DF,transformer,ccc,isotonic,0.7253899918712295,0.7231736579036202,1.669004767472154,0.4852061999274719,0.8078825180728607,0.45555555555555555,0.7110970775338993
easygese:bean,bean,DF,transformer,ccc,raw,0.7478620219989208,0.725448840321399,1.6363016822933036,0.5008786037834472,0.8317381406082424,0.4666666666666667,0.7189180550174754
easygese:bean,bean,DF,transformer,hybrid,affine,0.7482282715120314,0.728696299676267,1.581416672685483,0.5381126050539657,0.8256510707561835,0.4666666666666666,0.7236551466781681
easygese:bean,bean,DF,transformer,hybrid,isotonic,0.7346777918222231,0.7187795600012402,1.6376602683963923,0.5051327222956554,0.7959531047218569,0.45555555555555555,0.6892567191812534
easygese:bean,bean,DF,transformer,hybrid,raw,0.7482282715120315,0.728696299676267,1.6117026658730758,0.5194051900703808,0.8256510707561835,0.4666666666666666,0.7236551466781681
easygese:bean,bean,DF,transformer,mse,affine,0.7460964874583057,0.7327185206955269,1.5961379785726826,0.5291126976143163,0.7814551818462718,0.34444444444444444,0.6111003163592852
easygese:bean,bean,DF,transformer,mse,isotonic,0.7264870917782298,0.73194149276756,1.694389706266604,0.4693745693141652,0.7584732855251739,0.3555555555555555,0.619061855749943
easygese:bean,bean,DF,transformer,mse,raw,0.7460964874583056,0.7327185206955269,1.6265964757286244,0.5082014987133308,0.7814551818462718,0.34444444444444444,0.6111003163592852
easygese:bean,bean,DF,transformer,pearson,affine,0.7434548157618444,0.7245177234672446,1.5975505134487682,0.5279469169087502,0.8205634464497157,0.45555555555555555,0.6844159054565728
easygese:bean,bean,DF,transformer,pearson,isotonic,0.7252448953094188,0.7229476424699759,1.6615326558130064,0.49008359810447627,0.8114639821451199,0.4222222222222222,0.6618046195879963
easygese:bean,bean,DF,transformer,pearson,raw,0.7434548157618446,0.7245177234672446,3.95289234909166,-2.0894305875566244,0.8205634464497157,0.45555555555555555,0.6844159054565728
easygese:bean,bean,DPM,cnn,ccc,affine,0.6228308115989243,0.5705017880532456,1.6345324003232484,0.36111051158809865,0.8982969374219065,0.5111111111111111,0.7654670882304819
easygese:bean,bean,DPM,cnn,ccc,isotonic,0.5809894374939502,0.5566767849330649,1.7763481492297508,0.24266116337921698,0.8610905433539318,0.45555555555555555,0.7004850692389146
easygese:bean,bean,DPM,cnn,ccc,raw,0.6228308115989241,0.5705017880532456,1.686001373493805,0.3197648741142042,0.8982969374219065,0.5111111111111111,0.7654670882304819
easygese:bean,bean,DPM,cnn,hybrid,affine,0.6240700295689241,0.5757624508491103,1.6354852736895615,0.3585851761427972,0.8694995133276529,0.4111111111111111,0.6880680294544851
easygese:bean,bean,DPM,cnn,hybrid,isotonic,0.5803604129241752,0.5701339324979333,1.7862937992445242,0.23279173197542163,0.842614758833288,0.36666666666666664,0.6674577585940767
easygese:bean,bean,DPM,cnn,hybrid,raw,0.624070029568924,0.5757624508491103,1.7379517326544687,0.28029890478990344,0.8694995133276529,0.4111111111111111,0.6880680294544851
easygese:bean,bean,DPM,cnn,mse,affine,0.6128607761338626,0.5746732037628386,1.6494785885727041,0.34843153861927006,0.8667134801739435,0.4222222222222222,0.6658890708754573
easygese:bean,bean,DPM,cnn,mse,isotonic,0.5804834847873854,0.5656014135434553,1.7845044694309355,0.23468951155768628,0.8474592671002638,0.4111111111111111,0.6737211482044276
easygese:bean,bean,DPM,cnn,mse,raw,0.6128607761338627,0.5746732037628386,1.670878967359073,0.33109988066049395,0.8667134801739435,0.4222222222222222,0.6658890708754573
easygese:bean,bean,DPM,cnn,pearson,affine,0.6121332113305111,0.5686118498669649,1.650289703285631,0.34579023330124875,0.8795894443360549,0.4666666666666667,0.7006414830854351
easygese:bean,bean,DPM,cnn,pearson,isotonic,0.5758911940119429,0.5624712215202229,1.7443418704877618,0.2694421096341928,0.8392705617727219,0.4,0.6544562921919812
easygese:bean,bean,DPM,cnn,pearson,raw,0.6121332113305116,0.5686118498669649,1.949457001534189,0.09416538175452513,0.8795894443360549,0.4666666666666667,0.7006414830854351
easygese:bean,bean,DPM,mlp,ccc,affine,0.6239799227024034,0.5970380252478783,1.6368986566567358,0.3570950923436378,0.8614218729137111,0.4,0.644752300499984
easygese:bean,bean,DPM,mlp,ccc,isotonic,0.5720582102034897,0.5933245240154605,1.75937672573068,0.2542351883562521,0.8431337760265816,0.4,0.6427385360949378
easygese:bean,bean,DPM,mlp,ccc,raw,0.6239799227024033,0.5970380252478783,1.7952289718512957,0.20784072559043007,0.8614218729137111,0.4,0.644752300499984
easygese:bean,bean,DPM,mlp,hybrid,affine,0.6408329362865837,0.6128966160581629,1.620658693360199,0.37234069659691993,0.8681962475617881,0.4,0.6722894711285917
easygese:bean,bean,DPM,mlp,hybrid,isotonic,0.5994776168593975,0.5963873725643406,1.7110972514274099,0.3006109606605345,0.8470677798025757,0.3888888888888889,0.6702977723724527
easygese:bean,bean,DPM,mlp,hybrid,raw,0.6408329362865837,0.6128966160581629,1.594956248010837,0.39189501968613605,0.8681962475617881,0.4,0.6722894711285917
easygese:bean,bean,DPM,mlp,mse,affine,0.6380405852297748,0.6088436210629876,1.620211898896417,0.37229161601372396,0.8730709225575983,0.4222222222222222,0.6909127417078654
easygese:bean,bean,DPM,mlp,mse,isotonic,0.5879581497404043,0.5885369310358676,1.7380819276481958,0.273943115340076,0.8400055034459634,0.4444444444444445,0.7050927166778875
easygese:bean,bean,DPM,mlp,mse,raw,0.638040585229775,0.6088436210629876,1.6038583643336217,0.3846100424714304,0.8730709225575983,0.4222222222222222,0.6909127417078654
easygese:bean,bean,DPM,mlp,pearson,affine,0.6377479338343186,0.615420050970842,1.6264871928544131,0.3672511681661058,0.8743210014971969,0.4,0.6986801571673433
easygese:bean,bean,DPM,mlp,pearson,isotonic,0.5908604003062399,0.5926696334447566,1.7208522112756277,0.29169358878787294,0.8483579947598063,0.4111111111111111,0.6655177394822384
easygese:bean,bean,DPM,mlp,pearson,raw,0.6377479338343186,0.615420050970842,1.996106296454752,0.027430408966583518,0.8743210014971969,0.4,0.6986801571673433
easygese:bean,bean,DPM,transformer,ccc,affine,0.5754983455813389,0.5541007523186591,1.7043761769202548,0.30302932315333153,0.8319297397713618,0.4111111111111111,0.6146963045482979
easygese:bean,bean,DPM,transformer,ccc,isotonic,0.5452131351625736,0.5463131224375521,1.790873734762524,0.2281920389263194,0.7972488279348581,0.3888888888888889,0.6065821208672796
easygese:bean,bean,DPM,transformer,ccc,raw,0.5754983455813388,0.5541007523186591,1.7918268530093928,0.22819391841838627,0.8319297397713618,0.4111111111111111,0.6146963045482979
easygese:bean,bean,DPM,transformer,hybrid,affine,0.5632247328805559,0.546126797405481,1.7260682998075692,0.28534417197661777,0.8314463120220852,0.36666666666666664,0.5913938919865976
easygese:bean,bean,DPM,transformer,hybrid,isotonic,0.520197845851479,0.5363755869390656,1.8430570196869849,0.18443174963108616,0.8175889924999817,0.3888888888888889,0.6305928919567572
easygese:bean,bean,DPM,transformer,hybrid,raw,0.563224732880556,0.546126797405481,1.7557869092470084,0.25859965450189054,0.8314463120220852,0.36666666666666664,0.5913938919865976
easygese:bean,bean,DPM,transformer,mse,affine,0.6017680983358292,0.5939504454003808,1.6637371152971443,0.33764175846051814,0.8465118956956589,0.4111111111111111,0.6610504985895407
easygese:bean,bean,DPM,transformer,mse,isotonic,0.5760551596282972,0.5826276907642204,1.7540927586150794,0.26350130484285883,0.8106164096307378,0.3888888888888889,0.6174136713554773
easygese:bean,bean,DPM,transformer,mse,raw,0.6017680983358291,0.5939504454003808,1.6800672712720075,0.32305943200270376,0.8465118956956589,0.4111111111111111,0.6610504985895407
easygese:bean,bean,DPM,transformer,pearson,affine,0.5703238233410528,0.554127902364755,1.7126169624974614,0.29697861385559976,0.8184088227730546,0.37777777777777777,0.5769401722023925
easygese:bean,bean,DPM,transformer,pearson,isotonic,0.5334428800639801,0.5479091673959864,1.7991384949542468,0.22296909270447687,0.8001233631071886,0.36666666666666664,0.564948428856967
easygese:bean,bean,DPM,transformer,pearson,raw,0.5703238233410527,0.554127902364755,3.7727909993196107,-2.512086428832295,0.8184088227730546,0.37777777777777777,0.5769401722023925
easygese:bean,bean,PHI,cnn,ccc,affine,0.39750944785875447,0.346542662175775,4.120616849439245,0.0986896911222965,0.8200239691427044,0.2111111111111111,0.3728322535073843
easygese:bean,bean,PHI,cnn,ccc,isotonic,0.389344518951573,0.34410170655739303,4.304502204239134,-0.0021783012383482904,0.8051207320291972,0.2,0.34646485581081526
easygese:bean,bean,PHI,cnn,ccc,raw,0.39750944785875436,0.346542662175775,4.524048215813901,-0.09695104930438582,0.8200239691427044,0.2111111111111111,0.3728322535073843
easygese:bean,bean,PHI,cnn,hybrid,affine,0.35035361687297095,0.32901119161517095,4.221191078020692,0.053222689767208155,0.8177282785371531,0.2,0.38475933299327675
easygese:bean,bean,PHI,cnn,hybrid,isotonic,0.29829630721551786,0.3132327230721587,4.416794977288036,-0.060999380070189645,0.7984441230202747,0.17777777777777776,0.30431006414613276
easygese:bean,bean,PHI,cnn,hybrid,raw,0.35035361687297095,0.32901119161517095,4.234425344883364,0.05415773108750895,0.8177282785371531,0.2,0.38475933299327675
easygese:bean,bean,PHI,cnn,mse,affine,0.3244728523398088,0.28016956392488623,4.2124684317485634,0.0578139327439405,0.7921657175069016,0.1222222222222222,0.2371097989382412
easygese:bean,bean,PHI,cnn,mse,isotonic,0.3110655327085827,0.2811309985917855,4.308352774798749,0.013914616446398732,0.7820185107413805,0.15555555555555553,0.27820064283667767
easygese:bean,bean,PHI,cnn,mse,raw,0.3244728523398087,0.28016956392488623,4.146222743872949,0.09007229665140101,0.7921657175069016,0.1222222222222222,0.2371097989382412
easygese:bean,bean,PHI,cnn,pearson,affine,0.36493102330633315,0.3422727582597798,4.220943591771233,0.050110048031688226,0.8224855303153621,0.2111111111111111,0.3513161909185018
easygese:bean,bean,PHI,cnn,pearson,isotonic,0.31256574631318923,0.32316508094477847,4.388357063277794,-0.032308111749919245,0.8005800074687279,0.2111111111111111,0.32881406922722184
easygese:bean,bean,PHI,cnn,pearson,raw,0.36493102330633304,0.3422727582597798,4.272950925141506,0.03735276536662256,0.8224855303153621,0.2111111111111111,0.3513161909185018
easygese:bean,bean,PHI,mlp,ccc,affine,0.38970354824011894,0.36862152618340893,4.12379847904432,0.10075311614741275,0.8334903974100822,0.2111111111111111,0.373688939689259
easygese:bean,bean,PHI,mlp,ccc,isotonic,0.3466209700923844,0.36007493534044205,4.3006699485909206,0.018152134718697754,0.8214243322902284,0.2444444444444444,0.3974694633779343
easygese:bean,bean,PHI,mlp,ccc,raw,0.38970354824011894,0.36862152618340893,4.676206709734226,-0.18986895665733575,0.8334903974100822,0.2111111111111111,0.373688939689259
easygese:bean,bean,PHI,mlp,hybrid,affine,0.3938340435219828,0.377047205733986,4.11232577209966,0.10586668912647328,0.8325273059026399,0.2,0.4009721452965067
easygese:bean,bean,PHI,mlp,hybrid,isotonic,0.3308453346540466,0.3521328197870012,4.3119476831220585,0.011254883996012887,0.8297328226187688,0.22222222222222224,0.3967354415325305
easygese:bean,bean,PHI,mlp,hybrid,raw,0.3938340435219828,0.377047205733986,4.180957315309976,0.07058171686774792,0.8325273059026399,0.2,0.4009721452965067
easygese:bean,bean,PHI,mlp,mse,affine,0.3891746608404733,0.3796045443486795,4.137249718747418,0.0974745297226735,0.8501376286624801,0.26666666666666666,0.4343525382752064
easygese:bean,bean,PHI,mlp,mse,isotonic,0.3666268116114793,0.36807728434072884,4.265584117559192,0.03636718599485953,0.8468623817979433,0.2333333333333333,0.3918457233878115
easygese:bean,bean,PHI,mlp,mse,raw,0.3891746608404732,0.3796045443486795,4.103891942923669,0.11217458739947808,0.8501376286624801,0.26666666666666666,0.4343525382752064
easygese:bean,bean,PHI,mlp,pearson,affine,0.37968067570158315,0.36447522445392405,4.146713986530867,0.09222301912547759,0.8396950545623365,0.2111111111111111,0.43899017064133095
easygese:bean,bean,PHI,mlp,pearson,isotonic,0.34326667847355785,0.35638431869388754,4.3092150642851665,0.013479931244614529,0.8288594351904377,0.2333333333333333,0.4235763070959665
easygese:bean,bean,PHI,mlp,pearson,raw,0.37968067570158304,0.36447522445392405,5.110115311134211,-0.4452776401134565,0.8396950545623365,0.2111111111111111,0.43899017064133095
easygese:bean,bean,PHI,transformer,ccc,affine,0.370493572347529,0.35931822938267577,4.142126882506828,0.09223360653323716,0.8274300068244124,0.15555555555555553,0.3752204320940116
easygese:bean,bean,PHI,transformer,ccc,isotonic,0.3507687295089431,0.3441117253956486,4.284601750835735,0.022664596141600636,0.8192019903505854,0.15555555555555553,0.33261905698388866
easygese:bean,bean,PHI,transformer,ccc,raw,0.370493572347529,0.35931822938267577,4.732309912442196,-0.1911849570363041,0.8274300068244124,0.15555555555555553,0.3752204320940116
easygese:bean,bean,PHI,transformer,hybrid,affine,0.37434532145972665,0.36235700233934004,4.148418864225609,0.08882607464912987,0.8204407391974209,0.16666666666666666,0.3658998957013748
easygese:bean,bean,PHI,transformer,hybrid,isotonic,0.3552803420963405,0.3572479857543041,4.288701591367884,0.018768399082627264,0.8099998141684448,0.15555555555555553,0.375455209888651
easygese:bean,bean,PHI,transformer,hybrid,raw,0.3743453214597266,0.36235700233934004,4.458748483510456,-0.05657169096279504,0.8204407391974209,0.16666666666666666,0.3658998957013748
easygese:bean,bean,PHI,transformer,mse,affine,0.37952157659369884,0.35971710688980846,4.137722024113043,0.09515340166226757,0.8213165087685106,0.16666666666666666,0.3423206735328447
easygese:bean,bean,PHI,transformer,mse,isotonic,0.31656916382569406,0.33257099759272996,4.3593896667233105,-0.009923403747268933,0.7972418535759689,0.15555555555555553,0.33104394388087865
easygese:bean,bean,PHI,transformer,mse,raw,0.3795215765936989,0.35971710688980846,4.23305849103418,0.045689541620143756,0.8213165087685106,0.16666666666666666,0.3423206735328447
easygese:bean,bean,PHI,transformer,pearson,affine,0.36987511209667795,0.3537614170262282,4.167195949824308,0.08005948441536577,0.8171007097866829,0.15555555555555553,0.2985534793163619
easygese:bean,bean,PHI,transformer,pearson,isotonic,0.343667279101536,0.3486148396585471,4.3567111551890365,-0.012222476168788932,0.7992972015664253,0.18888888888888888,0.3636711823736635
easygese:bean,bean,PHI,transformer,pearson,raw,0.3698751120966778,0.3537614170262282,8.474730965652306,-2.956594324584979,0.8171007097866829,0.15555555555555553,0.2985534793163619
easygese:bean,bean,X100SdW,cnn,ccc,affine,0.5499840398074533,0.5175219770121233,2.588814433428078,0.2764815885067002,0.7870933227232211,0.4111111111111111,0.6247575846644678
easygese:bean,bean,X100SdW,cnn,ccc,isotonic,0.535483697076464,0.5175668575215177,2.646330736481153,0.2430435525631304,0.7952213308783171,0.36666666666666664,0.5427451142856063
easygese:bean,bean,X100SdW,cnn,ccc,raw,0.5499840398074531,0.5175219770121233,2.7461944340579536,0.17904179523202898,0.7870933227232211,0.4111111111111111,0.6247575846644678
easygese:bean,bean,X100SdW,cnn,hybrid,affine,0.5274257561840173,0.5048482164519701,2.6430613794891955,0.24537039685405296,0.7716560688108792,0.3555555555555555,0.5538707627696499
easygese:bean,bean,X100SdW,cnn,hybrid,isotonic,0.5007164012050623,0.4933218782316646,2.7297426688486777,0.19260080937290142,0.7711595427057227,0.28888888888888886,0.46732561068977974
easygese:bean,bean,X100SdW,cnn,hybrid,raw,0.5274257561840174,0.5048482164519701,2.7520288778005044,0.18495856839426056,0.7716560688108792,0.3555555555555555,0.5538707627696499
easygese:bean,bean,X100SdW,cnn,mse,affine,0.5376553040022117,0.5091205769522676,2.608144170577703,0.26386093563805424,0.783975339600543,0.4222222222222222,0.585144079895566
easygese:bean,bean,X100SdW,cnn,mse,isotonic,0.5087110225338982,0.49403486239555744,2.7131908694435105,0.20019320334098273,0.7812279386923036,0.4111111111111111,0.5895531362961354
easygese:bean,bean,X100SdW,cnn,mse,raw,0.5376553040022116,0.5091205769522676,2.6333373622563387,0.2519517293668169,0.783975339600543,0.4222222222222222,0.585144079895566
easygese:bean,bean,X100SdW,cnn,pearson,affine,0.500066238536794,0.48977569899945045,2.6843225532471564,0.2225697249569453,0.7244062989627953,0.3333333333333333,0.48129134749142144
easygese:bean,bean,X100SdW,cnn,pearson,isotonic,0.46729905892538454,0.48702844463918016,2.7746479903262715,0.16786889809768382,0.7336756591566445,0.34444444444444444,0.5190695127897269
easygese:bean,bean,X100SdW,cnn,pearson,raw,0.5000662385367939,0.48977569899945045,2.9397516086957785,0.07234317655327012,0.7244062989627953,0.3333333333333333,0.48129134749142144
easygese:bean,bean,X100SdW,mlp,ccc,affine,0.6055961232697745,0.5750924716502309,2.4404239203298976,0.35795145445834853,0.7952193965263252,0.4222222222222222,0.6313119964654895
easygese:bean,bean,X100SdW,mlp,ccc,isotonic,0.574889816774909,0.5689481710725068,2.5494830687442946,0.29900397683547275,0.8018473314928535,0.3888888888888889,0.5840388795209159
easygese:bean,bean,X100SdW,mlp,ccc,raw,0.6055961232697744,0.5750924716502309,2.5848045696564004,0.2785285341209055,0.7952193965263252,0.4222222222222222,0.6313119964654895
easygese:bean,bean,X100SdW,mlp,hybrid,affine,0.6255985117481151,0.6015017165958104,2.403918026455736,0.37721234768453427,0.8075695350232703,0.4222222222222222,0.6421088153550952
easygese:bean,bean,X100SdW,mlp,hybrid,isotonic,0.5892170076861067,0.5997728120733646,2.5268265316583083,0.3111636715881346,0.82452736531572,0.37777777777777777,0.6140896125420293
easygese:bean,bean,X100SdW,mlp,hybrid,raw,0.625598511748115,0.6015017165958104,2.4137258326136326,0.3717766355602879,0.8075695350232703,0.4222222222222222,0.6421088153550952
easygese:bean,bean,X100SdW,mlp,mse,affine,0.608503798049637,0.5908510036807347,2.4506318288537448,0.35077749213160947,0.7918656717827897,0.3888888888888889,0.5874668366031484
easygese:bean,bean,X100SdW,mlp,mse,isotonic,0.5649427664654855,0.5716386811198277,2.579815547865165,0.28060749801005347,0.8054515069382466,0.36666666666666664,0.5852278601086949
easygese:bean,bean,X100SdW,mlp,mse,raw,0.6085037980496371,0.5908510036807347,2.438498196694329,0.35784941011818827,0.7918656717827897,0.3888888888888889,0.5874668366031484
easygese:bean,bean,X100SdW,mlp,pearson,affine,0.6219086815529221,0.5958321236611364,2.412607119040372,0.3726727283172456,0.8074741049518386,0.4222222222222222,0.6414714520553024
easygese:bean,bean,X100SdW,mlp,pearson,isotonic,0.5898540520842396,0.6008814034734655,2.520731016744873,0.3143495512665896,0.7888245633909305,0.36666666666666664,0.6006207102838281
easygese:bean,bean,X100SdW,mlp,pearson,raw,0.621908681552922,0.5958321236611364,2.8512353235934347,0.11644142085889615,0.8074741049518386,0.4222222222222222,0.6414714520553024
easygese:bean,bean,X100SdW,transformer,ccc,affine,0.6045177874145891,0.5829214803037445,2.4574509445749895,0.3486580614258632,0.8165863962907114,0.4,0.6287736859813047
easygese:bean,bean,X100SdW,transformer,ccc,isotonic,0.5541476640370984,0.5713663082055527,2.5951564138584433,0.27088881493437683,0.7978881820559616,0.36666666666666664,0.579285599506821
easygese:bean,bean,X100SdW,transformer,ccc,raw,0.6045177874145891,0.5829214803037445,2.632766614724038,0.24978314162404985,0.8165863962907114,0.4,0.6287736859813047
easygese:bean,bean,X100SdW,transformer,hybrid,affine,0.6016402017724928,0.5863702866297464,2.467688922015923,0.34435547518376053,0.8056123247909381,0.3888888888888889,0.6266162951537686
easygese:bean,bean,X100SdW,transformer,hybrid,isotonic,0.5562935393558881,0.5672418612872104,2.6036395530931147,0.2664685554106252,0.8142301764516257,0.3333333333333333,0.5335830130536952
easygese:bean,bean,X100SdW,transformer,hybrid,raw,0.6016402017724928,0.5863702866297464,2.530394991710727,0.30924741395858535,0.8056123247909381,0.3888888888888889,0.6266162951537686
easygese:bean,bean,X100SdW,transformer,mse,affine,0.6003177466062661,0.5709562349423074,2.4656985292405045,0.34651631445388437,0.8145232109751893,0.4111111111111111,0.6209889639850096
easygese:bean,bean,X100SdW,transformer,mse,isotonic,0.5839490714935199,0.5722792382459791,2.544370809953487,0.30287634148563536,0.825946399905025,0.4222222222222222,0.6454704794236422
easygese:bean,bean,X100SdW,transformer,mse,raw,0.6003177466062659,0.5709562349423074,2.511135679031318,0.32203393733074115,0.8145232109751893,0.4111111111111111,0.6209889639850096
easygese:bean,bean,X100SdW,transformer,pearson,affine,0.5796706978987711,0.5710911919665111,2.5197747215883486,0.3164755391745972,0.7950495161018833,0.36666666666666664,0.5822182103613145
easygese:bean,bean,X100SdW,transformer,pearson,isotonic,0.536963258846203,0.5523568619215344,2.623878873683205,0.2567582367074962,0.7788105236002425,0.3333333333333333,0.5200417225717552
easygese:bean,bean,X100SdW,transformer,pearson,raw,0.5796706978987711,0.5710911919665111,3.5665798468153627,-0.4227386742155515,0.7950495161018833,0.36666666666666664,0.5822182103613145
easygese:bean,bean,Yd,cnn,ccc,affine,0.29552924148893334,0.26533596327474673,201.9972052331668,0.01520363988565363,0.643287067414688,0.16666666666666666,0.19840010832701585
easygese:bean,bean,Yd,cnn,ccc,isotonic,0.26773359826679066,0.2620562535567162,211.5230531153922,-0.08015926858385009,0.6300902821703345,0.17777777777777776,0.220614360458333
easygese:bean,bean,Yd,cnn,ccc,raw,0.29552924148893334,0.26533596327474673,238.9314073270717,-0.3769110360966735,0.643287067414688,0.16666666666666666,0.19840010832701585
easygese:bean,bean,Yd,cnn,hybrid,affine,0.2678616234284662,0.23382550808354763,207.49257005302434,-0.04087469362139985,0.6375156969555925,0.16666666666666666,0.16223881975760884
easygese:bean,bean,Yd,cnn,hybrid,isotonic,0.21780890481495466,0.22758260292991989,222.69722328596248,-0.20960469553899203,0.6135896009262621,0.15555555555555553,0.14191650743667192
easygese:bean,bean,Yd,cnn,hybrid,raw,0.2678616234284662,0.23382550808354763,202.92271773228197,0.007810169155170854,0.6375156969555925,0.16666666666666666,0.16223881975760884
easygese:bean,bean,Yd,cnn,mse,affine,0.27452957429849295,0.2559257444428288,202.43912822056706,0.013011823874782202,0.6469340096684507,0.22222222222222224,0.22309314765712251
easygese:bean,bean,Yd,cnn,mse,isotonic,0.26100922997870935,0.25233271548084846,208.21181334640355,-0.047227849258803765,0.6544728432578434,0.2444444444444444,0.2701809810129846
easygese:bean,bean,Yd,cnn,mse,raw,0.274529574298493,0.2559257444428288,204.70006174524946,-0.010725276143149286,0.6469340096684507,0.22222222222222224,0.22309314765712251
easygese:bean,bean,Yd,cnn,pearson,affine,0.28636325486138664,0.24166802577314997,203.20213903062617,0.005170488390553463,0.6419352221943916,0.17777777777777776,0.18132275447652058
easygese:bean,bean,Yd,cnn,pearson,isotonic,0.25198098391765444,0.2485118400929444,215.18907459637109,-0.12009895128526331,0.6071009145373416,0.2,0.1989234394046966
easygese:bean,bean,Yd,cnn,pearson,raw,0.28636325486138653,0.24166802577314997,252.3433101169722,-0.6061934412973048,0.6419352221943916,0.17777777777777776,0.18132275447652058
easygese:bean,bean,Yd,mlp,ccc,affine,0.3526866745158562,0.3334105291583014,195.04096105750176,0.08418765228503883,0.7105176983631499,0.2333333333333333,0.32610624761606377
easygese:bean,bean,Yd,mlp,ccc,isotonic,0.3103176248884091,0.3315671065400731,203.83759206094118,-0.0005509884380632934,0.6843691752488912,0.22222222222222224,0.3305393050807707
easygese:bean,bean,Yd,mlp,ccc,raw,0.3526866745158563,0.3334105291583014,245.7511845475563,-0.4736540499115801,0.7105176983631499,0.2333333333333333,0.32610624761606377
easygese:bean,bean,Yd,mlp,hybrid,affine,0.31926023577165263,0.3119904194991371,198.89301413486766,0.047124163413169703,0.6820863750239459,0.18888888888888888,0.28443172089185004
easygese:bean,bean,Yd,mlp,hybrid,isotonic,0.27988562367583464,0.30389104071069956,207.99340651160446,-0.04249064029764773,0.6721808861236349,0.22222222222222224,0.2819911058068428
easygese:bean,bean,Yd,mlp,hybrid,raw,0.3192602357716525,0.3119904194991371,212.30534849399515,-0.0879905015682479,0.6820863750239459,0.18888888888888888,0.28443172089185004
easygese:bean,bean,Yd,mlp,mse,affine,0.3186398451825901,0.30422827656651763,199.89545034069994,0.038037400876845796,0.6715836283324764,0.2111111111111111,0.26749575192828795
easygese:bean,bean,Yd,mlp,mse,isotonic,0.3009566949325134,0.29892763677540934,206.600742037277,-0.029090660856045558,0.660958585706778,0.2444444444444444,0.2625012245205383
easygese:bean,bean,Yd,mlp,mse,raw,0.31863984518259014,0.30422827656651763,202.60720018709108,0.01150035667046262,0.6715836283324764,0.2111111111111111,0.26749575192828795
easygese:bean,bean,Yd,mlp,pearson,affine,0.34810827113206616,0.3279866272175455,196.1480619571489,0.07216602928509615,0.7069210852189893,0.22222222222222224,0.3268272230126057
easygese:bean,bean,Yd,mlp,pearson,isotonic,0.3181311955130537,0.3128656350263167,202.74555791731115,0.007035065879447899,0.6863554638333526,0.22222222222222224,0.27446088647619893
easygese:bean,bean,Yd,mlp,pearson,raw,0.3481082711320662,0.3279866272175455,294.7105672692588,-1.1625663898753522,0.7069210852189893,0.22222222222222224,0.3268272230126057
easygese:bean,bean,Yd,transformer,ccc,affine,0.28419518963056967,0.2641475584985853,202.01327280223364,0.01727071100194818,0.695092100583874,0.25555555555555554,0.3244998428264583
easygese:bean,bean,Yd,transformer,ccc,isotonic,0.26637476611849054,0.2745290086471245,208.51646572916798,-0.047426793890759086,0.6697631920688717,0.2777777777777778,0.3184460768546077
easygese:bean,bean,Yd,transformer,ccc,raw,0.2841951896305696,0.2641475584985853,236.7189762786783,-0.35174827797058283,0.695092100583874,0.25555555555555554,0.3244998428264583
easygese:bean,bean,Yd,transformer,hybrid,affine,0.29326658642608805,0.2762686532116986,201.48521342559292,0.020951034789732304,0.6993906293833811,0.26666666666666666,0.33024016660661115
easygese:bean,bean,Yd,transformer,hybrid,isotonic,0.26124572798957274,0.2655914311795792,211.5281841230264,-0.07910766870877126,0.6720851736166409,0.2333333333333333,0.27946559253372616
easygese:bean,bean,Yd,transformer,hybrid,raw,0.29326658642608794,0.2762686532116986,213.52536829626564,-0.10523566934906725,0.6993906293833811,0.26666666666666666,0.33024016660661115
easygese:bean,bean,Yd,transformer,mse,affine,0.2905484169375397,0.27620989045824385,200.45291376594523,0.031172438694412163,0.6972685627304533,0.2333333333333333,0.3226311658913797
easygese:bean,bean,Yd,transformer,mse,isotonic,0.2810733240580613,0.2663226113413103,205.17366915694842,-0.018310797762109466,0.6702943143960299,0.2111111111111111,0.27202377081033774
easygese:bean,bean,Yd,transformer,mse,raw,0.29054841693753963,0.27620989045824385,203.50688175348685,0.0009224412496493306,0.6972685627304533,0.2333333333333333,0.3226311658913797
easygese:bean,bean,Yd,transformer,pearson,affine,0.30653324061432674,0.30404993366442423,200.31703533225442,0.033012774490634555,0.6987628286803401,0.2444444444444444,0.29968387686738723
easygese:bean,bean,Yd,transformer,pearson,isotonic,0.26153191260825537,0.2906715726412001,211.03801499681578,-0.07413111824946221,0.672446787110142,0.22222222222222224,0.2724890949210296
easygese:bean,bean,Yd,transformer,pearson,raw,0.30653324061432674,0.30404993366442423,319.03168123243665,-1.5638354376675223,0.6987628286803401,0.2444444444444444,0.29968387686738723
easygese:lentil,lentil,DTF,cnn,ccc,affine,0.7267331351445618,0.7247524861634499,2.30702640386591,0.46305923156428924,0.8407729730757503,0.5142857142857142,0.6832193782404784
easygese:lentil,lentil,DTF,cnn,ccc,isotonic,0.7065951387215245,0.7216612799762312,2.4274708526161137,0.4051239546215141,0.8290453798146625,0.5571428571428572,0.730726055487732
easygese:lentil,lentil,DTF,cnn,ccc,raw,0.7267331351445618,0.7247524861634499,2.3894986977611463,0.3851958974493808,0.8407729730757503,0.5142857142857142,0.6832193782404784
easygese:lentil,lentil,DTF,cnn,hybrid,affine,0.7357893510399052,0.7324014952080701,2.299307534716975,0.4695405956999026,0.8387931549202994,0.48571428571428565,0.7179462861795229
easygese:lentil,lentil,DTF,cnn,hybrid,isotonic,0.7031940308676983,0.7311604682108832,2.4054047574084527,0.4184167604949548,0.8139772514578508,0.48571428571428565,0.7013493422557413
easygese:lentil,lentil,DTF,cnn,hybrid,raw,0.7357893510399052,0.7324014952080701,2.4243237311534926,0.4140565661473784,0.8387931549202994,0.48571428571428565,0.7179462861795229
easygese:lentil,lentil,DTF,cnn,mse,affine,0.7396834132936397,0.7443665321380346,2.2575981704690458,0.4829368755861938,0.8538044106157766,0.5142857142857142,0.737499762538013
easygese:lentil,lentil,DTF,cnn,mse,isotonic,0.699928691523685,0.7464168175404307,2.4424403657114833,0.39134319491152436,0.8115617226131361,0.4428571428571428,0.6318724198006437
easygese:lentil,lentil,DTF,cnn,mse,raw,0.7396834132936398,0.7443665321380346,2.2703242274084796,0.4827226922774095,0.8538044106157766,0.5142857142857142,0.737499762538013
easygese:lentil,lentil,DTF,cnn,pearson,affine,0.7227473007538788,0.7304608847343765,2.3661824843555754,0.43664487359787385,0.828398302951118,0.45714285714285713,0.6797222336642379
easygese:lentil,lentil,DTF,cnn,pearson,isotonic,0.7050190586545729,0.7245969531107574,2.4399279002086294,0.3925194865317203,0.8197260935544529,0.4714285714285714,0.6659093146859357
easygese:lentil,lentil,DTF,cnn,pearson,raw,0.7227473007538789,0.7304608847343765,3.1278890496099634,0.05304216937735715,0.828398302951118,0.45714285714285713,0.6797222336642379
easygese:lentil,lentil,DTF,mlp,ccc,affine,0.8027212211446164,0.800119947304489,1.966017693444926,0.6031135387304458,0.8870428351107588,0.5714285714285714,0.7775597081906434
easygese:lentil,lentil,DTF,mlp,ccc,isotonic,0.7827458522522026,0.7985248357674781,2.097533889865496,0.5575008989476237,0.8328801108520532,0.5428571428571429,0.7508380842116792
easygese:lentil,lentil,DTF,mlp,ccc,raw,0.8027212211446164,0.800119947304489,2.015786344052007,0.5803624288304374,0.8870428351107588,0.5714285714285714,0.7775597081906434
easygese:lentil,lentil,DTF,mlp,hybrid,affine,0.8035616473951143,0.8022922921829465,1.9559660644318448,0.6012014922337554,0.8743117957031302,0.5285714285714286,0.7597392295457153
easygese:lentil,lentil,DTF,mlp,hybrid,isotonic,0.7816709969795486,0.7986929969131895,2.108030675218606,0.5457821921549252,0.8384160568719004,0.4714285714285714,0.7203792993246508
easygese:lentil,lentil,DTF,mlp,hybrid,raw,0.8035616473951143,0.8022922921829465,1.976638846946755,0.5982088428203574,0.8743117957031302,0.5285714285714286,0.7597392295457153
easygese:lentil,lentil,DTF,mlp,mse,affine,0.8002946439978793,0.7962605007854543,1.9728968277322363,0.6028202928179013,0.8723884498975047,0.5142857142857142,0.7369532303364615
easygese:lentil,lentil,DTF,mlp,mse,isotonic,0.7686733244000183,0.7903395328546361,2.1523714586868716,0.5270651329349032,0.8270476027746673,0.5,0.7432493458356626
easygese:lentil,lentil,DTF,mlp,mse,raw,0.8002946439978794,0.7962605007854543,1.93792353029647,0.620836386889823,0.8723884498975047,0.5142857142857142,0.7369532303364615
easygese:lentil,lentil,DTF,mlp,pearson,affine,0.7982603689674266,0.7979351804374888,1.980725832446965,0.5886490871689057,0.8654144691694619,0.5142857142857142,0.7336553291298501
easygese:lentil,lentil,DTF,mlp,pearson,isotonic,0.778659041663938,0.7970026842425798,2.1158446053171063,0.5413791096463145,0.8273239205409919,0.5428571428571428,0.7622711781301827
easygese:lentil,lentil,DTF,mlp,pearson,raw,0.7982603689674267,0.7979351804374888,3.8930890113457925,-0.7141048758518621,0.8654144691694619,0.5142857142857142,0.7336553291298501
easygese:lentil,lentil,DTF,transformer,ccc,affine,0.7483471158697615,0.747640736241957,2.221787561823185,0.5127455043690141,0.8635707069968597,0.48571428571428565,0.716316861795491
easygese:lentil,lentil,DTF,transformer,ccc,isotonic,0.7266064245807359,0.7430463237255207,2.3136728242955673,0.4666566381182218,0.8450493328820373,0.42857142857142855,0.6608107020526817
easygese:lentil,lentil,DTF,transformer,ccc,raw,0.7483471158697615,0.747640736241957,2.3500195583122476,0.4437124410444119,0.8635707069968597,0.48571428571428565,0.716316861795491
easygese:lentil,lentil,DTF,transformer,hybrid,affine,0.740638441366545,0.740502389617788,2.2412664079180664,0.5064176587835477,0.8481939740839721,0.45714285714285713,0.6814010672545916
easygese:lentil,lentil,DTF,transformer,hybrid,isotonic,0.7104931483154597,0.7321245839884081,2.3609557498784044,0.44837423718244773,0.8370427725645587,0.45714285714285713,0.6933421900219463
easygese:lentil,lentil,DTF,transformer,hybrid,raw,0.7406384413665451,0.740502389617788,2.292495431008689,0.4917035324309449,0.8481939740839721,0.45714285714285713,0.6814010672545916
easygese:lentil,lentil,DTF,transformer,mse,affine,0.7233005433717523,0.7368738988996878,2.3145639560921154,0.4753396777311144,0.8269826565966595,0.41428571428571426,0.6564913951106811
easygese:lentil,lentil,DTF,transformer,mse,isotonic,0.6866288484603604,0.7189993246276278,2.4679486512710147,0.396841573295937,0.814682622589635,0.42857142857142855,0.6677725602879521
easygese:lentil,lentil,DTF,transformer,mse,raw,0.7233005433717523,0.7368738988996878,2.310338409915743,0.4784915168012113,0.8269826565966595,0.41428571428571426,0.6564913951106811
easygese:lentil,lentil,DTF,transformer,pearson,affine,0.7387073356386299,0.7371649923925221,2.2762245380116717,0.49178891798819535,0.8492368885426478,0.45714285714285713,0.6890730235429418
easygese:lentil,lentil,DTF,transformer,pearson,isotonic,0.7104268562444367,0.7250132803698923,2.387518518058518,0.43210516966744655,0.8214363606956301,0.47142857142857136,0.6855060782211755
easygese:lentil,lentil,DTF,transformer,pearson,raw,0.73870733563863,0.7371649923925221,3.6325214503103482,-0.28553692879272585,0.8492368885426478,0.45714285714285713,0.6890730235429418
easygese:lentil,lentil,DTM,cnn,ccc,affine,0.7893146686886168,0.7916762136647796,2.1262307635454873,0.5841561985418392,0.8785838689616832,0.5285714285714286,0.7624591887155381
easygese:lentil,lentil,DTM,cnn,ccc,isotonic,0.7795976672186532,0.786535593127703,2.1818210557092703,0.565671158605031,0.8671171796624796,0.5428571428571429,0.7224569939401406
easygese:lentil,lentil,DTM,cnn,ccc,raw,0.7893146686886167,0.7916762136647796,2.357222755067832,0.4822012291676325,0.8785838689616832,0.5285714285714286,0.7624591887155381
easygese:lentil,lentil,DTM,cnn,hybrid,affine,0.7935160642264265,0.7903675481265162,2.1339993260571,0.5869079497236673,0.8561354260497691,0.5285714285714286,0.716930254644146
easygese:lentil,lentil,DTM,cnn,hybrid,isotonic,0.7778733336590524,0.7835504119068559,2.209556080978893,0.5569626483971126,0.8631013263690773,0.5142857142857142,0.6891600896329085
easygese:lentil,lentil,DTM,cnn,hybrid,raw,0.7935160642264265,0.7903675481265162,2.2725725223889137,0.5347579470757008,0.8561354260497691,0.5285714285714286,0.716930254644146
easygese:lentil,lentil,DTM,cnn,mse,affine,0.7950447745859416,0.7959956793201688,2.1194956405273224,0.5894077465015122,0.8667726778404174,0.5142857142857142,0.7111965218394894
easygese:lentil,lentil,DTM,cnn,mse,isotonic,0.7816930122682899,0.793650353967054,2.190193518019602,0.5631501927718822,0.8745618201677205,0.5142857142857142,0.7229700405476762
easygese:lentil,lentil,DTM,cnn,mse,raw,0.7950447745859417,0.7959956793201688,2.1092316723906994,0.5950876726578656,0.8667726778404174,0.5142857142857142,0.7111965218394894
easygese:lentil,lentil,DTM,cnn,pearson,affine,0.8016324686240782,0.7989407612727026,2.087958818265934,0.6027752457315028,0.8783909195260777,0.5,0.735951870027428
easygese:lentil,lentil,DTM,cnn,pearson,isotonic,0.791853633370456,0.7942202320303007,2.127014443184442,0.5866638355635162,0.8700434475443851,0.5142857142857142,0.7282421745896512
easygese:lentil,lentil,DTM,cnn,pearson,raw,0.8016324686240782,0.7989407612727026,3.178341338055434,0.03979256843202676,0.8783909195260777,0.5,0.735951870027428
easygese:lentil,lentil,DTM,mlp,ccc,affine,0.8267606374477754,0.8196150174483613,1.934320746117305,0.6586419893641321,0.8936373279752466,0.5857142857142856,0.7820645983572435
easygese:lentil,lentil,DTM,mlp,ccc,isotonic,0.8002912752417541,0.8163976370401012,2.072255812849359,0.6083697382845907,0.8735582284835252,0.5714285714285714,0.7569863188367143
easygese:lentil,lentil,DTM,mlp,ccc,raw,0.8267606374477758,0.8196150174483613,1.966600362526087,0.6456040157408129,0.8936373279752466,0.5857142857142856,0.7820645983572435
easygese:lentil,lentil,DTM,mlp,hybrid,affine,0.8303010699595157,0.8225760257320068,1.9265413794473116,0.6633834106926818,0.8894540768137084,0.5714285714285714,0.7705690260044038
easygese:lentil,lentil,DTM,mlp,hybrid,isotonic,0.8013283772011219,0.8176037943690491,2.0667358029989833,0.6144919514330496,0.8546011608396249,0.5142857142857142,0.7040521784450879
easygese:lentil,lentil,DTM,mlp,hybrid,raw,0.8303010699595157,0.8225760257320068,1.9534623531097455,0.6514777293359553,0.8894540768137084,0.5714285714285714,0.7705690260044038
easygese:lentil,lentil,DTM,mlp,mse,affine,0.8282874183165934,0.8188919190878791,1.9215026422843091,0.664746388089217,0.9006704346429985,0.6142857142857142,0.7882209122092114
easygese:lentil,lentil,DTM,mlp,mse,isotonic,0.8037316349107371,0.8175661571733421,2.0490432348393477,0.6179486282969676,0.8731911108903398,0.5857142857142856,0.7505605218570393
easygese:lentil,lentil,DTM,mlp,mse,raw,0.8282874183165934,0.8188919190878791,1.9150643689355118,0.6666027011570439,0.9006704346429985,0.6142857142857142,0.7882209122092114
easygese:lentil,lentil,DTM,mlp,pearson,affine,0.8256143243954824,0.8223763115932907,1.9514741651585723,0.6537535590600306,0.896648917787882,0.5857142857142856,0.7840771101733838
easygese:lentil,lentil,DTM,mlp,pearson,isotonic,0.8075830557664576,0.8219309913137411,2.052490941017301,0.6183870626832773,0.8771236787343595,0.6,0.7773264026272455
easygese:lentil,lentil,DTM,mlp,pearson,raw,0.8256143243954825,0.8223763115932907,4.314844196703064,-1.0469394338958093,0.896648917787882,0.5857142857142856,0.7840771101733838
easygese:lentil,lentil,DTM,transformer,ccc,affine,0.7967034859425717,0.7909086119104451,2.0789098785422264,0.6086809024015295,0.8798491970158292,0.5428571428571429,0.7356386930264989
easygese:lentil,lentil,DTM,transformer,ccc,isotonic,0.7845117608905363,0.7873350989743759,2.162393408120671,0.5765396607415009,0.8762506594364593,0.48571428571428565,0.7003183765599378
easygese:lentil,lentil,DTM,transformer,ccc,raw,0.7967034859425718,0.7909086119104451,2.1392133631046493,0.5839316497758368,0.8798491970158292,0.5428571428571429,0.7356386930264989
easygese:lentil,lentil,DTM,transformer,hybrid,affine,0.792752388407684,0.7862841254606167,2.1003545522996196,0.6002229856537137,0.883578876051191,0.5571428571428572,0.7581972591616937
easygese:lentil,lentil,DTM,transformer,hybrid,isotonic,0.7742260699718485,0.7833215432218475,2.203116120198252,0.5621977839257652,0.8780234204362614,0.5714285714285714,0.755067444481332
easygese:lentil,lentil,DTM,transformer,hybrid,raw,0.7927523884076841,0.7862841254606167,2.0875474890176378,0.6055936493472311,0.883578876051191,0.5571428571428572,0.7581972591616937
easygese:lentil,lentil,DTM,transformer,mse,affine,0.7968617662436146,0.7925370858349227,2.0930747838400956,0.6011310355487284,0.8936010475005884,0.5714285714285714,0.7653729693306796
easygese:lentil,lentil,DTM,transformer,mse,isotonic,0.7851604041101006,0.7867207854415345,2.16566502507834,0.5773566510162239,0.8848726634630018,0.5571428571428572,0.7381408002286975
easygese:lentil,lentil,DTM,transformer,mse,raw,0.7968617662436148,0.7925370858349227,2.0585482300765565,0.6150602869136709,0.8936010475005884,0.5714285714285714,0.7653729693306796
easygese:lentil,lentil,DTM,transformer,pearson,affine,0.7995675680770808,0.7941110910986586,2.1008416881387277,0.6001251738483342,0.889213468006474,0.5428571428571429,0.757047894018366
easygese:lentil,lentil,DTM,transformer,pearson,isotonic,0.7884946422330691,0.7894561150539791,2.174020805547302,0.5733318138384529,0.8843349727382634,0.5285714285714286,0.7284939206031266
easygese:lentil,lentil,DTM,transformer,pearson,raw,0.7995675680770807,0.7941110910986586,2.386587640207467,0.48529806882319226,0.889213468006474,0.5428571428571429,0.757047894018366
easygese:lentil,lentil,DTS,cnn,ccc,affine,0.7806439394528266,0.7793735828228694,2.278952956420651,0.5614642237943395,0.8612586721503833,0.5428571428571428,0.7460840791681774
easygese:lentil,lentil,DTS,cnn,ccc,isotonic,0.7601420778355618,0.7705065170414436,2.377690036321812,0.5232858308567828,0.8354617542027898,0.5142857142857142,0.7289666698813628
easygese:lentil,lentil,DTS,cnn,ccc,raw,0.7806439394528271,0.7793735828228694,2.399948678466144,0.5072290432065932,0.8612586721503833,0.5428571428571428,0.7460840791681774
easygese:lentil,lentil,DTS,cnn,hybrid,affine,0.7946080785624515,0.7913755310483417,2.223229979954353,0.584182223041873,0.86794811018269,0.5285714285714286,0.744635688330014
easygese:lentil,lentil,DTS,cnn,hybrid,isotonic,0.7803433641588906,0.7823893799100711,2.298953506692501,0.5521763296884619,0.8642661257294499,0.5285714285714286,0.7141741185083913
easygese:lentil,lentil,DTS,cnn,hybrid,raw,0.7946080785624514,0.7913755310483417,2.3077940605283263,0.5611705724381248,0.86794811018269,0.5285714285714286,0.744635688330014
easygese:lentil,lentil,DTS,cnn,mse,affine,0.7920253520439091,0.785112222069119,2.1957380230357595,0.5861933585931647,0.861521705195428,0.5285714285714286,0.752475785347059
easygese:lentil,lentil,DTS,cnn,mse,isotonic,0.7697760430527173,0.7779021543284819,2.314717275026379,0.5429983736928048,0.8329541650788841,0.5,0.711872270846808
easygese:lentil,lentil,DTS,cnn,mse,raw,0.7920253520439091,0.785112222069119,2.209587512230953,0.5838009362196444,0.861521705195428,0.5285714285714286,0.752475785347059
easygese:lentil,lentil,DTS,cnn,pearson,affine,0.7855856103405975,0.775745715054836,2.2485089341053817,0.5791664563092029,0.864220427731231,0.5571428571428572,0.7747037917693366
easygese:lentil,lentil,DTS,cnn,pearson,isotonic,0.7687085626871382,0.7716129603476463,2.3381825802373633,0.5430712708003835,0.847326424303291,0.5142857142857142,0.7412510318977588
easygese:lentil,lentil,DTS,cnn,pearson,raw,0.7855856103405976,0.775745715054836,2.9256009073010136,0.29638668381514466,0.864220427731231,0.5571428571428572,0.7747037917693366
easygese:lentil,lentil,DTS,mlp,ccc,affine,0.8468832679830103,0.8311353304784461,1.891202804156189,0.6938668385199194,0.8996763771587005,0.6142857142857142,0.8110145565877709
easygese:lentil,lentil,DTS,mlp,ccc,isotonic,0.8261798265016707,0.8225818439139913,2.0181893381602842,0.65442914221365,0.888738276513734,0.5714285714285714,0.7712682580848131
easygese:lentil,lentil,DTS,mlp,ccc,raw,0.8468832679830098,0.8311353304784461,1.9301557916695171,0.6810142412097765,0.8996763771587005,0.6142857142857142,0.8110145565877709
easygese:lentil,lentil,DTS,mlp,hybrid,affine,0.8437114618889252,0.8300274868015654,1.9173206066593456,0.689187810660833,0.9096279810858856,0.6285714285714286,0.8364338408931145
easygese:lentil,lentil,DTS,mlp,hybrid,isotonic,0.8216762033216385,0.8250962486812247,2.051173127666024,0.6439172077054136,0.8896595136410171,0.6,0.7892580409964285
easygese:lentil,lentil,DTS,mlp,hybrid,raw,0.843711461888925,0.8300274868015654,1.9246549731556037,0.6883529410200704,0.9096279810858856,0.6285714285714286,0.8364338408931145
easygese:lentil,lentil,DTS,mlp,mse,affine,0.8360917456822561,0.8297474516480922,1.9499372962771844,0.6774660718520082,0.8912981682593232,0.6,0.796758975150656
easygese:lentil,lentil,DTS,mlp,mse,isotonic,0.8130046993105328,0.8241331133438556,2.105894019990846,0.6278056191473343,0.8550929631613181,0.5285714285714286,0.7457329762638338
easygese:lentil,lentil,DTS,mlp,mse,raw,0.8360917456822561,0.8297474516480922,1.9744375694093321,0.6688300952151406,0.8912981682593232,0.6,0.796758975150656
easygese:lentil,lentil,DTS,mlp,pearson,affine,0.8458526879165861,0.8299139204684115,1.8958138664551363,0.6962735741901424,0.9072510808884224,0.6142857142857142,0.8355949530340607
easygese:lentil,lentil,DTS,mlp,pearson,isotonic,0.8183033284439322,0.8227710450491307,2.0721228412237833,0.639123252516545,0.894884295671786,0.5857142857142856,0.8023279504527878
easygese:lentil,lentil,DTS,mlp,pearson,raw,0.8458526879165861,0.8299139204684115,3.7949112140575942,-0.3567316083466509,0.9072510808884224,0.6142857142857142,0.8355949530340607
easygese:lentil,lentil,DTS,transformer,ccc,affine,0.8063555412099916,0.797574061381943,2.1318141170842364,0.6249399296054802,0.8951813162686353,0.6,0.8076485606685704
easygese:lentil,lentil,DTS,transformer,ccc,isotonic,0.7965340980198097,0.8017834086362671,2.1799575099569495,0.6073026323191001,0.867704043317848,0.5714285714285714,0.7819960377281916
easygese:lentil,lentil,DTS,transformer,ccc,raw,0.8063555412099914,0.797574061381943,2.1940136455884316,0.5954940143177921,0.8951813162686353,0.6,0.8076485606685704
easygese:lentil,lentil,DTS,transformer,hybrid,affine,0.8004985998429772,0.7916461715018693,2.1572333788256524,0.6129618109171922,0.8954284067653603,0.6,0.8187005745986653
easygese:lentil,lentil,DTS,transformer,hybrid,isotonic,0.7932287856827762,0.7883547316574883,2.2176738407544123,0.5929836599846123,0.8638160528711829,0.6,0.8195152239898553
easygese:lentil,lentil,DTS,transformer,hybrid,raw,0.8004985998429772,0.7916461715018693,2.1328131462817748,0.6210165851581024,0.8954284067653603,0.6,0.8187005745986653
easygese:lentil,lentil,DTS,transformer,mse,affine,0.7988074851438394,0.790263090575255,2.1703423457551496,0.6118372926280087,0.8874630719851051,0.5857142857142856,0.8006591771200338
easygese:lentil,lentil,DTS,transformer,mse,isotonic,0.7892138983258727,0.78410116888705,2.2248021815279535,0.590532446964333,0.8552674694598448,0.5857142857142856,0.8093219342094946
easygese:lentil,lentil,DTS,transformer,mse,raw,0.7988074851438393,0.790263090575255,2.1485221951555746,0.6196904732415058,0.8874630719851051,0.5857142857142856,0.8006591771200338
easygese:lentil,lentil,DTS,transformer,pearson,affine,0.8026380589417726,0.7888997082648737,2.1549952353816497,0.6154659983269817,0.8975859424714635,0.5857142857142856,0.807239575259689
easygese:lentil,lentil,DTS,transformer,pearson,isotonic,0.7837691876925162,0.7859157954916302,2.250184081359572,0.5842316318874088,0.8763203541690239,0.5714285714285714,0.7787824949271778
easygese:lentil,lentil,DTS,transformer,pearson,raw,0.8026380589417729,0.7888997082648737,2.9823038733282496,0.2739318008939908,0.8975859424714635,0.5857142857142856,0.807239575259689
easygese:lentil,lentil,REP,cnn,ccc,affine,0.6109788216046657,0.6214668814510017,1.6908818136955297,0.36416814344540027,0.7742968445044237,0.3714285714285714,0.5122979017401109
easygese:lentil,lentil,REP,cnn,ccc,isotonic,0.5922376344374428,0.6221815775507904,1.7678306044637933,0.30627525030382785,0.7771462952526724,0.32857142857142857,0.4775757920645537
easygese:lentil,lentil,REP,cnn,ccc,raw,0.6109788216046657,0.6214668814510017,1.7853967740136618,0.2801891519096124,0.7742968445044237,0.3714285714285714,0.5122979017401109
easygese:lentil,lentil,REP,cnn,hybrid,affine,0.6441796641023634,0.6409920751449394,1.6537466356581203,0.3922104278560214,0.7972487109006942,0.3857142857142857,0.54485925423414
easygese:lentil,lentil,REP,cnn,hybrid,isotonic,0.6196805931655014,0.6361628134680689,1.731546562114167,0.33329626022927156,0.7873904001611216,0.4,0.541897521156012
easygese:lentil,lentil,REP,cnn,hybrid,raw,0.6441796641023634,0.6409920751449394,1.728363759285082,0.34092060516686484,0.7972487109006942,0.3857142857142857,0.54485925423414
easygese:lentil,lentil,REP,cnn,mse,affine,0.582991595495912,0.5941477697377888,1.7569628022823145,0.3166106613255476,0.7629584559138622,0.3571428571428571,0.48309210425001153
easygese:lentil,lentil,REP,cnn,mse,isotonic,0.56848713212643,0.5844448059884906,1.830954816105752,0.2568092526520429,0.7499832407485735,0.3714285714285714,0.4443599952365715
easygese:lentil,lentil,REP,cnn,mse,raw,0.5829915954959121,0.5941477697377888,1.7647499884535367,0.3110023720054106,0.7629584559138622,0.3571428571428571,0.48309210425001153
easygese:lentil,lentil,REP,cnn,pearson,affine,0.6385032765576492,0.6376638069416245,1.671683466341528,0.3807484705705968,0.7751899186749641,0.3714285714285714,0.48928282441344695
easygese:lentil,lentil,REP,cnn,pearson,isotonic,0.6114582065713194,0.6254934923751863,1.7517783907785123,0.32151994982297605,0.7837742101994453,0.3571428571428571,0.5164594927528777
easygese:lentil,lentil,REP,cnn,pearson,raw,0.6385032765576492,0.6376638069416245,1.9495335816308241,0.1656801550211698,0.7751899186749641,0.3714285714285714,0.48928282441344695
easygese:lentil,lentil,REP,mlp,ccc,affine,0.693033160129725,0.6924014304802134,1.5556550970562104,0.4630756437953245,0.8478436147304376,0.5142857142857142,0.7032759027768012
easygese:lentil,lentil,REP,mlp,ccc,isotonic,0.6616749175159964,0.6865600887782987,1.6444398617798264,0.40231229919155503,0.8403607427099675,0.45714285714285713,0.6466748662686521
easygese:lentil,lentil,REP,mlp,ccc,raw,0.6930331601297252,0.6924014304802134,1.7389914761678273,0.3086025481624033,0.8478436147304376,0.5142857142857142,0.7032759027768012
easygese:lentil,lentil,REP,mlp,hybrid,affine,0.6795233397516917,0.6791432760246517,1.5916997468575467,0.44043086475571036,0.8351603849329774,0.45714285714285713,0.6477065559054442
easygese:lentil,lentil,REP,mlp,hybrid,isotonic,0.6505322541375356,0.677636071302645,1.6808137630470477,0.376343488378912,0.8011981248582819,0.45714285714285713,0.6465459255560234
easygese:lentil,lentil,REP,mlp,hybrid,raw,0.6795233397516919,0.6791432760246517,1.6526590597562882,0.39417462901805694,0.8351603849329774,0.45714285714285713,0.6477065559054442
easygese:lentil,lentil,REP,mlp,mse,affine,0.6732842074846894,0.6741994199617339,1.6002020738931413,0.43185402387418376,0.8274049546349737,0.41428571428571426,0.6454858034549716
easygese:lentil,lentil,REP,mlp,mse,isotonic,0.641409114825176,0.6695300065046782,1.706910624090338,0.35729256331986015,0.8378568459476637,0.4,0.6126856101545972
easygese:lentil,lentil,REP,mlp,mse,raw,0.6732842074846898,0.6741994199617339,1.5945438552506368,0.4344256540433492,0.8274049546349737,0.41428571428571426,0.6454858034549716
easygese:lentil,lentil,REP,mlp,pearson,affine,0.6889034896343402,0.6854540380353323,1.570876668302185,0.4530606786125192,0.8574731900495266,0.5,0.6860618649945114
easygese:lentil,lentil,REP,mlp,pearson,isotonic,0.6544516201343102,0.6766365912072323,1.6771340678406947,0.3739839979324511,0.8502474435467438,0.48571428571428565,0.664409650795914
easygese:lentil,lentil,REP,mlp,pearson,raw,0.6889034896343402,0.6854540380353323,2.1730985335893367,-0.07319129973444481,0.8574731900495266,0.5,0.6860618649945114
easygese:lentil,lentil,REP,transformer,ccc,affine,0.6055635924482596,0.6128526255317552,1.7146850954206516,0.3521023809158047,0.8090329259393141,0.41428571428571426,0.5497920714050804
easygese:lentil,lentil,REP,transformer,ccc,isotonic,0.5861191319722705,0.6020058497909104,1.76012165044559,0.3164736563208631,0.8121191286600367,0.4,0.5592782711136675
easygese:lentil,lentil,REP,transformer,ccc,raw,0.6055635924482597,0.6128526255317552,1.8693191286131288,0.22224494861150051,0.8090329259393141,0.41428571428571426,0.5497920714050804
easygese:lentil,lentil,REP,transformer,hybrid,affine,0.6024334048596941,0.6145890189352319,1.7215104979345957,0.3461661342503889,0.7979114028274507,0.42857142857142855,0.5340976173933094
easygese:lentil,lentil,REP,transformer,hybrid,isotonic,0.5803353207129357,0.6037040380096567,1.7861295989714698,0.29636560622169017,0.7836775605023087,0.4,0.523164474743315
easygese:lentil,lentil,REP,transformer,hybrid,raw,0.602433404859694,0.6145890189352319,1.7434753397941454,0.3296895724655097,0.7979114028274507,0.42857142857142855,0.5340976173933094
easygese:lentil,lentil,REP,transformer,mse,affine,0.5881341325107788,0.60166560214565,1.7445026414524203,0.32622156918164824,0.8122524971004841,0.41428571428571426,0.576728822101734
easygese:lentil,lentil,REP,transformer,mse,isotonic,0.5699956960254176,0.5911891613320507,1.800842277988906,0.2781295418301467,0.8014670061026437,0.41428571428571426,0.5461192548904856
easygese:lentil,lentil,REP,transformer,mse,raw,0.5881341325107787,0.60166560214565,1.750145208159687,0.3201504204488659,0.8122524971004841,0.41428571428571426,0.576728822101734
easygese:lentil,lentil,REP,transformer,pearson,affine,0.60293335465281,0.6149574456474964,1.7177642629045025,0.35057599786795957,0.7975623075805929,0.3857142857142857,0.5174987744337292
easygese:lentil,lentil,REP,transformer,pearson,isotonic,0.5911130910245503,0.6081222749737665,1.756498234949958,0.31961459947421034,0.7887249224736046,0.4,0.540258868302046
easygese:lentil,lentil,REP,transformer,pearson,raw,0.6029333546528098,0.6149574456474964,2.1234446709301484,-0.02582843542820057,0.7975623075805929,0.3857142857142857,0.5174987744337292
easygese:lentil,lentil,VEG,cnn,ccc,affine,0.765037395216692,0.766432060236529,2.293025708699805,0.5189253148150204,0.8496056964026734,0.48571428571428565,0.685061465329281
easygese:lentil,lentil,VEG,cnn,ccc,isotonic,0.753549607604922,0.7633051942191019,2.379172292971308,0.4739032877761861,0.8436416758515586,0.45714285714285713,0.6684778467154523
easygese:lentil,lentil,VEG,cnn,ccc,raw,0.765037395216692,0.766432060236529,2.5127919239113177,0.37345634655574694,0.8496056964026734,0.48571428571428565,0.685061465329281
easygese:lentil,lentil,VEG,cnn,hybrid,affine,0.7760716021457276,0.7827982510316844,2.2700338089342114,0.5318477600163101,0.8454470227472723,0.5142857142857142,0.7135497386757957
easygese:lentil,lentil,VEG,cnn,hybrid,isotonic,0.7723889065261955,0.7847709566891615,2.35039535585517,0.495063018859196,0.8388263022038831,0.5,0.7026894658275198
easygese:lentil,lentil,VEG,cnn,hybrid,raw,0.7760716021457273,0.7827982510316844,2.398105545695097,0.48076137075374054,0.8454470227472723,0.5142857142857142,0.7135497386757957
easygese:lentil,lentil,VEG,cnn,mse,affine,0.7698366560440593,0.7736748675818906,2.3055459895456853,0.5153410639082989,0.8484705613365833,0.5,0.7124459730742128
easygese:lentil,lentil,VEG,cnn,mse,isotonic,0.7484202315970474,0.7741348238946701,2.407421195858146,0.4679947932356165,0.8337415952533005,0.4428571428571428,0.6652865278083164
easygese:lentil,lentil,VEG,cnn,mse,raw,0.7698366560440595,0.7736748675818906,2.318167602587098,0.5177482801208078,0.8484705613365833,0.5,0.7124459730742128
easygese:lentil,lentil,VEG,cnn,pearson,affine,0.7616387614043604,0.7603740918937001,2.3409312038907566,0.4932295863092742,0.8369094233326703,0.47142857142857136,0.6734781575275732
easygese:lentil,lentil,VEG,cnn,pearson,isotonic,0.7558801175208104,0.7691123882237746,2.3926349415194883,0.4699895812620981,0.855958148430066,0.48571428571428565,0.7014605304305499
easygese:lentil,lentil,VEG,cnn,pearson,raw,0.7616387614043603,0.7603740918937001,2.75240866849013,0.3396701373122671,0.8369094233326703,0.47142857142857136,0.6734781575275732
easygese:lentil,lentil,VEG,mlp,ccc,affine,0.8279019982978312,0.8263946434296757,1.947176882281259,0.6443841821228197,0.8950896615137991,0.5857142857142856,0.778467833355857
easygese:lentil,lentil,VEG,mlp,ccc,isotonic,0.8121249420806885,0.8255446464172719,2.069427637594353,0.5961012508887131,0.8597726051907543,0.5714285714285714,0.7677278712782235
easygese:lentil,lentil,VEG,mlp,ccc,raw,0.8279019982978314,0.8263946434296757,1.9500369465629128,0.6474115189758589,0.8950896615137991,0.5857142857142856,0.778467833355857
easygese:lentil,lentil,VEG,mlp,hybrid,affine,0.8233659962832611,0.8213452043516499,1.9726099985315053,0.6334814010989265,0.8889241993485315,0.6,0.7882160535888534
easygese:lentil,lentil,VEG,mlp,hybrid,isotonic,0.8047233459955965,0.8201288231563568,2.104586080618656,0.5856725162519753,0.8578911588812697,0.5857142857142856,0.7771871428811981
easygese:lentil,lentil,VEG,mlp,hybrid,raw,0.8233659962832611,0.8213452043516499,1.9603118989472754,0.6447384435048188,0.8889241993485315,0.6,0.7882160535888534
easygese:lentil,lentil,VEG,mlp,mse,affine,0.8274114348494999,0.8271381610825713,1.9565063502761586,0.6453612380160866,0.9056391038426289,0.6142857142857142,0.7953627365459631
easygese:lentil,lentil,VEG,mlp,mse,isotonic,0.8009770624475226,0.8256030505997203,2.1096906343882753,0.583923892660499,0.8581306130812015,0.5857142857142856,0.7881741631087849
easygese:lentil,lentil,VEG,mlp,mse,raw,0.8274114348494999,0.8271381610825713,1.9355380006018241,0.6573431665953613,0.9056391038426289,0.6142857142857142,0.7953627365459631
easygese:lentil,lentil,VEG,mlp,pearson,affine,0.8259692383036503,0.8272254511249443,1.971334683338886,0.6356918778113796,0.8960793842284136,0.5714285714285714,0.7774613585039143
easygese:lentil,lentil,VEG,mlp,pearson,isotonic,0.8045713458653718,0.8226329529280193,2.110954866368584,0.5791600513261069,0.8582384700291119,0.5428571428571429,0.7564977048141486
easygese:lentil,lentil,VEG,mlp,pearson,raw,0.8259692383036501,0.8272254511249443,3.7628559740977705,-0.42416514653271903,0.8960793842284136,0.5714285714285714,0.7774613585039143
easygese:lentil,lentil,VEG,transformer,ccc,affine,0.7710989969745347,0.7744358806013534,2.2386837003176714,0.5481038558890772,0.866759166192586,0.5142857142857142,0.7112932978183182
easygese:lentil,lentil,VEG,transformer,ccc,isotonic,0.7521991703544579,0.7660756041253062,2.3371753131771533,0.5002392419319911,0.8574343162081691,0.5,0.7112774609538235
easygese:lentil,lentil,VEG,transformer,ccc,raw,0.7710989969745343,0.7744358806013534,2.328207035667317,0.5067270387595445,0.866759166192586,0.5142857142857142,0.7112932978183182
easygese:lentil,lentil,VEG,transformer,hybrid,affine,0.7645759928215486,0.7687366908218833,2.2812331198454125,0.5378182403807181,0.8713518574015614,0.5285714285714286,0.721628273724448
easygese:lentil,lentil,VEG,transformer,hybrid,isotonic,0.7290402512820731,0.757897775762046,2.4582625926308026,0.44789294610946734,0.8447520595406679,0.5285714285714286,0.7246614022351661
easygese:lentil,lentil,VEG,transformer,hybrid,raw,0.7645759928215488,0.7687366908218833,2.3111906811429472,0.5331306907110942,0.8713518574015614,0.5285714285714286,0.721628273724448
easygese:lentil,lentil,VEG,transformer,mse,affine,0.7618162199525974,0.7673167949292831,2.306992951502721,0.5262272832453408,0.8450845421677542,0.4714285714285714,0.6776158496633959
easygese:lentil,lentil,VEG,transformer,mse,isotonic,0.7346110094216083,0.7520957882835048,2.4674975587517656,0.4498290814923854,0.8268734046550712,0.41428571428571426,0.6438469351788424
easygese:lentil,lentil,VEG,transformer,mse,raw,0.7618162199525973,0.7673167949292831,2.2779084365692497,0.5423892909309148,0.8450845421677542,0.4714285714285714,0.6776158496633959
easygese:lentil,lentil,VEG,transformer,pearson,affine,0.7537311739147923,0.7601896763235466,2.3202530586076735,0.5198382508772643,0.8699808209258627,0.5428571428571428,0.7233520841752149
easygese:lentil,lentil,VEG,transformer,pearson,isotonic,0.7115811656206485,0.747202251238654,2.4876106577938653,0.4339054336627182,0.8448338849347886,0.4428571428571428,0.6249797079760983
easygese:lentil,lentil,VEG,transformer,pearson,raw,0.7537311739147923,0.7601896763235466,3.4213426184405193,-0.021089330757975165,0.8699808209258627,0.5428571428571428,0.7233520841752149
easygese:maize,maize,Ear_Height_cm,cnn,ccc,affine,0.7253401617429229,0.7154538586207627,6.345793982378345,0.5228758322250783,0.8976902483160668,0.4842696629213483,0.715424146378546
easygese:maize,maize,Ear_Height_cm,cnn,ccc,isotonic,0.7193906356430061,0.7142450857574343,6.416166384659087,0.5122355554971225,0.8931705073997775,0.46853932584269664,0.7040158102992085
easygese:maize,maize,Ear_Height_cm,cnn,ccc,raw,0.7253401617429229,0.7154538586207627,6.533300721254169,0.4937048499729528,0.8976902483160668,0.4842696629213483,0.715424146378546
easygese:maize,maize,Ear_Height_cm,cnn,hybrid,affine,0.7245205064039263,0.7142775129690382,6.355054148089939,0.5212649759425995,0.8997504794572897,0.4831460674157303,0.7191114900527917
easygese:maize,maize,Ear_Height_cm,cnn,hybrid,isotonic,0.7193002657481916,0.7131027547427891,6.418816927397335,0.5115489503471659,0.893500042570361,0.4820224719101123,0.7130210970981097
easygese:maize,maize,Ear_Height_cm,cnn,hybrid,raw,0.7245205064039263,0.7142775129690382,9.026063420145052,0.03608400102432272,0.8997504794572897,0.4831460674157303,0.7191114900527917
easygese:maize,maize,Ear_Height_cm,cnn,mse,affine,0.7397345952926149,0.7278371898683401,6.2043481032364065,0.5443203886761118,0.8988053010838234,0.498876404494382,0.7279196989483927
easygese:maize,maize,Ear_Height_cm,cnn,mse,isotonic,0.7334139729964557,0.7257024229472548,6.281612568472679,0.5329567444365593,0.8967216691733567,0.49101123595505614,0.7208499427471154
easygese:maize,maize,Ear_Height_cm,cnn,mse,raw,0.7397345952926148,0.7278371898683401,6.2138266418513535,0.5430370931499173,0.8988053010838234,0.498876404494382,0.7279196989483927
easygese:maize,maize,Ear_Height_cm,cnn,pearson,affine,0.7172040208435375,0.7035259001533536,6.420635706558737,0.5117556979453687,0.8978182091369031,0.4842696629213483,0.7196190560324988
easygese:maize,maize,Ear_Height_cm,cnn,pearson,isotonic,0.7110456051447258,0.7018321963315324,6.490871685121233,0.5008337425455068,0.8927550481338871,0.4775280898876405,0.7086432372764411
easygese:maize,maize,Ear_Height_cm,cnn,pearson,raw,0.7172040208435375,0.7035259001533536,9.109735405864923,0.0182625562080434,0.8978182091369031,0.4842696629213483,0.7196190560324988
easygese:maize,maize,Ear_Height_cm,mlp,ccc,affine,0.8105555737162223,0.7959779533940069,5.397165066143776,0.6547145985446318,0.9183519764833331,0.5640449438202247,0.7821182975497103
easygese:maize,maize,Ear_Height_cm,mlp,ccc,isotonic,0.8071927243245334,0.7950709155718141,5.448585819728448,0.6480924183534881,0.9171899976497186,0.5674157303370786,0.7882123364405385
easygese:maize,maize,Ear_Height_cm,mlp,ccc,raw,0.8105555737162223,0.7959779533940069,5.496966762705315,0.6414866869893038,0.9183519764833331,0.5640449438202247,0.7821182975497103
easygese:maize,maize,Ear_Height_cm,mlp,hybrid,affine,0.8137273712974421,0.7988911660338343,5.358617208853657,0.6598642276049597,0.9231867253435011,0.5887640449438203,0.7994407392742138
easygese:maize,maize,Ear_Height_cm,mlp,hybrid,isotonic,0.8101208651776973,0.7978122125119647,5.414505260577142,0.6528291262308594,0.9199787143902659,0.5775280898876405,0.7899496183534456
easygese:maize,maize,Ear_Height_cm,mlp,hybrid,raw,0.8137273712974421,0.7988911660338343,5.402243949139953,0.6544417868680233,0.9231867253435011,0.5887640449438203,0.7994407392742138
easygese:maize,maize,Ear_Height_cm,mlp,mse,affine,0.8139136221844879,0.7996014752097375,5.35545646937699,0.6603534718307553,0.9213918876439993,0.5775280898876405,0.7925789684857683
easygese:maize,maize,Ear_Height_cm,mlp,mse,isotonic,0.809128695573184,0.7974026147517224,5.423637923313645,0.6517502844409437,0.9190198734805932,0.5775280898876405,0.7879225002191362
easygese:maize,maize,Ear_Height_cm,mlp,mse,raw,0.8139136221844877,0.7996014752097375,5.373018376668922,0.658248840579479,0.9213918876439993,0.5775280898876405,0.7925789684857683
easygese:maize,maize,Ear_Height_cm,mlp,pearson,affine,0.8088578739001233,0.7937579256081853,5.421390075317591,0.6519269588306205,0.9192540264243073,0.5752808988764044,0.7919425642502966
easygese:maize,maize,Ear_Height_cm,mlp,pearson,isotonic,0.803583406632929,0.7924028687845681,5.497952758435047,0.6420770608351278,0.9178898061801959,0.5674157303370786,0.7864204918905143
easygese:maize,maize,Ear_Height_cm,mlp,pearson,raw,0.8088578739001233,0.7937579256081853,8.144376892945365,0.21160159363573589,0.9192540264243073,0.5752808988764044,0.7919425642502966
easygese:maize,maize,Ear_Height_cm,transformer,ccc,affine,0.7515776507377591,0.7388213266256515,6.0826030979634265,0.5617646510485859,0.8962972568561194,0.5202247191011236,0.7330015843939728
easygese:maize,maize,Ear_Height_cm,transformer,ccc,isotonic,0.7427134889127787,0.736696368208319,6.1836059010363424,0.5471438783334628,0.8934063313766517,0.5179775280898877,0.734753827285325
easygese:maize,maize,Ear_Height_cm,transformer,ccc,raw,0.7515776507377591,0.7388213266256515,6.315063277252222,0.527454745713617,0.8962972568561194,0.5202247191011236,0.7330015843939728
easygese:maize,maize,Ear_Height_cm,transformer,hybrid,affine,0.7555065612223318,0.7456308570963748,6.041358148360603,0.5677156973578948,0.8970627724897687,0.5101123595505619,0.7380297744790353
easygese:maize,maize,Ear_Height_cm,transformer,hybrid,isotonic,0.7484646135912846,0.7443009981392381,6.123395662485189,0.555901084185986,0.8950597235198992,0.5056179775280899,0.7331145012979376
easygese:maize,maize,Ear_Height_cm,transformer,hybrid,raw,0.7555065612223316,0.7456308570963748,6.039899369295951,0.5679811199076733,0.8970627724897687,0.5101123595505619,0.7380297744790353
easygese:maize,maize,Ear_Height_cm,transformer,mse,affine,0.747409095176242,0.736600181011754,6.124384855043546,0.5558413737832897,0.8941053343337881,0.5157303370786517,0.7306888499978554
easygese:maize,maize,Ear_Height_cm,transformer,mse,isotonic,0.7391228125440816,0.7347017822734664,6.220023814364373,0.5419108766683508,0.8924460101626333,0.5078651685393258,0.725566642716178
easygese:maize,maize,Ear_Height_cm,transformer,mse,raw,0.747409095176242,0.736600181011754,6.152143079826132,0.5517973114699611,0.8941053343337881,0.5157303370786517,0.7306888499978554
easygese:maize,maize,Ear_Height_cm,transformer,pearson,affine,0.7416968553915734,0.7315540851413602,6.178993689090737,0.5476500344127719,0.8963162233569657,0.5213483146067416,0.7331557840991147
easygese:maize,maize,Ear_Height_cm,transformer,pearson,isotonic,0.7352940443886662,0.7309100151732997,6.252992095571679,0.5369353251026734,0.8936315350577028,0.5146067415730337,0.7344049376239942
easygese:maize,maize,Ear_Height_cm,transformer,pearson,raw,0.7416968553915734,0.7315540851413602,8.425422426783857,0.13995035865255578,0.8963162233569657,0.5213483146067416,0.7331557840991147
easygese:maize,maize,Grain_Moisture,cnn,ccc,affine,0.8435799298911704,0.8169177918574878,0.7684475643876879,0.7108822507572155,0.928121376083816,0.6134831460674157,0.8408158982262435
easygese:maize,maize,Grain_Moisture,cnn,ccc,isotonic,0.8397955498623088,0.8156684208518058,0.77876786431238,0.7030170813367033,0.9227391850431991,0.6,0.8301472373843076
easygese:maize,maize,Grain_Moisture,cnn,ccc,raw,0.8435799298911706,0.8169177918574878,0.7840457973106298,0.6990374806621473,0.928121376083816,0.6134831460674157,0.8408158982262435
easygese:maize,maize,Grain_Moisture,cnn,hybrid,affine,0.8490928574712939,0.8205798862417094,0.7560728962446802,0.720116763359379,0.9281059673982524,0.6056179775280899,0.8394741601008786
easygese:maize,maize,Grain_Moisture,cnn,hybrid,isotonic,0.8468061675894333,0.8197669327212946,0.7627695931332712,0.7151756309033351,0.9236465459384208,0.6,0.8371316422882611
easygese:maize,maize,Grain_Moisture,cnn,hybrid,raw,0.849092857471294,0.8205798862417094,0.8096226817452606,0.6785699613528987,0.9281059673982524,0.6056179775280899,0.8394741601008786
easygese:maize,maize,Grain_Moisture,cnn,mse,affine,0.8442614252590289,0.815508396986821,0.7669546253475529,0.711954664932823,0.9250398351111624,0.6033707865168539,0.8304673544286532
easygese:maize,maize,Grain_Moisture,cnn,mse,isotonic,0.8403223135079043,0.8154523700643459,0.7778506339209683,0.7036700848358461,0.9239125525935783,0.6112359550561798,0.8371478215935658
easygese:maize,maize,Grain_Moisture,cnn,mse,raw,0.8442614252590287,0.815508396986821,0.7704660165257602,0.7093306921354745,0.9250398351111624,0.6033707865168539,0.8304673544286532
easygese:maize,maize,Grain_Moisture,cnn,pearson,affine,0.8391209447489905,0.8077716512982229,0.7788602169728132,0.7030880603211825,0.9237896463938886,0.598876404494382,0.8319558645872747
easygese:maize,maize,Grain_Moisture,cnn,pearson,isotonic,0.836796770643103,0.807196419435529,0.7861699835098119,0.6973887894915254,0.9229192309222676,0.5876404494382023,0.828144955804931
easygese:maize,maize,Grain_Moisture,cnn,pearson,raw,0.8391209447489908,0.8077716512982229,1.3922928198794247,0.05189104228678084,0.9237896463938886,0.598876404494382,0.8319558645872747
easygese:maize,maize,Grain_Moisture,mlp,ccc,affine,0.8790049909506419,0.8572652124119069,0.6836285939665742,0.7710626710284068,0.9440431964416554,0.6494382022471911,0.8709561857200514
easygese:maize,maize,Grain_Moisture,mlp,ccc,isotonic,0.8776539685857229,0.8559541418736641,0.6863918721060436,0.769197727798873,0.9384347422225314,0.6449438202247191,0.8647742519046911
easygese:maize,maize,Grain_Moisture,mlp,ccc,raw,0.8790049909506417,0.8572652124119069,0.6901617117444205,0.7665102152392136,0.9440431964416554,0.6494382022471911,0.8709561857200514
easygese:maize,maize,Grain_Moisture,mlp,hybrid,affine,0.8790962351848599,0.8564812095125474,0.6838612053990079,0.7709917930329598,0.9438528857898948,0.6550561797752809,0.8691450228504436
easygese:maize,maize,Grain_Moisture,mlp,hybrid,isotonic,0.8777336183699938,0.8564308279593545,0.6865651195297098,0.7690793253381567,0.9379382876019461,0.648314606741573,0.8636641212288412
easygese:maize,maize,Grain_Moisture,mlp,hybrid,raw,0.8790962351848597,0.8564812095125474,0.6911813966955598,0.7661646502507918,0.9438528857898948,0.6550561797752809,0.8691450228504436
easygese:maize,maize,Grain_Moisture,mlp,mse,affine,0.8785313885402894,0.8584411284003529,0.6846069937215414,0.7704936553996986,0.9418121196457715,0.6426966292134833,0.8625026769447557
easygese:maize,maize,Grain_Moisture,mlp,mse,isotonic,0.8772921275759634,0.857402712850974,0.6875817953107644,0.7684280925847187,0.9365617707895929,0.6438202247191012,0.8617730353280036
easygese:maize,maize,Grain_Moisture,mlp,mse,raw,0.8785313885402894,0.8584411284003529,0.6871091613211042,0.7688514762460269,0.9418121196457715,0.6426966292134833,0.8625026769447557
easygese:maize,maize,Grain_Moisture,mlp,pearson,affine,0.8781841211192545,0.8562015203924507,0.6858532949908136,0.7696198439566708,0.9425675945514099,0.649438202247191,0.8684495454048621
easygese:maize,maize,Grain_Moisture,mlp,pearson,isotonic,0.8774010758892544,0.855397640367976,0.6873426584409574,0.768528745311313,0.936706990525059,0.6415730337078652,0.8631809316057535
easygese:maize,maize,Grain_Moisture,mlp,pearson,raw,0.8781841211192545,0.8562015203924507,1.1938373238421618,0.2953200027258025,0.9425675945514099,0.649438202247191,0.8684495454048621
easygese:maize,maize,Grain_Moisture,transformer,ccc,affine,0.8512119326471466,0.8233186844128875,0.7509213673144381,0.7237549728125177,0.9286421628482883,0.5966292134831461,0.8412088637397399
easygese:maize,maize,Grain_Moisture,transformer,ccc,isotonic,0.8456113591932484,0.8217441955491485,0.76552108255156,0.7129759709127622,0.925555334879814,0.5921348314606741,0.8338021626620767
easygese:maize,maize,Grain_Moisture,transformer,ccc,raw,0.8512119326471466,0.8233186844128875,0.7723217416310222,0.7075022964061912,0.9286421628482883,0.5966292134831461,0.8412088637397399
easygese:maize,maize,Grain_Moisture,transformer,hybrid,affine,0.8524570424638005,0.826297121991064,0.7481811597245855,0.7257765320480025,0.9268636797341998,0.597752808988764,0.8420634667972372
easygese:maize,maize,Grain_Moisture,transformer,hybrid,isotonic,0.8470606776969861,0.8255391495545975,0.7621329595403176,0.7155052498863702,0.9201935124749967,0.5910112359550561,0.8367961058467657
easygese:maize,maize,Grain_Moisture,transformer,hybrid,raw,0.8524570424638005,0.826297121991064,0.7512822673751403,0.723558168267157,0.9268636797341998,0.597752808988764,0.8420634667972372
easygese:maize,maize,Grain_Moisture,transformer,mse,affine,0.8539856518910856,0.8263038239090168,0.744700067868771,0.7284620563633017,0.9297757923876342,0.604494382022472,0.8471085516440224
easygese:maize,maize,Grain_Moisture,transformer,mse,isotonic,0.8491106531721974,0.824823229662714,0.7572893980934261,0.7191503456696446,0.9251954135714164,0.6,0.8433164532206684
easygese:maize,maize,Grain_Moisture,transformer,mse,raw,0.8539856518910854,0.8263038239090168,0.7455369040009647,0.7278339039027936,0.9297757923876342,0.604494382022472,0.8471085516440224
easygese:maize,maize,Grain_Moisture,transformer,pearson,affine,0.8494888161976787,0.8222512699296024,0.7553128261002879,0.7205372841084132,0.9293638230835658,0.5955056179775281,0.8413440039388039
easygese:maize,maize,Grain_Moisture,transformer,pearson,isotonic,0.8447626957674137,0.8212906323201181,0.7669343205856329,0.7119039321734242,0.923495720327501,0.5887640449438203,0.8352527788483032
easygese:maize,maize,Grain_Moisture,transformer,pearson,raw,0.8494888161976787,0.8222512699296024,0.9026787354295196,0.6008276922012288,0.9293638230835658,0.5955056179775281,0.8413440039388039
easygese:maize,maize,Plant_Height_cm,cnn,ccc,affine,0.7796385472517382,0.7529321045763411,7.627877789492575,0.604520464717205,0.9244283185847759,0.6123595505617978,0.8121260681802482
easygese:maize,maize,Plant_Height_cm,cnn,ccc,isotonic,0.7748727700991509,0.751691349834663,7.713973130156437,0.5956182710854783,0.921473375620792,0.601123595505618,0.8087198537150784
easygese:maize,maize,Plant_Height_cm,cnn,ccc,raw,0.779638547251738,0.7529321045763411,7.771478613681334,0.5891648473688915,0.9244283185847759,0.6123595505617978,0.8121260681802482
easygese:maize,maize,Plant_Height_cm,cnn,hybrid,affine,0.768144260182846,0.7363967170589627,7.804439628761266,0.5857742187937676,0.9238167089070919,0.5955056179775281,0.8061561992923509
easygese:maize,maize,Plant_Height_cm,cnn,hybrid,isotonic,0.7639312639930724,0.735059772540162,7.8734097957991285,0.5783826916510022,0.9214133534685637,0.5921348314606741,0.7981075645570901
easygese:maize,maize,Plant_Height_cm,cnn,hybrid,raw,0.7681442601828461,0.7363967170589627,11.71637180918238,0.06794236880126314,0.9238167089070919,0.5955056179775281,0.8061561992923509
easygese:maize,maize,Plant_Height_cm,cnn,mse,affine,0.7865733303385204,0.7590042609805465,7.531462631354944,0.6142261369304757,0.9284809820140449,0.6370786516853932,0.8290008796007122
easygese:maize,maize,Plant_Height_cm,cnn,mse,isotonic,0.7820645979417508,0.7578214625603483,7.608562433372542,0.606272232898106,0.9244368956884804,0.6224719101123595,0.8208337444543619
easygese:maize,maize,Plant_Height_cm,cnn,mse,raw,0.7865733303385203,0.7590042609805465,7.519967167685289,0.6154617405982329,0.9284809820140449,0.6370786516853932,0.8290008796007122
easygese:maize,maize,Plant_Height_cm,cnn,pearson,affine,0.7697383312390352,0.742191500033624,7.7707661692304715,0.5894701510941187,0.9213278508198817,0.5966292134831461,0.8021653190402608
easygese:maize,maize,Plant_Height_cm,cnn,pearson,isotonic,0.7657319598964738,0.7406754751234285,7.840689329567375,0.5821210771478701,0.915186003061835,0.5853932584269663,0.7929856682902983
easygese:maize,maize,Plant_Height_cm,cnn,pearson,raw,0.7697383312390351,0.742191500033624,12.003272762470742,0.021773908407819075,0.9213278508198817,0.5966292134831461,0.8021653190402608
easygese:maize,maize,Plant_Height_cm,mlp,ccc,affine,0.8383738471995921,0.8153257435143827,6.64493771257508,0.6996270875441686,0.9447044602647656,0.6752808988764045,0.8604379978497372
easygese:maize,maize,Plant_Height_cm,mlp,ccc,isotonic,0.8338180992871189,0.8146278513615274,6.737230776663466,0.6913379537836486,0.9407284774873588,0.6651685393258426,0.8535971228379828
easygese:maize,maize,Plant_Height_cm,mlp,ccc,raw,0.8383738471995921,0.8153257435143827,6.751644398229534,0.6897131864879247,0.9447044602647656,0.6752808988764045,0.8604379978497372
easygese:maize,maize,Plant_Height_cm,mlp,hybrid,affine,0.8401081867996061,0.8169914337854746,6.612706747995131,0.7026492221434157,0.9450162781816894,0.6707865168539325,0.8635428580961341
easygese:maize,maize,Plant_Height_cm,mlp,hybrid,isotonic,0.8370454763777959,0.8156641800490583,6.672935371959648,0.6972520664865514,0.9433334508473749,0.6719101123595506,0.8644029382115013
easygese:maize,maize,Plant_Height_cm,mlp,hybrid,raw,0.8401081867996059,0.8169914337854746,6.651640032247809,0.69921584843182,0.9450162781816894,0.6707865168539325,0.8635428580961341
easygese:maize,maize,Plant_Height_cm,mlp,mse,affine,0.8393606838238512,0.816316415540671,6.627075176373762,0.7012999080504445,0.9434138054086626,0.6629213483146067,0.8572498731409585
easygese:maize,maize,Plant_Height_cm,mlp,mse,isotonic,0.8356555428046043,0.8148560911651384,6.705199654837642,0.6942400164845595,0.9410829718789147,0.6629213483146067,0.8514411385726015
easygese:maize,maize,Plant_Height_cm,mlp,mse,raw,0.8393606838238512,0.816316415540671,6.674867779186354,0.6970266071103998,0.9434138054086626,0.6629213483146067,0.8572498731409585
easygese:maize,maize,Plant_Height_cm,mlp,pearson,affine,0.8403278190227607,0.8176405327474889,6.605523065648654,0.702899784870293,0.9444591457059124,0.6719101123595506,0.8599603537128834
easygese:maize,maize,Plant_Height_cm,mlp,pearson,isotonic,0.8351883213092461,0.816563441732068,6.711381930837388,0.6933433374864764,0.938737892649445,0.6629213483146067,0.8566270959839031
easygese:maize,maize,Plant_Height_cm,mlp,pearson,raw,0.8403278190227604,0.8176405327474889,10.659768961031602,0.22277000608836803,0.9444591457059124,0.6719101123595506,0.8599603537128834
easygese:maize,maize,Plant_Height_cm,transformer,ccc,affine,0.7879336298729215,0.758559864596918,7.494477075846011,0.6179448060380325,0.9210464723635308,0.5966292134831461,0.8059795970844554
easygese:maize,maize,Plant_Height_cm,transformer,ccc,isotonic,0.78259198728522,0.7574632984511848,7.5877831019080375,0.6084227441272461,0.9158638592922786,0.598876404494382,0.8051440989864462
easygese:maize,maize,Plant_Height_cm,transformer,ccc,raw,0.7879336298729214,0.758559864596918,7.796393291988042,0.58623277809394,0.9210464723635308,0.5966292134831461,0.8059795970844554
easygese:maize,maize,Plant_Height_cm,transformer,hybrid,affine,0.7868038959660164,0.7569573804580074,7.507694753475623,0.616509558344273,0.9222980157899153,0.6101123595505618,0.8119213422894704
easygese:maize,maize,Plant_Height_cm,transformer,hybrid,isotonic,0.7801709470939245,0.7546599545428927,7.617663204217033,0.6052696411748435,0.9142262753372721,0.5943820224719101,0.8000648442912972
easygese:maize,maize,Plant_Height_cm,transformer,hybrid,raw,0.7868038959660165,0.7569573804580074,7.513139178925854,0.6159888907008744,0.9222980157899153,0.6101123595505618,0.8119213422894704
easygese:maize,maize,Plant_Height_cm,transformer,mse,affine,0.7823766946825882,0.7513239583962428,7.581455984809243,0.6090875514466301,0.9184388996630171,0.6,0.8084269479481868
easygese:maize,maize,Plant_Height_cm,transformer,mse,isotonic,0.7755803793806691,0.7494544220663768,7.688693131226044,0.5979636942810609,0.9123205202510494,0.5898876404494382,0.8052686947845233
easygese:maize,maize,Plant_Height_cm,transformer,mse,raw,0.7823766946825883,0.7513239583962428,7.605938896071043,0.6065876031089907,0.9184388996630171,0.6,0.8084269479481868
easygese:maize,maize,Plant_Height_cm,transformer,pearson,affine,0.7879218622313697,0.7607900830771228,7.496981885659172,0.6178322485002923,0.9244926781842338,0.6157303370786517,0.8173111391488534
easygese:maize,maize,Plant_Height_cm,transformer,pearson,isotonic,0.7808672279379312,0.7592779555494092,7.617922129515321,0.6055136483330141,0.9188986682123197,0.6112359550561798,0.8085790707825758
easygese:maize,maize,Plant_Height_cm,transformer,pearson,raw,0.7879218622313698,0.7607900830771228,9.867632721119692,0.32937690362228805,0.9244926781842338,0.6157303370786517,0.8173111391488534
easygese:maize,maize,Pollen_DAP_days,cnn,ccc,affine,0.9005242824833101,0.9040211725105844,1.046426594874025,0.8103866514158721,0.9559562155085105,0.6438202247191012,0.8792520673062499
easygese:maize,maize,Pollen_DAP_days,cnn,ccc,isotonic,0.8975728161064946,0.9030381323943381,1.062038009876832,0.8047525714248396,0.95317619124048,0.6415730337078652,0.8756791651030283
easygese:maize,maize,Pollen_DAP_days,cnn,ccc,raw,0.9005242824833101,0.9040211725105844,1.0542351750258108,0.8074638934775924,0.9559562155085105,0.6438202247191012,0.8792520673062499
easygese:maize,maize,Pollen_DAP_days,cnn,hybrid,affine,0.9065854910007085,0.9082383247504426,1.0174710187893419,0.8208079810180722,0.9589972705540382,0.6674157303370787,0.8947817710370616
easygese:maize,maize,Pollen_DAP_days,cnn,hybrid,isotonic,0.9029925162572537,0.9068272202709476,1.037301355546345,0.8137734481466392,0.9562846965984952,0.6561797752808989,0.8887356217177877
easygese:maize,maize,Pollen_DAP_days,cnn,hybrid,raw,0.9065854910007085,0.9082383247504426,1.0633872636237416,0.8041606620560013,0.9589972705540382,0.6674157303370787,0.8947817710370616
easygese:maize,maize,Pollen_DAP_days,cnn,mse,affine,0.9043661691032374,0.9068188748531207,1.0279176985490543,0.8171643659798251,0.95778072121904,0.6539325842696628,0.8855379392197676
easygese:maize,maize,Pollen_DAP_days,cnn,mse,isotonic,0.9018698016552502,0.9059602600521819,1.0412836166647932,0.8124072399840779,0.9555745690051294,0.6494382022471911,0.8804249689616146
easygese:maize,maize,Pollen_DAP_days,cnn,mse,raw,0.9043661691032373,0.9068188748531207,1.032848999376235,0.8154047674219012,0.95778072121904,0.6539325842696628,0.8855379392197676
easygese:maize,maize,Pollen_DAP_days,cnn,pearson,affine,0.8968463759302434,0.9012348511140363,1.0649371259079428,0.8035866069293517,0.9541235913084828,0.6494382022471911,0.8817473691067341
easygese:maize,maize,Pollen_DAP_days,cnn,pearson,isotonic,0.8944056962271565,0.9001086806626748,1.0779534974041154,0.798813584358427,0.9506572677760307,0.6359550561797753,0.8761567873116363
easygese:maize,maize,Pollen_DAP_days,cnn,pearson,raw,0.8968463759302434,0.9012348511140363,2.3195711853814744,0.07052618405228975,0.9541235913084828,0.6494382022471911,0.8817473691067341
easygese:maize,maize,Pollen_DAP_days,mlp,ccc,affine,0.9257273877989171,0.9259385120330172,0.9120720505373215,0.8561896435296774,0.967906432925537,0.7101123595505617,0.9170590501573713
easygese:maize,maize,Pollen_DAP_days,mlp,ccc,isotonic,0.9240883093097885,0.9252740306140967,0.922525091478632,0.8528419794290034,0.9654777431836896,0.6966292134831461,0.9098608918036628
easygese:maize,maize,Pollen_DAP_days,mlp,ccc,raw,0.9257273877989173,0.9259385120330172,0.9162115211485542,0.8549138873119041,0.967906432925537,0.7101123595505617,0.9170590501573713
easygese:maize,maize,Pollen_DAP_days,mlp,hybrid,affine,0.9252660714755134,0.9256962389936211,0.9150510846228881,0.8552915457196821,0.9668876446296857,0.697752808988764,0.911248351475261
easygese:maize,maize,Pollen_DAP_days,mlp,hybrid,isotonic,0.9219097226481061,0.9250606110640776,0.936640313315125,0.8483468519773345,0.9635398890366875,0.6966292134831461,0.9116348085230742
easygese:maize,maize,Pollen_DAP_days,mlp,hybrid,raw,0.9252660714755135,0.9256962389936211,0.9362247851267215,0.8485280464222825,0.9668876446296857,0.697752808988764,0.911248351475261
easygese:maize,maize,Pollen_DAP_days,mlp,mse,affine,0.9250139167480473,0.9246534209347509,0.916489295544521,0.854851372120536,0.9663549284259358,0.7044943820224719,0.9098956920469824
easygese:maize,maize,Pollen_DAP_days,mlp,mse,isotonic,0.9227111852340798,0.9238578317493047,0.9301549514911587,0.8503609467199084,0.9645125167297277,0.6955056179775281,0.9070756183982832
easygese:maize,maize,Pollen_DAP_days,mlp,mse,raw,0.9250139167480477,0.9246534209347509,0.9271187780294279,0.851467212953918,0.9663549284259358,0.7044943820224719,0.9098956920469824
easygese:maize,maize,Pollen_DAP_days,mlp,pearson,affine,0.9256807121508792,0.9258002978165795,0.912104153507833,0.8562044859530917,0.9673645507404427,0.7044943820224719,0.9145481795518385
easygese:maize,maize,Pollen_DAP_days,mlp,pearson,isotonic,0.9235062540664343,0.9249113948477307,0.9264422536060076,0.8516335050793883,0.9647110694565388,0.7044943820224719,0.9140473032551698
easygese:maize,maize,Pollen_DAP_days,mlp,pearson,raw,0.9256807121508792,0.9258002978165795,1.8347252963170617,0.4148752416380546,0.9673645507404427,0.7044943820224719,0.9145481795518385
easygese:maize,maize,Pollen_DAP_days,transformer,ccc,affine,0.906146507055025,0.9069182484240519,1.0193619072957287,0.820165435260391,0.9594177440527986,0.6797752808988764,0.8969917127507889
easygese:maize,maize,Pollen_DAP_days,transformer,ccc,isotonic,0.9027423534356588,0.9057128250253623,1.038564558359237,0.8133737735652019,0.958130199286997,0.6831460674157304,0.8982189375046425
easygese:maize,maize,Pollen_DAP_days,transformer,ccc,raw,0.906146507055025,0.9069182484240519,1.0362523102317573,0.814097726949405,0.9594177440527986,0.6797752808988764,0.8969917127507889
easygese:maize,maize,Pollen_DAP_days,transformer,hybrid,affine,0.9079516217527607,0.9084322801073986,1.009917321897622,0.8234954599520247,0.9607257023612105,0.6898876404494382,0.9019136054688742
easygese:maize,maize,Pollen_DAP_days,transformer,hybrid,isotonic,0.9048429664393549,0.9076719950623634,1.0268731730767986,0.817576761952125,0.9600238052715732,0.6876404494382022,0.8985095210323131
easygese:maize,maize,Pollen_DAP_days,transformer,hybrid,raw,0.9079516217527607,0.9084322801073986,1.0136284971127802,0.8221890290810876,0.9607257023612105,0.6898876404494382,0.9019136054688742
easygese:maize,maize,Pollen_DAP_days,transformer,mse,affine,0.9086790432759042,0.9092386179361721,1.0062863926472343,0.8248987280992391,0.9610510056425785,0.6876404494382022,0.8997964280958716
easygese:maize,maize,Pollen_DAP_days,transformer,mse,isotonic,0.9052460432478832,0.9084801559723067,1.0257075616624023,0.818072054387709,0.9578730792561053,0.6853932584269662,0.894716350554401
easygese:maize,maize,Pollen_DAP_days,transformer,mse,raw,0.9086790432759043,0.9092386179361721,1.006928498040247,0.8246802952742438,0.9610510056425785,0.6876404494382022,0.8997964280958716
easygese:maize,maize,Pollen_DAP_days,transformer,pearson,affine,0.9063333531767549,0.9075778235252494,1.0181856940658063,0.8206203508375124,0.9595645397929806,0.6741573033707866,0.8922739409312795
easygese:maize,maize,Pollen_DAP_days,transformer,pearson,isotonic,0.9023931183600162,0.9069095243158831,1.0404310903088614,0.8126661779313389,0.9583749523887573,0.6696629213483146,0.8886809830478049
easygese:maize,maize,Pollen_DAP_days,transformer,pearson,raw,0.9063333531767549,0.9075778235252494,2.1260702157167604,0.20433592252262622,0.9595645397929806,0.6741573033707866,0.8922739409312795
easygese:maize,maize,Silk_DAP_days,cnn,ccc,affine,0.8968564460148027,0.9047315213632418,1.1017077161551483,0.8031579484365032,0.9508371061515225,0.6280898876404495,0.8718778204897977
easygese:maize,maize,Silk_DAP_days,cnn,ccc,isotonic,0.892607498151617,0.9038674320986988,1.123667640399106,0.7952810727422396,0.9487183266744962,0.6112359550561798,0.86459794933394
easygese:maize,maize,Silk_DAP_days,cnn,ccc,raw,0.8968564460148023,0.9047315213632418,1.11504079239027,0.7982046928233875,0.9508371061515225,0.6280898876404495,0.8718778204897977
easygese:maize,maize,Silk_DAP_days,cnn,hybrid,affine,0.9004331136284716,0.9053942154094363,1.0836136213669065,0.8097211707316344,0.955183609595751,0.6426966292134831,0.8833710515053452
easygese:maize,maize,Silk_DAP_days,cnn,hybrid,isotonic,0.8974351096731972,0.9045349289520989,1.1003085239221313,0.8038773015898727,0.9528874850801297,0.6382022471910112,0.8795578846252502
easygese:maize,maize,Silk_DAP_days,cnn,hybrid,raw,0.9004331136284716,0.9053942154094363,1.1296328134522051,0.7930473978660304,0.955183609595751,0.6426966292134831,0.8833710515053452
easygese:maize,maize,Silk_DAP_days,cnn,mse,affine,0.8958431794184472,0.9021610056471943,1.1055631932511898,0.8016016787266832,0.9524419251274387,0.6235955056179775,0.872056704694063
easygese:maize,maize,Silk_DAP_days,cnn,mse,isotonic,0.8923399319827447,0.9015293008662733,1.123964750813348,0.7950156641798705,0.951149217882137,0.6258426966292135,0.8731316654396659
easygese:maize,maize,Silk_DAP_days,cnn,mse,raw,0.8958431794184472,0.9021610056471943,1.1111460063550702,0.7995579652610102,0.9524419251274387,0.6235955056179775,0.872056704694063
easygese:maize,maize,Silk_DAP_days,cnn,pearson,affine,0.893460704733527,0.9009984512950415,1.1180957126558648,0.7971860202651095,0.9516523140496563,0.6179775280898877,0.8706818012455724
easygese:maize,maize,Silk_DAP_days,cnn,pearson,isotonic,0.8909390373163172,0.900491335006992,1.1319702948290886,0.7922287724827726,0.9485880254219274,0.6157303370786517,0.8658927172937533
easygese:maize,maize,Silk_DAP_days,cnn,pearson,raw,0.893460704733527,0.9009984512950415,2.411487058435695,0.058425970986041985,0.9516523140496563,0.6179775280898877,0.8706818012455724
easygese:maize,maize,Silk_DAP_days,mlp,ccc,affine,0.9219431471817693,0.9247919900917523,0.9646028072071946,0.849072962796962,0.9624176276164451,0.6865168539325842,0.9039888012398999
easygese:maize,maize,Silk_DAP_days,mlp,ccc,isotonic,0.9190885292163115,0.9240935544737635,0.9823671270111911,0.8434835423163995,0.9602550041961837,0.6808988764044944,0.9014845220166852
easygese:maize,maize,Silk_DAP_days,mlp,ccc,raw,0.9219431471817691,0.9247919900917523,0.9718615259959282,0.8467513748400055,0.9624176276164451,0.6865168539325842,0.9039888012398999
easygese:maize,maize,Silk_DAP_days,mlp,hybrid,affine,0.9228657304401258,0.925659977767687,0.9585924745857438,0.8508359573855856,0.9622191083685327,0.6876404494382022,0.9049670063124271
easygese:maize,maize,Silk_DAP_days,mlp,hybrid,isotonic,0.9193998038354065,0.9249104154757616,0.9803568055332944,0.8441483931140599,0.9592977843655068,0.6910112359550562,0.9039968518962127
easygese:maize,maize,Silk_DAP_days,mlp,hybrid,raw,0.9228657304401258,0.925659977767687,0.9832749253989185,0.8430348779908275,0.9622191083685327,0.6876404494382022,0.9049670063124271
easygese:maize,maize,Silk_DAP_days,mlp,mse,affine,0.9220982850436942,0.9244461538420049,0.9632811171126541,0.8493339734831062,0.9628479130418326,0.6842696629213483,0.9065928520288271
easygese:maize,maize,Silk_DAP_days,mlp,mse,isotonic,0.9203448235115248,0.9239699316885306,0.9764208572331613,0.8453065422959813,0.9604519665787695,0.6786516853932584,0.9034252071920514
easygese:maize,maize,Silk_DAP_days,mlp,mse,raw,0.9220982850436942,0.9244461538420049,0.976126852310831,0.84531971263072,0.9628479130418326,0.6842696629213483,0.9065928520288271
easygese:maize,maize,Silk_DAP_days,mlp,pearson,affine,0.9231947957399049,0.9253612273846323,0.9570274599846688,0.8513740865140358,0.9626437494742748,0.6910112359550562,0.9060278088654913
easygese:maize,maize,Silk_DAP_days,mlp,pearson,isotonic,0.9204739151167157,0.9247703669799326,0.9747722955260519,0.845812695401977,0.960390403098911,0.6932584269662921,0.9048702146825404
easygese:maize,maize,Silk_DAP_days,mlp,pearson,raw,0.9231947957399047,0.9253612273846323,1.9272677942176908,0.39648240250724714,0.9626437494742748,0.6910112359550562,0.9060278088654913
easygese:maize,maize,Silk_DAP_days,transformer,ccc,affine,0.901671638024703,0.9056026645034356,1.0772568931349988,0.811947271365567,0.9540438811633842,0.6640449438202247,0.8868990214685633
easygese:maize,maize,Silk_DAP_days,transformer,ccc,isotonic,0.8986039690548957,0.9054535008241557,1.0935327147732754,0.8060565714780298,0.9525383644730304,0.6640449438202247,0.8882939420466383
easygese:maize,maize,Silk_DAP_days,transformer,ccc,raw,0.901671638024703,0.9056026645034356,1.094201068965656,0.8059851483923118,0.9540438811633842,0.6640449438202247,0.8868990214685633
easygese:maize,maize,Silk_DAP_days,transformer,hybrid,affine,0.9012680063064453,0.9056235891307342,1.078470791102653,0.8114116276007911,0.9540611701334522,0.6528089887640449,0.8805019699016505
easygese:maize,maize,Silk_DAP_days,transformer,hybrid,isotonic,0.8981726214172211,0.904717790197326,1.0951228898280108,0.8054062747920963,0.9518068557320654,0.6561797752808989,0.8796252189992243
easygese:maize,maize,Silk_DAP_days,transformer,hybrid,raw,0.9012680063064453,0.9056235891307342,1.082887570988611,0.8098296036492154,0.9540611701334522,0.6528089887640449,0.8805019699016505
easygese:maize,maize,Silk_DAP_days,transformer,mse,affine,0.9016818672553123,0.9052827429058663,1.0766374832833523,0.8121332143356665,0.9545724714843626,0.6561797752808989,0.8846741409721496
easygese:maize,maize,Silk_DAP_days,transformer,mse,isotonic,0.8982473112445168,0.9049357437130462,1.0956861132034574,0.8052883777858,0.9499523322938037,0.6449438202247191,0.877202814894621
easygese:maize,maize,Silk_DAP_days,transformer,mse,raw,0.9016818672553123,0.9052827429058663,1.0768436372603911,0.8120735974610331,0.9545724714843626,0.6561797752808989,0.8846741409721496
easygese:maize,maize,Silk_DAP_days,transformer,pearson,affine,0.9007756704208669,0.9047607846676394,1.0816917495060028,0.8103705942624227,0.9533782040572083,0.6539325842696628,0.878630576572976
easygese:maize,maize,Silk_DAP_days,transformer,pearson,isotonic,0.8961127461689851,0.9037853968359381,1.1059868585433907,0.8016973714402378,0.95019661926264,0.6426966292134833,0.8736445194802345
easygese:maize,maize,Silk_DAP_days,transformer,pearson,raw,0.9007756704208669,0.9047607846676394,1.9196774453236582,0.3871304996844992,0.9533782040572083,0.6539325842696628,0.878630576572976
easygese:maize,maize,Yield_Mg_ha,cnn,ccc,affine,0.582792085708921,0.5695239047659643,0.5560226127804085,0.3384055617205376,0.8868752519354981,0.41348314606741576,0.6106914722585977
easygese:maize,maize,Yield_Mg_ha,cnn,ccc,isotonic,0.5742711328430723,0.5652169786877466,0.560527905911407,0.32748777571498433,0.8830056237611117,0.4044943820224719,0.5935598323151505
easygese:maize,maize,Yield_Mg_ha,cnn,ccc,raw,0.5827920857089212,0.5695239047659643,0.5827432705229263,0.272723851801852,0.8868752519354981,0.41348314606741576,0.6106914722585977
easygese:maize,maize,Yield_Mg_ha,cnn,hybrid,affine,0.5616837505679017,0.5468137965404715,0.5664961191709995,0.3133966055777754,0.8867233543236154,0.4157303370786517,0.5967324394453584
easygese:maize,maize,Yield_Mg_ha,cnn,hybrid,isotonic,0.5525205078959858,0.545268841847951,0.5718608544096754,0.3000817913574761,0.8803334530678754,0.41123595505617977,0.6004386820878717
easygese:maize,maize,Yield_Mg_ha,cnn,hybrid,raw,0.5616837505679017,0.5468137965404715,0.6771366993341269,0.019484355744370983,0.8867233543236154,0.4157303370786517,0.5967324394453584
easygese:maize,maize,Yield_Mg_ha,cnn,mse,affine,0.583221718955578,0.566987247938131,0.5561264633839823,0.33824539860267844,0.8855126864599072,0.4191011235955056,0.60185571345222
easygese:maize,maize,Yield_Mg_ha,cnn,mse,isotonic,0.5720611996940252,0.5635146923066674,0.562474589868703,0.3229556140977331,0.8793997243427191,0.4157303370786517,0.5951257188687868
easygese:maize,maize,Yield_Mg_ha,cnn,mse,raw,0.5832217189555781,0.566987247938131,0.5572221263517289,0.33558029080662233,0.8855126864599072,0.4191011235955056,0.60185571345222
easygese:maize,maize,Yield_Mg_ha,cnn,pearson,affine,0.5641566470777046,0.5466707513905803,0.565286996504448,0.3163039128614357,0.883870006854937,0.401123595505618,0.5769552005733236
easygese:maize,maize,Yield_Mg_ha,cnn,pearson,isotonic,0.5525684181100112,0.5441291710973852,0.5715639013498176,0.3010193104223432,0.8764312041070272,0.38426966292134834,0.560771205572393
easygese:maize,maize,Yield_Mg_ha,cnn,pearson,raw,0.5641566470777045,0.5466707513905803,0.6809720688323451,0.008456660903787327,0.883870006854937,0.401123595505618,0.5769552005733236
easygese:maize,maize,Yield_Mg_ha,mlp,ccc,affine,0.6371015665158003,0.6251621014057573,0.5283107270251156,0.40226686629435837,0.9093787974004988,0.4730337078651686,0.6839171706898314
easygese:maize,maize,Yield_Mg_ha,mlp,ccc,isotonic,0.6320006369240814,0.6236045256632735,0.5320042058484872,0.3935791201697545,0.9054623496022522,0.45280898876404496,0.6674197024887933
easygese:maize,maize,Yield_Mg_ha,mlp,ccc,raw,0.6371015665158003,0.6251621014057573,0.5483886907664098,0.35546309218641425,0.9093787974004988,0.4730337078651686,0.6839171706898314
easygese:maize,maize,Yield_Mg_ha,mlp,hybrid,affine,0.6374082916664847,0.6255057657569645,0.5281744667916085,0.40260248622323963,0.9086862284684196,0.4786516853932584,0.6825804023229547
easygese:maize,maize,Yield_Mg_ha,mlp,hybrid,isotonic,0.630491436534522,0.621759647272129,0.533074658504186,0.3910127362838415,0.9038615745511833,0.4640449438202247,0.6657305797276296
easygese:maize,maize,Yield_Mg_ha,mlp,hybrid,raw,0.6374082916664847,0.6255057657569645,0.5296550546154769,0.39940654697600864,0.9086862284684196,0.4786516853932584,0.6825804023229547
easygese:maize,maize,Yield_Mg_ha,mlp,mse,affine,0.6375995813144811,0.6277785526874858,0.5283668514617165,0.40216999956004357,0.9071754219487405,0.4797752808988764,0.6743627005899377
easygese:maize,maize,Yield_Mg_ha,mlp,mse,isotonic,0.6305005748642873,0.6263673392424045,0.5331599591786504,0.39100069779184937,0.9028177414059335,0.45168539325842694,0.649671092175188
easygese:maize,maize,Yield_Mg_ha,mlp,mse,raw,0.6375995813144812,0.6277785526874858,0.5289561298014818,0.4010065259593542,0.9071754219487405,0.4797752808988764,0.6743627005899377
easygese:maize,maize,Yield_Mg_ha,mlp,pearson,affine,0.6343778991651481,0.621934628971439,0.5297107075231021,0.39917671085792883,0.907798546335423,0.46516853932584273,0.6743647048524324
easygese:maize,maize,Yield_Mg_ha,mlp,pearson,isotonic,0.6264264341720521,0.6197284021843996,0.5350176218211287,0.38696821020281247,0.9021548697373362,0.47528089887640446,0.6729953873698183
easygese:maize,maize,Yield_Mg_ha,mlp,pearson,raw,0.6343778991651481,0.621934628971439,0.7402099307608851,-0.1807424918522839,0.907798546335423,0.46516853932584273,0.6743647048524324
easygese:maize,maize,Yield_Mg_ha,transformer,ccc,affine,0.5516781732797644,0.5391469831270117,0.5718991523820133,0.30008695378480865,0.8817538914785376,0.40786516853932586,0.5879623131816055
easygese:maize,maize,Yield_Mg_ha,transformer,ccc,isotonic,0.5377205024344054,0.5362074981362256,0.5794327152428898,0.2812752262186476,0.8785878807053642,0.40674157303370784,0.5770623645954825
easygese:maize,maize,Yield_Mg_ha,transformer,ccc,raw,0.5516781732797644,0.5391469831270117,0.6187248295002324,0.17983842178570147,0.8817538914785376,0.40786516853932586,0.5879623131816055
easygese:maize,maize,Yield_Mg_ha,transformer,hybrid,affine,0.5573397974393255,0.5496926586046572,0.569172863079725,0.30657089927180703,0.8774002654997256,0.4044943820224719,0.5814371170448899
easygese:maize,maize,Yield_Mg_ha,transformer,hybrid,isotonic,0.5434187789716243,0.5465788368344715,0.5769590281004346,0.2871697986773307,0.8746355739489303,0.3910112359550562,0.5748386201682076
easygese:maize,maize,Yield_Mg_ha,transformer,hybrid,raw,0.5573397974393254,0.5496926586046572,0.5724797770221681,0.2988668101232378,0.8774002654997256,0.4044943820224719,0.5814371170448899
easygese:maize,maize,Yield_Mg_ha,transformer,mse,affine,0.5424551324733169,0.5320023073830782,0.5761126889558131,0.28994165205317735,0.8754862761404267,0.3932584269662921,0.5624161677419603
easygese:maize,maize,Yield_Mg_ha,transformer,mse,isotonic,0.5292284289933752,0.5305597599752055,0.5831507879544173,0.2723413637708857,0.8703237570495587,0.38426966292134834,0.5520048165320263
easygese:maize,maize,Yield_Mg_ha,transformer,mse,raw,0.5424551324733169,0.5320023073830782,0.5818571997635372,0.27544517354801484,0.8754862761404267,0.3932584269662921,0.5624161677419603
easygese:maize,maize,Yield_Mg_ha,transformer,pearson,affine,0.5670449209944007,0.5551198369054695,0.5648269845411937,0.3172645894619993,0.8874211725015162,0.41123595505617977,0.6031308602515155
easygese:maize,maize,Yield_Mg_ha,transformer,pearson,isotonic,0.5562735814861602,0.5528351476653749,0.5702492838094207,0.30385350043473924,0.8811487984704496,0.40898876404494383,0.5952032099522743
easygese:maize,maize,Yield_Mg_ha,transformer,pearson,raw,0.5670449209944006,0.5551198369054695,0.70178356979202,-0.07481591483164039,0.8874211725015162,0.41123595505617977,0.6031308602515155
easygese:oyster,oyster,daydead,cnn,ccc,affine,0.3016503421882731,0.2688988049883618,6.860227212983139,-0.05415543009282482,0.5627328479595282,0.28,0.28027552219114854
easygese:oyster,oyster,daydead,cnn,ccc,isotonic,0.259443076780443,0.2716696803023416,7.247542641007868,-0.1975102732903362,0.5961530207951257,0.26,0.285505474411078
easygese:oyster,oyster,daydead,cnn,ccc,raw,0.3016503421882731,0.2688988049883618,7.681781477584413,-0.3294924012394425,0.5627328479595282,0.28,0.28027552219114854
easygese:oyster,oyster,daydead,cnn,hybrid,affine,0.20948649837645678,0.20445380121039544,7.11595408445393,-0.14924459586706,0.5108582387068238,0.16,0.1448990056581807
easygese:oyster,oyster,daydead,cnn,hybrid,isotonic,0.1965535492154756,0.18461276129348603,7.675649618045867,-0.3665864409669264,0.4855090470816091,0.16,0.09901744851523878
easygese:oyster,oyster,daydead,cnn,hybrid,raw,0.20948649837645653,0.20445380121039544,6.786557471968125,-0.017329386476328645,0.5108582387068238,0.16,0.1448990056581807
easygese:oyster,oyster,daydead,cnn,mse,affine,0.2536074700200327,0.2176406371163438,6.894981989563429,-0.06127175266824443,0.5141409736398673,0.2,0.18196728536791046
easygese:oyster,oyster,daydead,cnn,mse,isotonic,0.20208050029761487,0.2147104045498335,7.386453715823897,-0.23746055152594678,0.5420720661583927,0.24000000000000005,0.21697029287700884
easygese:oyster,oyster,daydead,cnn,mse,raw,0.2589488908292334,0.2199116514515282,6.830622667363238,-0.037822662779690056,0.5150673656523601,0.2,0.19236093177675023
easygese:oyster,oyster,daydead,cnn,pearson,affine,0.23835255429188304,0.2344858589533026,6.9564535867050665,-0.07732167596600649,0.4926076919551635,0.14,0.14535727110736837
easygese:oyster,oyster,daydead,cnn,pearson,isotonic,0.19952232059412706,0.23823312073975264,7.234714737295801,-0.16398057968829538,0.5006559020936445,0.14,0.11565890483953178
easygese:oyster,oyster,daydead,cnn,pearson,raw,0.23835255429188354,0.2344858589533026,6.897826282784189,-0.052080186988800195,0.4926076919551635,0.14,0.14535727110736837
easygese:oyster,oyster,daydead,mlp,ccc,affine,0.27192072811959456,0.23843235451586012,6.910747935077748,-0.06788830717874114,0.5761047859702625,0.22000000000000003,0.24423788748659106
easygese:oyster,oyster,daydead,mlp,ccc,isotonic,0.23633645575047,0.22534314418831128,7.190526167033584,-0.1741894570417342,0.6012443337271539,0.22000000000000003,0.2702884372060139
easygese:oyster,oyster,daydead,mlp,ccc,raw,0.27192072811959456,0.23843235451586012,7.298416298537646,-0.20222908045809634,0.5761047859702625,0.22000000000000003,0.24423788748659106
easygese:oyster,oyster,daydead,mlp,hybrid,affine,0.24671643446159747,0.2194681613212169,7.034715919835574,-0.11522816260419595,0.5604074554493684,0.24,0.2701979412119459
easygese:oyster,oyster,daydead,mlp,hybrid,isotonic,0.22702717658680713,0.21545164313658133,7.318701537384747,-0.2224457266212379,0.5301698089436752,0.2,0.23262783428016826
easygese:oyster,oyster,daydead,mlp,hybrid,raw,0.24671643446159747,0.2194681613212169,7.089940939013459,-0.1298931726440431,0.5604074554493684,0.24,0.2701979412119459
easygese:oyster,oyster,daydead,mlp,mse,affine,0.2233581660774405,0.21084613377743025,7.045343428442102,-0.11178182682298787,0.6049831309652967,0.28,0.30482571642600753
easygese:oyster,oyster,daydead,mlp,mse,isotonic,0.19080792494772345,0.19175491950286355,7.301225004618094,-0.20427712689176097,0.6006161977651343,0.26,0.2824407772955561
easygese:oyster,oyster,daydead,mlp,mse,raw,0.22335816607744055,0.21084613377743025,6.99114263929543,-0.09021398197680111,0.6049831309652967,0.28,0.30482571642600753
easygese:oyster,oyster,daydead,mlp,pearson,affine,0.24281254067300942,0.22981407656335823,7.032628889593857,-0.11309453788719818,0.5788827105983582,0.24,0.2504353981250061
easygese:oyster,oyster,daydead,mlp,pearson,isotonic,0.20686667588587407,0.2267256888820175,7.327448619878595,-0.22087667382873616,0.561086966509172,0.2,0.18667328880156836
easygese:oyster,oyster,daydead,mlp,pearson,raw,0.24281254067300942,0.22981407656335823,7.167759001068188,-0.1562190759169511,0.5788827105983582,0.24,0.2504353981250061
easygese:oyster,oyster,daydead,transformer,ccc,affine,0.26322231783377625,0.2574427041261252,6.815448960155704,-0.03380234977103784,0.5772466112072124,0.2,0.2716960651194409
easygese:oyster,oyster,daydead,transformer,ccc,isotonic,0.22424114898472766,0.23414833855867517,7.206013441394433,-0.16507463144365833,0.5369778841651114,0.26,0.32773594162408193
easygese:oyster,oyster,daydead,transformer,ccc,raw,0.2632223178337763,0.2574427041261252,9.145953694232697,-0.9169301801716685,0.5772466112072124,0.2,0.2716960651194409
easygese:oyster,oyster,daydead,transformer,hybrid,affine,0.2441628129699284,0.24738554627733814,6.921192358893629,-0.06954289161765091,0.5718855596971217,0.2,0.26887417573871814
easygese:oyster,oyster,daydead,transformer,hybrid,isotonic,0.21251470021128643,0.251146883629799,7.332081151758729,-0.21144304272899586,0.5115601280514465,0.2,0.2475841687174929
easygese:oyster,oyster,daydead,transformer,hybrid,raw,0.24416281296992834,0.24738554627733814,8.101963085094694,-0.49566414517462043,0.5718855596971217,0.2,0.26887417573871814
easygese:oyster,oyster,daydead,transformer,mse,affine,0.2403547493449632,0.23317929487641118,6.969132579244854,-0.0809752378166773,0.5492167651604143,0.18,0.223061104143933
easygese:oyster,oyster,daydead,transformer,mse,isotonic,0.22760326765083622,0.2284198645493297,7.28357635368629,-0.1967080198888104,0.5186596723289412,0.24000000000000005,0.26911254912818006
easygese:oyster,oyster,daydead,transformer,mse,raw,0.2403547493449633,0.23317929487641118,7.129223295370046,-0.14385000776174023,0.5492167651604143,0.18,0.223061104143933
easygese:oyster,oyster,daydead,transformer,pearson,affine,0.22659230021504806,0.22139823865775793,6.971682503019906,-0.09015804362994075,0.5630638795063295,0.18,0.22112139748204354
easygese:oyster,oyster,daydead,transformer,pearson,isotonic,0.20715268338349416,0.1996216323639327,7.401183520341692,-0.24262767588277767,0.5212618486539837,0.18,0.1902652388451752
easygese:oyster,oyster,daydead,transformer,pearson,raw,0.22659230021504806,0.22139823865775793,10.956415437988781,-1.8326393868707698,0.5630638795063295,0.18,0.22112139748204354
easygese:oyster,oyster,mm,cnn,ccc,affine,0.4343732102650627,0.44752540560820525,10.131880432086431,0.1449222974585059,0.6991222650952723,0.15,0.33353374083499854
easygese:oyster,oyster,mm,cnn,ccc,isotonic,0.4147088682508383,0.45529629746538475,10.343745070850579,0.1067665798744982,0.7212775726670178,0.15,0.32213452290136313
easygese:oyster,oyster,mm,cnn,ccc,raw,0.43437321026506287,0.44752540560820525,11.844460285437558,-0.17777002870371614,0.6991222650952723,0.15,0.33353374083499854
easygese:oyster,oyster,mm,cnn,hybrid,affine,0.42244671716358384,0.43484275540948225,10.28132292333302,0.11769316681054276,0.6989329920965408,0.2125,0.3140292033387153
easygese:oyster,oyster,mm,cnn,hybrid,isotonic,0.4009594488152873,0.42852689169706676,10.506294025480504,0.07986469384128461,0.6885240926629675,0.2,0.30621585426696407
easygese:oyster,oyster,mm,cnn,hybrid,raw,0.42244671716358423,0.43484275540948225,10.762080992756268,0.034765507577832956,0.6989329920965408,0.2125,0.3140292033387153
easygese:oyster,oyster,mm,cnn,mse,affine,0.4038039320518735,0.4158866347884761,10.205754367438725,0.13244298102055466,0.6936305199515157,0.1125,0.2982448619378774
easygese:oyster,oyster,mm,cnn,mse,isotonic,0.38396068120379356,0.4060082175344375,10.455491538040244,0.08533593790777778,0.671782743356651,0.0875,0.19973334046765093
easygese:oyster,oyster,mm,cnn,mse,raw,0.4038039320518737,0.4158866347884761,10.47318598716598,0.08758476889663726,0.6936305199515157,0.1125,0.2982448619378774
easygese:oyster,oyster,mm,cnn,pearson,affine,0.40530866989396364,0.4152069150075099,10.348216453567648,0.10456880352894715,0.7089378709537217,0.2625,0.36111366225343244
easygese:oyster,oyster,mm,cnn,pearson,isotonic,0.37600527468267436,0.39873114768409107,10.6611210604888,0.048367248904761004,0.7304308799847761,0.225,0.269571758125401
easygese:oyster,oyster,mm,cnn,pearson,raw,0.40530866989396375,0.4152069150075099,11.467610374500149,-0.09961190838364872,0.7089378709537217,0.2625,0.36111366225343244
easygese:oyster,oyster,mm,mlp,ccc,affine,0.42348018075890137,0.4173623511011277,10.114490075074599,0.14379730559526577,0.7937847045305835,0.35,0.5093064860294494
easygese:oyster,oyster,mm,mlp,ccc,isotonic,0.40205435735697626,0.4184652034224679,10.4787920250231,0.07917316140483424,0.7930663373880849,0.325,0.5221231423892843
easygese:oyster,oyster,mm,mlp,ccc,raw,0.4234801807589014,0.4173623511011277,11.180697160190602,-0.062139593954414575,0.7937847045305835,0.35,0.5093064860294494
easygese:oyster,oyster,mm,mlp,hybrid,affine,0.41791870592427466,0.410791848480342,10.156897611757229,0.1363677087996841,0.7863054232925173,0.3375,0.48982380165517725
easygese:oyster,oyster,mm,mlp,hybrid,isotonic,0.40974746670321344,0.4036271980390902,10.391150822796082,0.09505307997996978,0.7987167942839758,0.375,0.539855550542651
easygese:oyster,oyster,mm,mlp,hybrid,raw,0.41791870592427466,0.410791848480342,10.608675716369234,0.05378980561630766,0.7863054232925173,0.3375,0.48982380165517725
easygese:oyster,oyster,mm,mlp,mse,affine,0.40559263730542405,0.40438444918751326,10.168574683982225,0.1364679692605404,0.7705994717544049,0.3,0.44421096097920854
easygese:oyster,oyster,mm,mlp,mse,isotonic,0.38235150605981294,0.3879234896653373,10.45393691072707,0.07900259408212737,0.7895248600253382,0.325,0.47459980283330694
easygese:oyster,oyster,mm,mlp,mse,raw,0.40559263730542405,0.40438444918751326,10.309867906531633,0.10966372646562665,0.7705994717544049,0.3,0.44421096097920854
easygese:oyster,oyster,mm,mlp,pearson,affine,0.4307149880713852,0.43010690569962196,10.084714665014264,0.14947771284835845,0.776633058718707,0.325,0.45863878326688734
easygese:oyster,oyster,mm,mlp,pearson,isotonic,0.4064185001807486,0.42108006595420167,10.3911986623587,0.09301965590638514,0.7892710865903195,0.3625,0.5003431782188288
easygese:oyster,oyster,mm,mlp,pearson,raw,0.4307149880713853,0.43010690569962196,11.015813076764726,-0.02354733875837156,0.776633058718707,0.325,0.45863878326688734
easygese:oyster,oyster,mm,transformer,ccc,affine,0.394890470478158,0.3988413813994266,10.233401693644174,0.12786972394360524,0.7379353352552307,0.3125,0.42517294355280877
easygese:oyster,oyster,mm,transformer,ccc,isotonic,0.3776647086972703,0.3911390561129445,10.49937396292361,0.07997747400293634,0.7430926201737477,0.2875,0.3730534709541813
easygese:oyster,oyster,mm,transformer,ccc,raw,0.39489047047815806,0.3988413813994266,12.506671882588492,-0.3443820620759132,0.7379353352552307,0.3125,0.42517294355280877
easygese:oyster,oyster,mm,transformer,hybrid,affine,0.4047423587486665,0.4108488994064385,10.162940810842045,0.1390781655506323,0.7591399609185502,0.325,0.44133415120311004
easygese:oyster,oyster,mm,transformer,hybrid,isotonic,0.376732725017681,0.3924764155081628,10.424047667216723,0.09353746017162026,0.7620298851065128,0.3125,0.4203240836299541
easygese:oyster,oyster,mm,transformer,hybrid,raw,0.4047423587486664,0.4108488994064385,10.328787884352607,0.10332842814126653,0.7591399609185502,0.325,0.44133415120311004
easygese:oyster,oyster,mm,transformer,mse,affine,0.4046627555969132,0.4119972257842612,10.219274409124239,0.13086807051338528,0.7576482410646893,0.3125,0.4338282025212489
easygese:oyster,oyster,mm,transformer,mse,isotonic,0.38620456793716507,0.4079240339665655,10.451955692648442,0.08949696511030059,0.7637347764111156,0.3375,0.4470236911008724
easygese:oyster,oyster,mm,transformer,mse,raw,0.4046627555969131,0.4119972257842612,10.32468213932187,0.11124250477098999,0.7576482410646893,0.3125,0.4338282025212489
easygese:oyster,oyster,mm,transformer,pearson,affine,0.39663739788483765,0.3998605071302278,10.280639237163083,0.11950855583844615,0.7621459244792421,0.3375,0.42090538619747975
easygese:oyster,oyster,mm,transformer,pearson,isotonic,0.3598830637896261,0.4030721934713216,10.825439385876724,0.016442370817068896,0.7711569345033795,0.3,0.3590420597478772
easygese:oyster,oyster,mm,transformer,pearson,raw,0.3966373978848377,0.3998605071302278,18.233246553719276,-1.9889094329892003,0.7621459244792421,0.3375,0.42090538619747975
easygese:pig,pig,MS,cnn,ccc,affine,0.2350784393945856,0.19919345837331973,0.5435637292083403,0.04263134635055786,0.4752787999010306,0.21142857142857144,0.282134272734482
easygese:pig,pig,MS,cnn,ccc,isotonic,0.23690551938910004,0.19973899958015934,0.546197280686631,0.03325600204105424,0.44041350350495145,0.21428571428571427,0.28457694505070236
easygese:pig,pig,MS,cnn,ccc,raw,0.23507843939458556,0.19919345837331973,0.633212912140775,-0.30338707311879115,0.4752787999010306,0.21142857142857144,0.282134272734482
easygese:pig,pig,MS,cnn,hybrid,affine,0.2024299666540415,0.16817802183644948,0.5474446588674107,0.02914471631892197,0.4406978587098669,0.18285714285714286,0.22694873933536494
easygese:pig,pig,MS,cnn,hybrid,isotonic,0.2009118716413376,0.16994794591018597,0.5528000419577105,0.009477445957419117,0.4160539600742353,0.20571428571428568,0.25411667722062453
easygese:pig,pig,MS,cnn,hybrid,raw,0.2024299666540414,0.16817802183644948,0.5533291328906176,0.00783366359533404,0.4406978587098669,0.18285714285714286,0.22694873933536494
easygese:pig,pig,MS,cnn,mse,affine,0.23006715533342983,0.19928415234847743,0.5443810315788528,0.0396810207540849,0.4575027449224013,0.18571428571428572,0.2481170468411741
easygese:pig,pig,MS,cnn,mse,isotonic,0.23242854116315664,0.20110116439878617,0.5452054931344336,0.03588405881339961,0.42305166001559397,0.20571428571428568,0.2610385996957362
easygese:pig,pig,MS,cnn,mse,raw,0.23006715533342983,0.19928415234847743,0.5430675838530251,0.044239387121731796,0.4575027449224013,0.18571428571428572,0.2481170468411741
easygese:pig,pig,MS,cnn,pearson,affine,0.20407531955859848,0.17013970710163787,0.5470008942717327,0.030246376651258445,0.43981451982830533,0.18857142857142856,0.22263930773451976
easygese:pig,pig,MS,cnn,pearson,isotonic,0.20412661802863313,0.16289502473600637,0.5513082787995355,0.014305045333265865,0.41660650266816585,0.18,0.20928969220771015
easygese:pig,pig,MS,cnn,pearson,raw,0.2040753195585984,0.17013970710163787,0.552996966195533,0.00860074558982139,0.43981451982830533,0.18857142857142856,0.22263930773451976
easygese:pig,pig,MS,mlp,ccc,affine,0.31535831883206494,0.2587170499449353,0.5313153065314364,0.08459677225333381,0.5362641052366219,0.2342857142857143,0.36699294823404904
easygese:pig,pig,MS,mlp,ccc,isotonic,0.29253267741525246,0.2510870008554253,0.5381771335409271,0.06041566260918022,0.5178580279717349,0.24,0.34342990217453356
easygese:pig,pig,MS,mlp,ccc,raw,0.31535831883206505,0.2587170499449353,0.6383973576073837,-0.3378663678312419,0.5362641052366219,0.2342857142857143,0.36699294823404904
easygese:pig,pig,MS,mlp,hybrid,affine,0.30553089066199435,0.25229002735627676,0.5334002874551567,0.07758260143609964,0.535291311802837,0.2342857142857143,0.339273244613212
easygese:pig,pig,MS,mlp,hybrid,isotonic,0.30327179135235927,0.2492806383530231,0.5363062440179236,0.06754341247192516,0.5235206939772038,0.2257142857142857,0.31257131548616957
easygese:pig,pig,MS,mlp,hybrid,raw,0.30553089066199435,0.25229002735627676,0.5411828666581517,0.0493829512191881,0.535291311802837,0.2342857142857143,0.339273244613212
easygese:pig,pig,MS,mlp,mse,affine,0.3101183396559571,0.265901230278692,0.5330367800357549,0.07868826960858147,0.5436794257751414,0.23428571428571426,0.36288898033599215
easygese:pig,pig,MS,mlp,mse,isotonic,0.28522817773479964,0.2632803831096267,0.5394321446085436,0.05733154431835735,0.518549451126659,0.25142857142857145,0.35440320580419205
easygese:pig,pig,MS,mlp,mse,raw,0.3101183396559571,0.265901230278692,0.5324257028216283,0.07948728566071911,0.5436794257751414,0.23428571428571426,0.36288898033599215
easygese:pig,pig,MS,mlp,pearson,affine,0.3043118271982578,0.24716387935847725,0.5336169322293418,0.0764507698494298,0.5427710401349204,0.24,0.3613071522169375
easygese:pig,pig,MS,mlp,pearson,isotonic,0.2921330318343701,0.23711953965739627,0.5383621075451296,0.06073597221270026,0.5268254655067326,0.22000000000000003,0.32504163164461425
easygese:pig,pig,MS,mlp,pearson,raw,0.3043118271982578,0.24716387935847725,0.6683248927177556,-0.48144202253855717,0.5427710401349204,0.24,0.3613071522169375
easygese:pig,pig,MS,transformer,ccc,affine,0.2700300880507184,0.19415613918223376,0.5404568115822087,0.05232692297522799,0.5491616497151789,0.24857142857142858,0.3794354016028887
easygese:pig,pig,MS,transformer,ccc,isotonic,0.28218623762477985,0.20409040823004415,0.5415686924529814,0.047330416971702614,0.5414040989464899,0.24285714285714283,0.3589489495714787
easygese:pig,pig,MS,transformer,ccc,raw,0.2700300880507183,0.19415613918223376,0.6635705295776586,-0.4380115743022096,0.5491616497151789,0.24857142857142858,0.3794354016028887
easygese:pig,pig,MS,transformer,hybrid,affine,0.28897269551032484,0.21929654674618657,0.5371195707701684,0.06404737709583577,0.5537628443500597,0.24857142857142858,0.3648286872580174
easygese:pig,pig,MS,transformer,hybrid,isotonic,0.29013066630480966,0.2191777893285713,0.5428075651503268,0.04178782004712682,0.5127712695446247,0.24,0.34957164475964736
easygese:pig,pig,MS,transformer,hybrid,raw,0.28897269551032484,0.21929654674618657,0.5556784178653069,-0.004546092547604441,0.5537628443500597,0.24857142857142858,0.3648286872580174
easygese:pig,pig,MS,transformer,mse,affine,0.25215154829522884,0.19858773349116043,0.5419143910498245,0.04769558275612128,0.5045109011595732,0.24,0.3554009036335845
easygese:pig,pig,MS,transformer,mse,isotonic,0.2405398395818544,0.19899729748012948,0.5473787842399023,0.027295749750211474,0.4690637187422368,0.21714285714285714,0.3212011467832187
easygese:pig,pig,MS,transformer,mse,raw,0.25215154829522884,0.19858773349116043,0.5460255352205715,0.031706049163982966,0.5045109011595732,0.24,0.3554009036335845
easygese:pig,pig,MS,transformer,pearson,affine,0.2895173259548367,0.20691815579654377,0.5365838899436126,0.065956864654204,0.547528989820444,0.23428571428571426,0.36839450962814313
easygese:pig,pig,MS,transformer,pearson,isotonic,0.29018909845192165,0.20823688008862043,0.5419713640175695,0.04665987809855147,0.5353281368064879,0.24285714285714283,0.377592666172012
easygese:pig,pig,MS,transformer,pearson,raw,0.28951732595483665,0.20691815579654377,1.107619059889253,-3.1727478050006455,0.547528989820444,0.23428571428571426,0.36839450962814313
easygese:pig,pig,PFAI,cnn,ccc,affine,0.19022383678000576,0.15224409412733525,1.488378727912655,0.024459666058901895,0.4885443990527243,0.19428571428571428,0.216663170189123
easygese:pig,pig,PFAI,cnn,ccc,isotonic,0.19074095038484767,0.15371460315636254,1.5003865344361285,0.008247519939268621,0.4722060332597392,0.19142857142857145,0.19806940541418322
easygese:pig,pig,PFAI,cnn,ccc,raw,0.19022383678000576,0.15224409412733525,1.7386980764277677,-0.33972867699601955,0.4885443990527243,0.19428571428571428,0.216663170189123
easygese:pig,pig,PFAI,cnn,hybrid,affine,0.16440310347048803,0.13567730390081617,1.4949913121407954,0.015878061761673178,0.46442814573907293,0.19142857142857142,0.20389224605224804
easygese:pig,pig,PFAI,cnn,hybrid,isotonic,0.151445163096145,0.1336292865295499,1.5095004515025694,-0.0036136555419897685,0.4268691628175471,0.16857142857142857,0.15997493375168872
easygese:pig,pig,PFAI,cnn,hybrid,raw,0.1644031034704881,0.13567730390081617,1.5043477246224204,0.0036334689099872253,0.46442814573907293,0.19142857142857142,0.20389224605224804
easygese:pig,pig,PFAI,cnn,mse,affine,0.14634190545504794,0.11986141970068358,1.4938111245398293,0.017405189372976703,0.45574056372196947,0.18285714285714286,0.1764843983687337
easygese:pig,pig,PFAI,cnn,mse,isotonic,0.14296794813036467,0.12151744321591931,1.5073210327554105,-0.0003030919137410826,0.4412248810833451,0.18571428571428572,0.1843412800070215
easygese:pig,pig,PFAI,cnn,mse,raw,0.1553480134646353,0.13160562632028192,1.4951372257325086,0.015551792763585726,0.45582566202493524,0.18571428571428572,0.18136188679886905
easygese:pig,pig,PFAI,cnn,pearson,affine,0.16148608786705493,0.1318735423491356,1.493926304690666,0.017517566373256334,0.45617473500959227,0.17142857142857143,0.15886562231834347
easygese:pig,pig,PFAI,cnn,pearson,isotonic,0.1513486677016735,0.1235612478078268,1.5077999069869252,-0.0006928484243408084,0.43355064972384644,0.16857142857142857,0.16507170935852647
easygese:pig,pig,PFAI,cnn,pearson,raw,0.16148608786705493,0.1318735423491356,1.5105953574395443,-0.004856052681120837,0.45617473500959227,0.17142857142857143,0.15886562231834347
easygese:pig,pig,PFAI,mlp,ccc,affine,0.28719163164145145,0.2294710414636961,1.4547899842333127,0.06768180109191131,0.5644350579226425,0.24,0.32920339592559805
easygese:pig,pig,PFAI,mlp,ccc,isotonic,0.24989858049226452,0.21926274463598486,1.4837490354858367,0.030338858255096836,0.5502995995052611,0.22285714285714286,0.30286558982146305
easygese:pig,pig,PFAI,mlp,ccc,raw,0.28719163164145145,0.2294710414636961,1.6992830907851908,-0.28361195502725367,0.5644350579226425,0.24,0.32920339592559805
easygese:pig,pig,PFAI,mlp,hybrid,affine,0.2646685980439149,0.21201571910832945,1.4653932436445898,0.054206660650827174,0.5510626162653085,0.2257142857142857,0.2848623809230141
easygese:pig,pig,PFAI,mlp,hybrid,isotonic,0.2614430324620683,0.19982595577395548,1.4714045020511999,0.04557791007309029,0.552975535868758,0.2257142857142857,0.2745629247242298
easygese:pig,pig,PFAI,mlp,hybrid,raw,0.26466859804391485,0.21201571910832945,1.486272160529778,0.025953859339358253,0.5510626162653085,0.2257142857142857,0.2848623809230141
easygese:pig,pig,PFAI,mlp,mse,affine,0.2746221084486099,0.2282335873489736,1.4622996376039363,0.0580591087538241,0.5587791087751837,0.23428571428571426,0.3039562204098124
easygese:pig,pig,PFAI,mlp,mse,isotonic,0.2647296222426209,0.22719478318136424,1.470919676420832,0.0464126445788239,0.5546885601072348,0.24,0.28869901050747043
easygese:pig,pig,PFAI,mlp,mse,raw,0.2746221084486099,0.2282335873489736,1.4622237574101715,0.05735970746271406,0.5587791087751837,0.23428571428571426,0.3039562204098124
easygese:pig,pig,PFAI,mlp,pearson,affine,0.2760628934819334,0.2200093002590633,1.4604623141794624,0.06036951429160672,0.5481095256799848,0.24285714285714283,0.3248005758430601
easygese:pig,pig,PFAI,mlp,pearson,isotonic,0.23708420773225405,0.20205925329869187,1.4871370062345848,0.025392172679641712,0.5188984114537621,0.21999999999999997,0.28489905753206457
easygese:pig,pig,PFAI,mlp,pearson,raw,0.27606289348193336,0.2200093002590633,1.9180541343673139,-0.6905851538894069,0.5481095256799848,0.24285714285714283,0.3248005758430601
easygese:pig,pig,PFAI,transformer,ccc,affine,0.2440492017537687,0.1729864045809289,1.4756475651284557,0.04068851576436128,0.5762034897516604,0.24,0.33307028931381144
easygese:pig,pig,PFAI,transformer,ccc,isotonic,0.2528354502300948,0.1723782073601275,1.476488826983665,0.037383657983233155,0.553291126012043,0.2257142857142857,0.3086817748517226
easygese:pig,pig,PFAI,transformer,ccc,raw,0.24404920175376868,0.1729864045809289,1.802051249679905,-0.442889984248313,0.5762034897516604,0.24,0.33307028931381144
easygese:pig,pig,PFAI,transformer,hybrid,affine,0.24434522124327782,0.17277207388018023,1.4776656887430886,0.03705682110952461,0.5541490835003227,0.22857142857142856,0.28780643136818257
easygese:pig,pig,PFAI,transformer,hybrid,isotonic,0.23236723304014123,0.16758839241210438,1.491138240527959,0.017713306135559825,0.5152358692426222,0.22000000000000003,0.26883696212239827
easygese:pig,pig,PFAI,transformer,hybrid,raw,0.24434522124327787,0.17277207388018023,1.5280350081752083,-0.03347246805399949,0.5541490835003227,0.22857142857142856,0.28780643136818257
easygese:pig,pig,PFAI,transformer,mse,affine,0.21987728411558508,0.17700465022367196,1.4817028027784427,0.032813146061128076,0.5215656772233868,0.24,0.3100232748671543
easygese:pig,pig,PFAI,transformer,mse,isotonic,0.20297064038537674,0.17810170125778207,1.5117486279499848,-0.009972455723690566,0.5115385879621739,0.25142857142857145,0.32595987755301337
easygese:pig,pig,PFAI,transformer,mse,raw,0.21987728411558508,0.17700465022367196,1.4914360742958406,0.019406542627488033,0.5215656772233868,0.24,0.3100232748671543
easygese:pig,pig,PFAI,transformer,pearson,affine,0.24880711488037893,0.17245650608234306,1.4761778322332462,0.03978609186979574,0.5513395518438059,0.2314285714285714,0.30299632237613244
easygese:pig,pig,PFAI,transformer,pearson,isotonic,0.22056795246487973,0.17436361832941943,1.5147173121252266,-0.012575512639019359,0.5274704038340815,0.24571428571428572,0.2991437759849165
easygese:pig,pig,PFAI,transformer,pearson,raw,0.2488071148803789,0.17245650608234306,3.6021117921472046,-5.074171329434304,0.5513395518438059,0.2314285714285714,0.30299632237613244
easygese:pine,pine,BA,cnn,ccc,affine,0.7059397139766773,0.6938559340570385,3.0964020337915814,0.48342172479452206,0.8478481390868507,0.4,0.654840608651959
easygese:pine,pine,BA,cnn,ccc,isotonic,0.6898159386567622,0.6880963464994808,3.1746588015861446,0.4570222822996424,0.8566140970614926,0.3888888888888889,0.64426439313168
easygese:pine,pine,BA,cnn,ccc,raw,0.7059397139766772,0.6938559340570385,3.0968571429023917,0.48323303517859434,0.8478481390868507,0.4,0.654840608651959
easygese:pine,pine,BA,cnn,hybrid,affine,0.6627124969655311,0.6584914752443426,3.2536973237563074,0.4296760726709583,0.8509470078011498,0.4111111111111111,0.6466507172618484
easygese:pine,pine,BA,cnn,hybrid,isotonic,0.6598008817006867,0.6566983821685837,3.2809746934571615,0.42094881391867983,0.8496349297672262,0.3944444444444445,0.6290478632667428
easygese:pine,pine,BA,cnn,hybrid,raw,0.6627124969655313,0.6584914752443426,4.154687736522481,0.07383726660736444,0.8509470078011498,0.4111111111111111,0.6466507172618484
easygese:pine,pine,BA,cnn,mse,affine,0.7096679823469232,0.6963242324221367,3.0825945944419826,0.48793644416100623,0.8540457489052569,0.40555555555555556,0.6575315352263289
easygese:pine,pine,BA,cnn,mse,isotonic,0.6973972524775414,0.6933843225609995,3.142092247472486,0.46768324082988694,0.8591044776659338,0.39444444444444443,0.6503560244418208
easygese:pine,pine,BA,cnn,mse,raw,0.7096679823469231,0.6963242324221367,3.0769570213809736,0.49037095154751337,0.8540457489052569,0.40555555555555556,0.6575315352263289
easygese:pine,pine,BA,cnn,pearson,affine,0.6595370282007504,0.6495277582333115,3.269885586739824,0.42445329168394796,0.8477459642046572,0.38333333333333336,0.6194962388596538
easygese:pine,pine,BA,cnn,pearson,isotonic,0.6481813057433887,0.6431180080019072,3.327731996189292,0.40412152841391524,0.8479804173015444,0.37777777777777777,0.6163600133633509
easygese:pine,pine,BA,cnn,pearson,raw,0.6595370282007502,0.6495277582333115,4.202140661683852,0.05272112489566744,0.8477459642046572,0.38333333333333336,0.6194962388596538
easygese:pine,pine,BA,mlp,ccc,affine,0.8064614894021084,0.8001409758003923,2.596880278582435,0.6367651123981659,0.9146755642821411,0.5277777777777778,0.7931681685829032
easygese:pine,pine,BA,mlp,ccc,isotonic,0.7938887456390387,0.7974508979465965,2.688043832988349,0.6106970728607904,0.9082198491928908,0.5111111111111111,0.7808806472357472
easygese:pine,pine,BA,mlp,ccc,raw,0.8064614894021084,0.8001409758003923,2.6033038655323817,0.6351514242916367,0.9146755642821411,0.5277777777777778,0.7931681685829032
easygese:pine,pine,BA,mlp,hybrid,affine,0.8050062296869,0.7998096583999642,2.605555898123227,0.6343330026726595,0.9109989152544189,0.5222222222222223,0.7904628099946365
easygese:pine,pine,BA,mlp,hybrid,isotonic,0.7912121569338847,0.7973588370224333,2.7044819860875817,0.6061106847575356,0.9121938601950154,0.5166666666666667,0.7907767436305656
easygese:pine,pine,BA,mlp,hybrid,raw,0.8050062296869003,0.7998096583999642,2.598453385832183,0.636399623140919,0.9109989152544189,0.5222222222222223,0.7904628099946365
easygese:pine,pine,BA,mlp,mse,affine,0.8020874311188804,0.7949080197081602,2.621469902337051,0.6302016871954901,0.9052206420014624,0.5277777777777778,0.7714240018127418
easygese:pine,pine,BA,mlp,mse,isotonic,0.7868268247656505,0.7952104870858683,2.7249588616268143,0.6004927312857675,0.9059041484705928,0.5333333333333333,0.7817433436680903
easygese:pine,pine,BA,mlp,mse,raw,0.8020874311188804,0.7949080197081602,2.632002409301111,0.6274796117383534,0.9052206420014624,0.5277777777777778,0.7714240018127418
easygese:pine,pine,BA,mlp,pearson,affine,0.8052252501494019,0.7989866478354292,2.607120658148247,0.6339814849855356,0.913935255944389,0.5277777777777778,0.802327987006014
easygese:pine,pine,BA,mlp,pearson,isotonic,0.7904298447204577,0.7963632796752071,2.716887763713873,0.6025165616280412,0.9112274472408748,0.5,0.7768461374803158
easygese:pine,pine,BA,mlp,pearson,raw,0.8052252501494019,0.7989866478354292,2.629271682310569,0.6277943429346056,0.913935255944389,0.5277777777777778,0.802327987006014
easygese:pine,pine,BA,transformer,ccc,affine,0.7081200967296153,0.7027892972377787,3.106765176532821,0.4810356597458231,0.8762151498612262,0.45555555555555555,0.7118769024720997
easygese:pine,pine,BA,transformer,ccc,isotonic,0.6945182125007476,0.6978373571142146,3.1785167789048594,0.4563189794346244,0.875799194948953,0.42777777777777776,0.668614801889823
easygese:pine,pine,BA,transformer,ccc,raw,0.7081200967296154,0.7027892972377787,3.300397567210293,0.4145043178624195,0.8762151498612262,0.45555555555555555,0.7118769024720997
easygese:pine,pine,BA,transformer,hybrid,affine,0.7140921162100018,0.7065919970118533,3.0790491854112934,0.489480340958729,0.8721900254936449,0.4722222222222222,0.700337284853506
easygese:pine,pine,BA,transformer,hybrid,isotonic,0.7016512825200304,0.7042678722504404,3.14580019904779,0.4671243874525586,0.869707539822463,0.47777777777777775,0.7181529735761178
easygese:pine,pine,BA,transformer,hybrid,raw,0.7140921162100017,0.7065919970118533,3.0782720161864465,0.49031627625022356,0.8721900254936449,0.4722222222222222,0.700337284853506
easygese:pine,pine,BA,transformer,mse,affine,0.7073068023330904,0.7011791282801777,3.1113519011888866,0.47917123993763944,0.8663690426620437,0.4666666666666667,0.7056243322293942
easygese:pine,pine,BA,transformer,mse,isotonic,0.6910404174365701,0.6959944476691278,3.1929987134790503,0.4513219107683941,0.8601643061245914,0.4444444444444445,0.6703653516247039
easygese:pine,pine,BA,transformer,mse,raw,0.7073068023330904,0.7011791282801777,3.112235681286016,0.4794246936954091,0.8663690426620437,0.4666666666666667,0.7056243322293942
easygese:pine,pine,BA,transformer,pearson,affine,0.722363794611112,0.7170880078170742,3.052260982529289,0.4989056091569388,0.8699487838614554,0.45,0.6984723991178045
easygese:pine,pine,BA,transformer,pearson,isotonic,0.7078681344289213,0.7136363988526668,3.1305594806384343,0.47205992372969063,0.8688048636109901,0.4611111111111111,0.684807186134581
easygese:pine,pine,BA,transformer,pearson,raw,0.722363794611112,0.7170880078170742,3.560988337928601,0.3095391096095609,0.8699487838614554,0.45,0.6984723991178045
easygese:pine,pine,BD,cnn,ccc,affine,0.7572049133899139,0.7360829920044517,0.05672713531942732,0.5616818208431108,0.8898565775564071,0.5444444444444445,0.7758932943140787
easygese:pine,pine,BD,cnn,ccc,isotonic,0.7411426622278532,0.7315925456484667,0.058686507527899126,0.5292142807133839,0.8821513170994193,0.538888888888889,0.7396243935910423
easygese:pine,pine,BD,cnn,ccc,raw,0.7572049133899139,0.7360829920044517,0.05654833764589477,0.5640910030974222,0.8898565775564071,0.5444444444444445,0.7758932943140787
easygese:pine,pine,BD,cnn,hybrid,affine,0.7447215899630054,0.7220714044429298,0.05766953657113662,0.5472657955951687,0.8916971688899664,0.5555555555555556,0.7795782890264393
easygese:pine,pine,BD,cnn,hybrid,isotonic,0.7251027248083789,0.7198502562711224,0.060348336145729584,0.5014762018120279,0.8708387789223083,0.5444444444444445,0.7530277939344882
easygese:pine,pine,BD,cnn,hybrid,raw,0.7447215899630052,0.7220714044429298,0.08048596106348738,0.12172688376558823,0.8916971688899664,0.5555555555555556,0.7795782890264393
easygese:pine,pine,BD,cnn,mse,affine,0.7607833542123612,0.7406454083259251,0.05638947110148583,0.5669789099214759,0.8895268997219539,0.5611111111111111,0.7881137292707158
easygese:pine,pine,BD,cnn,mse,isotonic,0.7449764035850129,0.7376061458629508,0.05842778412232441,0.5327805464398533,0.8811295561277029,0.5611111111111111,0.7557435488536535
easygese:pine,pine,BD,cnn,mse,raw,0.7607833542123612,0.7406454083259251,0.05633329469656562,0.5681868634386145,0.8895268997219539,0.5611111111111111,0.7881137292707158
easygese:pine,pine,BD,cnn,pearson,affine,0.7276648509268067,0.705548670219347,0.05936030199949871,0.5218133704069232,0.8838931962337722,0.55,0.7546643373008526
easygese:pine,pine,BD,cnn,pearson,isotonic,0.7114528732967956,0.7049676868228814,0.0616057002394151,0.4831522507252857,0.88117430125778,0.5666666666666667,0.7501417511684101
easygese:pine,pine,BD,cnn,pearson,raw,0.7276648509268068,0.705548670219347,0.08346889795750487,0.056675256221681056,0.8838931962337722,0.55,0.7546643373008526
easygese:pine,pine,BD,mlp,ccc,affine,0.8179045103474293,0.8106935371255488,0.04985879581152003,0.6604586439918184,0.8903935401384968,0.5888888888888889,0.8011949123680816
easygese:pine,pine,BD,mlp,ccc,isotonic,0.8052786486204384,0.8085764930208024,0.05183667247726805,0.6334644665729896,0.8951045533742097,0.5833333333333334,0.8061324743399568
easygese:pine,pine,BD,mlp,ccc,raw,0.8179045103474293,0.8106935371255488,0.04984598323276576,0.6608677103119229,0.8903935401384968,0.5888888888888889,0.8011949123680816
easygese:pine,pine,BD,mlp,hybrid,affine,0.8176189837260919,0.8108342058683842,0.04983392679757607,0.6604702076396862,0.8911226908316838,0.5777777777777777,0.802965091603091
easygese:pine,pine,BD,mlp,hybrid,isotonic,0.8020812001874529,0.8074595948629506,0.052166331868924144,0.6276034216067249,0.8952859946220872,0.5666666666666667,0.8031142176787265
easygese:pine,pine,BD,mlp,hybrid,raw,0.8176189837260923,0.8108342058683842,0.049971778727898944,0.6591835669220087,0.8911226908316838,0.5777777777777777,0.802965091603091
easygese:pine,pine,BD,mlp,mse,affine,0.8155885141695072,0.8063105768217531,0.05022360137602895,0.655880324926697,0.8923366218155401,0.5833333333333334,0.8093032326219314
easygese:pine,pine,BD,mlp,mse,isotonic,0.806848235950992,0.8033095576261717,0.05166844833812554,0.6355965613736921,0.8889008979845336,0.5777777777777777,0.8042524348134645
easygese:pine,pine,BD,mlp,mse,raw,0.815588514169507,0.8063105768217531,0.050545812107251856,0.6527268827185944,0.8923366218155401,0.5833333333333334,0.8093032326219314
easygese:pine,pine,BD,mlp,pearson,affine,0.819586710687332,0.8147134709823401,0.04964867593960277,0.6631216401938506,0.8912766095823821,0.5888888888888889,0.8141456576835882
easygese:pine,pine,BD,mlp,pearson,isotonic,0.8023889172320811,0.80794426922263,0.05219706392386396,0.6282796520204105,0.8900363484700016,0.5555555555555556,0.7864171320328401
easygese:pine,pine,BD,mlp,pearson,raw,0.819586710687332,0.8147134709823401,0.05057769917845952,0.6499966714060681,0.8912766095823821,0.5888888888888889,0.8141456576835882
easygese:pine,pine,BD,transformer,ccc,affine,0.722889652508485,0.7088213568985801,0.059875068351658976,0.5126199183561982,0.8607299143294181,0.5166666666666667,0.7350817554088335
easygese:pine,pine,BD,transformer,ccc,isotonic,0.7061425501615106,0.7066789436346863,0.0617599673849286,0.4820347719509672,0.8578637887127428,0.5,0.7323428509456905
easygese:pine,pine,BD,transformer,ccc,raw,0.7228896525084851,0.7088213568985801,0.06320049770684041,0.45483764258372494,0.8607299143294181,0.5166666666666667,0.7350817554088335
easygese:pine,pine,BD,transformer,hybrid,affine,0.7281167179952339,0.7147067385652118,0.05938148140651386,0.5203557459913055,0.8689041572016738,0.5277777777777778,0.7484972763980634
easygese:pine,pine,BD,transformer,hybrid,isotonic,0.7099661656382821,0.7135079179474934,0.061371248713305224,0.48821857795029855,0.8605023466899301,0.5111111111111111,0.7308589958692873
easygese:pine,pine,BD,transformer,hybrid,raw,0.7281167179952341,0.7147067385652118,0.05980542323839283,0.5126846686788842,0.8689041572016738,0.5277777777777778,0.7484972763980634
easygese:pine,pine,BD,transformer,mse,affine,0.717736269336881,0.7051506976250855,0.06023678085725405,0.5063423887315164,0.8761632926915753,0.5222222222222223,0.7589946276504504
easygese:pine,pine,BD,transformer,mse,isotonic,0.6959666431541717,0.7000964788575244,0.06253514895813492,0.4680595895570156,0.858541910425612,0.5,0.7307777517599605
easygese:pine,pine,BD,transformer,mse,raw,0.717736269336881,0.7051506976250855,0.06037723305196824,0.5036774439352316,0.8761632926915753,0.5222222222222223,0.7589946276504504
easygese:pine,pine,BD,transformer,pearson,affine,0.7237450443073025,0.711401118644235,0.05975649667506381,0.5143397658524608,0.8632890520766416,0.5166666666666667,0.7357119611286529
easygese:pine,pine,BD,transformer,pearson,isotonic,0.7024127288206141,0.7095863384916032,0.06219488794128699,0.4743093745187089,0.8506083210101153,0.5,0.718370085544801
easygese:pine,pine,BD,transformer,pearson,raw,0.7237450443073026,0.711401118644235,0.07958826385408284,0.12808658096651923,0.8632890520766416,0.5166666666666667,0.7357119611286529
easygese:pine,pine,BLC,cnn,ccc,affine,0.7038697231659398,0.6786781631008798,0.217538758961599,0.4873774285808974,0.8947809517833136,0.5333333333333334,0.7440859432078365
easygese:pine,pine,BLC,cnn,ccc,isotonic,0.6799780682436255,0.6745271316095117,0.2253653921442384,0.4490149922772589,0.8847800235937562,0.5222222222222223,0.7407956247590889
easygese:pine,pine,BLC,cnn,ccc,raw,0.7038697231659399,0.6786781631008798,0.21802613359473194,0.4847296746188037,0.8947809517833136,0.5333333333333334,0.7440859432078365
easygese:pine,pine,BLC,cnn,hybrid,affine,0.6633656380504844,0.6435560792474544,0.22976438102494492,0.4294038007764948,0.8758681985355079,0.48888888888888893,0.7148452997721723
easygese:pine,pine,BLC,cnn,hybrid,isotonic,0.6402341761139413,0.6358909903408227,0.23771481539666114,0.3888024284299266,0.8538851001487885,0.47777777777777775,0.6946134287795367
easygese:pine,pine,BLC,cnn,hybrid,raw,0.6633656380504845,0.6435560792474544,0.29407261849557365,0.06677051912333645,0.8758681985355079,0.48888888888888893,0.7148452997721723
easygese:pine,pine,BLC,cnn,mse,affine,0.704568314936091,0.6805566065566205,0.21768918445344543,0.48679759730221195,0.8937299753546635,0.5444444444444445,0.7453420205669193
easygese:pine,pine,BLC,cnn,mse,isotonic,0.6812453166786796,0.6735217008719041,0.22619522244971738,0.44563459871781086,0.8829840828173682,0.5277777777777778,0.7449988925538247
easygese:pine,pine,BLC,cnn,mse,raw,0.7045683149360912,0.6805566065566205,0.21830374905783678,0.48408971622397196,0.8937299753546635,0.5444444444444445,0.7453420205669193
easygese:pine,pine,BLC,cnn,pearson,affine,0.64512184741314,0.6267399673035099,0.23500725189097776,0.40318467484439513,0.8711508603697874,0.5,0.713281185861907
easygese:pine,pine,BLC,cnn,pearson,isotonic,0.6160339494680309,0.6171662703337326,0.24528237551079574,0.3488395755763393,0.8563996563919971,0.4666666666666667,0.691145086706906
easygese:pine,pine,BLC,cnn,pearson,raw,0.6451218474131402,0.6267399673035099,0.29699651827097834,0.048251762755658546,0.8711508603697874,0.5,0.713281185861907
easygese:pine,pine,BLC,mlp,ccc,affine,0.7856325176689827,0.7681685532269602,0.1890674545943267,0.6118864958607324,0.9198669873349464,0.5888888888888889,0.8291736505319849
easygese:pine,pine,BLC,mlp,ccc,isotonic,0.7686887353321132,0.7665126270542155,0.19637688204157147,0.5814000842018178,0.9082447836672924,0.5777777777777777,0.8134615881261466
easygese:pine,pine,BLC,mlp,ccc,raw,0.7856325176689827,0.7681685532269602,0.1924096369417381,0.5969352322707191,0.9198669873349464,0.5888888888888889,0.8291736505319849
easygese:pine,pine,BLC,mlp,hybrid,affine,0.7880758793126638,0.7677276360158853,0.18792711280409574,0.617187949866807,0.9196665047831531,0.611111111111111,0.8330452706170476
easygese:pine,pine,BLC,mlp,hybrid,isotonic,0.7740105192555291,0.7657959233737441,0.19444025044952082,0.589949366960596,0.9125926289373648,0.6055555555555555,0.8283790986664764
easygese:pine,pine,BLC,mlp,hybrid,raw,0.7880758793126635,0.7677276360158853,0.18980168106087286,0.6092753425672307,0.9196665047831531,0.611111111111111,0.8330452706170476
easygese:pine,pine,BLC,mlp,mse,affine,0.7840854839530091,0.7641453137173861,0.1892822798980774,0.6108937148364579,0.9210549563672876,0.5944444444444444,0.825235245779392
easygese:pine,pine,BLC,mlp,mse,isotonic,0.7665331178269542,0.7596444484360527,0.19721764080104767,0.5771749158974192,0.9023288177058115,0.5777777777777777,0.7976155347307257
easygese:pine,pine,BLC,mlp,mse,raw,0.7840854839530088,0.7641453137173861,0.19174036606760297,0.6014280425233174,0.9210549563672876,0.5944444444444444,0.825235245779392
easygese:pine,pine,BLC,mlp,pearson,affine,0.7895375971408151,0.7704641666555639,0.18730042236598726,0.6196941762091642,0.9216711490753189,0.611111111111111,0.8272210630001547
easygese:pine,pine,BLC,mlp,pearson,isotonic,0.7734812515695018,0.7678524245249787,0.19417538990547212,0.5910598322910692,0.9046898705912273,0.6111111111111112,0.8236562006587702
easygese:pine,pine,BLC,mlp,pearson,raw,0.7895375971408148,0.7704641666555639,0.1917941273770139,0.6008034396971493,0.9216711490753189,0.611111111111111,0.8272210630001547
easygese:pine,pine,BLC,transformer,ccc,affine,0.6745640667512551,0.6528792241752718,0.22474031163074565,0.45042136494421997,0.8855764089186433,0.5333333333333334,0.7590205346715175
easygese:pine,pine,BLC,transformer,ccc,isotonic,0.6590244833614773,0.6487283852283482,0.23035235182843042,0.4207157163881835,0.8763847125893584,0.5166666666666667,0.7450782604687886
easygese:pine,pine,BLC,transformer,ccc,raw,0.674564066751255,0.6528792241752718,0.24144411602537685,0.36320987843153346,0.8855764089186433,0.5333333333333334,0.7590205346715175
easygese:pine,pine,BLC,transformer,hybrid,affine,0.6728766300251116,0.6514461763197218,0.2255647598366711,0.4459783995796032,0.8746278108796514,0.5,0.7196680640615526
easygese:pine,pine,BLC,transformer,hybrid,isotonic,0.6525654310639657,0.6464815986132777,0.23230176021708226,0.41266975292213537,0.8612187389618159,0.49444444444444446,0.7141419101624141
easygese:pine,pine,BLC,transformer,hybrid,raw,0.6728766300251114,0.6514461763197218,0.22870429455746893,0.42892735607770316,0.8746278108796514,0.5,0.7196680640615526
easygese:pine,pine,BLC,transformer,mse,affine,0.6832539287153274,0.6603667294289376,0.2222969266158729,0.46203853380317544,0.8879751418642364,0.5222222222222223,0.743752784863059
easygese:pine,pine,BLC,transformer,mse,isotonic,0.666012222777166,0.6602344054262737,0.22839047486800862,0.43125447981696646,0.8673333751550081,0.4833333333333333,0.7223395576038156
easygese:pine,pine,BLC,transformer,mse,raw,0.6832539287153276,0.6603667294289376,0.22396277604156029,0.4529570478067303,0.8879751418642364,0.5222222222222223,0.743752784863059
easygese:pine,pine,BLC,transformer,pearson,affine,0.6764214568600087,0.6542356669131945,0.22438934046082432,0.4518535146024522,0.8761772408776487,0.5111111111111111,0.7352170092010696
easygese:pine,pine,BLC,transformer,pearson,isotonic,0.6621546788031166,0.6505325189943015,0.22889853018923306,0.429426482529853,0.8558712219360226,0.5277777777777778,0.7393460847506313
easygese:pine,pine,BLC,transformer,pearson,raw,0.6764214568600088,0.6542356669131945,0.34339197527874105,-0.3094065649187763,0.8761772408776487,0.5111111111111111,0.7352170092010696
easygese:pine,pine,CWAC,cnn,ccc,affine,0.6135732199163151,0.6093712057066979,22.040133555743573,0.3573831021817969,0.827795069715559,0.49444444444444446,0.6508530312488203
easygese:pine,pine,CWAC,cnn,ccc,isotonic,0.5903764894040268,0.6026701485947443,22.66678715324469,0.3195073533619096,0.8074671794646406,0.47777777777777775,0.6662563409420214
easygese:pine,pine,CWAC,cnn,ccc,raw,0.6135732199163149,0.6093712057066979,22.199084712865677,0.3473270437439487,0.827795069715559,0.49444444444444446,0.6508530312488203
easygese:pine,pine,CWAC,cnn,hybrid,affine,0.5671147929681077,0.5619092834053219,22.95045187038325,0.3003371404268587,0.8288100873125053,0.49444444444444446,0.6455801275843225
easygese:pine,pine,CWAC,cnn,hybrid,isotonic,0.5542258984874296,0.5605333020404406,23.352586730140885,0.2752698160535777,0.8206221787918638,0.5055555555555555,0.6589370746007821
easygese:pine,pine,CWAC,cnn,hybrid,raw,0.5671147929681077,0.5619092834053219,26.90260211820714,0.045833998885872515,0.8288100873125053,0.49444444444444446,0.6455801275843225
easygese:pine,pine,CWAC,cnn,mse,affine,0.620308549158457,0.6126499851929068,21.88953137098542,0.3663456227210795,0.8352252949420527,0.49444444444444446,0.6707271906059102
easygese:pine,pine,CWAC,cnn,mse,isotonic,0.6002536210257482,0.609702848729271,22.471428621146107,0.3300336966946481,0.8255220189788366,0.4666666666666666,0.6519167844674902
easygese:pine,pine,CWAC,cnn,mse,raw,0.6203085491584568,0.6126499851929068,21.813492869492627,0.37034575770329364,0.8352252949420527,0.49444444444444446,0.6707271906059102
easygese:pine,pine,CWAC,cnn,pearson,affine,0.5711824948933455,0.5654551120575455,22.876071706437173,0.30413479184176306,0.833331698769477,0.4722222222222222,0.6400218064890659
easygese:pine,pine,CWAC,cnn,pearson,isotonic,0.5534808384081121,0.5623835610510293,23.512008902722194,0.26479707571281397,0.8180223568779473,0.4666666666666667,0.6301038371003147
easygese:pine,pine,CWAC,cnn,pearson,raw,0.5711824948933454,0.5654551120575455,27.173043207407794,0.026551854539132568,0.833331698769477,0.4722222222222222,0.6400218064890659
easygese:pine,pine,CWAC,mlp,ccc,affine,0.7049921076157359,0.7059424227660905,19.76309634326305,0.4813176226417847,0.8509142352648794,0.49444444444444446,0.7278798021327276
easygese:pine,pine,CWAC,mlp,ccc,isotonic,0.6873105764963677,0.701149428912242,20.262379176524163,0.4535534858928054,0.838774877963108,0.4666666666666667,0.6926434372363952
easygese:pine,pine,CWAC,mlp,ccc,raw,0.7049921076157357,0.7059424227660905,19.96014069247238,0.46932678628499264,0.8509142352648794,0.49444444444444446,0.7278798021327276
easygese:pine,pine,CWAC,mlp,hybrid,affine,0.6999007436652376,0.7007377282461298,19.859154857895017,0.47569213866499843,0.8478923986639868,0.48888888888888893,0.7157062550153477
easygese:pine,pine,CWAC,mlp,hybrid,isotonic,0.6836241158896288,0.7032363066369021,20.38549562940829,0.44505585004869436,0.8368572838337812,0.49444444444444446,0.7183114202117137
easygese:pine,pine,CWAC,mlp,hybrid,raw,0.6999007436652377,0.7007377282461298,19.919983041187386,0.4719294985035193,0.8478923986639868,0.48888888888888893,0.7157062550153477
easygese:pine,pine,CWAC,mlp,mse,affine,0.6999958833690991,0.7021881524690836,19.860551806495188,0.47597468869052706,0.8451358077108402,0.49444444444444446,0.7137463079500234
easygese:pine,pine,CWAC,mlp,mse,isotonic,0.681846840462415,0.6978927967000029,20.44233459946559,0.4438813408228389,0.8376474910507333,0.47777777777777775,0.7036096415855765
easygese:pine,pine,CWAC,mlp,mse,raw,0.6999958833690993,0.7021881524690836,19.89448168607762,0.4746847372067302,0.8451358077108402,0.49444444444444446,0.7137463079500234
easygese:pine,pine,CWAC,mlp,pearson,affine,0.7027423160809922,0.7026799647961215,19.781441900741367,0.48006756859620464,0.850702341021119,0.5,0.7251613358256547
easygese:pine,pine,CWAC,mlp,pearson,isotonic,0.6856091758698399,0.6989574262240297,20.3645639698728,0.4463472374131313,0.841712798642979,0.48888888888888893,0.6990489606251052
easygese:pine,pine,CWAC,mlp,pearson,raw,0.7027423160809922,0.7026799647961215,20.001272354704092,0.4670445636469524,0.850702341021119,0.5,0.7251613358256547
easygese:pine,pine,CWAC,transformer,ccc,affine,0.5946204580195197,0.6063787211556917,22.45801593124572,0.3309312008483585,0.8056515506252874,0.39444444444444443,0.6055660323793928
easygese:pine,pine,CWAC,transformer,ccc,isotonic,0.574649178644816,0.597901173024504,23.153893842391263,0.28554317897655357,0.7956918947565954,0.37222222222222223,0.5783466397661643
easygese:pine,pine,CWAC,transformer,ccc,raw,0.5946204580195196,0.6063787211556917,24.521802654908086,0.19418034270623621,0.8056515506252874,0.39444444444444443,0.6055660323793928
easygese:pine,pine,CWAC,transformer,hybrid,affine,0.5971957384700757,0.6144594425436923,22.441663372298343,0.33256021728904156,0.799977921403714,0.37777777777777777,0.5973849276439749
easygese:pine,pine,CWAC,transformer,hybrid,isotonic,0.5820472958907514,0.6073248140363228,23.062034421440657,0.29106184179682926,0.7967496456287774,0.37777777777777777,0.5823996306811347
easygese:pine,pine,CWAC,transformer,hybrid,raw,0.5971957384700756,0.6144594425436923,22.676964812098877,0.31709110324969203,0.799977921403714,0.37777777777777777,0.5973849276439749
easygese:pine,pine,CWAC,transformer,mse,affine,0.6011809756565984,0.6197728244542778,22.277078487067218,0.34210888349330115,0.8106529848305156,0.3888888888888889,0.6113365777311579
easygese:pine,pine,CWAC,transformer,mse,isotonic,0.5892282495689762,0.6085430411032194,22.843752725437867,0.3031171823875206,0.8193038975721219,0.3888888888888889,0.6132568422636245
easygese:pine,pine,CWAC,transformer,mse,raw,0.6011809756565984,0.6197728244542778,22.493796226868866,0.3271988263862957,0.8106529848305156,0.3888888888888889,0.6113365777311579
easygese:pine,pine,CWAC,transformer,pearson,affine,0.599481995928274,0.615260746755112,22.325613278974558,0.3398879440774416,0.8169713977752737,0.4,0.6223158308591399
easygese:pine,pine,CWAC,transformer,pearson,isotonic,0.5881604910344786,0.6116165544072962,22.679323625991795,0.31706285383821453,0.8069337498926187,0.4,0.6154905708328107
easygese:pine,pine,CWAC,transformer,pearson,raw,0.5994819959282739,0.615260746755112,26.78033119541987,0.04984455987890255,0.8169713977752737,0.4,0.6223158308591399
easygese:pine,pine,CWAL,cnn,ccc,affine,0.6716242662205427,0.6591721952550318,10.507106475115233,0.43930401339731506,0.8537791460901218,0.48888888888888893,0.734705326035391
easygese:pine,pine,CWAL,cnn,ccc,isotonic,0.666503763255106,0.6576696854084902,10.675232416639725,0.4200157365245499,0.8392606351774006,0.4666666666666667,0.7133017411734557
easygese:pine,pine,CWAL,cnn,ccc,raw,0.6716242662205427,0.6591721952550318,10.545509003023914,0.43480985958786417,0.8537791460901218,0.48888888888888893,0.734705326035391
easygese:pine,pine,CWAL,cnn,hybrid,affine,0.6387600474289558,0.619511262138414,10.95715324268063,0.38942423376954444,0.8574800158810587,0.5,0.7305450743642204
easygese:pine,pine,CWAL,cnn,hybrid,isotonic,0.6337530061041627,0.6143567319132103,11.095027537460789,0.3725773323668256,0.8348260823106083,0.48888888888888893,0.7102981621756506
easygese:pine,pine,CWAL,cnn,hybrid,raw,0.6387600474289559,0.619511262138414,13.578452116037425,0.06490202000712135,0.8574800158810587,0.5,0.7305450743642204
easygese:pine,pine,CWAL,cnn,mse,affine,0.6756323956105625,0.6623510121173788,10.452523606802151,0.44480050004781174,0.8514289271276535,0.48888888888888893,0.7227199632546023
easygese:pine,pine,CWAL,cnn,mse,isotonic,0.6678857653821211,0.6605089255529057,10.655759011519294,0.4218606794045779,0.8402143448437658,0.5,0.7407964000992427
easygese:pine,pine,CWAL,cnn,mse,raw,0.6756323956105625,0.6623510121173788,10.393924094081141,0.45106185055582726,0.8514289271276535,0.48888888888888893,0.7227199632546023
easygese:pine,pine,CWAL,cnn,pearson,affine,0.6261918507882942,0.6001724072213311,11.130688271085223,0.3711510537706046,0.843550799638453,0.4833333333333333,0.7114381299234334
easygese:pine,pine,CWAL,cnn,pearson,isotonic,0.6181073477150196,0.5952655080952554,11.32338765714508,0.34631812339123336,0.8328323608502813,0.4611111111111111,0.6944982465042079
easygese:pine,pine,CWAL,cnn,pearson,raw,0.6261918507882941,0.6001724072213311,13.75160766798881,0.04121412915377032,0.843550799638453,0.4833333333333333,0.7114381299234334
easygese:pine,pine,CWAL,mlp,ccc,affine,0.7589061685536217,0.7490030734221982,9.23228928337709,0.5663037697936784,0.8861846165404643,0.538888888888889,0.8049903355145445
easygese:pine,pine,CWAL,mlp,ccc,isotonic,0.7431215273903674,0.7433621373399558,9.574234965738842,0.5335910918470389,0.8726626754275342,0.5277777777777778,0.7856179752435271
easygese:pine,pine,CWAL,mlp,ccc,raw,0.7589061685536217,0.7490030734221982,9.316849021343362,0.5583825454958431,0.8861846165404643,0.538888888888889,0.8049903355145445
easygese:pine,pine,CWAL,mlp,hybrid,affine,0.7602541819678632,0.7482541267675173,9.21379658262273,0.5677250634812603,0.8872467085523571,0.55,0.8101002583552008
easygese:pine,pine,CWAL,mlp,hybrid,isotonic,0.7505704807140368,0.7488867922690398,9.422123828758965,0.5479255238844412,0.8849348371826004,0.538888888888889,0.805789059407644
easygese:pine,pine,CWAL,mlp,hybrid,raw,0.7602541819678634,0.7482541267675173,9.266378216158586,0.5630566994313861,0.8872467085523571,0.55,0.8101002583552008
easygese:pine,pine,CWAL,mlp,mse,affine,0.7504626793516017,0.745231829280972,9.353244057915541,0.5545086661984995,0.8718342479396692,0.5333333333333333,0.8014487647938717
easygese:pine,pine,CWAL,mlp,mse,isotonic,0.7419356494521029,0.7429305609186628,9.587664500375098,0.53269011911633,0.8682497167877077,0.5444444444444445,0.790812563431208
easygese:pine,pine,CWAL,mlp,mse,raw,0.7504626793516017,0.745231829280972,9.410856200070963,0.5498351608891646,0.8718342479396692,0.5333333333333333,0.8014487647938717
easygese:pine,pine,CWAL,mlp,pearson,affine,0.7587511182385276,0.7494898078721983,9.2394232238339,0.5651760136804176,0.8824290831603137,0.538888888888889,0.8036543637054361
easygese:pine,pine,CWAL,mlp,pearson,isotonic,0.7434992713986583,0.7473945465260108,9.563030369022213,0.533685699290754,0.8737136455576786,0.538888888888889,0.7945442028119454
easygese:pine,pine,CWAL,mlp,pearson,raw,0.7587511182385275,0.7494898078721983,9.389949746781085,0.5511082911052144,0.8824290831603137,0.538888888888889,0.8036543637054361
easygese:pine,pine,CWAL,transformer,ccc,affine,0.642053805155764,0.6371422996664743,10.884143335134578,0.397085302208651,0.8165865961694191,0.42777777777777776,0.6506266006479906
easygese:pine,pine,CWAL,transformer,ccc,isotonic,0.6289117541969327,0.6283966532820774,11.08883911351582,0.3736279187916728,0.8120692256990573,0.42777777777777776,0.6601748962926606
easygese:pine,pine,CWAL,transformer,ccc,raw,0.6420538051557639,0.6371422996664743,12.110180608510621,0.251800300392835,0.8165865961694191,0.42777777777777776,0.6506266006479906
easygese:pine,pine,CWAL,transformer,hybrid,affine,0.635721545027401,0.630175570463271,10.955966506528235,0.38909348115845643,0.8170930894517634,0.4,0.6408362135182634
easygese:pine,pine,CWAL,transformer,hybrid,isotonic,0.6230659255988826,0.6279771591510368,11.172368416693603,0.36389482945439017,0.8205261985486793,0.4222222222222222,0.6616371102062757
easygese:pine,pine,CWAL,transformer,hybrid,raw,0.6357215450274011,0.630175570463271,11.156889129918287,0.36486957571370227,0.8170930894517634,0.4,0.6408362135182634
easygese:pine,pine,CWAL,transformer,mse,affine,0.637306075732853,0.6340513846565033,10.942343013400546,0.39007701523676847,0.813959277097325,0.4222222222222222,0.6475772795778381
easygese:pine,pine,CWAL,transformer,mse,isotonic,0.6241844110488178,0.6283434475695688,11.18955156201857,0.3601378432264171,0.8187956800838109,0.4333333333333334,0.6530622235796608
easygese:pine,pine,CWAL,transformer,mse,raw,0.6373060757328532,0.6340513846565033,11.010342559105105,0.3823935008461421,0.813959277097325,0.4222222222222222,0.6475772795778381
easygese:pine,pine,CWAL,transformer,pearson,affine,0.6373175406620685,0.6339658866574782,10.949305871247079,0.3899379556525829,0.8182488817297529,0.40555555555555556,0.6341807043588242
easygese:pine,pine,CWAL,transformer,pearson,isotonic,0.6205863481657606,0.6263681252231665,11.208475564053254,0.36019399640971844,0.8155777047319933,0.40555555555555556,0.6321573874408387
easygese:pine,pine,CWAL,transformer,pearson,raw,0.6373175406620685,0.6339658866574782,13.084369148413128,0.13042428424965324,0.8182488817297529,0.40555555555555556,0.6341807043588242
easygese:pine,pine,DBH,cnn,ccc,affine,0.6039588744233434,0.5866763079898802,0.7856183075389367,0.3412607885807805,0.8758141707120799,0.4611111111111111,0.6987923787572874
easygese:pine,pine,DBH,cnn,ccc,isotonic,0.5812577051958427,0.5855310326361518,0.8072216159821141,0.3031307073723121,0.8639669907934524,0.4444444444444445,0.6710185085809762
easygese:pine,pine,DBH,cnn,ccc,raw,0.6039588744233433,0.5866763079898802,0.7931186612518079,0.3277686036179882,0.8758141707120799,0.4611111111111111,0.6987923787572874
easygese:pine,pine,DBH,cnn,hybrid,affine,0.5795167321797859,0.567974727062271,0.8053299657866546,0.3070681996502926,0.8735075742589359,0.4666666666666667,0.6643384678577761
easygese:pine,pine,DBH,cnn,hybrid,isotonic,0.5580543873303822,0.5656765335280125,0.8270579404687954,0.2701597162722629,0.8633011148281214,0.4666666666666667,0.6451666141273493
easygese:pine,pine,DBH,cnn,hybrid,raw,0.5795167321797863,0.567974727062271,0.9491679520751399,0.04114230860563276,0.8735075742589359,0.4666666666666667,0.6643384678577761
easygese:pine,pine,DBH,cnn,mse,affine,0.6084063446359027,0.5888693121895513,0.783702942678431,0.34492577145390035,0.875090484574425,0.45555555555555555,0.6853895940328599
easygese:pine,pine,DBH,cnn,mse,isotonic,0.5960340954204135,0.5881541230604812,0.7964619886709609,0.3231949704760069,0.8672591358669749,0.4444444444444445,0.6735446754210775
easygese:pine,pine,DBH,cnn,mse,raw,0.6084063446359029,0.5888693121895513,0.7833195590971078,0.34552508815661,0.875090484574425,0.45555555555555555,0.6853895940328599
easygese:pine,pine,DBH,cnn,pearson,affine,0.5782501300424185,0.5653446041247489,0.8038067407224062,0.3105630321464764,0.866596657778992,0.45,0.6551139182815044
easygese:pine,pine,DBH,cnn,pearson,isotonic,0.5564345616656706,0.5579721439866329,0.8243797526488162,0.27461358298866945,0.8538687233859366,0.4166666666666667,0.6244848280584107
easygese:pine,pine,DBH,cnn,pearson,raw,0.5782501300424185,0.5653446041247489,0.9557847232461626,0.027286521223845405,0.866596657778992,0.45,0.6551139182815044
easygese:pine,pine,DBH,mlp,ccc,affine,0.7147679356217773,0.7090596546372504,0.6854940709003289,0.49848451188986864,0.9002998339939372,0.5666666666666667,0.77088174309662
easygese:pine,pine,DBH,mlp,ccc,isotonic,0.7008639378222008,0.7033217431472525,0.6999714539072076,0.4766531477796375,0.8904029569766246,0.55,0.746989330774623
easygese:pine,pine,DBH,mlp,ccc,raw,0.7147679356217773,0.7090596546372504,0.6941643687061958,0.48522889707535394,0.9002998339939372,0.5666666666666667,0.77088174309662
easygese:pine,pine,DBH,mlp,hybrid,affine,0.7191444713272455,0.714882956666022,0.6798801115193996,0.5058209415867218,0.9055207939342083,0.5333333333333334,0.7614630963176475
easygese:pine,pine,DBH,mlp,hybrid,isotonic,0.6965903511518895,0.7088441144123985,0.7053545702817124,0.46745243459085106,0.8964468560924432,0.538888888888889,0.7586868744310324
easygese:pine,pine,DBH,mlp,hybrid,raw,0.7191444713272457,0.714882956666022,0.681934437292975,0.5027970408333593,0.9055207939342083,0.5333333333333334,0.7614630963176475
easygese:pine,pine,DBH,mlp,mse,affine,0.7139835630219296,0.7086132848729739,0.6852608875386176,0.4980824949206605,0.9052678475101141,0.5333333333333334,0.762710498239431
easygese:pine,pine,DBH,mlp,mse,isotonic,0.7010371507128433,0.7051116222847995,0.6998194011938159,0.4765182484594888,0.8859441472443415,0.5111111111111111,0.7291417330161114
easygese:pine,pine,DBH,mlp,mse,raw,0.7139835630219294,0.7086132848729739,0.6893658879084865,0.4925730981017991,0.9052678475101141,0.5333333333333334,0.762710498239431
easygese:pine,pine,DBH,mlp,pearson,affine,0.7165210293355024,0.7121544822066149,0.6838359124805874,0.5006389320110215,0.9027595692531494,0.5444444444444445,0.7708392993076146
easygese:pine,pine,DBH,mlp,pearson,isotonic,0.6991679636715558,0.707388242859672,0.7030755153007682,0.47231874136951413,0.8898332371247525,0.538888888888889,0.7579628488365718
easygese:pine,pine,DBH,mlp,pearson,raw,0.7165210293355024,0.7121544822066149,0.6914115916700923,0.4894928768406587,0.9027595692531494,0.5444444444444445,0.7708392993076146
easygese:pine,pine,DBH,transformer,ccc,affine,0.5906267906566577,0.5834479220258201,0.7918053630389171,0.33099563372375157,0.8280162095230914,0.36666666666666664,0.5699222371737701
easygese:pine,pine,DBH,transformer,ccc,isotonic,0.5684187577560725,0.5758542104492156,0.8128226807878962,0.2946835758023961,0.8211487040116385,0.36666666666666664,0.5736064109426322
easygese:pine,pine,DBH,transformer,ccc,raw,0.5906267906566577,0.5834479220258201,0.8864766436250331,0.16038793188739303,0.8280162095230914,0.36666666666666664,0.5699222371737701
easygese:pine,pine,DBH,transformer,hybrid,affine,0.5912404793058926,0.5830313059639176,0.7903038932954571,0.33388250161982874,0.8274119597897899,0.35,0.5555924289183335
easygese:pine,pine,DBH,transformer,hybrid,isotonic,0.5631854600393498,0.5736038733308381,0.8152310569779042,0.2914001266111758,0.8152313200622178,0.3611111111111111,0.5706722408477322
easygese:pine,pine,DBH,transformer,hybrid,raw,0.5912404793058929,0.5830313059639176,0.8059447158031163,0.30593201801959796,0.8274119597897899,0.35,0.5555924289183335
easygese:pine,pine,DBH,transformer,mse,affine,0.5809102675910199,0.5746677865917607,0.7967834923614756,0.32339741053825655,0.8157564242981372,0.3388888888888889,0.5536819496127777
easygese:pine,pine,DBH,transformer,mse,isotonic,0.5640262648222567,0.5653134732825444,0.8169051727101196,0.28909799323836494,0.8132167419918209,0.3388888888888889,0.5396982428247995
easygese:pine,pine,DBH,transformer,mse,raw,0.5809102675910202,0.5746677865917607,0.8016101890109504,0.3141418306088858,0.8157564242981372,0.3388888888888889,0.5536819496127777
easygese:pine,pine,DBH,transformer,pearson,affine,0.5884640411815172,0.5786228150501793,0.7936056145372233,0.3281756505095677,0.8286584134497541,0.3611111111111111,0.5716920071380565
easygese:pine,pine,DBH,transformer,pearson,isotonic,0.5714023800240208,0.5675403488019575,0.8105011659545955,0.2989167720336667,0.82625788466452,0.37777777777777777,0.5812722673338407
easygese:pine,pine,DBH,transformer,pearson,raw,0.5884640411815171,0.5786228150501793,1.0114438993256165,-0.10251755091794382,0.8286584134497541,0.3611111111111111,0.5716920071380565
easygese:pine,pine,HT,cnn,ccc,affine,0.5136171760839414,0.5108675586384457,38.41267336962241,0.2358759951421036,0.8028480209283879,0.3,0.48010193709980503
easygese:pine,pine,HT,cnn,ccc,isotonic,0.49061928010960143,0.505760264471282,39.20148671658223,0.20477300898959042,0.7949363197401642,0.31111111111111106,0.46689344246590914
easygese:pine,pine,HT,cnn,ccc,raw,0.5136171760839415,0.5108675586384457,39.60687456317426,0.18639477399383236,0.8028480209283879,0.3,0.48010193709980503
easygese:pine,pine,HT,cnn,hybrid,affine,0.4961465797958698,0.48510774437516213,38.798698683216955,0.219694863220906,0.8121506986618275,0.2833333333333333,0.4672638039402397
easygese:pine,pine,HT,cnn,hybrid,isotonic,0.48191122783625034,0.47573404464109775,39.40551865633134,0.19426379834306878,0.8011870365769449,0.28888888888888886,0.4865706093151382
easygese:pine,pine,HT,cnn,hybrid,raw,0.4961465797958697,0.48510774437516213,43.39452850306123,0.02766035948575112,0.8121506986618275,0.2833333333333333,0.4672638039402397
easygese:pine,pine,HT,cnn,mse,affine,0.5126874970034294,0.5092170285138461,38.44808674626393,0.23469876189425162,0.8036541961145611,0.27222222222222225,0.4596740336801462
easygese:pine,pine,HT,cnn,mse,isotonic,0.4932969358031766,0.49698523733423894,39.162960955546446,0.20552645858709528,0.796717998153933,0.28888888888888886,0.48697939712456106
easygese:pine,pine,HT,cnn,mse,raw,0.5126874970034296,0.5092170285138461,38.3568962435403,0.23789495705503944,0.8036541961145611,0.27222222222222225,0.4596740336801462
easygese:pine,pine,HT,cnn,pearson,affine,0.4816081520619793,0.4668294584458107,39.219107690029546,0.20387526976759612,0.8148135487704842,0.27222222222222225,0.46028372573151033
easygese:pine,pine,HT,cnn,pearson,isotonic,0.4543535022110071,0.45360230527141676,40.22829644581177,0.16136097307272715,0.802218096989939,0.26666666666666666,0.43626241251529513
easygese:pine,pine,HT,cnn,pearson,raw,0.4816081520619793,0.4668294584458107,43.59433764734897,0.0188036487311805,0.8148135487704842,0.27222222222222225,0.46028372573151033
easygese:pine,pine,HT,mlp,ccc,affine,0.6128190376412205,0.6139669572203089,35.31897298405589,0.35265848335088823,0.8438968739476801,0.3333333333333333,0.542679980188605
easygese:pine,pine,HT,mlp,ccc,isotonic,0.5998961967140799,0.6051594294617859,35.81529362592881,0.3333694875580949,0.8288441482790802,0.3111111111111111,0.4794032170271067
easygese:pine,pine,HT,mlp,ccc,raw,0.6128190376412207,0.6139669572203089,35.80786232866236,0.33343578264494156,0.8438968739476801,0.3333333333333333,0.542679980188605
easygese:pine,pine,HT,mlp,hybrid,affine,0.6106042556723591,0.6116402599219117,35.537012976162245,0.3434991181014134,0.8386099758752236,0.34444444444444444,0.5223562112813733
easygese:pine,pine,HT,mlp,hybrid,isotonic,0.5950469440460074,0.606181438015102,36.08277357306149,0.32257233824884957,0.8251318782168896,0.3,0.4804289710676938
easygese:pine,pine,HT,mlp,hybrid,raw,0.610604255672359,0.6116402599219117,35.48397632519735,0.3463876802626966,0.8386099758752236,0.34444444444444444,0.5223562112813733
easygese:pine,pine,HT,mlp,mse,affine,0.6090466883566813,0.6137914224809001,35.495595902144835,0.3464742701348187,0.8324263177142669,0.32222222222222224,0.5369921664376018
easygese:pine,pine,HT,mlp,mse,isotonic,0.5998751578063954,0.6072933137991392,35.901493985275735,0.32999658580634667,0.810601800810591,0.3111111111111111,0.501777543297021
easygese:pine,pine,HT,mlp,mse,raw,0.6090466883566815,0.6137914224809001,35.395227281423175,0.3512435994455441,0.8324263177142669,0.32222222222222224,0.5369921664376018
easygese:pine,pine,HT,mlp,pearson,affine,0.6142931484089302,0.6136320325431732,35.302501922509826,0.35263054078987743,0.8393137456396351,0.34444444444444444,0.5324555403393372
easygese:pine,pine,HT,mlp,pearson,isotonic,0.6001787142306398,0.601675948429507,35.88254737075793,0.32934616670747935,0.814479761176871,0.3,0.4783853971284569
easygese:pine,pine,HT,mlp,pearson,raw,0.6142931484089303,0.6136320325431732,36.07256334523445,0.3205850535791318,0.8393137456396351,0.34444444444444444,0.5324555403393372
easygese:pine,pine,HT,transformer,ccc,affine,0.48779288528177045,0.4844608068630382,38.954325821107005,0.212005960245745,0.8073653500484935,0.2777777777777778,0.47200697854537965
easygese:pine,pine,HT,transformer,ccc,isotonic,0.4691855328036526,0.47851299209930775,39.58867612194956,0.18523735625441579,0.7981790157565711,0.2611111111111111,0.4294412673742742
easygese:pine,pine,HT,transformer,ccc,raw,0.4877928852817705,0.4844608068630382,43.81058366651756,-0.004550493517094789,0.8073653500484935,0.2777777777777778,0.47200697854537965
easygese:pine,pine,HT,transformer,hybrid,affine,0.4815242377367294,0.4790447294785241,39.06713360788302,0.20741629492856112,0.8015267253529524,0.29444444444444445,0.4566319689977324
easygese:pine,pine,HT,transformer,hybrid,isotonic,0.4557010131126562,0.47032064961690906,39.969635951452,0.16900528351307914,0.7914302709765443,0.2833333333333333,0.4178349077598712
easygese:pine,pine,HT,transformer,hybrid,raw,0.48152423773672925,0.4790447294785241,39.613776353328596,0.1834220757494614,0.8015267253529524,0.29444444444444445,0.4566319689977324
easygese:pine,pine,HT,transformer,mse,affine,0.4941587854701517,0.49809007712897896,38.62038010923572,0.22586926188848083,0.8012092775863449,0.28888888888888886,0.4551716732357301
easygese:pine,pine,HT,transformer,mse,isotonic,0.46673984419976405,0.48408386383323565,39.55336414329045,0.18604175062678785,0.7899288667188353,0.25,0.38370129327191943
easygese:pine,pine,HT,transformer,mse,raw,0.4941587854701515,0.49809007712897896,38.98083876180653,0.21074582106011194,0.8012092775863449,0.28888888888888886,0.4551716732357301
easygese:pine,pine,HT,transformer,pearson,affine,0.48668938127889466,0.4800798095577686,38.993991312865475,0.21047342976556688,0.8027817812997784,0.2833333333333333,0.4767826967326661
easygese:pine,pine,HT,transformer,pearson,isotonic,0.4591990614110496,0.4714101027109354,39.81754108252028,0.1765515228969193,0.8008569059589481,0.25555555555555554,0.4066274369870551
easygese:pine,pine,HT,transformer,pearson,raw,0.48668938127889483,0.4800798095577686,54.64284435548914,-0.5915138035496206,0.8027817812997784,0.2833333333333333,0.4767826967326661
easygese:pine,pine,HTLC,cnn,ccc,affine,0.6836964150076849,0.6693107308501567,10.642044602844893,0.45357062963812506,0.8342578590558283,0.43888888888888894,0.6828392950937145
easygese:pine,pine,HTLC,cnn,ccc,isotonic,0.6660080789167228,0.6613123021472465,10.927481717519235,0.4234622251650414,0.8351120719218488,0.4333333333333333,0.6720535256919586
easygese:pine,pine,HTLC,cnn,ccc,raw,0.6836964150076849,0.6693107308501567,10.67881046478396,0.4491146313429371,0.8342578590558283,0.43888888888888894,0.6828392950937145
easygese:pine,pine,HTLC,cnn,hybrid,affine,0.6357122121232514,0.6273646144755818,11.243698202703644,0.3904760670411134,0.8330092669271929,0.43888888888888894,0.6829983360153189
easygese:pine,pine,HTLC,cnn,hybrid,isotonic,0.6350709730333645,0.6216184534931269,11.297534399324208,0.3853813997306138,0.8214735289202613,0.3888888888888889,0.6307894888820225
easygese:pine,pine,HTLC,cnn,hybrid,raw,0.6357122121232511,0.6273646144755818,13.988047287740269,0.06036187798509298,0.8330092669271929,0.43888888888888894,0.6829983360153189
easygese:pine,pine,HTLC,cnn,mse,affine,0.6913766371708372,0.6747717410509428,10.52803334484964,0.4646074078999588,0.8410030764324208,0.45,0.6911652067849683
easygese:pine,pine,HTLC,cnn,mse,isotonic,0.6699750559091197,0.6654231153533987,10.844091575146427,0.43064621835403843,0.8419050565495155,0.42777777777777776,0.672887987073959
easygese:pine,pine,HTLC,cnn,mse,raw,0.6913766371708372,0.6747717410509428,10.538571826151127,0.46385410986174413,0.8410030764324208,0.45,0.6911652067849683
easygese:pine,pine,HTLC,cnn,pearson,affine,0.6246883020407819,0.6198328706108365,11.389138530620782,0.37383199142191986,0.816084275921862,0.40555555555555556,0.6468488078783905
easygese:pine,pine,HTLC,cnn,pearson,isotonic,0.6149141725917467,0.6130744156483365,11.553435621829646,0.3560921382488116,0.8159282578030368,0.40555555555555556,0.6560991938308598
easygese:pine,pine,HTLC,cnn,pearson,raw,0.6246883020407817,0.6198328706108365,14.060536619590556,0.05063402162599754,0.816084275921862,0.40555555555555556,0.6468488078783905
easygese:pine,pine,HTLC,mlp,ccc,affine,0.7726704136522675,0.7610307011344408,9.27034880542406,0.5840838632015011,0.8920668980978353,0.5444444444444445,0.7982572841755708
easygese:pine,pine,HTLC,mlp,ccc,isotonic,0.7561108600549212,0.7552475422043241,9.588000481071024,0.5538615094981971,0.8791569071901106,0.5166666666666667,0.767923917620167
easygese:pine,pine,HTLC,mlp,ccc,raw,0.7726704136522676,0.7610307011344408,9.38498800982116,0.5718620717035876,0.8920668980978353,0.5444444444444445,0.7982572841755708
easygese:pine,pine,HTLC,mlp,hybrid,affine,0.7744624006191423,0.7639778891492471,9.231187420128594,0.5876845385729622,0.8838585640020554,0.538888888888889,0.7891707810831201
easygese:pine,pine,HTLC,mlp,hybrid,isotonic,0.7612019533749499,0.760658635501026,9.48567389188733,0.563599449831341,0.8790395249508267,0.538888888888889,0.7709382834067772
easygese:pine,pine,HTLC,mlp,hybrid,raw,0.7744624006191418,0.7639778891492471,9.29201924297536,0.5828014270886844,0.8838585640020554,0.538888888888889,0.7891707810831201
easygese:pine,pine,HTLC,mlp,mse,affine,0.7746556333211752,0.7633134945782781,9.218941344748533,0.5891507305493241,0.8845616914352139,0.5444444444444445,0.7908196513620496
easygese:pine,pine,HTLC,mlp,mse,isotonic,0.7620879554974456,0.7599257037724996,9.458022718514892,0.5676929596443043,0.8823565389861605,0.538888888888889,0.7845143441903858
easygese:pine,pine,HTLC,mlp,mse,raw,0.7746556333211749,0.7633134945782781,9.24587362252623,0.5879228558934997,0.8845616914352139,0.5444444444444445,0.7908196513620496
easygese:pine,pine,HTLC,mlp,pearson,affine,0.7777554986570182,0.7653611073936106,9.146301729279203,0.595092966059423,0.8901309718799659,0.5555555555555556,0.7996258881455793
easygese:pine,pine,HTLC,mlp,pearson,isotonic,0.7631515052947241,0.7632058605672254,9.447984298360163,0.5667156634222735,0.8763095416667983,0.538888888888889,0.7790883683566101
easygese:pine,pine,HTLC,mlp,pearson,raw,0.7777554986570179,0.7653611073936106,9.292150528581065,0.5820265723619478,0.8901309718799659,0.5555555555555556,0.7996258881455793
easygese:pine,pine,HTLC,transformer,ccc,affine,0.6539127834416745,0.6334509143578357,11.08160324611853,0.40570048587788976,0.8370268695668512,0.4166666666666667,0.6868824329991641
easygese:pine,pine,HTLC,transformer,ccc,isotonic,0.6365174940665617,0.6287036463991069,11.414912943330991,0.3660068228190122,0.8208864641625121,0.4,0.6768882931009702
easygese:pine,pine,HTLC,transformer,ccc,raw,0.6539127834416744,0.6334509143578357,12.169892434038522,0.2640142470744876,0.8370268695668512,0.4166666666666667,0.6868824329991641
easygese:pine,pine,HTLC,transformer,hybrid,affine,0.6558355240557558,0.6381291173789635,11.052276353006638,0.40946058385307565,0.8309566888284401,0.4,0.6792786169481617
easygese:pine,pine,HTLC,transformer,hybrid,isotonic,0.6389975229830164,0.6316130350022059,11.374213873563502,0.3724159059020672,0.8222913029206497,0.37222222222222223,0.632628432377057
easygese:pine,pine,HTLC,transformer,hybrid,raw,0.6558355240557557,0.6381291173789635,11.273912378063631,0.38372151655462544,0.8309566888284401,0.4,0.6792786169481617
easygese:pine,pine,HTLC,transformer,mse,affine,0.661669928290945,0.6374109965823909,10.989903219200894,0.415554971977014,0.8423325052699339,0.4333333333333333,0.705764657005213
easygese:pine,pine,HTLC,transformer,mse,isotonic,0.6508117468818551,0.6374178217982353,11.1772512035209,0.39303965770043664,0.8375723715580194,0.4222222222222222,0.6699417839272604
easygese:pine,pine,HTLC,transformer,mse,raw,0.6616699282909451,0.6374109965823909,11.00335216749517,0.4128222674073836,0.8423325052699339,0.4333333333333333,0.705764657005213
easygese:pine,pine,HTLC,transformer,pearson,affine,0.6587949244137326,0.6390320086718857,10.999891141755274,0.41561037552713476,0.8242619055411711,0.4166666666666667,0.6755297200841952
easygese:pine,pine,HTLC,transformer,pearson,isotonic,0.6455725586709928,0.6349342841984221,11.257804978417479,0.387141467595791,0.8253073360351749,0.40555555555555556,0.661288954840816
easygese:pine,pine,HTLC,transformer,pearson,raw,0.6587949244137326,0.6390320086718857,16.465798338436123,-0.350269534555232,0.8242619055411711,0.4166666666666667,0.6755297200841952
easygese:pine,pine,c5c6,cnn,ccc,affine,0.8153990404269227,0.786869660122371,0.4412961447139961,0.6484950301525301,0.915574769585716,0.5421052631578946,0.7863102009931912
easygese:pine,pine,c5c6,cnn,ccc,isotonic,0.8056544174292783,0.784370470395046,0.45388550878677564,0.6269075108816018,0.9000012596325562,0.5421052631578946,0.7894143129170131
easygese:pine,pine,c5c6,cnn,ccc,raw,0.8153990404269225,0.786869660122371,0.44130300424116015,0.6475466192200497,0.915574769585716,0.5421052631578946,0.7863102009931912
easygese:pine,pine,c5c6,cnn,hybrid,affine,0.8036248978924927,0.7751826199537121,0.45087399927228694,0.6323444826213854,0.9175782223036932,0.5368421052631579,0.779644269124009
easygese:pine,pine,c5c6,cnn,hybrid,isotonic,0.7821887671997836,0.7658796083854067,0.47308643242518655,0.5937312169389805,0.9039623797671659,0.5157894736842106,0.7662694022962658
easygese:pine,pine,c5c6,cnn,hybrid,raw,0.8036248978924931,0.7751826199537121,0.689943016988064,0.1480859152926023,0.9175782223036932,0.5368421052631579,0.779644269124009
easygese:pine,pine,c5c6,cnn,mse,affine,0.8192535881383636,0.7858291819818733,0.4361517398197864,0.6570937211807832,0.9254657673025601,0.5473684210526316,0.7998399402780292
easygese:pine,pine,c5c6,cnn,mse,isotonic,0.8092282826622512,0.7827399850045392,0.44741348187047975,0.6385430647781735,0.9117458813140308,0.5421052631578946,0.7869463814065661
easygese:pine,pine,c5c6,cnn,mse,raw,0.8192535881383638,0.7858291819818733,0.4352125125212544,0.658940573881899,0.9254657673025601,0.5473684210526316,0.7998399402780292
easygese:pine,pine,c5c6,cnn,pearson,affine,0.7916851483563933,0.76493596736333,0.4648806224066666,0.609847887755487,0.9020736506461127,0.5105263157894736,0.7631233867647333
easygese:pine,pine,c5c6,cnn,pearson,isotonic,0.7780894071512215,0.762203214974738,0.47813525682589153,0.5861806845397736,0.8881854306732426,0.5105263157894736,0.7608689216308042
easygese:pine,pine,c5c6,cnn,pearson,raw,0.791685148356393,0.76493596736333,0.7191377677960553,0.07692350023763417,0.9020736506461127,0.5105263157894736,0.7631233867647333
easygese:pine,pine,c5c6,mlp,ccc,affine,0.9053434353845125,0.8804509401364976,0.3209921111837861,0.8143061015756133,0.9594740187775219,0.6631578947368422,0.9008328755945618
easygese:pine,pine,c5c6,mlp,ccc,isotonic,0.8987861287568526,0.8773941306941422,0.3314906628731201,0.802187244401669,0.9533676502078812,0.6473684210526316,0.8927440530844214
easygese:pine,pine,c5c6,mlp,ccc,raw,0.9053434353845125,0.8804509401364976,0.3234727004251052,0.8114451169482688,0.9594740187775219,0.6631578947368422,0.9008328755945618
easygese:pine,pine,c5c6,mlp,hybrid,affine,0.9042652278657058,0.8775108409737904,0.3226943545351539,0.8122667145282492,0.9569326652883188,0.6421052631578947,0.8882355608157821
easygese:pine,pine,c5c6,mlp,hybrid,isotonic,0.8968569159618713,0.8744889565133398,0.33479691580197857,0.7982569688043387,0.949751270183223,0.6263157894736842,0.8762310090907519
easygese:pine,pine,c5c6,mlp,hybrid,raw,0.9042652278657057,0.8775108409737904,0.32570185037624283,0.8088581528538349,0.9569326652883188,0.6421052631578947,0.8882355608157821
easygese:pine,pine,c5c6,mlp,mse,affine,0.9006900655597383,0.8757047808300944,0.32827644110945975,0.8054198885602222,0.9551484777257458,0.6578947368421052,0.8884801410470523
easygese:pine,pine,c5c6,mlp,mse,isotonic,0.8937954529243528,0.8716513923591076,0.33836925597101436,0.7934036897506405,0.9486836274239756,0.6473684210526316,0.879424427418557
easygese:pine,pine,c5c6,mlp,mse,raw,0.9006900655597386,0.8757047808300944,0.3372547864529417,0.795358035247682,0.9551484777257458,0.6578947368421052,0.8884801410470523
easygese:pine,pine,c5c6,mlp,pearson,affine,0.9073955073327111,0.881589357374349,0.3182268438236838,0.8178211775919196,0.9583360585763694,0.6368421052631579,0.886583001541533
easygese:pine,pine,c5c6,mlp,pearson,isotonic,0.8996036146822692,0.8800501845318103,0.33163641396771554,0.8021441493483417,0.9532436762310852,0.631578947368421,0.8856544309471234
easygese:pine,pine,c5c6,mlp,pearson,raw,0.9073955073327109,0.881589357374349,0.3316978321628408,0.8018662453283074,0.9583360585763694,0.6368421052631579,0.886583001541533
easygese:pine,pine,c5c6,transformer,ccc,affine,0.8140502933380862,0.775676888495807,0.4411839189678342,0.6502839966046632,0.9230930366822493,0.5526315789473684,0.800623747398911
easygese:pine,pine,c5c6,transformer,ccc,isotonic,0.7979750050681852,0.7698104122736437,0.45881258918960566,0.6214321137216768,0.9082417942057814,0.531578947368421,0.7855631977747444
easygese:pine,pine,c5c6,transformer,ccc,raw,0.8140502933380862,0.775676888495807,0.4448936596650535,0.6441553345427804,0.9230930366822493,0.5526315789473684,0.800623747398911
easygese:pine,pine,c5c6,transformer,hybrid,affine,0.8140791364494648,0.7768478410545179,0.44086635003361874,0.6508679712991989,0.926209859415034,0.5578947368421052,0.8098412604177483
easygese:pine,pine,c5c6,transformer,hybrid,isotonic,0.7974203120290814,0.7731246933669551,0.4592355519728934,0.620836981813084,0.9133824422193673,0.531578947368421,0.7968317249661996
easygese:pine,pine,c5c6,transformer,hybrid,raw,0.8140791364494648,0.7768478410545179,0.43883784561978006,0.6540372725781671,0.926209859415034,0.5578947368421052,0.8098412604177483
easygese:pine,pine,c5c6,transformer,mse,affine,0.8093953792576902,0.7750734408437713,0.44441934362122304,0.6444614727616729,0.9187597812556996,0.5473684210526315,0.7919712761386366
easygese:pine,pine,c5c6,transformer,mse,isotonic,0.7960033287746547,0.769927909418524,0.4583105786247617,0.621840413801258,0.9076119667033051,0.5263157894736842,0.7910163063808099
easygese:pine,pine,c5c6,transformer,mse,raw,0.8093953792576899,0.7750734408437713,0.44349652206923673,0.645911343692504,0.9187597812556996,0.5473684210526315,0.7919712761386366
easygese:pine,pine,c5c6,transformer,pearson,affine,0.8130774702854003,0.7767383628596676,0.44178723837835454,0.6496161742154821,0.9250742762737962,0.5736842105263158,0.8046593252258731
easygese:pine,pine,c5c6,transformer,pearson,isotonic,0.7970660860512246,0.77136824368063,0.4589520752198933,0.6220711142816843,0.917311994711644,0.5421052631578946,0.7779120878078863
easygese:pine,pine,c5c6,transformer,pearson,raw,0.8130774702854001,0.7767383628596676,0.4961206654501094,0.547256005412416,0.9250742762737962,0.5736842105263158,0.8046593252258731
easygese:pine,pine,density,cnn,ccc,affine,0.8647929919403683,0.8458979370370207,0.29567860392893125,0.743169318670252,0.9559073328430614,0.7210526315789474,0.9086491333622149
easygese:pine,pine,density,cnn,ccc,isotonic,0.853340677932484,0.8404211804437717,0.308738359456171,0.7209699909199394,0.944356014986108,0.6736842105263158,0.8773991189766119
easygese:pine,pine,density,cnn,ccc,raw,0.8647929919403682,0.8458979370370207,0.29594709969350125,0.7427856162832767,0.9559073328430614,0.7210526315789474,0.9086491333622149
easygese:pine,pine,density,cnn,hybrid,affine,0.8639397773211682,0.8463341686780066,0.2958481896885345,0.7426967567614475,0.9517049552867082,0.7052631578947368,0.8866612857471144
easygese:pine,pine,density,cnn,hybrid,isotonic,0.8575941471120807,0.8449662050123278,0.3037269700798323,0.7289137653863682,0.9441976530156422,0.6842105263157895,0.8753312836360092
easygese:pine,pine,density,cnn,hybrid,raw,0.8639397773211682,0.8463341686780066,0.46879763787880985,0.35289968584532705,0.9517049552867082,0.7052631578947368,0.8866612857471144
easygese:pine,pine,density,cnn,mse,affine,0.8706599822903021,0.8503473987360002,0.2893438302324699,0.7540242550702395,0.9565083168862234,0.7315789473684211,0.9033159476002659
easygese:pine,pine,density,cnn,mse,isotonic,0.8603368252370419,0.8476636888523187,0.3008134969500915,0.7352475394766564,0.9469758411601108,0.7052631578947368,0.8964395212449924
easygese:pine,pine,density,cnn,mse,raw,0.8706599822903023,0.8503473987360002,0.290688934327754,0.7519494572927657,0.9565083168862234,0.7315789473684211,0.9033159476002659
easygese:pine,pine,density,cnn,pearson,affine,0.847439082553328,0.8286682635331573,0.3122344587990448,0.7136936060235688,0.9389002316462184,0.6842105263157895,0.873803004701877
easygese:pine,pine,density,cnn,pearson,isotonic,0.8413063810701565,0.8257845217812994,0.3185969558542586,0.7026859092781272,0.9305385065624815,0.6473684210526316,0.854783950056816
easygese:pine,pine,density,cnn,pearson,raw,0.8474390825533277,0.8286682635331573,0.5550976086124166,0.10305022212105457,0.9389002316462184,0.6842105263157895,0.873803004701877
easygese:pine,pine,density,mlp,ccc,affine,0.9415178203360423,0.9381511278936975,0.1993903108897579,0.8836696163523309,0.9725187202398169,0.8105263157894737,0.95131694477667
easygese:pine,pine,density,mlp,ccc,isotonic,0.9367201118525049,0.9373375261097616,0.20785561035626832,0.8739659047619085,0.9693176704947544,0.7894736842105263,0.9428993519256574
easygese:pine,pine,density,mlp,ccc,raw,0.9415178203360425,0.9381511278936975,0.2020538709982307,0.8799063012591777,0.9725187202398169,0.8105263157894737,0.95131694477667
easygese:pine,pine,density,mlp,hybrid,affine,0.9414255792027049,0.9362093097036357,0.19957888051983755,0.8832796116948405,0.9742957564416626,0.8105263157894737,0.9526937250916937
easygese:pine,pine,density,mlp,hybrid,isotonic,0.9366142526125515,0.9352817007686266,0.20802421504533272,0.8735505013428583,0.9714192649581767,0.7894736842105263,0.9390856637011582
easygese:pine,pine,density,mlp,hybrid,raw,0.9414255792027051,0.9362093097036357,0.20326835552207623,0.878082936500698,0.9742957564416626,0.8105263157894737,0.9526937250916937
easygese:pine,pine,density,mlp,mse,affine,0.9387696987048442,0.9348175837186876,0.20395283368272077,0.8784860682272525,0.9724291180744213,0.8315789473684211,0.9546142438237981
easygese:pine,pine,density,mlp,mse,isotonic,0.932736576006832,0.9337936324705595,0.2139002079202062,0.8664099290824906,0.9716769115671055,0.7947368421052632,0.937248270069197
easygese:pine,pine,density,mlp,mse,raw,0.9387696987048443,0.9348175837186876,0.21203911419657784,0.8684601145102381,0.9724291180744213,0.8315789473684211,0.9546142438237981
easygese:pine,pine,density,mlp,pearson,affine,0.9424413849526777,0.9380563803626899,0.19748769502562907,0.8856167365414906,0.9746110249105799,0.8210526315789473,0.9540172998225975
easygese:pine,pine,density,mlp,pearson,isotonic,0.9368618758819339,0.936923886138349,0.20723935805666568,0.8745209389363232,0.9720576794790114,0.7736842105263158,0.9357940549164508
easygese:pine,pine,density,mlp,pearson,raw,0.9424413849526777,0.9380563803626899,0.22247256078885216,0.8549696732310542,0.9746110249105799,0.8210526315789473,0.9540172998225975
easygese:pine,pine,density,transformer,ccc,affine,0.8522911167361358,0.8306204211832409,0.3078382052005013,0.7219982125650493,0.9460397970801177,0.6789473684210525,0.8874678739176345
easygese:pine,pine,density,transformer,ccc,isotonic,0.8432191465690524,0.8283972549041618,0.3180366155882933,0.7037242861046324,0.9428741925792344,0.6684210526315789,0.8869464885599179
easygese:pine,pine,density,transformer,ccc,raw,0.8522911167361358,0.8306204211832409,0.3163505272966547,0.7056334393765975,0.9460397970801177,0.6789473684210525,0.8874678739176345
easygese:pine,pine,density,transformer,hybrid,affine,0.8573235138061864,0.8349742515369085,0.30282785413548974,0.7307233528019312,0.9507528317817935,0.7052631578947368,0.8926508319422501
easygese:pine,pine,density,transformer,hybrid,isotonic,0.8467297288315141,0.8321156515625253,0.3145131412627437,0.7094474509925076,0.950875761607476,0.7052631578947368,0.8941622965128312
easygese:pine,pine,density,transformer,hybrid,raw,0.8573235138061864,0.8349742515369085,0.30437683521929654,0.7272495934118163,0.9507528317817935,0.7052631578947368,0.8926508319422501
easygese:pine,pine,density,transformer,mse,affine,0.8508625618476945,0.8310960889636849,0.30979573921327563,0.7184317686201315,0.9416788702493516,0.6684210526315789,0.8790935879250859
easygese:pine,pine,density,transformer,mse,isotonic,0.839564487609372,0.8276645583160132,0.3221487390486395,0.6951751723308752,0.935618532874115,0.6684210526315789,0.8883829787729424
easygese:pine,pine,density,transformer,mse,raw,0.8508625618476943,0.8310960889636849,0.3117880627497415,0.7141724076668783,0.9416788702493516,0.6684210526315789,0.8790935879250859
easygese:pine,pine,density,transformer,pearson,affine,0.8544299218143593,0.8342439991420122,0.3055971671671723,0.725546838449026,0.9539214746670222,0.7210526315789474,0.9016867395839601
easygese:pine,pine,density,transformer,pearson,isotonic,0.8434300847412481,0.8292593844218643,0.31665294482130835,0.7051800297091501,0.9468352444116099,0.7,0.8924743529563827
easygese:pine,pine,density,transformer,pearson,raw,0.8544299218143594,0.8342439991420122,0.7027368574693609,-0.5041784849757951,0.9539214746670222,0.7210526315789474,0.9016867395839601
easygese:pine,pine,gall,cnn,ccc,affine,0.8027150187221952,0.7747105768491054,0.2189960083126437,0.6338929967713363,0.9042057096240367,0.6058823529411764,0.8564164908464917
easygese:pine,pine,gall,cnn,ccc,isotonic,0.7966302324227263,0.7702144846464046,0.2233133845477008,0.619758595956555,0.8954514526227548,0.611764705882353,0.8592657843897562
easygese:pine,pine,gall,cnn,ccc,raw,0.8027150187221954,0.7747105768491054,0.21781584924527908,0.6379691635167475,0.9042057096240367,0.6058823529411764,0.8564164908464917
easygese:pine,pine,gall,cnn,hybrid,affine,0.7575805898361087,0.7265890918820087,0.23817463342832507,0.5682148057366545,0.8886330888865904,0.5588235294117647,0.810858531633136
easygese:pine,pine,gall,cnn,hybrid,isotonic,0.7417508030586559,0.7235850812730555,0.24674071214733315,0.5372237229795176,0.880118691734628,0.5941176470588235,0.8197248634441472
easygese:pine,pine,gall,cnn,hybrid,raw,0.7575805898361085,0.7265890918820087,0.3459279318226786,0.0922047811555706,0.8886330888865904,0.5588235294117647,0.810858531633136
easygese:pine,pine,gall,cnn,mse,affine,0.8104800292473552,0.7834325929949151,0.21496598690167196,0.648186978939078,0.9125434923350028,0.5941176470588235,0.8566566444154841
easygese:pine,pine,gall,cnn,mse,isotonic,0.802152307444727,0.7798725463058785,0.22093110956198428,0.6279298299531278,0.8951371480822937,0.611764705882353,0.8473097193145867
easygese:pine,pine,gall,cnn,mse,raw,0.8104800292473552,0.7834325929949151,0.21536512723590445,0.6473297952322122,0.9125434923350028,0.5941176470588235,0.8566566444154841
easygese:pine,pine,gall,cnn,pearson,affine,0.7547150910174512,0.720198639907519,0.23956433569742783,0.5608227339513456,0.886191043001802,0.5823529411764706,0.8117164754927193
easygese:pine,pine,gall,cnn,pearson,isotonic,0.7442778041084996,0.7150373742408481,0.2452628704265296,0.5390378366642167,0.8870783327061862,0.5764705882352941,0.8131531594620585
easygese:pine,pine,gall,cnn,pearson,raw,0.7547150910174512,0.720198639907519,0.352054418404178,0.05999330364553623,0.886191043001802,0.5823529411764706,0.8117164754927193
easygese:pine,pine,gall,mlp,ccc,affine,0.8893912452836016,0.874043334492012,0.16669514704314242,0.7864068176831414,0.9348569355732315,0.6764705882352942,0.9039670062428774
easygese:pine,pine,gall,mlp,ccc,isotonic,0.8801145928873675,0.8732328007254393,0.17500163490961193,0.7650409980168591,0.924021413714058,0.6882352941176471,0.9029007514746248
easygese:pine,pine,gall,mlp,ccc,raw,0.8893912452836016,0.874043334492012,0.1687921587520439,0.7800739602021933,0.9348569355732315,0.6764705882352942,0.9039670062428774
easygese:pine,pine,gall,mlp,hybrid,affine,0.886746660093381,0.872218656941706,0.16846627101307968,0.7811870624145444,0.9387595847390002,0.7,0.9116385935941755
easygese:pine,pine,gall,mlp,hybrid,isotonic,0.87899164033913,0.8720299172354371,0.17498027798860394,0.764623737666443,0.9303493242171825,0.6705882352941177,0.8962251838747554
easygese:pine,pine,gall,mlp,hybrid,raw,0.8867466600933811,0.872218656941706,0.17056739343084593,0.7756732691550778,0.9387595847390002,0.7,0.9116385935941755
easygese:pine,pine,gall,mlp,mse,affine,0.8867431305132547,0.8710917550743217,0.16868341022811303,0.7819811198790361,0.941178740316389,0.6882352941176471,0.913707780926595
easygese:pine,pine,gall,mlp,mse,isotonic,0.8764531166729841,0.8687021690442702,0.17684463343665363,0.7601387544676038,0.9298181839301703,0.6882352941176471,0.9111638408705754
easygese:pine,pine,gall,mlp,mse,raw,0.8867431305132548,0.8710917550743217,0.17453952077815973,0.7675503416066848,0.941178740316389,0.6882352941176471,0.913707780926595
easygese:pine,pine,gall,mlp,pearson,affine,0.8867874835892072,0.8699928242287317,0.16841630206414002,0.7812256637362858,0.9348331860123036,0.6823529411764706,0.9007409969201141
easygese:pine,pine,gall,mlp,pearson,isotonic,0.8779481597234188,0.8686163224726784,0.17540564544609333,0.7631791601228824,0.935109283798762,0.6882352941176471,0.9074931968076922
easygese:pine,pine,gall,mlp,pearson,raw,0.8867874835892074,0.8699928242287317,0.1718794089262829,0.771761468117011,0.9348331860123036,0.6823529411764706,0.9007409969201141
easygese:pine,pine,gall,transformer,ccc,affine,0.7832522488892221,0.7420867896618653,0.22742407974480588,0.6048526476473313,0.9008741620179173,0.6,0.8240618710571151
easygese:pine,pine,gall,transformer,ccc,isotonic,0.7629574661399753,0.737473222603136,0.2368763219227449,0.5700442531548108,0.8910893241279323,0.5941176470588235,0.8153058744548028
easygese:pine,pine,gall,transformer,ccc,raw,0.7832522488892222,0.7420867896618653,0.23957218774222055,0.5589844669898462,0.9008741620179173,0.6,0.8240618710571151
easygese:pine,pine,gall,transformer,hybrid,affine,0.7881892575272442,0.7530228914526809,0.2252876806596443,0.6114905584658802,0.9032650025375263,0.611764705882353,0.8285070490316027
easygese:pine,pine,gall,transformer,hybrid,isotonic,0.7697214526139685,0.7504518492273599,0.23374594334813495,0.5797624876735323,0.8909030253406396,0.5823529411764706,0.8058712085083141
easygese:pine,pine,gall,transformer,hybrid,raw,0.788189257527244,0.7530228914526809,0.22524294055900781,0.6113018446661874,0.9032650025375263,0.611764705882353,0.8285070490316027
easygese:pine,pine,gall,transformer,mse,affine,0.8022546520604571,0.7661401384421962,0.2188807975872067,0.6338221889088232,0.9059227171929475,0.6176470588235294,0.82875786750726
easygese:pine,pine,gall,transformer,mse,isotonic,0.7866392285734516,0.7596691952206479,0.22648990230839194,0.6061633125860014,0.8847478925673247,0.611764705882353,0.822119148079647
easygese:pine,pine,gall,transformer,mse,raw,0.8022546520604573,0.7661401384421962,0.21968196815823507,0.6301942598460544,0.9059227171929475,0.6176470588235294,0.82875786750726
easygese:pine,pine,gall,transformer,pearson,affine,0.7796936383756141,0.7456322656196688,0.22907205702765374,0.5972019557938946,0.8986860077816156,0.6058823529411764,0.8232939774124237
easygese:pine,pine,gall,transformer,pearson,isotonic,0.762968895707518,0.7437442584943905,0.23785394733402537,0.5649459180868073,0.8888683762596576,0.6,0.8138815590297581
easygese:pine,pine,gall,transformer,pearson,raw,0.7796936383756142,0.7456322656196688,0.28795232582440417,0.3552040516825533,0.8986860077816156,0.6058823529411764,0.8232939774124237
easygese:pine,pine,lateWood.4,cnn,ccc,affine,0.8243235834328468,0.78994386414229,0.27490825493755866,0.6720157360957952,0.9472994436333231,0.7,0.8772780629177177
easygese:pine,pine,lateWood.4,cnn,ccc,isotonic,0.8146273213189339,0.787017618453856,0.2828202704087882,0.653293307973126,0.9318794696376367,0.6736842105263158,0.8595802171342697
easygese:pine,pine,lateWood.4,cnn,ccc,raw,0.8243235834328468,0.78994386414229,0.2756869056165058,0.6698404045426793,0.9472994436333231,0.7,0.8772780629177177
easygese:pine,pine,lateWood.4,cnn,hybrid,affine,0.8172313388179104,0.7845295711049526,0.2800353984619412,0.6605205234691867,0.9378241892113955,0.6578947368421052,0.8588093110282505
easygese:pine,pine,lateWood.4,cnn,hybrid,isotonic,0.8090866623842258,0.7823130598807355,0.2863174418408051,0.644617586521662,0.9332725390789252,0.6473684210526316,0.8623914262641896
easygese:pine,pine,lateWood.4,cnn,hybrid,raw,0.8172313388179102,0.7845295711049526,0.4370433201228884,0.17556067175511741,0.9378241892113955,0.6578947368421052,0.8588093110282505
easygese:pine,pine,lateWood.4,cnn,mse,affine,0.8251231049628837,0.7876842557575181,0.27430883186033783,0.6737886335998071,0.9506016374034838,0.7105263157894737,0.8863308735340603
easygese:pine,pine,lateWood.4,cnn,mse,isotonic,0.8155541733399654,0.7844544725993099,0.2823813878157875,0.654769999779519,0.9412869964039976,0.6842105263157895,0.8757394374639574
easygese:pine,pine,lateWood.4,cnn,mse,raw,0.8251231049628839,0.7876842557575181,0.2745598624361987,0.6734882785642032,0.9506016374034838,0.7105263157894737,0.8863308735340603
easygese:pine,pine,lateWood.4,cnn,pearson,affine,0.8047625373047497,0.7739520620253642,0.2889215056120961,0.6395236204606618,0.928382962341175,0.6368421052631579,0.8352810595281339
easygese:pine,pine,lateWood.4,cnn,pearson,isotonic,0.7933147620909633,0.7694231352318393,0.2983074327899665,0.6148782818865642,0.9190807578067028,0.6263157894736842,0.8438989711465098
easygese:pine,pine,lateWood.4,cnn,pearson,raw,0.8047625373047497,0.7739520620253642,0.46277238421966144,0.07996867584320719,0.928382962341175,0.6368421052631579,0.8352810595281339
easygese:pine,pine,lateWood.4,mlp,ccc,affine,0.9027419289804437,0.8838869815387769,0.21068616664699413,0.808225762218313,0.9720676167511307,0.7736842105263158,0.9461734195975282
easygese:pine,pine,lateWood.4,mlp,ccc,isotonic,0.8948186791718588,0.8808902349140177,0.22095026709917426,0.7885531417983724,0.9714409176257501,0.7526315789473684,0.9376769696582301
easygese:pine,pine,lateWood.4,mlp,ccc,raw,0.9027419289804435,0.8838869815387769,0.2115525856435037,0.8065882758383103,0.9720676167511307,0.7736842105263158,0.9461734195975282
easygese:pine,pine,lateWood.4,mlp,hybrid,affine,0.9023700523916787,0.8823225769319905,0.21038632007891475,0.80892807944607,0.9724982063048339,0.7684210526315789,0.9451524554665849
easygese:pine,pine,lateWood.4,mlp,hybrid,isotonic,0.8966267738032755,0.8821151190624865,0.2178566708133062,0.7946851827950735,0.9722113404170919,0.7473684210526316,0.9382148560906503
easygese:pine,pine,lateWood.4,mlp,hybrid,raw,0.9023700523916786,0.8823225769319905,0.2118846113870831,0.8061008902009028,0.9724982063048339,0.7684210526315789,0.9451524554665849
easygese:pine,pine,lateWood.4,mlp,mse,affine,0.9007329394523789,0.8801962335307817,0.21252750852258134,0.8044990225019364,0.9706606119235298,0.7684210526315789,0.943130210383722
easygese:pine,pine,lateWood.4,mlp,mse,isotonic,0.8937951885828186,0.8781118527664701,0.22096760494815823,0.7886756049826265,0.9700097542488961,0.7789473684210526,0.944105437094698
easygese:pine,pine,lateWood.4,mlp,mse,raw,0.9007329394523792,0.8801962335307817,0.2152005136590304,0.8001636728457278,0.9706606119235298,0.7684210526315789,0.943130210383722
easygese:pine,pine,lateWood.4,mlp,pearson,affine,0.9030523319876543,0.8837375873632505,0.21002537315518266,0.8096298534941152,0.9723399499163067,0.7631578947368421,0.9423934510079007
easygese:pine,pine,lateWood.4,mlp,pearson,isotonic,0.8970788291279395,0.8834580427900807,0.21725543580867282,0.7960154383780595,0.973695790584717,0.7631578947368421,0.9462046564882879
easygese:pine,pine,lateWood.4,mlp,pearson,raw,0.9030523319876543,0.8837375873632505,0.22433128498526944,0.7814723474075265,0.9723399499163067,0.7631578947368421,0.9423934510079007
easygese:pine,pine,lateWood.4,transformer,ccc,affine,0.8095433101772382,0.7656040357085692,0.28557708380370556,0.6482684695682271,0.9492069008608883,0.6789473684210525,0.8899537740740637
easygese:pine,pine,lateWood.4,transformer,ccc,isotonic,0.7975551074549172,0.7590460728939882,0.2948535120173691,0.6236563448338731,0.9450355957780522,0.6736842105263158,0.8804481143992874
easygese:pine,pine,lateWood.4,transformer,ccc,raw,0.809543310177238,0.7656040357085692,0.29200124509049474,0.6316950979284532,0.9492069008608883,0.6789473684210525,0.8899537740740637
easygese:pine,pine,lateWood.4,transformer,hybrid,affine,0.8122236769701539,0.7677089847071131,0.2834989089833156,0.653171944562295,0.9529037895755303,0.6894736842105262,0.8996335347875479
easygese:pine,pine,lateWood.4,transformer,hybrid,isotonic,0.8037637614698715,0.7647595389680607,0.29094354473101647,0.6342423875127944,0.9506136688216328,0.7,0.8916797430685925
easygese:pine,pine,lateWood.4,transformer,hybrid,raw,0.8122236769701537,0.7677089847071131,0.2865119329610921,0.6454257071135692,0.9529037895755303,0.6894736842105262,0.8996335347875479
easygese:pine,pine,lateWood.4,transformer,mse,affine,0.7968300190946356,0.7440701305276443,0.29497524333678904,0.6254877388344954,0.9521067464915653,0.6894736842105262,0.8954946867528338
easygese:pine,pine,lateWood.4,transformer,mse,isotonic,0.7888477354432277,0.7398756911238721,0.30197840596835146,0.6069708945678342,0.9391461263077906,0.6842105263157895,0.8867166387887349
easygese:pine,pine,lateWood.4,transformer,mse,raw,0.7968300190946356,0.7440701305276443,0.2976935278542535,0.6182815531567938,0.9521067464915653,0.6894736842105262,0.8954946867528338
easygese:pine,pine,lateWood.4,transformer,pearson,affine,0.8134629570673171,0.7694654873169942,0.2827918428141021,0.6553299108890565,0.9481231023761758,0.6736842105263158,0.8886035948951125
easygese:pine,pine,lateWood.4,transformer,pearson,isotonic,0.8086635482587401,0.7667786414329673,0.28743486645368665,0.643140652436106,0.9493937246164934,0.6842105263157895,0.8960577482460952
easygese:pine,pine,lateWood.4,transformer,pearson,raw,0.8134629570673171,0.7694654873169942,0.3976512117219288,0.2762092178289972,0.9481231023761758,0.6736842105263158,0.8886035948951125
easygese:pine,pine,lignin,cnn,ccc,affine,0.8301009913420391,0.8259813090162581,0.15030200262898832,0.6682945708678159,0.9205809639762516,0.5210526315789473,0.8014729263950462
easygese:pine,pine,lignin,cnn,ccc,isotonic,0.8191442368853947,0.826008394040362,0.1547050045778438,0.6483250809439718,0.9029298177194498,0.5105263157894736,0.7917675220991066
easygese:pine,pine,lignin,cnn,ccc,raw,0.8301009913420391,0.8259813090162581,0.14982217704558723,0.6711099330454875,0.9205809639762516,0.5210526315789473,0.8014729263950462
easygese:pine,pine,lignin,cnn,hybrid,affine,0.8084190909365747,0.801778565433084,0.1590585348444308,0.6303485585584918,0.9173564526068796,0.5473684210526316,0.7921457775532391
easygese:pine,pine,lignin,cnn,hybrid,isotonic,0.7960246739546548,0.796767278309232,0.16362321820970088,0.6083402311725195,0.9073030605940898,0.5263157894736843,0.7692680956430834
easygese:pine,pine,lignin,cnn,hybrid,raw,0.8084190909365745,0.801778565433084,0.23468987858562929,0.19705460664569155,0.9173564526068796,0.5473684210526316,0.7921457775532391
easygese:pine,pine,lignin,cnn,mse,affine,0.8388109190433399,0.8327172549540182,0.14675641734815142,0.6839701990909767,0.931948798770564,0.5631578947368421,0.8338641773974892
easygese:pine,pine,lignin,cnn,mse,isotonic,0.8254431411550993,0.8299633140039635,0.15225469142165893,0.6601022633412253,0.9181321236780073,0.5210526315789473,0.7905556427859377
easygese:pine,pine,lignin,cnn,mse,raw,0.83881091904334,0.8327172549540182,0.14687435993567727,0.6842383859831017,0.931948798770564,0.5631578947368421,0.8338641773974892
easygese:pine,pine,lignin,cnn,pearson,affine,0.794319887212817,0.7878480464079876,0.16425346357430937,0.6059639299532942,0.9184636440891063,0.5473684210526316,0.8031754548968741
easygese:pine,pine,lignin,cnn,pearson,isotonic,0.7783295939025611,0.7813737775140122,0.1698722396822508,0.5775210461202941,0.9012195185320986,0.5105263157894736,0.7578924103290898
easygese:pine,pine,lignin,cnn,pearson,raw,0.794319887212817,0.7878480464079876,0.25160719036214746,0.07871787022503528,0.9184636440891063,0.5473684210526316,0.8031754548968741
easygese:pine,pine,lignin,mlp,ccc,affine,0.9041506892009201,0.9009691227896856,0.11424801058973802,0.8088821583285298,0.9493809143080254,0.6210526315789473,0.8673399585797252
easygese:pine,pine,lignin,mlp,ccc,isotonic,0.8930705540073394,0.8992533172618353,0.12021003762089404,0.7882461946138937,0.9490487481451405,0.631578947368421,0.8739874782608931
easygese:pine,pine,lignin,mlp,ccc,raw,0.9041506892009201,0.9009691227896856,0.1137315156970146,0.810813217699255,0.9493809143080254,0.6210526315789473,0.8673399585797252
easygese:pine,pine,lignin,mlp,hybrid,affine,0.9048351861781301,0.9010792042501029,0.1137532512772241,0.8103595646075981,0.9494146788458531,0.6421052631578947,0.8761432887996466
easygese:pine,pine,lignin,mlp,hybrid,isotonic,0.8969347154042338,0.8980941325691847,0.11841210592627008,0.7942446621396301,0.9467365719979035,0.6263157894736842,0.8724132807989156
easygese:pine,pine,lignin,mlp,hybrid,raw,0.9048351861781299,0.9010792042501029,0.11412880811436657,0.8091480153812649,0.9494146788458531,0.6421052631578947,0.8761432887996466
easygese:pine,pine,lignin,mlp,mse,affine,0.903907238846083,0.9001289921042599,0.11400747092402064,0.8092988973021233,0.9499794442130363,0.6421052631578947,0.8709861579763345
easygese:pine,pine,lignin,mlp,mse,isotonic,0.8956373831613345,0.8984326948959455,0.11935460523212153,0.7914100405868659,0.9483821904893421,0.6210526315789473,0.8648322019855585
easygese:pine,pine,lignin,mlp,mse,raw,0.903907238846083,0.9001289921042599,0.11629179000339888,0.802370646414925,0.9499794442130363,0.6421052631578947,0.8709861579763345
easygese:pine,pine,lignin,mlp,pearson,affine,0.9071105397955211,0.9033634034185336,0.11254417543033039,0.8142810787827777,0.9505235566731379,0.6368421052631579,0.8788131763812634
easygese:pine,pine,lignin,mlp,pearson,isotonic,0.8966201733371311,0.9019852787344096,0.11872815024363628,0.7929899727384659,0.9478179945256328,0.6210526315789473,0.875840622284672
easygese:pine,pine,lignin,mlp,pearson,raw,0.9071105397955213,0.9033634034185336,0.1153385242026446,0.8049229299208573,0.9505235566731379,0.6368421052631579,0.8788131763812634
easygese:pine,pine,lignin,transformer,ccc,affine,0.793233767818329,0.7885349721570026,0.16169156724638908,0.6160568383412419,0.8885571746446557,0.4842105263157895,0.7680296937162068
easygese:pine,pine,lignin,transformer,ccc,isotonic,0.7823296529487221,0.7843909737954097,0.16678879085415077,0.5900309414761866,0.8681960651298632,0.46842105263157896,0.7517820384000913
easygese:pine,pine,lignin,transformer,ccc,raw,0.793233767818329,0.7885349721570026,0.16523557136789663,0.5984854500612398,0.8885571746446557,0.4842105263157895,0.7680296937162068
easygese:pine,pine,lignin,transformer,hybrid,affine,0.8040054903254141,0.8012548209743862,0.15761016427741015,0.6342997179928729,0.9077908641630584,0.5263157894736842,0.7883883819404682
easygese:pine,pine,lignin,transformer,hybrid,isotonic,0.7926787816500818,0.7973322096655683,0.16256184210217656,0.6102523568277854,0.8948953936698668,0.4842105263157895,0.7448704745805809
easygese:pine,pine,lignin,transformer,hybrid,raw,0.8040054903254141,0.8012548209743862,0.15807581541373206,0.6320028166037642,0.9077908641630584,0.5263157894736842,0.7883883819404682
easygese:pine,pine,lignin,transformer,mse,affine,0.7935525205108827,0.7902077719367713,0.161614367451287,0.6167867264802431,0.8920330801938485,0.47894736842105257,0.7601211371152903
easygese:pine,pine,lignin,transformer,mse,isotonic,0.7798862524484794,0.786385795207616,0.16754676056277076,0.5866831002040693,0.8697653221934477,0.46842105263157896,0.7475726402725333
easygese:pine,pine,lignin,transformer,mse,raw,0.7935525205108825,0.7902077719367713,0.1620747247828587,0.6147260667348421,0.8920330801938485,0.47894736842105257,0.7601211371152903
easygese:pine,pine,lignin,transformer,pearson,affine,0.7973727373340389,0.7961872910166744,0.16017230591210638,0.6249423705140491,0.8937152832810638,0.5,0.7768061985431357
easygese:pine,pine,lignin,transformer,pearson,isotonic,0.7919202272579191,0.7916782574075732,0.16314701959445785,0.6102556572574247,0.8771645957613471,0.47368421052631576,0.7460695922633083
easygese:pine,pine,lignin,transformer,pearson,raw,0.7973727373340391,0.7961872910166744,0.37728093780574395,-1.228844465711259,0.8937152832810638,0.5,0.7768061985431357
easygese:pine,pine,rootnum,cnn,ccc,affine,0.7895454799558308,0.7783108348275924,0.15035367274521994,0.6163887035846756,0.8710716005391893,0.4631578947368421,0.7110506990805533
easygese:pine,pine,rootnum,cnn,ccc,isotonic,0.779996123966412,0.7749214921202211,0.15352519468913722,0.5995363119282009,0.8670209438167706,0.4526315789473684,0.7120714996963231
easygese:pine,pine,rootnum,cnn,ccc,raw,0.7895454799558309,0.7783108348275924,0.15022031641933853,0.6172825690944228,0.8710716005391893,0.4631578947368421,0.7110506990805533
easygese:pine,pine,rootnum,cnn,hybrid,affine,0.7692256793902008,0.7538726897930424,0.15637688664661234,0.582649640855492,0.8715076671969874,0.44210526315789467,0.7058927276394578
easygese:pine,pine,rootnum,cnn,hybrid,isotonic,0.7607765607694534,0.7519768498210475,0.15892588392975465,0.5678580603607979,0.8530759007421839,0.42105263157894735,0.6594739895161128
easygese:pine,pine,rootnum,cnn,hybrid,raw,0.7692256793902008,0.7538726897930424,0.2230865670618984,0.15857819160761322,0.8715076671969874,0.44210526315789467,0.7058927276394578
easygese:pine,pine,rootnum,cnn,mse,affine,0.7916231548004167,0.7784493821691131,0.14983767350136695,0.6194857733295073,0.8670389707754398,0.45789473684210524,0.7169702479842844
easygese:pine,pine,rootnum,cnn,mse,isotonic,0.7841905038153779,0.7762261506931745,0.15204089456692965,0.607956882280161,0.8652159473287098,0.4473684210526316,0.702144251787878
easygese:pine,pine,rootnum,cnn,mse,raw,0.7916231548004165,0.7784493821691131,0.15073993084065354,0.6150766886592611,0.8670389707754398,0.45789473684210524,0.7169702479842844
easygese:pine,pine,rootnum,cnn,pearson,affine,0.756156885482609,0.740995798811295,0.16063761667980853,0.5631096748071068,0.8647096313573288,0.43684210526315786,0.6817333635844604
easygese:pine,pine,rootnum,cnn,pearson,isotonic,0.7493328411790585,0.7369973393167034,0.16333459979805448,0.5476831344142583,0.8620414882267223,0.4052631578947368,0.6523129231592215
easygese:pine,pine,rootnum,cnn,pearson,raw,0.7561568854826086,0.740995798811295,0.2346130753367332,0.07414078451113836,0.8647096313573288,0.43684210526315786,0.6817333635844604
easygese:pine,pine,rootnum,mlp,ccc,affine,0.8726135974988465,0.8667692412228243,0.11988712472855549,0.7555034935822472,0.9110796352339028,0.5842105263157895,0.8199995891619999
easygese:pine,pine,rootnum,mlp,ccc,isotonic,0.8652496468303316,0.8639055141176877,0.12318494010593539,0.7418921907243198,0.9020733888888977,0.5631578947368421,0.8065069423321107
easygese:pine,pine,rootnum,mlp,ccc,raw,0.8726135974988465,0.8667692412228243,0.11998637026166326,0.7551734003886341,0.9110796352339028,0.5842105263157895,0.8199995891619999
easygese:pine,pine,rootnum,mlp,hybrid,affine,0.8743028609135832,0.8680102872413455,0.11932535422804944,0.7582540663855709,0.9169043549560347,0.6052631578947368,0.8305161729794157
easygese:pine,pine,rootnum,mlp,hybrid,isotonic,0.8631740998613588,0.862053514506135,0.12423342295865032,0.7381987646342714,0.9065874659174243,0.5684210526315789,0.799472758566844
easygese:pine,pine,rootnum,mlp,hybrid,raw,0.8743028609135834,0.8680102872413455,0.11932124033441463,0.7583936475433012,0.9169043549560347,0.6052631578947368,0.8305161729794157
easygese:pine,pine,rootnum,mlp,mse,affine,0.8676798707163738,0.8632683298005247,0.12215676711926063,0.7468443813189664,0.909307551168433,0.5842105263157895,0.8164992378340266
easygese:pine,pine,rootnum,mlp,mse,isotonic,0.8582370062616759,0.8586312230892809,0.12634539666320013,0.7293782865050946,0.8965738231498213,0.5684210526315789,0.799497184020501
easygese:pine,pine,rootnum,mlp,mse,raw,0.8676798707163738,0.8632683298005247,0.1250447885194649,0.7355149761383885,0.909307551168433,0.5842105263157895,0.8164992378340266
easygese:pine,pine,rootnum,mlp,pearson,affine,0.8726568900108813,0.8679966416489417,0.12024357649454873,0.7547815182276355,0.9136189200470366,0.5894736842105263,0.8200327497645864
easygese:pine,pine,rootnum,mlp,pearson,isotonic,0.8634387468880392,0.8610384293799328,0.12404158212006648,0.738883611166189,0.901385681092296,0.5578947368421052,0.7978208158865059
easygese:pine,pine,rootnum,mlp,pearson,raw,0.8726568900108813,0.8679966416489417,0.12216672438696727,0.7466887218297158,0.9136189200470366,0.5894736842105263,0.8200327497645864
easygese:pine,pine,rootnum,transformer,ccc,affine,0.7673707647692665,0.7594373927659631,0.15690948778025407,0.5819725272593514,0.8859987525468569,0.46842105263157896,0.7344438370257829
easygese:pine,pine,rootnum,transformer,ccc,isotonic,0.7561285716812356,0.7541640165445691,0.16078611159105388,0.5601326013532649,0.8884723423851419,0.4631578947368421,0.7383680349245795
easygese:pine,pine,rootnum,transformer,ccc,raw,0.7673707647692666,0.7594373927659631,0.16308879206537094,0.545630876437073,0.8859987525468569,0.46842105263157896,0.7344438370257829
easygese:pine,pine,rootnum,transformer,hybrid,affine,0.7642620375265973,0.754942867497014,0.15790112885639088,0.5769826074748459,0.8908264970949926,0.45789473684210524,0.7264289832799294
easygese:pine,pine,rootnum,transformer,hybrid,isotonic,0.7484221272250073,0.7478861329431836,0.16301123751150365,0.5478053172172923,0.880359259877104,0.42631578947368415,0.714572864456753
easygese:pine,pine,rootnum,transformer,hybrid,raw,0.7642620375265972,0.754942867497014,0.15973558283566844,0.565451642177125,0.8908264970949926,0.45789473684210524,0.7264289832799294
easygese:pine,pine,rootnum,transformer,mse,affine,0.7621026292352415,0.7546192444410686,0.15841530185467234,0.5739650820201707,0.887227510867268,0.45789473684210524,0.715999629142634
easygese:pine,pine,rootnum,transformer,mse,isotonic,0.7499019019052832,0.7513485360266688,0.16269133946805564,0.5487200399316102,0.8851601264709046,0.44210526315789467,0.7153593086951575
easygese:pine,pine,rootnum,transformer,mse,raw,0.7621026292352416,0.7546192444410686,0.15917928870068437,0.569087730886306,0.887227510867268,0.45789473684210524,0.715999629142634
easygese:pine,pine,rootnum,transformer,pearson,affine,0.7616153530695482,0.7534201808945149,0.15876527438151683,0.5727805160341853,0.8883183247212413,0.47368421052631576,0.7346108798943201
easygese:pine,pine,rootnum,transformer,pearson,isotonic,0.7484599918401006,0.748872502605127,0.16324231313428028,0.5471829124593768,0.8831539170170928,0.44210526315789467,0.7282498543422294
easygese:pine,pine,rootnum,transformer,pearson,raw,0.7616153530695482,0.7534201808945149,0.20882037207081644,0.24399708813734566,0.8883183247212413,0.47368421052631576,0.7346108798943201
easygese:pine,pine,rootnumbin,cnn,ccc,affine,0.763966058548125,0.753528626669006,0.06055183116086292,0.5734439368917867,0.8879794996228176,0.3894736842105263,0.705642910868613
easygese:pine,pine,rootnumbin,cnn,ccc,isotonic,0.7512460609886976,0.7479256357086967,0.062047792782544506,0.5519935390684273,0.8758452072691734,0.3894736842105263,0.6870305619053181
easygese:pine,pine,rootnumbin,cnn,ccc,raw,0.7639660585481252,0.753528626669006,0.06059054720894188,0.5725520385692359,0.8879794996228176,0.3894736842105263,0.705642910868613
easygese:pine,pine,rootnumbin,cnn,hybrid,affine,0.754184602619055,0.7452931497298694,0.06143587827185885,0.5603830077712508,0.8970959939975167,0.42105263157894735,0.7152396581916832
easygese:pine,pine,rootnumbin,cnn,hybrid,isotonic,0.7379429015978362,0.7373564894490686,0.06333580036955042,0.5326183786691241,0.8791887546882482,0.3894736842105263,0.7091296058786423
easygese:pine,pine,rootnumbin,cnn,hybrid,raw,0.7541846026190551,0.7452931497298694,0.08638118290765004,0.13568421106784762,0.8970959939975167,0.42105263157894735,0.7152396581916832
easygese:pine,pine,rootnumbin,cnn,mse,affine,0.769524991635231,0.7558538863350458,0.05995506835080229,0.5815783716742067,0.902328762946828,0.38421052631578945,0.7137320433119084
easygese:pine,pine,rootnumbin,cnn,mse,isotonic,0.7559694782568388,0.7505598356032688,0.06153720975741389,0.5590853788253484,0.8886638619785042,0.3578947368421052,0.6816663085731102
easygese:pine,pine,rootnumbin,cnn,mse,raw,0.769524991635231,0.7558538863350458,0.06013873574038671,0.5791393819405493,0.902328762946828,0.38421052631578945,0.7137320433119084
easygese:pine,pine,rootnumbin,cnn,pearson,affine,0.7288128988270091,0.7192153743953957,0.06403585195585398,0.5204426008308312,0.8874393447284685,0.3789473684210526,0.6656076291735726
easygese:pine,pine,rootnumbin,cnn,pearson,isotonic,0.7195037051989408,0.7144633788288413,0.06534010613231195,0.5002067648690669,0.8834963659050766,0.37368421052631573,0.65063181512952
easygese:pine,pine,rootnumbin,cnn,pearson,raw,0.7288128988270091,0.7192153743953957,0.0897662607800931,0.06884638439145828,0.8874393447284685,0.3789473684210526,0.6656076291735726
easygese:pine,pine,rootnumbin,mlp,ccc,affine,0.8617486842552285,0.8578335137110182,0.047686307961614695,0.7354088784327784,0.9431385297059904,0.5052631578947369,0.8361687609354398
easygese:pine,pine,rootnumbin,mlp,ccc,isotonic,0.8526300065311527,0.8548486190560215,0.049005389917651826,0.719256546158607,0.9381471992431838,0.46842105263157896,0.8156034700688253
easygese:pine,pine,rootnumbin,mlp,ccc,raw,0.8617486842552285,0.8578335137110182,0.04786287961860062,0.7335704468600167,0.9431385297059904,0.5052631578947369,0.8361687609354398
easygese:pine,pine,rootnumbin,mlp,hybrid,affine,0.8610044023406871,0.8564246376616251,0.04794563949242634,0.7327719839949375,0.9438207998004954,0.5105263157894737,0.8341014283571478
easygese:pine,pine,rootnumbin,mlp,hybrid,isotonic,0.8554564867851904,0.8521217321152333,0.04878553437781509,0.7228559990516211,0.9416353479301847,0.5052631578947369,0.8325337207965984
easygese:pine,pine,rootnumbin,mlp,hybrid,raw,0.8610044023406871,0.8564246376616251,0.04788980553605889,0.7334372398825476,0.9438207998004954,0.5105263157894737,0.8341014283571478
easygese:pine,pine,rootnumbin,mlp,mse,affine,0.8590745731651129,0.8526169689933292,0.048245252819221304,0.72966296339523,0.9435237232383198,0.5157894736842106,0.8296075859034238
easygese:pine,pine,rootnumbin,mlp,mse,isotonic,0.8519443544046554,0.8497274760425724,0.049314334911291655,0.7172789886530879,0.9406699730167004,0.5157894736842106,0.8311029046625183
easygese:pine,pine,rootnumbin,mlp,mse,raw,0.859074573165113,0.8526169689933292,0.049233477287504865,0.7191681857644545,0.9435237232383198,0.5157894736842106,0.8296075859034238
easygese:pine,pine,rootnumbin,mlp,pearson,affine,0.8633954642194857,0.8588677813419328,0.04750318329599801,0.7376069811683938,0.9467876602089111,0.5105263157894736,0.8486716436231078
easygese:pine,pine,rootnumbin,mlp,pearson,isotonic,0.8580259884670955,0.8560487784425741,0.04837468708887064,0.7275020331664104,0.9427042253892643,0.531578947368421,0.8378879867358082
easygese:pine,pine,rootnumbin,mlp,pearson,raw,0.8633954642194857,0.8588677813419328,0.04808152648219637,0.7309044724816094,0.9467876602089111,0.5105263157894736,0.8486716436231078
easygese:pine,pine,rootnumbin,transformer,ccc,affine,0.7559687381152503,0.7459909111481252,0.06131696876259072,0.5631793173362707,0.9105810530693214,0.44210526315789467,0.7623199695391016
easygese:pine,pine,rootnumbin,transformer,ccc,isotonic,0.7468498792099905,0.745630842576049,0.062498887107542,0.5451610400702465,0.9088608892720815,0.42631578947368415,0.7492516685534099
easygese:pine,pine,rootnumbin,transformer,ccc,raw,0.75596873811525,0.7459909111481252,0.06411587870581391,0.5200626922390903,0.9105810530693214,0.44210526315789467,0.7623199695391016
easygese:pine,pine,rootnumbin,transformer,hybrid,affine,0.7549834301699642,0.7437375796896852,0.06138274638059876,0.562335128029147,0.9026512612257738,0.4473684210526315,0.7533785599858902
easygese:pine,pine,rootnumbin,transformer,hybrid,isotonic,0.7461658515862105,0.7405270229101371,0.06262004422595784,0.5430199147566663,0.9020804493324606,0.42105263157894735,0.7432817424618361
easygese:pine,pine,rootnumbin,transformer,hybrid,raw,0.754983430169964,0.7437375796896852,0.061654438386991604,0.5580250192754861,0.9026512612257738,0.4473684210526315,0.7533785599858902
easygese:pine,pine,rootnumbin,transformer,mse,affine,0.75135399360528,0.739936355208715,0.0617947185307272,0.5560635435006788,0.9053776971422589,0.42105263157894735,0.7455927092228972
easygese:pine,pine,rootnumbin,transformer,mse,isotonic,0.74225915804215,0.7355823460027391,0.06299344115044474,0.537576918518832,0.8996011964260674,0.41052631578947363,0.7460505937241761
easygese:pine,pine,rootnumbin,transformer,mse,raw,0.7513539936052799,0.739936355208715,0.06192641009010125,0.5533374043260821,0.9053776971422589,0.42105263157894735,0.7455927092228972
easygese:pine,pine,rootnumbin,transformer,pearson,affine,0.7495126901824882,0.7395245993964976,0.06193831226694345,0.5548620509349593,0.907862751536807,0.44210526315789467,0.759276905024403
easygese:pine,pine,rootnumbin,transformer,pearson,isotonic,0.7374033040250217,0.7337072528295648,0.06328923688710955,0.5345584603623648,0.9129880369723897,0.41578947368421054,0.7460776209028205
easygese:pine,pine,rootnumbin,transformer,pearson,raw,0.749512690182488,0.7395245993964976,0.07751891498845806,0.28448382139944683,0.907862751536807,0.44210526315789467,0.759276905024403
easygese:pine,pine,rustbin,cnn,ccc,affine,0.7331824343789926,0.6527276606105697,0.10373352279284487,0.5306498888548078,0.913859252394824,0.6470588235294118,0.830831509743265
easygese:pine,pine,rustbin,cnn,ccc,isotonic,0.7269793150373863,0.6475186245079066,0.10546278877834617,0.5152105210599169,0.9121588250916695,0.6352941176470589,0.8138264852575606
easygese:pine,pine,rustbin,cnn,ccc,raw,0.7331824343789923,0.6527276606105697,0.1040813696793312,0.5276508867798607,0.913859252394824,0.6470588235294118,0.830831509743265
easygese:pine,pine,rustbin,cnn,hybrid,affine,0.6909393811466585,0.5982634904001152,0.10985655888846635,0.47282807654553666,0.9030179608561653,0.6352941176470589,0.7927017797113226
easygese:pine,pine,rustbin,cnn,hybrid,isotonic,0.6819291370533775,0.5944221994708047,0.11175614284615436,0.45374459605132855,0.9066284794902522,0.6176470588235294,0.7829272640537083
easygese:pine,pine,rustbin,cnn,hybrid,raw,0.6909393811466584,0.5982634904001152,0.146591740060158,0.06559348648018277,0.9030179608561653,0.6352941176470589,0.7927017797113226
easygese:pine,pine,rustbin,cnn,mse,affine,0.7413583743555365,0.65923764003654,0.1022654912148073,0.5436930318236579,0.9148542587608984,0.6647058823529413,0.8456876310881942
easygese:pine,pine,rustbin,cnn,mse,isotonic,0.7403201054845953,0.6558801656405606,0.10317429738336037,0.5351561607376791,0.9089856545046098,0.6352941176470589,0.8102947368984748
easygese:pine,pine,rustbin,cnn,mse,raw,0.7413583743555365,0.65923764003654,0.10241821574115058,0.5425974397913997,0.9148542587608984,0.6647058823529413,0.8456876310881942
easygese:pine,pine,rustbin,cnn,pearson,affine,0.6755270559846424,0.5905019534610418,0.11228304949597794,0.4498115729150622,0.8992895697149219,0.5882352941176471,0.7835668387388619
easygese:pine,pine,rustbin,cnn,pearson,isotonic,0.6646451369455914,0.5825813413851264,0.11449712112821213,0.4277444904570754,0.904124048539946,0.5764705882352941,0.7713279160003348
easygese:pine,pine,rustbin,cnn,pearson,raw,0.6755270559846422,0.5905019534610418,0.14808168408144803,0.046381857013586915,0.8992895697149219,0.5882352941176471,0.7835668387388619
easygese:pine,pine,rustbin,mlp,ccc,affine,0.8493824274051424,0.7752214640434304,0.08001339177875239,0.7189874562323645,0.9551173113831423,0.7352941176470588,0.9164578473931145
easygese:pine,pine,rustbin,mlp,ccc,isotonic,0.8443909709977083,0.7741349093744079,0.0814408094834345,0.7089866585597676,0.9529663518654624,0.7470588235294118,0.922385159860279
easygese:pine,pine,rustbin,mlp,ccc,raw,0.8493824274051424,0.7752214640434304,0.08160514513713976,0.706444135854887,0.9551173113831423,0.7352941176470588,0.9164578473931145
easygese:pine,pine,rustbin,mlp,hybrid,affine,0.8468847968545632,0.7698961598156828,0.0805235785566068,0.7146556211152129,0.9546864421788245,0.7470588235294118,0.9196063240357526
easygese:pine,pine,rustbin,mlp,hybrid,isotonic,0.8392784797828922,0.765333605800915,0.0825684318776102,0.7002572674236845,0.9491309581348691,0.7352941176470588,0.9089602739234554
easygese:pine,pine,rustbin,mlp,hybrid,raw,0.8468847968545633,0.7698961598156828,0.08203210671293652,0.7036039020098132,0.9546864421788245,0.7470588235294118,0.9196063240357526
easygese:pine,pine,rustbin,mlp,mse,affine,0.8452381382843542,0.769556461768657,0.08097047753553471,0.7113472688623932,0.9560309102514436,0.7529411764705882,0.9252032472255776
easygese:pine,pine,rustbin,mlp,mse,isotonic,0.8385931523265967,0.7674514891832319,0.08303357021730451,0.6970831703652617,0.9566883117979368,0.7470588235294118,0.9230283118523742
easygese:pine,pine,rustbin,mlp,mse,raw,0.8452381382843541,0.769556461768657,0.08226534142608942,0.7018447928931699,0.9560309102514436,0.7529411764705882,0.9252032472255776
easygese:pine,pine,rustbin,mlp,pearson,affine,0.8457979740488376,0.7690814409144174,0.08070380206925022,0.7129628279616519,0.9551210492755787,0.7411764705882353,0.9201110199358832
easygese:pine,pine,rustbin,mlp,pearson,isotonic,0.8390582318553708,0.7684981163385978,0.08246441183635556,0.7003988508697506,0.9509376601633128,0.7529411764705882,0.9235213157975055
easygese:pine,pine,rustbin,mlp,pearson,raw,0.8457979740488375,0.7690814409144174,0.08257587622488603,0.6983701683883405,0.9551210492755787,0.7411764705882353,0.9201110199358832
easygese:pine,pine,rustbin,transformer,ccc,affine,0.7373524026530205,0.6604543947998942,0.10309403090259699,0.5328430785574818,0.9259564040990803,0.6705882352941177,0.8486687207403054
easygese:pine,pine,rustbin,transformer,ccc,isotonic,0.7277998748735659,0.6553015564581075,0.10473672058763298,0.5169093999399998,0.9203377499554037,0.6411764705882353,0.8265673436152478
easygese:pine,pine,rustbin,transformer,ccc,raw,0.7373524026530205,0.6604543947998942,0.10913969774411363,0.4730549289818974,0.9259564040990803,0.6705882352941177,0.8486687207403054
easygese:pine,pine,rustbin,transformer,hybrid,affine,0.7441100399540133,0.6662926339976752,0.10241494646633612,0.5403459330117698,0.9167231785634407,0.6294117647058824,0.8171540119133851
easygese:pine,pine,rustbin,transformer,hybrid,isotonic,0.7367845145533045,0.6627456138886231,0.10356552198177504,0.5303147036526542,0.9232259288893095,0.6294117647058824,0.8046599298848485
easygese:pine,pine,rustbin,transformer,hybrid,raw,0.7441100399540133,0.6662926339976752,0.10243806563245679,0.5392750557390226,0.9167231785634407,0.6294117647058824,0.8171540119133851
easygese:pine,pine,rustbin,transformer,mse,affine,0.7574724269930291,0.6765404323937837,0.09954073536092316,0.5648115044016196,0.9285372320580159,0.6529411764705882,0.8431518293480729
easygese:pine,pine,rustbin,transformer,mse,isotonic,0.7502950933542907,0.6750373660496128,0.10111228659991782,0.5511208452814043,0.922645806820294,0.6411764705882353,0.834600400005041
easygese:pine,pine,rustbin,transformer,mse,raw,0.7574724269930292,0.6765404323937837,0.09951213415789492,0.5641795648292132,0.9285372320580159,0.6529411764705882,0.8431518293480729
easygese:pine,pine,rustbin,transformer,pearson,affine,0.7397654278451992,0.6587432170137751,0.10297081046248299,0.5340901646245155,0.9214552890461116,0.6470588235294118,0.8354048924902917
easygese:pine,pine,rustbin,transformer,pearson,isotonic,0.7291803045877675,0.6533826104872219,0.10475588964232196,0.5185462063002422,0.9204015627360373,0.6,0.7906101851580647
easygese:pine,pine,rustbin,transformer,pearson,raw,0.7397654278451992,0.6587432170137751,0.1278766631772254,0.2779403652166493,0.9214552890461116,0.6470588235294118,0.8354048924902917
easygese:pine,pine,stiffnessTree,cnn,ccc,affine,0.7875380972450793,0.7548332323537684,0.34055422387196943,0.6135173710289696,0.8874144294819102,0.5947368421052632,0.8021685571110749
easygese:pine,pine,stiffnessTree,cnn,ccc,isotonic,0.779285353222265,0.7512392933895841,0.3509128528918989,0.5885309405911696,0.8639304094233186,0.5421052631578946,0.7682540220612244
easygese:pine,pine,stiffnessTree,cnn,ccc,raw,0.7875380972450791,0.7548332323537684,0.3395890173747263,0.6154095088065283,0.8874144294819102,0.5947368421052632,0.8021685571110749
easygese:pine,pine,stiffnessTree,cnn,hybrid,affine,0.7508631197540887,0.7201389617257125,0.3645910203045688,0.5567079873590115,0.8683534347198074,0.5157894736842106,0.7745760343967585
easygese:pine,pine,stiffnessTree,cnn,hybrid,isotonic,0.742704003611386,0.7178870103989735,0.3762753600895473,0.5258395046222599,0.8630544634004342,0.4842105263157895,0.7518350881643971
easygese:pine,pine,stiffnessTree,cnn,hybrid,raw,0.7508631197540886,0.7201389617257125,0.5183965389384342,0.10695708681775802,0.8683534347198074,0.5157894736842106,0.7745760343967585
easygese:pine,pine,stiffnessTree,cnn,mse,affine,0.7857402715915156,0.7527905808736066,0.3419439929566529,0.6101847675301421,0.8865935128511537,0.5789473684210525,0.8013204768078616
easygese:pine,pine,stiffnessTree,cnn,mse,isotonic,0.7817386602065575,0.7518963303087486,0.3488862358892649,0.5933698542476454,0.8742562304218049,0.5421052631578946,0.7727947765799421
easygese:pine,pine,stiffnessTree,cnn,mse,raw,0.7857402715915156,0.7527905808736066,0.34134991386093566,0.6116425825625861,0.8865935128511537,0.5789473684210525,0.8013204768078616
easygese:pine,pine,stiffnessTree,cnn,pearson,affine,0.7459265715348382,0.7159211035908218,0.36857837093556,0.5470550560253009,0.8639632097754337,0.5052631578947369,0.7594097350694653
easygese:pine,pine,stiffnessTree,cnn,pearson,isotonic,0.7358545926737482,0.7148546550481717,0.38131467101420885,0.5143882535150792,0.8584068625983491,0.4631578947368421,0.7322906833730984
easygese:pine,pine,stiffnessTree,cnn,pearson,raw,0.7459265715348382,0.7159211035908218,0.527265509736168,0.075941088915799,0.8639632097754337,0.5052631578947369,0.7594097350694653
easygese:pine,pine,stiffnessTree,mlp,ccc,affine,0.8655618685054127,0.8391395407072915,0.2757977435851503,0.7458809835228866,0.9096627043952795,0.6736842105263158,0.850181104952615
easygese:pine,pine,stiffnessTree,mlp,ccc,isotonic,0.857503339357742,0.8373656197160206,0.287158481370535,0.7239218239893145,0.9038792030889775,0.6368421052631579,0.820821641956611
easygese:pine,pine,stiffnessTree,mlp,ccc,raw,0.8655618685054127,0.8391395407072915,0.278145036036109,0.7415562093636389,0.9096627043952795,0.6736842105263158,0.850181104952615
easygese:pine,pine,stiffnessTree,mlp,hybrid,affine,0.8629605347461942,0.8363998939022231,0.27860708258104877,0.7405299020436891,0.9100476737450075,0.6789473684210526,0.8563465405232605
easygese:pine,pine,stiffnessTree,mlp,hybrid,isotonic,0.8570248596915325,0.8374611788110817,0.28734283345295286,0.7235699205003587,0.9040613338773428,0.6631578947368422,0.8444226188663293
easygese:pine,pine,stiffnessTree,mlp,hybrid,raw,0.8629605347461939,0.8363998939022231,0.2800240403905026,0.7380441539225601,0.9100476737450075,0.6789473684210526,0.8563465405232605
easygese:pine,pine,stiffnessTree,mlp,mse,affine,0.8587349678481582,0.8324577252820007,0.28205651183983704,0.7339480665071038,0.9040548806909147,0.6736842105263158,0.8516670729182574
easygese:pine,pine,stiffnessTree,mlp,mse,isotonic,0.8476796873351538,0.8308258088312866,0.29881683817128923,0.7019475707264599,0.9018506755558567,0.6368421052631579,0.8346457305307464
easygese:pine,pine,stiffnessTree,mlp,mse,raw,0.8587349678481584,0.8324577252820007,0.28832084790957047,0.7225124335063238,0.9040548806909147,0.6736842105263158,0.8516670729182574
easygese:pine,pine,stiffnessTree,mlp,pearson,affine,0.8635998566562962,0.8371443746491277,0.2783653105955187,0.7409548195011042,0.90789465541051,0.6526315789473685,0.8515114410966047
easygese:pine,pine,stiffnessTree,mlp,pearson,isotonic,0.85604024863012,0.8366680461142224,0.2897733510055188,0.717994591704652,0.9054788077194956,0.6473684210526316,0.8369757240407404
easygese:pine,pine,stiffnessTree,mlp,pearson,raw,0.8635998566562965,0.8371443746491277,0.28976342825872153,0.7182818603205017,0.90789465541051,0.6526315789473685,0.8515114410966047
easygese:pine,pine,stiffnessTree,transformer,ccc,affine,0.7651759141939541,0.7374327663247868,0.35473846849706836,0.5803674092997436,0.8703555574633353,0.531578947368421,0.7607221304576165
easygese:pine,pine,stiffnessTree,transformer,ccc,isotonic,0.7557439204136693,0.7377473582007907,0.3658490441543261,0.5533996293063381,0.8721039677826091,0.5105263157894736,0.7574372699855496
easygese:pine,pine,stiffnessTree,transformer,ccc,raw,0.7651759141939541,0.7374327663247868,0.37111022347531153,0.5407421866418567,0.8703555574633353,0.531578947368421,0.7607221304576165
easygese:pine,pine,stiffnessTree,transformer,hybrid,affine,0.7694882098058036,0.743454297971083,0.35215526422777677,0.5862503152140087,0.8712559320119764,0.5157894736842106,0.7552015503429664
easygese:pine,pine,stiffnessTree,transformer,hybrid,isotonic,0.7558278933691023,0.7391021468160224,0.36651066611846217,0.5520391785408169,0.8643221746991221,0.5105263157894737,0.7508655832793945
easygese:pine,pine,stiffnessTree,transformer,hybrid,raw,0.7694882098058038,0.743454297971083,0.35307523256978507,0.5840124752122617,0.8712559320119764,0.5157894736842106,0.7552015503429664
easygese:pine,pine,stiffnessTree,transformer,mse,affine,0.7654626572002261,0.7383317073128441,0.35513731029620554,0.5790577754343895,0.8676891335623231,0.5157894736842106,0.7428759776079361
easygese:pine,pine,stiffnessTree,transformer,mse,isotonic,0.7551979915259103,0.7360306019936927,0.36543150525066614,0.5539581967575178,0.8611706114755245,0.5052631578947369,0.7312700553322844
easygese:pine,pine,stiffnessTree,transformer,mse,raw,0.765462657200226,0.7383317073128441,0.35441455910012476,0.5804887979234893,0.8676891335623231,0.5157894736842106,0.7428759776079361
easygese:pine,pine,stiffnessTree,transformer,pearson,affine,0.7703292395322461,0.744100435552719,0.3517994967114697,0.5870272057822016,0.8741512883444758,0.5421052631578946,0.7658376454806484
easygese:pine,pine,stiffnessTree,transformer,pearson,isotonic,0.7598200110835489,0.7414953531617227,0.36302555380295287,0.5606661476543021,0.8670534242714572,0.5210526315789473,0.753353584393835
easygese:pine,pine,stiffnessTree,transformer,pearson,raw,0.7703292395322461,0.744100435552719,0.38933368546235236,0.4897190133570156,0.8741512883444758,0.5421052631578946,0.7658376454806484
easygese:rice,rice,Alkali_spreading_value,cnn,ccc,affine,0.3278488746423616,0.40763627002268965,1.0091051348831448,0.022910734213006646,0.8406543975396609,0.2,0.3904872260740683
easygese:rice,rice,Alkali_spreading_value,cnn,ccc,isotonic,0.2929147912262614,0.3866358424421801,1.0598251279021704,-0.07774969426060313,0.883317156818366,0.22857142857142856,0.35738916888042793
easygese:rice,rice,Alkali_spreading_value,cnn,ccc,raw,0.3278488746423616,0.40763627002268965,1.1144158918576883,-0.2051215535253185,0.8406543975396609,0.2,0.3904872260740683
easygese:rice,rice,Alkali_spreading_value,cnn,hybrid,affine,0.2656383191970414,0.33463257330387747,1.0336689746648797,-0.03183993225990023,0.859919813122578,0.1857142857142857,0.4290913287231775
easygese:rice,rice,Alkali_spreading_value,cnn,hybrid,isotonic,0.2508152077687317,0.3238262974216826,1.0779627832511844,-0.12757497004180163,0.8422487491273861,0.24285714285714283,0.35070631866896196
easygese:rice,rice,Alkali_spreading_value,cnn,hybrid,raw,0.26563831919704173,0.33463257330387747,1.0329257427523717,-0.009029607259175666,0.859919813122578,0.1857142857142857,0.4290913287231775
easygese:rice,rice,Alkali_spreading_value,cnn,mse,affine,0.0554809002096627,0.09055449779257244,1.0556124653764392,-0.08146211437581843,0.7341972181450689,0.15714285714285714,-0.04258008686028464
easygese:rice,rice,Alkali_spreading_value,cnn,mse,isotonic,0.098787653534459,0.14727881707086005,1.1019218711338457,-0.18028773354606104,0.7833742533697492,0.17142857142857143,0.0738185406296031
easygese:rice,rice,Alkali_spreading_value,cnn,mse,raw,0.13027326049015475,0.1619471963999219,1.034532649360272,-0.02652152100109547,0.7674772302953399,0.15714285714285714,0.04895559317931726
easygese:rice,rice,Alkali_spreading_value,cnn,pearson,affine,0.23913561848010612,0.3023108480259814,1.03940146152657,-0.04266486482038741,0.8436107167501916,0.14285714285714285,0.381854376184284
easygese:rice,rice,Alkali_spreading_value,cnn,pearson,isotonic,0.2104710396548483,0.29450812194123527,1.1101635558850067,-0.19526510870458813,0.8133968939865495,0.21428571428571427,0.2920800385426928
easygese:rice,rice,Alkali_spreading_value,cnn,pearson,raw,0.2391356184801067,0.3023108480259814,1.2177480117663677,-0.4833784727799097,0.8436107167501916,0.14285714285714285,0.381854376184284
easygese:rice,rice,Alkali_spreading_value,mlp,ccc,affine,0.2709420941514204,0.3272856562522038,1.029810201227995,-0.019219936573127993,0.8512910426884102,0.15714285714285714,0.3778618272955326
easygese:rice,rice,Alkali_spreading_value,mlp,ccc,isotonic,0.24140721396222248,0.3170499365992406,1.0589733193177506,-0.08244621099080814,0.8555101684619741,0.18571428571428572,0.3106147698416752
easygese:rice,rice,Alkali_spreading_value,mlp,ccc,raw,0.27094209415142034,0.3272856562522038,1.124542161858901,-0.24006664472447206,0.8512910426884102,0.15714285714285714,0.3778618272955326
easygese:rice,rice,Alkali_spreading_value,mlp,hybrid,affine,0.26604146316987615,0.3239491919286268,1.0334228558283132,-0.02680890589560233,0.8559921864757613,0.08571428571428572,0.3872980658848732
easygese:rice,rice,Alkali_spreading_value,mlp,hybrid,isotonic,0.23823360573873945,0.32595078363336366,1.0768602020858231,-0.11551732707031163,0.8407828868903888,0.17142857142857143,0.33093547263496914
easygese:rice,rice,Alkali_spreading_value,mlp,hybrid,raw,0.2660414631698761,0.3239491919286268,1.0728029924818958,-0.10938267354823543,0.8559921864757613,0.08571428571428572,0.3872980658848732
easygese:rice,rice,Alkali_spreading_value,mlp,mse,affine,0.2441782951153168,0.29645250969716325,1.042195923723336,-0.045838359154961074,0.849716279615339,0.1857142857142857,0.4286542700532432
easygese:rice,rice,Alkali_spreading_value,mlp,mse,isotonic,0.2486728697188861,0.2976731394016961,1.08157761994078,-0.12839292240485775,0.8303958717109847,0.2571428571428571,0.36014356747838094
easygese:rice,rice,Alkali_spreading_value,mlp,mse,raw,0.2441782951153168,0.29645250969716325,1.0351131058222072,-0.026449141492753746,0.849716279615339,0.1857142857142857,0.4286542700532432
easygese:rice,rice,Alkali_spreading_value,mlp,pearson,affine,0.2744241944274569,0.32236088808226776,1.0270327258055592,-0.010473552019289178,0.8859490491863269,0.14285714285714285,0.5339486026617659
easygese:rice,rice,Alkali_spreading_value,mlp,pearson,isotonic,0.23404040438712062,0.3156385493508632,1.0673246437203256,-0.08745260526944154,0.8743084481018327,0.21428571428571427,0.5156293546153226
easygese:rice,rice,Alkali_spreading_value,mlp,pearson,raw,0.2744241944274569,0.32236088808226776,1.0974960308169261,-0.1620641821300688,0.8859490491863269,0.14285714285714285,0.5339486026617659
easygese:rice,rice,Alkali_spreading_value,transformer,ccc,affine,0.26160218393505064,0.31645684874841773,1.02702244250978,-0.01865312463411726,0.8750536054438477,0.15714285714285714,0.4763603785927872
easygese:rice,rice,Alkali_spreading_value,transformer,ccc,isotonic,0.23889341343880557,0.30040223776837177,1.0854551051036156,-0.14188321348350377,0.8623997285947691,0.2,0.4730106419258943
easygese:rice,rice,Alkali_spreading_value,transformer,ccc,raw,0.2616021839350507,0.31645684874841773,1.1836009811206665,-0.3938942800551751,0.8750536054438477,0.15714285714285714,0.4763603785927872
easygese:rice,rice,Alkali_spreading_value,transformer,hybrid,affine,0.23509422944216088,0.30092247545301987,1.0294671016549533,-0.022070199279232972,0.8647071907127722,0.11428571428571428,0.38958893136214384
easygese:rice,rice,Alkali_spreading_value,transformer,hybrid,isotonic,0.2425876253942957,0.28988314356214395,1.063919494885821,-0.09496445905256015,0.8662767366330686,0.22857142857142856,0.5046752299931968
easygese:rice,rice,Alkali_spreading_value,transformer,hybrid,raw,0.2350942294421609,0.30092247545301987,1.028114044149938,-0.010031164565064588,0.8647071907127722,0.11428571428571428,0.38958893136214384
easygese:rice,rice,Alkali_spreading_value,transformer,mse,affine,0.03494799547901622,0.09519065229937738,1.0739055229563157,-0.11246741688283043,0.7896435142672289,0.08571428571428572,0.10062695610892654
easygese:rice,rice,Alkali_spreading_value,transformer,mse,isotonic,0.060245847019682275,0.0937472995369501,1.1247400463341353,-0.2207480327743216,0.7570255019352257,0.15714285714285714,0.1333794597686077
easygese:rice,rice,Alkali_spreading_value,transformer,mse,raw,0.05465178404856241,0.12773001288988323,1.0586691838683706,-0.07162855555871149,0.7849051957420412,0.05714285714285714,0.0607082941489427
easygese:rice,rice,Alkali_spreading_value,transformer,pearson,affine,0.23020402082857508,0.280330071072336,1.0384791253541994,-0.03982479642440682,0.8677669377693438,0.12857142857142856,0.5244547502419274
easygese:rice,rice,Alkali_spreading_value,transformer,pearson,isotonic,0.2220095373116064,0.2633821286696193,1.0791596524052054,-0.12360058958934257,0.8723586234781286,0.24285714285714283,0.5582636779256973
easygese:rice,rice,Alkali_spreading_value,transformer,pearson,raw,0.23020402082857508,0.280330071072336,1.1810832302489662,-0.3756449198759837,0.8677669377693438,0.12857142857142856,0.5244547502419274
easygese:rice,rice,Amylose_content,cnn,ccc,affine,0.6536390144934907,0.7159485775969562,3.9716388795945883,0.40241665664254367,0.9259727277894599,0.38571428571428573,0.766144134096291
easygese:rice,rice,Amylose_content,cnn,ccc,isotonic,0.6355954020805532,0.7224747564167278,4.194712901487252,0.3265613513452384,0.9239199687849332,0.34285714285714286,0.7434395867987138
easygese:rice,rice,Amylose_content,cnn,ccc,raw,0.6536390144934908,0.7159485775969562,4.346716187890613,0.2721117090943235,0.9259727277894599,0.38571428571428573,0.766144134096291
easygese:rice,rice,Amylose_content,cnn,hybrid,affine,0.6629340900914731,0.7390270377680239,3.9431221112363533,0.408184407668704,0.9085927215048099,0.3571428571428571,0.7504087690517929
easygese:rice,rice,Amylose_content,cnn,hybrid,isotonic,0.6542104187310345,0.7345818797166147,4.14330749619122,0.3429114311307763,0.8973151290278942,0.2857142857142857,0.7035415553820268
easygese:rice,rice,Amylose_content,cnn,hybrid,raw,0.6629340900914731,0.7390270377680239,4.061193936409166,0.3745601663266901,0.9085927215048099,0.3571428571428571,0.7504087690517929
easygese:rice,rice,Amylose_content,cnn,mse,affine,0.6446649534647639,0.7140920400417642,4.03201734433742,0.38075156691212486,0.8934313941539326,0.3142857142857143,0.6927167730204564
easygese:rice,rice,Amylose_content,cnn,mse,isotonic,0.6076549475833236,0.6998696320753713,4.29836870049458,0.29576770968601096,0.8725380617877587,0.2857142857142857,0.6683153713566509
easygese:rice,rice,Amylose_content,cnn,mse,raw,0.6446649534647639,0.7140920400417642,4.021067725047748,0.3865631075107289,0.8934313941539326,0.3142857142857143,0.6927167730204564
easygese:rice,rice,Amylose_content,cnn,pearson,affine,0.6754510176083637,0.7488449810303349,3.9143460074183607,0.41712278166672867,0.9405592066781606,0.41428571428571426,0.8226628929595282
easygese:rice,rice,Amylose_content,cnn,pearson,isotonic,0.6708500065687621,0.7500052976507797,4.082958079149431,0.3591745811873771,0.9340511278846371,0.4,0.7972190582982104
easygese:rice,rice,Amylose_content,cnn,pearson,raw,0.6754510176083637,0.7488449810303349,4.430288675141376,0.23417854862735243,0.9405592066781606,0.41428571428571426,0.8226628929595282
easygese:rice,rice,Amylose_content,mlp,ccc,affine,0.6328422807554485,0.7080878179351379,4.11722368373009,0.35711908084509225,0.9260585825932386,0.3571428571428571,0.7510499875680939
easygese:rice,rice,Amylose_content,mlp,ccc,isotonic,0.6062309520556391,0.7045303973106054,4.291242224921109,0.2993332400773692,0.8977819881906657,0.3142857142857143,0.7316176723767678
easygese:rice,rice,Amylose_content,mlp,ccc,raw,0.6328422807554486,0.7080878179351379,4.485866613133914,0.20370887048590558,0.9260585825932386,0.3571428571428571,0.7510499875680939
easygese:rice,rice,Amylose_content,mlp,hybrid,affine,0.6332749929802655,0.7161342959720838,4.119576422921626,0.35567140874857517,0.9349862660475583,0.3571428571428571,0.8032699291683816
easygese:rice,rice,Amylose_content,mlp,hybrid,isotonic,0.6125295632276249,0.7148249096751661,4.228437400418845,0.3208728042011278,0.9182538502220607,0.3142857142857143,0.7765606738257873
easygese:rice,rice,Amylose_content,mlp,hybrid,raw,0.6332749929802655,0.7161342959720838,4.2616906300102055,0.31014760984491735,0.9349862660475583,0.3571428571428571,0.8032699291683816
easygese:rice,rice,Amylose_content,mlp,mse,affine,0.6396561095208322,0.7125391774529259,4.071379217254109,0.3706091131285857,0.9133570158137312,0.2857142857142857,0.7048214282938794
easygese:rice,rice,Amylose_content,mlp,mse,isotonic,0.6074108106940079,0.7066981551280147,4.254007009061076,0.31199239312658555,0.9010113178667105,0.2857142857142857,0.7385489626311497
easygese:rice,rice,Amylose_content,mlp,mse,raw,0.6396561095208322,0.7125391774529259,4.0645035010941,0.3708946516436856,0.9133570158137312,0.2857142857142857,0.7048214282938794
easygese:rice,rice,Amylose_content,mlp,pearson,affine,0.6337705666694557,0.7229681925738984,4.151361977620541,0.33927604814276424,0.9412879309706303,0.3857142857142857,0.8245049771480908
easygese:rice,rice,Amylose_content,mlp,pearson,isotonic,0.6092345128507094,0.7150935589709263,4.31724537993997,0.28274820519413346,0.9165156494501376,0.32857142857142857,0.8012212664768402
easygese:rice,rice,Amylose_content,mlp,pearson,raw,0.633770566669456,0.7229681925738984,5.584158570056625,-0.19125675203697398,0.9412879309706303,0.3857142857142857,0.8245049771480908
easygese:rice,rice,Amylose_content,transformer,ccc,affine,0.6299421884511833,0.7047941332151264,4.058953386250003,0.376262362664868,0.9214003676714608,0.3142857142857143,0.7520381528149632
easygese:rice,rice,Amylose_content,transformer,ccc,isotonic,0.6179219753186815,0.7004671349277146,4.162383759364478,0.342121084154204,0.8930279138393196,0.3,0.7016289040378471
easygese:rice,rice,Amylose_content,transformer,ccc,raw,0.6299421884511833,0.7047941332151264,4.562900898449249,0.18981955519341331,0.9214003676714608,0.3142857142857143,0.7520381528149632
easygese:rice,rice,Amylose_content,transformer,hybrid,affine,0.6342461545937816,0.7155583560076816,4.04563488036945,0.38088938262266797,0.9394178143154116,0.4,0.8195828598651325
easygese:rice,rice,Amylose_content,transformer,hybrid,isotonic,0.6097009905869999,0.7046730435504138,4.202294872429059,0.3280821471684291,0.9301018841377463,0.34285714285714286,0.7478688781275782
easygese:rice,rice,Amylose_content,transformer,hybrid,raw,0.6342461545937816,0.7155583560076816,4.113925751885583,0.3556328625722961,0.9394178143154116,0.4,0.8195828598651325
easygese:rice,rice,Amylose_content,transformer,mse,affine,0.5878547971519315,0.6532319199768044,4.269839044208668,0.30303099492290275,0.9159384018859887,0.2857142857142857,0.7348804409105821
easygese:rice,rice,Amylose_content,transformer,mse,isotonic,0.5494617285684006,0.6533946189976731,4.438740906342686,0.24610619967656328,0.9227842249974442,0.2714285714285714,0.7093449551876122
easygese:rice,rice,Amylose_content,transformer,mse,raw,0.5878547971519316,0.6532319199768044,4.300011067401931,0.2940697007291512,0.9159384018859887,0.2857142857142857,0.7348804409105821
easygese:rice,rice,Amylose_content,transformer,pearson,affine,0.6328070049412429,0.7068626820745055,4.06214927579752,0.37535595992034443,0.9231472758204624,0.2857142857142857,0.7571459267156919
easygese:rice,rice,Amylose_content,transformer,pearson,isotonic,0.5975760265665757,0.7028550995229257,4.262265632441098,0.30942784199561035,0.913084130873689,0.2857142857142857,0.7565934289482891
easygese:rice,rice,Amylose_content,transformer,pearson,raw,0.6328070049412429,0.7068626820745055,5.958792259367206,-0.40908753005427345,0.9231472758204624,0.2857142857142857,0.7571459267156919
easygese:rice,rice,Awn_presence,cnn,ccc,affine,0.1462328575108026,0.15238553923528683,0.43027191468383486,-0.04364953747427249,0.37469307710566124,0.14285714285714285,0.2392246712982007
easygese:rice,rice,Awn_presence,cnn,ccc,isotonic,0.149945981077459,0.15412882308926615,0.44012154663218467,-0.0955523120421732,0.39931214292140027,0.12857142857142856,0.1649194764930059
easygese:rice,rice,Awn_presence,cnn,ccc,raw,0.14623285751080262,0.15238553923528683,0.5062812200907743,-0.4607934774295234,0.37469307710566124,0.14285714285714285,0.2392246712982007
easygese:rice,rice,Awn_presence,cnn,hybrid,affine,0.10127445415624517,0.10011439541886469,0.44883972397521676,-0.1399445405111619,0.41884034115860763,0.15714285714285714,0.2224743720331955
easygese:rice,rice,Awn_presence,cnn,hybrid,isotonic,0.13246005489750487,0.11916943326029608,0.4499629830461611,-0.1464663350794056,0.39435406418635105,0.12857142857142856,0.16451848532730884
easygese:rice,rice,Awn_presence,cnn,hybrid,raw,0.1300436387643939,0.12908188511838542,0.4268256691624045,-0.02672928237664087,0.42863163369360435,0.14285714285714285,0.2411556907145142
easygese:rice,rice,Awn_presence,cnn,mse,affine,-0.03934962116841481,-0.03706151176803875,0.4327691103857849,-0.054149174869301854,0.3173427656988239,0.15714285714285714,0.11070061202414141
easygese:rice,rice,Awn_presence,cnn,mse,isotonic,0.12150514881317384,0.08734958200300832,0.43696354427181905,-0.0749747322942034,0.37123998597509955,0.11428571428571428,0.0716805335187688
easygese:rice,rice,Awn_presence,cnn,mse,raw,0.12062602106708578,0.12621714475583007,0.4293306845399026,-0.037442567129942816,0.4407441512429845,0.17142857142857143,0.25354739487092426
easygese:rice,rice,Awn_presence,cnn,pearson,affine,0.17958827316068557,0.16814774625221565,0.4272690301817873,-0.028834205871103837,0.39287821837251136,0.12857142857142856,0.25620470651353
easygese:rice,rice,Awn_presence,cnn,pearson,isotonic,0.14367335170245016,0.1524592266478021,0.4376251241276422,-0.08138435877871583,0.4195888090275453,0.11428571428571428,0.12777082557964908
easygese:rice,rice,Awn_presence,cnn,pearson,raw,0.16956530102619613,0.16666537233260686,0.5758558763294263,-1.5734624903217553,0.366372908243211,0.11428571428571428,0.22022587053469406
easygese:rice,rice,Awn_presence,mlp,ccc,affine,0.13037640616418697,0.12609978543556416,0.4263627812387945,-0.02255497037172859,0.37632494322518606,0.12857142857142856,0.17844613175495527
easygese:rice,rice,Awn_presence,mlp,ccc,isotonic,0.1633630108575886,0.14388003988907644,0.43531424642680516,-0.06705006679051716,0.4518883495023692,0.12857142857142856,0.14410958594782122
easygese:rice,rice,Awn_presence,mlp,ccc,raw,0.14641071111194015,0.14729550960594515,0.5364401317339587,-0.7070116012029588,0.4038125765166152,0.12857142857142856,0.19712745043627394
easygese:rice,rice,Awn_presence,mlp,hybrid,affine,0.08775673228183026,0.09054856556082325,0.43267482480037633,-0.056736741882583396,0.36397857038261494,0.12857142857142856,0.1665793999029293
easygese:rice,rice,Awn_presence,mlp,hybrid,isotonic,0.11558203949740205,0.1088163377915781,0.446528147755963,-0.1284717398179011,0.4019070391664369,0.12857142857142856,0.1294016702251996
easygese:rice,rice,Awn_presence,mlp,hybrid,raw,0.12470853655846717,0.1255215104419519,0.46379719977414596,-0.21559303258251514,0.3816749111390473,0.11428571428571428,0.1665793999029293
easygese:rice,rice,Awn_presence,mlp,mse,affine,0.12887809568550646,0.1359847130483472,0.42938457174395117,-0.03707260007760602,0.3880087040312959,0.2,0.2549579685020861
easygese:rice,rice,Awn_presence,mlp,mse,isotonic,0.1355406986387907,0.1510435292225072,0.44247844316114104,-0.10572741306883682,0.39365313802868607,0.17142857142857143,0.1658778111866347
easygese:rice,rice,Awn_presence,mlp,mse,raw,0.14924315779725178,0.14552278892501863,0.4344381590325,-0.0641422336751433,0.41696746099527154,0.2,0.2736392871834048
easygese:rice,rice,Awn_presence,mlp,pearson,affine,0.11488132080815183,0.11005533825116139,0.4294324058570864,-0.038011654780861645,0.37685508004727153,0.11428571428571428,0.14267316398198748
easygese:rice,rice,Awn_presence,mlp,pearson,isotonic,0.12223633322635027,0.11552241627697557,0.4424496846579145,-0.10362818001664889,0.39768650075942713,0.1,0.08660807166689519
easygese:rice,rice,Awn_presence,mlp,pearson,raw,0.13572751402774835,0.13089780035203605,0.5410485590022467,-0.703878109119614,0.4043427133387006,0.11428571428571428,0.16135448266330615
easygese:rice,rice,Awn_presence,transformer,ccc,affine,0.16755095402888678,0.168283877748404,0.4261230020390162,-0.02081782318478842,0.38421542055129765,0.15714285714285714,0.17790224372577312
easygese:rice,rice,Awn_presence,transformer,ccc,isotonic,0.14771269392446235,0.15404808814061938,0.4394663695727098,-0.08712097649083997,0.42986890207295997,0.14285714285714285,0.16170345177698114
easygese:rice,rice,Awn_presence,transformer,ccc,raw,0.16755095402888667,0.168283877748404,0.5127959473165016,-0.4972372414343087,0.38421542055129765,0.15714285714285714,0.17790224372577312
easygese:rice,rice,Awn_presence,transformer,hybrid,affine,0.12461185717472656,0.1425508223674516,0.4301676165595317,-0.04148090176420706,0.3817159338216082,0.15714285714285714,0.2014367925103219
easygese:rice,rice,Awn_presence,transformer,hybrid,isotonic,0.12740760549484226,0.13262183286481782,0.44278937696594073,-0.10594518278562973,0.3318847334629159,0.21428571428571427,0.16204818112171052
easygese:rice,rice,Awn_presence,transformer,hybrid,raw,0.12461185717472656,0.1425508223674516,0.4337770227913075,-0.05887193170803802,0.3817159338216082,0.15714285714285714,0.2014367925103219
easygese:rice,rice,Awn_presence,transformer,mse,affine,0.03867103038302877,0.05276931044868094,0.43831129335706187,-0.08411988571577861,0.3219831468881414,0.12857142857142856,0.13080104535986886
easygese:rice,rice,Awn_presence,transformer,mse,isotonic,0.08287532741433179,0.09855773092912132,0.4488179311974494,-0.13842682018250327,0.32682942976715423,0.15714285714285714,0.0489687017775253
easygese:rice,rice,Awn_presence,transformer,mse,raw,0.09025738594032914,0.10057586935606375,0.4277859261983066,-0.031187547084369004,0.3219831468881414,0.12857142857142856,0.13080104535986886
easygese:rice,rice,Awn_presence,transformer,pearson,affine,0.1353087852296611,0.14103859347041453,0.43138634618355376,-0.04749743598431701,0.3441106498825719,0.1,0.1283779347014641
easygese:rice,rice,Awn_presence,transformer,pearson,isotonic,0.15457481588155125,0.14889859223089638,0.4445738161323666,-0.11682663171538996,0.3768993044969203,0.17142857142857143,0.14636735269088208
easygese:rice,rice,Awn_presence,transformer,pearson,raw,0.13530878522966217,0.14103859347041453,0.7429011557328318,-2.168088147393853,0.3441106498825719,0.1,0.1283779347014641
easygese:rice,rice,Blast_resistance,cnn,ccc,affine,0.5064383021916073,0.5014540230796225,2.5671496973204326,0.20364305914239308,0.7904758046105745,0.1857142857142857,0.5445131201811083
easygese:rice,rice,Blast_resistance,cnn,ccc,isotonic,0.4745209612321826,0.4885364829916689,2.6514009675028665,0.14868368970888834,0.7128981053058923,0.21428571428571427,0.5419987266446193
easygese:rice,rice,Blast_resistance,cnn,ccc,raw,0.5064383021916075,0.5014540230796225,2.8524687767981383,0.01278161545830292,0.7904758046105745,0.1857142857142857,0.5445131201811083
easygese:rice,rice,Blast_resistance,cnn,hybrid,affine,0.48946297629561286,0.48571179891008054,2.6154583886317173,0.16968944956837323,0.7367402397639969,0.15714285714285714,0.44973495536325936
easygese:rice,rice,Blast_resistance,cnn,hybrid,isotonic,0.4462457732342472,0.4711659140313545,2.742918837085767,0.08412414147157332,0.6947097165266458,0.15714285714285714,0.4094060180155329
easygese:rice,rice,Blast_resistance,cnn,hybrid,raw,0.489462976295613,0.48571179891008054,2.645739892417327,0.1555107256212615,0.7367402397639969,0.15714285714285714,0.44973495536325936
easygese:rice,rice,Blast_resistance,cnn,mse,affine,0.4417066723718304,0.4506768479935538,2.6720624402219717,0.1365260538627658,0.6487627065189349,0.2571428571428571,0.412115769276333
easygese:rice,rice,Blast_resistance,cnn,mse,isotonic,0.4178278039897153,0.4444236468527246,2.7241681567155984,0.09996271884687477,0.6274729491967733,0.2571428571428571,0.44368568541072567
easygese:rice,rice,Blast_resistance,cnn,mse,raw,0.4417066723718303,0.4506768479935538,2.6832244322718855,0.13054638735748908,0.6487627065189349,0.2571428571428571,0.412115769276333
easygese:rice,rice,Blast_resistance,cnn,pearson,affine,0.4734828941827976,0.4775540109762881,2.651210184191352,0.14442473404229347,0.7687807988707538,0.21428571428571427,0.5450166581902705
easygese:rice,rice,Blast_resistance,cnn,pearson,isotonic,0.44353988684709683,0.4668730745990466,2.7331996441826396,0.08788180485999689,0.7040863432526916,0.21428571428571427,0.3792912428425427
easygese:rice,rice,Blast_resistance,cnn,pearson,raw,0.4734828941827976,0.4775540109762881,2.7389989395299574,0.09338762858435626,0.7687807988707538,0.21428571428571427,0.5450166581902705
easygese:rice,rice,Blast_resistance,mlp,ccc,affine,0.4589903642390828,0.4670042298573674,2.6342282012225677,0.1606414573015408,0.7482993282953199,0.24285714285714283,0.5015990945370054
easygese:rice,rice,Blast_resistance,mlp,ccc,isotonic,0.4340753738291854,0.4561794588988352,2.723430091470548,0.10008060826102402,0.6948945102953926,0.2571428571428571,0.4608229270737649
easygese:rice,rice,Blast_resistance,mlp,ccc,raw,0.4589903642390828,0.4670042298573674,2.9315157660117874,-0.0530417164789914,0.7482993282953199,0.24285714285714283,0.5015990945370054
easygese:rice,rice,Blast_resistance,mlp,hybrid,affine,0.4643095465122745,0.46787248488393596,2.630328050494877,0.16354715518192017,0.7890175384771829,0.2571428571428571,0.573205477126526
easygese:rice,rice,Blast_resistance,mlp,hybrid,isotonic,0.4408030236367854,0.45255237832574247,2.713615818438478,0.10916508768432816,0.7191915865871334,0.24285714285714283,0.4153544802182222
easygese:rice,rice,Blast_resistance,mlp,hybrid,raw,0.4643095465122745,0.46787248488393596,2.720471507600368,0.10043809599976802,0.7890175384771829,0.2571428571428571,0.573205477126526
easygese:rice,rice,Blast_resistance,mlp,mse,affine,0.4570974000309146,0.4535847464788974,2.636511462174029,0.16086478284423217,0.7862761326604968,0.2571428571428571,0.5514320467985875
easygese:rice,rice,Blast_resistance,mlp,mse,isotonic,0.43334651812530306,0.4450998416947952,2.698208921868393,0.11994732059408668,0.716959973746469,0.22857142857142856,0.45634019415854726
easygese:rice,rice,Blast_resistance,mlp,mse,raw,0.45709740003091454,0.4535847464788974,2.6434167836638123,0.15484895100311463,0.7862761326604968,0.2571428571428571,0.5514320467985875
easygese:rice,rice,Blast_resistance,mlp,pearson,affine,0.4599538412379691,0.46128585340278727,2.637122982645065,0.15928646011334363,0.7860627521929952,0.21428571428571427,0.5298411038650708
easygese:rice,rice,Blast_resistance,mlp,pearson,isotonic,0.43905048879306185,0.4495993406852879,2.728936789783306,0.09763172880399155,0.7095454975745372,0.22857142857142856,0.48040069801913887
easygese:rice,rice,Blast_resistance,mlp,pearson,raw,0.4599538412379691,0.46128585340278727,3.1214737157410566,-0.20220347744119122,0.7860627521929952,0.21428571428571427,0.5298411038650708
easygese:rice,rice,Blast_resistance,transformer,ccc,affine,0.4651400604530481,0.4673913865423237,2.622684537146946,0.16935104350193889,0.7121654412340848,0.17142857142857143,0.4078652660197369
easygese:rice,rice,Blast_resistance,transformer,ccc,isotonic,0.43532006485366426,0.4555471538865448,2.72662842820603,0.09924997841010468,0.6635272003444421,0.2,0.47445589034793967
easygese:rice,rice,Blast_resistance,transformer,ccc,raw,0.4651400604530481,0.4673913865423237,2.8933650709261176,-0.017831604875845897,0.7121654412340848,0.17142857142857143,0.4078652660197369
easygese:rice,rice,Blast_resistance,transformer,hybrid,affine,0.39707780687146016,0.4033170227431988,2.709790746506738,0.11037747643830217,0.7111984580581504,0.1,0.36947898944969704
easygese:rice,rice,Blast_resistance,transformer,hybrid,isotonic,0.38384438238568747,0.3878967359400555,2.7881216534026785,0.05533606171040121,0.6502838773378199,0.15714285714285714,0.3919275790451355
easygese:rice,rice,Blast_resistance,transformer,hybrid,raw,0.3970778068714601,0.4033170227431988,2.7330575077938892,0.09444132547564653,0.7111984580581504,0.1,0.36947898944969704
easygese:rice,rice,Blast_resistance,transformer,mse,affine,0.2747246359667358,0.29154316148834036,2.8574985825103627,0.014774130092405923,0.6784367864316609,0.2571428571428571,0.3374884630375153
easygese:rice,rice,Blast_resistance,transformer,mse,isotonic,0.3036942377187559,0.3143858598598076,2.8656587121038584,0.009015140684004197,0.6502401480259022,0.2571428571428571,0.35548209080051946
easygese:rice,rice,Blast_resistance,transformer,mse,raw,0.27472463596673585,0.29154316148834036,2.811585302108173,0.04689916971664534,0.6784367864316609,0.2571428571428571,0.3374884630375153
easygese:rice,rice,Blast_resistance,transformer,pearson,affine,0.45638244090087576,0.4575401158284248,2.6362778445520445,0.1608552305894723,0.7233718928201116,0.14285714285714285,0.4385925785054533
easygese:rice,rice,Blast_resistance,transformer,pearson,isotonic,0.4418097219794096,0.4471782493654553,2.7084646514097317,0.10881120746477464,0.6328247386665419,0.12857142857142856,0.4034199959057735
easygese:rice,rice,Blast_resistance,transformer,pearson,raw,0.45638244090087576,0.4575401158284248,2.9443645248289023,-0.05890670868883875,0.7233718928201116,0.14285714285714285,0.4385925785054533
easygese:rice,rice,Brown_rice_length_width_ratio,cnn,ccc,affine,0.6165093647768176,0.6049284902419585,0.41078354845677323,0.3336063887610976,0.7878444083495098,0.45714285714285713,0.5962290565235264
easygese:rice,rice,Brown_rice_length_width_ratio,cnn,ccc,isotonic,0.5935691679155882,0.5962581001097502,0.4270471894692586,0.27417037354630003,0.7686633340416742,0.42857142857142855,0.5752621704453876
easygese:rice,rice,Brown_rice_length_width_ratio,cnn,ccc,raw,0.6165093647768176,0.6049284902419585,0.4227062558064567,0.2938838114778288,0.7878444083495098,0.45714285714285713,0.5962290565235264
easygese:rice,rice,Brown_rice_length_width_ratio,cnn,hybrid,affine,0.5929725282891308,0.5838428542397738,0.41792548002887964,0.31147544753490386,0.7715301162125566,0.4714285714285714,0.5895988175511993
easygese:rice,rice,Brown_rice_length_width_ratio,cnn,hybrid,isotonic,0.551187141007552,0.5701825665619409,0.44130730352069014,0.22939194665004367,0.7334332859464651,0.4428571428571429,0.5825180266852483
easygese:rice,rice,Brown_rice_length_width_ratio,cnn,hybrid,raw,0.5929725282891309,0.5838428542397738,0.43343770146618343,0.2659262835573595,0.7715301162125566,0.4714285714285714,0.5895988175511993
easygese:rice,rice,Brown_rice_length_width_ratio,cnn,mse,affine,0.6121096657270522,0.5951627060332363,0.40778227258775945,0.33943784434225954,0.8112703683014082,0.47142857142857136,0.6404134530329729
easygese:rice,rice,Brown_rice_length_width_ratio,cnn,mse,isotonic,0.5959046617397264,0.6060996454331642,0.4203614477506047,0.2960714344490142,0.7875034482475793,0.4714285714285714,0.6040831094504542
easygese:rice,rice,Brown_rice_length_width_ratio,cnn,mse,raw,0.6121096657270523,0.5951627060332363,0.40311593258596207,0.3579568562783088,0.8112703683014082,0.47142857142857136,0.6404134530329729
easygese:rice,rice,Brown_rice_length_width_ratio,cnn,pearson,affine,0.6016941010699428,0.5813257347665223,0.4135833830240701,0.3263135415704586,0.7832585195185235,0.45714285714285713,0.5907152489321593
easygese:rice,rice,Brown_rice_length_width_ratio,cnn,pearson,isotonic,0.5712717068983932,0.5860962039874322,0.43283034737249765,0.2620266417030315,0.7688955464290175,0.42857142857142855,0.565709820527047
easygese:rice,rice,Brown_rice_length_width_ratio,cnn,pearson,raw,0.6016941010699428,0.5813257347665223,0.4625067608844545,0.1619350222929693,0.7832585195185235,0.45714285714285713,0.5907152489321593
easygese:rice,rice,Brown_rice_length_width_ratio,mlp,ccc,affine,0.532131107823649,0.5518827195049106,0.43385197580751295,0.26413489022991576,0.6769346003662926,0.2714285714285714,0.39568883299722096
easygese:rice,rice,Brown_rice_length_width_ratio,mlp,ccc,isotonic,0.49261135284842517,0.5449654738767131,0.45133311455210057,0.20174110719524876,0.6513372854975491,0.2857142857142857,0.42182795905085735
easygese:rice,rice,Brown_rice_length_width_ratio,mlp,ccc,raw,0.5321311078236488,0.5518827195049106,0.4450146372077034,0.22513284603415676,0.6769346003662926,0.2714285714285714,0.39568883299722096
easygese:rice,rice,Brown_rice_length_width_ratio,mlp,hybrid,affine,0.5773933192694768,0.5968612241168385,0.4235031404317528,0.29795450983120736,0.7012242841796277,0.32857142857142857,0.43477854021523565
easygese:rice,rice,Brown_rice_length_width_ratio,mlp,hybrid,isotonic,0.5386313956108155,0.5837954636071053,0.44209166950095796,0.22931761772381876,0.6849272728337132,0.3142857142857143,0.4689968863568474
easygese:rice,rice,Brown_rice_length_width_ratio,mlp,hybrid,raw,0.5773933192694768,0.5968612241168385,0.4218960473096421,0.3038924050545338,0.7012242841796277,0.32857142857142857,0.43477854021523565
easygese:rice,rice,Brown_rice_length_width_ratio,mlp,mse,affine,0.5457609526599637,0.5661013605834315,0.43214560693242277,0.26957124868745175,0.7065684643212309,0.3,0.4525627947477745
easygese:rice,rice,Brown_rice_length_width_ratio,mlp,mse,isotonic,0.5110752146262941,0.5591728480474853,0.4507367374325084,0.2016220836701959,0.6711493201946581,0.32857142857142857,0.4779963415325009
easygese:rice,rice,Brown_rice_length_width_ratio,mlp,mse,raw,0.5457609526599637,0.5661013605834315,0.4278821938212777,0.2839376219064185,0.7065684643212309,0.3,0.4525627947477745
easygese:rice,rice,Brown_rice_length_width_ratio,mlp,pearson,affine,0.5865738290683646,0.6076221267413762,0.41782310297154235,0.3167236585450708,0.6970350075547084,0.32857142857142857,0.4654601709057631
easygese:rice,rice,Brown_rice_length_width_ratio,mlp,pearson,isotonic,0.5490874927929438,0.5950167037473792,0.43478752870940085,0.2586609322453897,0.6690924609610065,0.2857142857142857,0.4619602025899914
easygese:rice,rice,Brown_rice_length_width_ratio,mlp,pearson,raw,0.5865738290683647,0.6076221267413762,0.4856686157472524,0.05803452392325738,0.6970350075547084,0.32857142857142857,0.4654601709057631
easygese:rice,rice,Brown_rice_length_width_ratio,transformer,ccc,affine,0.5413666475585985,0.5550247987149015,0.434841257536815,0.257894936281541,0.7013374853501768,0.32857142857142857,0.49710765163354453
easygese:rice,rice,Brown_rice_length_width_ratio,transformer,ccc,isotonic,0.50206847165628,0.5385264786794943,0.4514614680958819,0.19514639105912762,0.6629291211608355,0.3142857142857143,0.4752425384020552
easygese:rice,rice,Brown_rice_length_width_ratio,transformer,ccc,raw,0.5413666475585985,0.5550247987149015,0.4463510455127161,0.2177870358466339,0.7013374853501768,0.32857142857142857,0.49710765163354453
easygese:rice,rice,Brown_rice_length_width_ratio,transformer,hybrid,affine,0.5427968845890255,0.5492763584160633,0.4374418170603337,0.25315919509861773,0.7143943192558201,0.3142857142857143,0.4703308862028098
easygese:rice,rice,Brown_rice_length_width_ratio,transformer,hybrid,isotonic,0.5180607071318043,0.5408362014819965,0.45309793974537377,0.1973669260857472,0.6925119269688254,0.2714285714285714,0.42339903494689174
easygese:rice,rice,Brown_rice_length_width_ratio,transformer,hybrid,raw,0.5427968845890255,0.5492763584160633,0.4462887536616183,0.2210204364144795,0.7143943192558201,0.3142857142857143,0.4703308862028098
easygese:rice,rice,Brown_rice_length_width_ratio,transformer,mse,affine,0.23288710293576625,0.3140239610763821,0.49595049507920824,0.027944669126955146,0.6213898790739021,0.2857142857142857,0.35297038106458484
easygese:rice,rice,Brown_rice_length_width_ratio,transformer,mse,isotonic,0.32053100333002293,0.34038140562532615,0.5090773297001859,-0.021455144341703168,0.5960171641502479,0.22857142857142856,0.282966035949465
easygese:rice,rice,Brown_rice_length_width_ratio,transformer,mse,raw,0.23288710293576634,0.3140239610763821,0.49249255900451533,0.04249354506812046,0.6213898790739021,0.2857142857142857,0.35297038106458484
easygese:rice,rice,Brown_rice_length_width_ratio,transformer,pearson,affine,0.5276359789392456,0.5340854736414872,0.4395814960752619,0.24399670057390402,0.726738210871728,0.32857142857142857,0.5053484980300104
easygese:rice,rice,Brown_rice_length_width_ratio,transformer,pearson,isotonic,0.48821754513728643,0.5276292386343334,0.46044182000042505,0.16684651796811617,0.7193329148004668,0.32857142857142857,0.5285692214730549
easygese:rice,rice,Brown_rice_length_width_ratio,transformer,pearson,raw,0.5276359789392456,0.5340854736414872,0.505044545359352,-0.012354552727641233,0.726738210871728,0.32857142857142857,0.5053484980300104
easygese:rice,rice,Brown_rice_seed_length,cnn,ccc,affine,0.5562313790581255,0.5587388782824827,0.6500975631706761,0.2752506736312539,0.8037190417713861,0.2857142857142857,0.5881870904780706
easygese:rice,rice,Brown_rice_seed_length,cnn,ccc,isotonic,0.5379360306992941,0.5655944879007841,0.6635641095221072,0.2450592916342466,0.80766900771518,0.2714285714285714,0.5823207028796904
easygese:rice,rice,Brown_rice_seed_length,cnn,ccc,raw,0.5562313790581256,0.5587388782824827,0.6889594846845575,0.18144799026278183,0.8037190417713861,0.2857142857142857,0.5881870904780706
easygese:rice,rice,Brown_rice_seed_length,cnn,hybrid,affine,0.5434280087691248,0.5489933977265126,0.6567950895760515,0.25892556930202165,0.8039606394223743,0.2857142857142857,0.5845798460130378
easygese:rice,rice,Brown_rice_seed_length,cnn,hybrid,isotonic,0.5276824860499099,0.5336975588938551,0.6730017410148095,0.21904851852660717,0.7912142858458624,0.34285714285714286,0.6231404421948947
easygese:rice,rice,Brown_rice_seed_length,cnn,hybrid,raw,0.5434280087691249,0.5489933977265126,0.7041775109970694,0.15097884773352682,0.8039606394223743,0.2857142857142857,0.5845798460130378
easygese:rice,rice,Brown_rice_seed_length,cnn,mse,affine,0.25636860889221996,0.2590101920089179,0.7271320092525256,0.08605509102223295,0.6750076085471516,0.24285714285714283,0.3525060284890075
easygese:rice,rice,Brown_rice_seed_length,cnn,mse,isotonic,0.2612237480213801,0.2714904184640587,0.7351906662373667,0.0674916877870326,0.6864461328517472,0.2857142857142857,0.39328245900560665
easygese:rice,rice,Brown_rice_seed_length,cnn,mse,raw,0.25636860889221996,0.2590101920089179,0.7209171123804403,0.10375930089877854,0.6750076085471516,0.24285714285714283,0.3525060284890075
easygese:rice,rice,Brown_rice_seed_length,cnn,pearson,affine,0.5395716337725325,0.5511260081108275,0.6587296938919346,0.25312406379595564,0.7792930503523949,0.2571428571428571,0.5421427248309311
easygese:rice,rice,Brown_rice_seed_length,cnn,pearson,isotonic,0.5174507384803098,0.5508996526966441,0.6742722250161797,0.21541322380551495,0.7799060111102848,0.3142857142857143,0.5724731989902182
easygese:rice,rice,Brown_rice_seed_length,cnn,pearson,raw,0.5395716337725325,0.5511260081108275,0.7524870402255004,0.030631314452217874,0.7792930503523949,0.2571428571428571,0.5421427248309311
easygese:rice,rice,Brown_rice_seed_length,mlp,ccc,affine,0.4228053840487796,0.44607862005794363,0.7096392423370126,0.1350734037133445,0.7351010823104815,0.32857142857142857,0.46145984528649375
easygese:rice,rice,Brown_rice_seed_length,mlp,ccc,isotonic,0.4027108930520237,0.43635555482771504,0.7255056391912738,0.09461175553325095,0.7327914256424088,0.3571428571428571,0.4887213115575613
easygese:rice,rice,Brown_rice_seed_length,mlp,ccc,raw,0.42280538404877965,0.44607862005794363,0.7437284877318796,0.04584058488860706,0.7351010823104815,0.32857142857142857,0.46145984528649375
easygese:rice,rice,Brown_rice_seed_length,mlp,hybrid,affine,0.4658327079911862,0.4879551477663938,0.6958552525462944,0.16778364380708327,0.7473571459989071,0.3142857142857143,0.4550936334538144
easygese:rice,rice,Brown_rice_seed_length,mlp,hybrid,isotonic,0.44046940015256153,0.47974162912792784,0.7146350344234935,0.12087006374975404,0.7484926175730084,0.3142857142857143,0.4395327918781976
easygese:rice,rice,Brown_rice_seed_length,mlp,hybrid,raw,0.4658327079911861,0.4879551477663938,0.7057267717512863,0.14085572936351493,0.7473571459989071,0.3142857142857143,0.4550936334538144
easygese:rice,rice,Brown_rice_seed_length,mlp,mse,affine,0.4449461919624582,0.4695713925496715,0.706683648156348,0.14018237246006984,0.7293254340430402,0.3142857142857143,0.4176849941270408
easygese:rice,rice,Brown_rice_seed_length,mlp,mse,isotonic,0.42292025056133886,0.45798862539985763,0.7218600480408472,0.09812595595235166,0.7150270767339826,0.3,0.4319137733816185
easygese:rice,rice,Brown_rice_seed_length,mlp,mse,raw,0.4449461919624583,0.4695713925496715,0.7026128401942716,0.14777811027903837,0.7293254340430402,0.3142857142857143,0.4176849941270408
easygese:rice,rice,Brown_rice_seed_length,mlp,pearson,affine,0.46215498423882406,0.48301805719225843,0.6943319201183644,0.17403279141555203,0.752684452054867,0.32857142857142857,0.4967014816577115
easygese:rice,rice,Brown_rice_seed_length,mlp,pearson,isotonic,0.43668884413869236,0.4620438446601726,0.7112609140144529,0.13230800898972173,0.7517490496081283,0.32857142857142857,0.524796776425618
easygese:rice,rice,Brown_rice_seed_length,mlp,pearson,raw,0.46215498423882406,0.48301805719225843,0.7658742155278226,-0.013850755178278985,0.752684452054867,0.32857142857142857,0.4967014816577115
easygese:rice,rice,Brown_rice_seed_length,transformer,ccc,affine,0.40774448851404294,0.42746211283043534,0.7156601184040627,0.12140631340010648,0.7106965428843238,0.2857142857142857,0.39129702605706645
easygese:rice,rice,Brown_rice_seed_length,transformer,ccc,isotonic,0.3700597966209532,0.42262636570322665,0.7461883641253377,0.04038877106519254,0.7031519664198075,0.34285714285714286,0.43404604753160586
easygese:rice,rice,Brown_rice_seed_length,transformer,ccc,raw,0.4077444885140428,0.42746211283043534,0.7796852147128915,-0.045315939231859025,0.7106965428843238,0.2857142857142857,0.39129702605706645
easygese:rice,rice,Brown_rice_seed_length,transformer,hybrid,affine,0.32278981546965657,0.34490245822762666,0.7444128485760192,0.05107262342953463,0.6759765233496747,0.1857142857142857,0.32322379850077726
easygese:rice,rice,Brown_rice_seed_length,transformer,hybrid,isotonic,0.29811814651392743,0.3323536103464785,0.7734831899078194,-0.023885326558508245,0.6818085925056433,0.2,0.2963215802629101
easygese:rice,rice,Brown_rice_seed_length,transformer,hybrid,raw,0.32278981546965657,0.34490245822762666,0.749903915574617,0.03513139658100804,0.6759765233496747,0.1857142857142857,0.32322379850077726
easygese:rice,rice,Brown_rice_seed_length,transformer,mse,affine,0.04651763728303154,0.07007718947958855,0.7938837356012727,-0.08707389568867825,0.6047466458192152,0.15714285714285714,0.14442899297515008
easygese:rice,rice,Brown_rice_seed_length,transformer,mse,isotonic,0.06695289483546407,0.09501964180367044,0.8220588753395676,-0.1632675249406292,0.5854702853642036,0.2,0.19787723315063874
easygese:rice,rice,Brown_rice_seed_length,transformer,mse,raw,0.046517637283031564,0.07007718947958855,0.7845226650209514,-0.057974622061387114,0.6047466458192152,0.15714285714285714,0.14442899297515008
easygese:rice,rice,Brown_rice_seed_length,transformer,pearson,affine,0.4067418170523811,0.4294658488012474,0.7213722677159579,0.10783124801104113,0.7280279887794177,0.2857142857142857,0.46156910111775246
easygese:rice,rice,Brown_rice_seed_length,transformer,pearson,isotonic,0.38843860207690584,0.41471635604388857,0.7442172062731714,0.04998104526047353,0.73961679750027,0.3,0.4740799238244396
easygese:rice,rice,Brown_rice_seed_length,transformer,pearson,raw,0.4067418170523811,0.4294658488012474,0.8574929869779495,-0.2741268924967544,0.7280279887794177,0.2857142857142857,0.46156910111775246
easygese:rice,rice,Brown_rice_seed_width,cnn,ccc,affine,0.6744267007999843,0.6670604702383096,0.23846470552126703,0.41731566379108154,0.8356918210027656,0.3714285714285714,0.6527532494950785
easygese:rice,rice,Brown_rice_seed_width,cnn,ccc,isotonic,0.647683838356604,0.6586828092278942,0.24748013076179945,0.36579641530939633,0.8196201455660141,0.32857142857142857,0.6281393845870595
easygese:rice,rice,Brown_rice_seed_width,cnn,ccc,raw,0.6744267007999845,0.6670604702383096,0.25289158418076363,0.3365990532840762,0.8356918210027656,0.3714285714285714,0.6527532494950785
easygese:rice,rice,Brown_rice_seed_width,cnn,hybrid,affine,0.6768264321974887,0.6830031338928714,0.23992434840911514,0.4113876624400488,0.812917619020274,0.3571428571428571,0.6258275397477627
easygese:rice,rice,Brown_rice_seed_width,cnn,hybrid,isotonic,0.6644368420073063,0.6715815575507996,0.2462928544559774,0.37454863775845226,0.7949087929265902,0.3571428571428571,0.5831782862106031
easygese:rice,rice,Brown_rice_seed_width,cnn,hybrid,raw,0.6768264321974885,0.6830031338928714,0.24586505635594053,0.38821454926142346,0.812917619020274,0.3571428571428571,0.6258275397477627
easygese:rice,rice,Brown_rice_seed_width,cnn,mse,affine,0.6682593476433997,0.6602265253927658,0.24078706318064716,0.4038886892601954,0.8330102155259762,0.34285714285714286,0.6339516248282473
easygese:rice,rice,Brown_rice_seed_width,cnn,mse,isotonic,0.6460484793377583,0.6510300003441248,0.2480954790165434,0.36319684164589744,0.8105306847417882,0.3,0.6322464159852123
easygese:rice,rice,Brown_rice_seed_width,cnn,mse,raw,0.6682593476433997,0.6602265253927658,0.23903787645290547,0.41410170934602897,0.8330102155259762,0.34285714285714286,0.6339516248282473
easygese:rice,rice,Brown_rice_seed_width,cnn,pearson,affine,0.6607504385447227,0.6588162736006835,0.24277666247341276,0.3965022695968135,0.7991290143386316,0.34285714285714286,0.6091561184232372
easygese:rice,rice,Brown_rice_seed_width,cnn,pearson,isotonic,0.644881806603796,0.6550079271946713,0.25037636438652733,0.35541325522441874,0.7962018565408585,0.24285714285714283,0.5549812794806808
easygese:rice,rice,Brown_rice_seed_width,cnn,pearson,raw,0.6607504385447227,0.6588162736006835,0.26719447070925917,0.27324339728823693,0.7991290143386316,0.34285714285714286,0.6091561184232372
easygese:rice,rice,Brown_rice_seed_width,mlp,ccc,affine,0.611743971568359,0.6276218950531837,0.2538625687792928,0.34578507866868446,0.8146057270348326,0.24285714285714283,0.6041066358000714
easygese:rice,rice,Brown_rice_seed_width,mlp,ccc,isotonic,0.5921281691274475,0.6260645593955816,0.2602960514901494,0.30611043662933146,0.8111690493236526,0.3,0.6366904409084622
easygese:rice,rice,Brown_rice_seed_width,mlp,ccc,raw,0.611743971568359,0.6276218950531837,0.2603138728446939,0.3093433351243347,0.8146057270348326,0.24285714285714283,0.6041066358000714
easygese:rice,rice,Brown_rice_seed_width,mlp,hybrid,affine,0.6193372063289801,0.6274945838715156,0.25317766795629726,0.347060519973026,0.80621228828408,0.21428571428571427,0.5641163345841976
easygese:rice,rice,Brown_rice_seed_width,mlp,hybrid,isotonic,0.5981162224196356,0.618216897782137,0.2601448773166818,0.3077954872893827,0.8190099196813068,0.2571428571428571,0.6035225308884339
easygese:rice,rice,Brown_rice_seed_width,mlp,hybrid,raw,0.61933720632898,0.6274945838715156,0.25352573160045716,0.3422852584859165,0.80621228828408,0.21428571428571427,0.5641163345841976
easygese:rice,rice,Brown_rice_seed_width,mlp,mse,affine,0.6282332986985173,0.6530737365368683,0.25226158687389455,0.35685847360883055,0.8106541594836564,0.24285714285714283,0.604901084251969
easygese:rice,rice,Brown_rice_seed_width,mlp,mse,isotonic,0.6046399770537263,0.6427086736005599,0.26036172078374964,0.3126188380839725,0.8041196442287767,0.21428571428571427,0.5776162482897151
easygese:rice,rice,Brown_rice_seed_width,mlp,mse,raw,0.6282332986985173,0.6530737365368683,0.249903889431459,0.36856462211129676,0.8106541594836564,0.24285714285714283,0.604901084251969
easygese:rice,rice,Brown_rice_seed_width,mlp,pearson,affine,0.6126666249817647,0.62448162118491,0.25441875800321084,0.342058074674265,0.8220873817360056,0.2571428571428571,0.6045725589871275
easygese:rice,rice,Brown_rice_seed_width,mlp,pearson,isotonic,0.5757521960171259,0.6094762979434827,0.26642396668963664,0.2743283943671876,0.7976477770108161,0.2571428571428571,0.6403344086160153
easygese:rice,rice,Brown_rice_seed_width,mlp,pearson,raw,0.6126666249817647,0.62448162118491,0.3098635369008774,0.0016027318202776809,0.8220873817360056,0.2571428571428571,0.6045725589871275
easygese:rice,rice,Brown_rice_seed_width,transformer,ccc,affine,0.6741221033995763,0.6872147462781807,0.2366680631625729,0.4325146729714996,0.8078891695249298,0.2571428571428571,0.6098374963035506
easygese:rice,rice,Brown_rice_seed_width,transformer,ccc,isotonic,0.6587898253928,0.6811776042601625,0.24311985986673643,0.4012112493040069,0.8051662842728458,0.24285714285714283,0.6104440107033658
easygese:rice,rice,Brown_rice_seed_width,transformer,ccc,raw,0.6741221033995765,0.6872147462781807,0.24722349824512765,0.37666115411934115,0.8078891695249298,0.2571428571428571,0.6098374963035506
easygese:rice,rice,Brown_rice_seed_width,transformer,hybrid,affine,0.6645290300368539,0.6660783627596782,0.24172426658490695,0.4067551868999649,0.8088475340396837,0.2571428571428571,0.6066213414558966
easygese:rice,rice,Brown_rice_seed_width,transformer,hybrid,isotonic,0.6412386792027852,0.6596864397289331,0.2504574407246633,0.3605398633220413,0.7890902315493484,0.2571428571428571,0.5416594703586626
easygese:rice,rice,Brown_rice_seed_width,transformer,hybrid,raw,0.6645290300368539,0.6660783627596782,0.2424593285144056,0.40160975440335134,0.8088475340396837,0.2571428571428571,0.6066213414558966
easygese:rice,rice,Brown_rice_seed_width,transformer,mse,affine,0.5564932161594583,0.5949930272170105,0.26555667273078354,0.2826742088461255,0.8070592754763911,0.2,0.5747894908297781
easygese:rice,rice,Brown_rice_seed_width,transformer,mse,isotonic,0.5680506535677242,0.5970304578486099,0.26875952951267607,0.26650779521254314,0.8106932254392385,0.2714285714285714,0.5968105956666944
easygese:rice,rice,Brown_rice_seed_width,transformer,mse,raw,0.5564932161594583,0.5949930272170105,0.2665929026913426,0.27612174735849726,0.8070592754763911,0.2,0.5747894908297781
easygese:rice,rice,Brown_rice_seed_width,transformer,pearson,affine,0.6635429130262382,0.6658994375459921,0.24207801408068869,0.4068167341680814,0.8088316341544857,0.2571428571428571,0.5890264883756303
easygese:rice,rice,Brown_rice_seed_width,transformer,pearson,isotonic,0.641799748023067,0.6655294432465075,0.25120228006813494,0.3611610051963502,0.7993304690793636,0.2714285714285714,0.6084165482494487
easygese:rice,rice,Brown_rice_seed_width,transformer,pearson,raw,0.6635429130262381,0.6658994375459921,0.29814020554232956,0.06836501069412326,0.8088316341544857,0.2571428571428571,0.5890264883756303
easygese:rice,rice,Brown_rice_surface_area,cnn,ccc,affine,0.5121052500427765,0.5044095776706274,0.11962249977669515,0.22501790349845466,0.7453570181584188,0.2714285714285714,0.42383430512861847
easygese:rice,rice,Brown_rice_surface_area,cnn,ccc,isotonic,0.5006972910692877,0.5025598533340934,0.12091235310775042,0.20825166293623915,0.7372554055258346,0.2714285714285714,0.41239670180809823
easygese:rice,rice,Brown_rice_surface_area,cnn,ccc,raw,0.5121052500427765,0.5044095776706274,0.13103499320245993,0.0590522080772813,0.7453570181584188,0.2714285714285714,0.42383430512861847
easygese:rice,rice,Brown_rice_surface_area,cnn,hybrid,affine,0.5664180084745244,0.5654202452567065,0.11483924083115352,0.28548841910753564,0.7985892045980576,0.3571428571428571,0.5447688268680729
easygese:rice,rice,Brown_rice_surface_area,cnn,hybrid,isotonic,0.5557268403898808,0.5737931769156428,0.11706582621220271,0.2570066789557031,0.7387841748772597,0.2857142857142857,0.47988316673274733
easygese:rice,rice,Brown_rice_surface_area,cnn,hybrid,raw,0.5664180084745241,0.5654202452567065,0.1204838820217247,0.21529526873728289,0.7985892045980576,0.3571428571428571,0.5447688268680729
easygese:rice,rice,Brown_rice_surface_area,cnn,mse,affine,0.4938187356358353,0.48666489988524503,0.12075600882386237,0.2096874256772588,0.704534302469774,0.2857142857142857,0.3648485552074315
easygese:rice,rice,Brown_rice_surface_area,cnn,mse,isotonic,0.4820795431756454,0.49274565769838247,0.12330203232893729,0.1747230497785396,0.6838715543209533,0.2571428571428571,0.3436820659466775
easygese:rice,rice,Brown_rice_surface_area,cnn,mse,raw,0.49381873563583545,0.48666489988524503,0.12036702259832324,0.2149638446598569,0.704534302469774,0.2857142857142857,0.3648485552074315
easygese:rice,rice,Brown_rice_surface_area,cnn,pearson,affine,0.5727411233678366,0.5647121089709614,0.11418729564973681,0.29289802297790485,0.7943312156742552,0.42857142857142855,0.5813745502535937
easygese:rice,rice,Brown_rice_surface_area,cnn,pearson,isotonic,0.5465032221346738,0.5645273168451583,0.1185674916429998,0.2386605226601241,0.7892804709175156,0.3571428571428571,0.5115914837714881
easygese:rice,rice,Brown_rice_surface_area,cnn,pearson,raw,0.5727411233678359,0.5647121089709614,0.12952157615316628,0.0930875392200595,0.7943312156742552,0.42857142857142855,0.5813745502535937
easygese:rice,rice,Brown_rice_surface_area,mlp,ccc,affine,0.4505382401908561,0.46288796718932523,0.1263066902529455,0.13311806519937022,0.7817905159535014,0.34285714285714286,0.501570485990836
easygese:rice,rice,Brown_rice_surface_area,mlp,ccc,isotonic,0.41036581125842486,0.4411772358797109,0.13182901418784834,0.04993532926472684,0.7523610976149346,0.32857142857142857,0.4657287925038097
easygese:rice,rice,Brown_rice_surface_area,mlp,ccc,raw,0.4505382401908561,0.46288796718932523,0.13249976291947735,0.03908213100441201,0.7817905159535014,0.34285714285714286,0.501570485990836
easygese:rice,rice,Brown_rice_surface_area,mlp,hybrid,affine,0.46573005607928464,0.4819951422087512,0.12548665779004303,0.14480349813343435,0.7650293875522589,0.3142857142857143,0.44781783984370466
easygese:rice,rice,Brown_rice_surface_area,mlp,hybrid,isotonic,0.4369834160917197,0.4701969241911458,0.12977507288035353,0.07899829940749055,0.7265238144836126,0.2857142857142857,0.38779629934226245
easygese:rice,rice,Brown_rice_surface_area,mlp,hybrid,raw,0.46573005607928464,0.4819951422087512,0.12802645459863565,0.10511595434339589,0.7650293875522589,0.3142857142857143,0.44781783984370466
easygese:rice,rice,Brown_rice_surface_area,mlp,mse,affine,0.45087742313836915,0.4645334410555404,0.12619640154393824,0.13477443163754987,0.7267563784026223,0.2714285714285714,0.34373896559111977
easygese:rice,rice,Brown_rice_surface_area,mlp,mse,isotonic,0.4431170043465599,0.46514764668669606,0.12850971948313167,0.09853775417885294,0.6983254087752744,0.2714285714285714,0.35591599708152594
easygese:rice,rice,Brown_rice_surface_area,mlp,mse,raw,0.45087742313836926,0.4645334410555404,0.12614235856641987,0.13748361510366836,0.7267563784026223,0.2714285714285714,0.34373896559111977
easygese:rice,rice,Brown_rice_surface_area,mlp,pearson,affine,0.4703360216725564,0.48471684325904274,0.12474904616823583,0.15417944218751498,0.7651874350127473,0.32857142857142857,0.46023630578867597
easygese:rice,rice,Brown_rice_surface_area,mlp,pearson,isotonic,0.4600079162666205,0.4803245393739779,0.1275673418699906,0.11045182065080839,0.7032777642656168,0.2714285714285714,0.3628573255656722
easygese:rice,rice,Brown_rice_surface_area,mlp,pearson,raw,0.4703360216725564,0.48471684325904274,0.17099386659371507,-0.6957756184049794,0.7651874350127473,0.32857142857142857,0.46023630578867597
easygese:rice,rice,Brown_rice_surface_area,transformer,ccc,affine,0.4391927898083807,0.43812208288091725,0.12436559226912296,0.16137822307658709,0.732996551103961,0.2857142857142857,0.37176410200377485
easygese:rice,rice,Brown_rice_surface_area,transformer,ccc,isotonic,0.42922217277905317,0.44216011431821833,0.1265187188861107,0.12681659020117872,0.7452313657150487,0.2857142857142857,0.40686491791522306
easygese:rice,rice,Brown_rice_surface_area,transformer,ccc,raw,0.43919278980838056,0.43812208288091725,0.1461927172394152,-0.18287687915692735,0.732996551103961,0.2857142857142857,0.37176410200377485
easygese:rice,rice,Brown_rice_surface_area,transformer,hybrid,affine,0.4629198731688212,0.4510333098334252,0.12297430303029697,0.17985467882908585,0.7466421698033071,0.2571428571428571,0.39393346055293965
easygese:rice,rice,Brown_rice_surface_area,transformer,hybrid,isotonic,0.4146893742449362,0.44784229657219915,0.12831365623906615,0.10418755399526183,0.7515441973244876,0.2857142857142857,0.4049157672915428
easygese:rice,rice,Brown_rice_surface_area,transformer,hybrid,raw,0.4629198731688211,0.4510333098334252,0.12436052035290426,0.15836183003069895,0.7466421698033071,0.2571428571428571,0.39393346055293965
easygese:rice,rice,Brown_rice_surface_area,transformer,mse,affine,0.44560465701202967,0.44262660361143846,0.12366794212875962,0.1669041774006157,0.7050481737869483,0.2,0.32172060699320904
easygese:rice,rice,Brown_rice_surface_area,transformer,mse,isotonic,0.4315018547543229,0.438644252427742,0.12741541408771825,0.11150304443280401,0.6896318197378185,0.17142857142857143,0.2397999014911029
easygese:rice,rice,Brown_rice_surface_area,transformer,mse,raw,0.44560465701202984,0.44262660361143846,0.12252368467852419,0.1826864039459019,0.7050481737869483,0.2,0.32172060699320904
easygese:rice,rice,Brown_rice_surface_area,transformer,pearson,affine,0.4734467204370604,0.4581041749216527,0.12321247207026784,0.1757531345155281,0.7418604274487739,0.32857142857142857,0.37165301269376083
easygese:rice,rice,Brown_rice_surface_area,transformer,pearson,isotonic,0.43818348986053424,0.4454513957903208,0.12814677995351637,0.1041887597159001,0.7446363095370165,0.37142857142857144,0.4029095963258588
easygese:rice,rice,Brown_rice_surface_area,transformer,pearson,raw,0.47344672043706026,0.4581041749216527,0.16785371071954064,-0.5841104631252765,0.7418604274487739,0.32857142857142857,0.37165301269376083
easygese:rice,rice,Brown_rice_volume,cnn,ccc,affine,0.6040415700303123,0.5877803393249523,1.0586427200696167,0.3182759844295026,0.7815747423240051,0.3714285714285714,0.5812015941231773
easygese:rice,rice,Brown_rice_volume,cnn,ccc,isotonic,0.5913949472340289,0.5841120199337435,1.0828646601256584,0.28433247784965787,0.7327380582688086,0.32857142857142857,0.5141550890406863
easygese:rice,rice,Brown_rice_volume,cnn,ccc,raw,0.6040415700303122,0.5877803393249523,1.1448729733007006,0.19652451073950383,0.7815747423240051,0.3714285714285714,0.5812015941231773
easygese:rice,rice,Brown_rice_volume,cnn,hybrid,affine,0.64026810386558,0.6348180129369568,1.0296898653901514,0.3555281119954674,0.7734129340933918,0.3714285714285714,0.5896487149445602
easygese:rice,rice,Brown_rice_volume,cnn,hybrid,isotonic,0.6173874562787037,0.6356438752194933,1.0802443604514815,0.28306331415581043,0.7448986785936388,0.3714285714285714,0.5849524942160648
easygese:rice,rice,Brown_rice_volume,cnn,hybrid,raw,0.6402681038655802,0.6348180129369568,1.0480915374244328,0.3387670873727399,0.7734129340933918,0.3714285714285714,0.5896487149445602
easygese:rice,rice,Brown_rice_volume,cnn,mse,affine,0.6102809188514314,0.6045075568500518,1.0513200971154961,0.3275928664668395,0.79148841195739,0.3714285714285714,0.579961914930671
easygese:rice,rice,Brown_rice_volume,cnn,mse,isotonic,0.6029348412298564,0.5937592435218024,1.0685553310309934,0.302501773250247,0.7422197013755287,0.32857142857142857,0.4975602586203044
easygese:rice,rice,Brown_rice_volume,cnn,mse,raw,0.6102809188514315,0.6045075568500518,1.048159960140191,0.3330637736647627,0.79148841195739,0.3714285714285714,0.579961914930671
easygese:rice,rice,Brown_rice_volume,cnn,pearson,affine,0.6307176685283109,0.6258322982771867,1.0306360022324383,0.3552282734509461,0.7676860774088231,0.3142857142857143,0.547897399888966
easygese:rice,rice,Brown_rice_volume,cnn,pearson,isotonic,0.623224070115515,0.6279462262926977,1.0452423107946602,0.3359640337148305,0.742447049381321,0.3,0.540800065425397
easygese:rice,rice,Brown_rice_volume,cnn,pearson,raw,0.630717668528311,0.6258322982771867,1.1876593850822255,0.1435612020146185,0.7676860774088231,0.3142857142857143,0.547897399888966
easygese:rice,rice,Brown_rice_volume,mlp,ccc,affine,0.5489155934193072,0.5516190750641959,1.11054219871644,0.2504872087748473,0.697898038687198,0.2857142857142857,0.41187150487197377
easygese:rice,rice,Brown_rice_volume,mlp,ccc,isotonic,0.5194544936658142,0.5395558335632257,1.1521465312572567,0.1925390043208838,0.6814510318568362,0.3,0.41564088195759463
easygese:rice,rice,Brown_rice_volume,mlp,ccc,raw,0.5489155934193072,0.5516190750641959,1.1590446781710229,0.17621473357589273,0.697898038687198,0.2857142857142857,0.41187150487197377
easygese:rice,rice,Brown_rice_volume,mlp,hybrid,affine,0.5692904744627045,0.5821900713745388,1.106688291386169,0.25611298601227966,0.7426468720347784,0.2571428571428571,0.49592251345271327
easygese:rice,rice,Brown_rice_volume,mlp,hybrid,isotonic,0.5418306759743429,0.5712294740501997,1.1467947427866108,0.20032280774691688,0.7076014483682965,0.2571428571428571,0.4670995451315302
easygese:rice,rice,Brown_rice_volume,mlp,hybrid,raw,0.5692904744627045,0.5821900713745388,1.0954558747184213,0.27186675141667294,0.7426468720347784,0.2571428571428571,0.49592251345271327
easygese:rice,rice,Brown_rice_volume,mlp,mse,affine,0.5785742603528851,0.5842542209780422,1.0911917739202277,0.2790678394554229,0.7375352971361829,0.2857142857142857,0.5092272580125681
easygese:rice,rice,Brown_rice_volume,mlp,mse,isotonic,0.5757160447165833,0.5842513361802453,1.096928375000299,0.268197299540612,0.684029525166972,0.24285714285714283,0.44387693473573286
easygese:rice,rice,Brown_rice_volume,mlp,mse,raw,0.578574260352885,0.5842542209780422,1.0704182012074823,0.3067458305739997,0.7375352971361829,0.2857142857142857,0.5092272580125681
easygese:rice,rice,Brown_rice_volume,mlp,pearson,affine,0.587047195937593,0.593047286275196,1.0895174313047875,0.27913392821779787,0.7311896359458029,0.2714285714285714,0.47750739509337203
easygese:rice,rice,Brown_rice_volume,mlp,pearson,isotonic,0.5747324020038649,0.5807301720015403,1.104761753701307,0.25778504742100006,0.671091844213577,0.17142857142857143,0.3699994198895057
easygese:rice,rice,Brown_rice_volume,mlp,pearson,raw,0.587047195937593,0.593047286275196,1.4098495709965662,-0.24956009248092054,0.7311896359458029,0.2714285714285714,0.47750739509337203
easygese:rice,rice,Brown_rice_volume,transformer,ccc,affine,0.5644905882729374,0.5759286151692765,1.0922462435069797,0.2781263636169852,0.7112108344306804,0.2571428571428571,0.4265957572020401
easygese:rice,rice,Brown_rice_volume,transformer,ccc,isotonic,0.5479850571250007,0.5683018634765833,1.1253804878793143,0.2299699222110922,0.6570377245710641,0.21428571428571427,0.37579772843917103
easygese:rice,rice,Brown_rice_volume,transformer,ccc,raw,0.5644905882729374,0.5759286151692765,1.164354832072944,0.17822787701021353,0.7112108344306804,0.2571428571428571,0.4265957572020401
easygese:rice,rice,Brown_rice_volume,transformer,hybrid,affine,0.5756015522435554,0.5929264075501604,1.0794666720009478,0.29500122127138795,0.7118527238669997,0.24285714285714283,0.44165116650666975
easygese:rice,rice,Brown_rice_volume,transformer,hybrid,isotonic,0.5631330452002148,0.5881077761908177,1.1056610660218378,0.25690384736198457,0.6717051883083045,0.1857142857142857,0.37792812134911136
easygese:rice,rice,Brown_rice_volume,transformer,hybrid,raw,0.5756015522435554,0.5929264075501604,1.073386367090735,0.3017340519764925,0.7118527238669997,0.24285714285714283,0.44165116650666975
easygese:rice,rice,Brown_rice_volume,transformer,mse,affine,0.5377265185579313,0.5491711908278315,1.1131319570881326,0.24742381861649018,0.7175775524084215,0.24285714285714283,0.4405606286054378
easygese:rice,rice,Brown_rice_volume,transformer,mse,isotonic,0.5309983958596364,0.5475990880520023,1.1318288023812948,0.22031526393455997,0.6853874247869997,0.24285714285714283,0.43177914185632577
easygese:rice,rice,Brown_rice_volume,transformer,mse,raw,0.5377265185579314,0.5491711908278315,1.1117780009971656,0.24953075176838668,0.7175775524084215,0.24285714285714283,0.4405606286054378
easygese:rice,rice,Brown_rice_volume,transformer,pearson,affine,0.5722828846321679,0.5748661277125671,1.0819932686290934,0.2910670919026592,0.7149399686349993,0.27142857142857146,0.4576473819655343
easygese:rice,rice,Brown_rice_volume,transformer,pearson,isotonic,0.5616295918462187,0.5778419790346672,1.1058348193661227,0.2567913479417034,0.7132302858895584,0.27142857142857146,0.49276441728227693
easygese:rice,rice,Brown_rice_volume,transformer,pearson,raw,0.5722828846321681,0.5748661277125671,1.6287399070061952,-0.6290314950307966,0.7149399686349993,0.27142857142857146,0.4576473819655343
easygese:rice,rice,Culm_habit,cnn,ccc,affine,0.5717194404508372,0.5169920321425501,1.5053607475115065,0.30384751678320226,0.7351758690429245,0.3464285714285714,0.5332121350166819
easygese:rice,rice,Culm_habit,cnn,ccc,isotonic,0.5562485090083227,0.5211782832721791,1.5312583722210897,0.27950903077299566,0.7569186255184323,0.3482142857142857,0.5301846928260378
easygese:rice,rice,Culm_habit,cnn,ccc,raw,0.5717194404508372,0.5169920321425501,1.690350021352311,0.11451190859619698,0.7351758690429245,0.3464285714285714,0.5332121350166819
easygese:rice,rice,Culm_habit,cnn,hybrid,affine,0.598092054208657,0.5627017011052502,1.4732972696966589,0.331506533253157,0.7728296048200001,0.39107142857142857,0.6092041734790258
easygese:rice,rice,Culm_habit,cnn,hybrid,isotonic,0.5709481228282973,0.5599597522604155,1.5255485412243277,0.28062038379932874,0.7412111478816149,0.41785714285714287,0.6093316582760389
easygese:rice,rice,Culm_habit,cnn,hybrid,raw,0.5980920542086569,0.5627017011052502,1.535167236361767,0.2754771658439753,0.7728296048200001,0.39107142857142857,0.6092041734790258
easygese:rice,rice,Culm_habit,cnn,mse,affine,0.583070092820698,0.5453894581719162,1.4881607927195197,0.316006211072716,0.7061075722476062,0.28035714285714286,0.4906467118474348
easygese:rice,rice,Culm_habit,cnn,mse,isotonic,0.5731767487525523,0.551194553404159,1.5118943933300475,0.28803517114737004,0.717717860386012,0.325,0.5364281571286661
easygese:rice,rice,Culm_habit,cnn,mse,raw,0.5830700928206981,0.5453894581719162,1.482141527509024,0.32086695991182534,0.7061075722476062,0.28035714285714286,0.4906467118474348
easygese:rice,rice,Culm_habit,cnn,pearson,affine,0.5785210287917292,0.5547022122262039,1.501687806006363,0.3052927172246239,0.748497016963376,0.3482142857142857,0.5655141292085564
easygese:rice,rice,Culm_habit,cnn,pearson,isotonic,0.5806654595257768,0.5500267906595417,1.5061568598744244,0.29971211310372514,0.7523389031929191,0.375,0.5729667912787455
easygese:rice,rice,Culm_habit,cnn,pearson,raw,0.5785210287917291,0.5547022122262039,1.6707355669467412,0.13380625625716763,0.748497016963376,0.3482142857142857,0.5655141292085564
easygese:rice,rice,Culm_habit,mlp,ccc,affine,0.5606829627191978,0.5405130476506677,1.5263763352960185,0.28346969788886567,0.7560562577819377,0.3071428571428571,0.5223600479952197
easygese:rice,rice,Culm_habit,mlp,ccc,isotonic,0.5443363424558331,0.5415938975761174,1.568301099234368,0.24220104187546374,0.7199737033004772,0.3214285714285714,0.5205088346141151
easygese:rice,rice,Culm_habit,mlp,ccc,raw,0.5606829627191978,0.5405130476506677,1.681603989495029,0.12274712117777269,0.7560562577819377,0.3071428571428571,0.5223600479952197
easygese:rice,rice,Culm_habit,mlp,hybrid,affine,0.5711626660904944,0.5579077358894082,1.5119080499507036,0.29705927002714544,0.7594335172838985,0.2785714285714286,0.5336173826798154
easygese:rice,rice,Culm_habit,mlp,hybrid,isotonic,0.5363485767073782,0.5603530289644556,1.5659093262378603,0.24643407780619153,0.7092548923084163,0.2946428571428571,0.5232571435738553
easygese:rice,rice,Culm_habit,mlp,hybrid,raw,0.5711626660904943,0.5579077358894082,1.540430436113141,0.26916223260257743,0.7594335172838985,0.2785714285714286,0.5336173826798154
easygese:rice,rice,Culm_habit,mlp,mse,affine,0.572187389121454,0.5577986776029835,1.507003553505422,0.30175045031110476,0.7581895032986072,0.2785714285714286,0.5273381997583877
easygese:rice,rice,Culm_habit,mlp,mse,isotonic,0.5533773472383366,0.5556487523703828,1.5388849185808957,0.2713417155569461,0.7452394242641089,0.2785714285714286,0.49121058124175054
easygese:rice,rice,Culm_habit,mlp,mse,raw,0.5721873891214541,0.5577986776029835,1.5156130759987092,0.29335591092317054,0.7581895032986072,0.2785714285714286,0.5273381997583877
easygese:rice,rice,Culm_habit,mlp,pearson,affine,0.5414704157710939,0.522195985954609,1.546233302385422,0.26028641189117885,0.6976194826674591,0.2375,0.4109307678164404
easygese:rice,rice,Culm_habit,mlp,pearson,isotonic,0.5151947868399532,0.5272417600156931,1.583026018058148,0.22017688498284818,0.679459756643108,0.25357142857142856,0.40230227534429275
easygese:rice,rice,Culm_habit,mlp,pearson,raw,0.541470415771094,0.522195985954609,2.0506203845852577,-0.3920260843111131,0.6976194826674591,0.2375,0.4109307678164404
easygese:rice,rice,Culm_habit,transformer,ccc,affine,0.5517032564620453,0.5367691319291239,1.5409315118661953,0.2689019836749726,0.75771145928784,0.26607142857142857,0.5309687189386586
easygese:rice,rice,Culm_habit,transformer,ccc,isotonic,0.5331811141886218,0.5300493970718743,1.5804869270552862,0.2320138012373029,0.7252672267410379,0.3625,0.5620936269400044
easygese:rice,rice,Culm_habit,transformer,ccc,raw,0.5517032564620452,0.5367691319291239,1.6624777166666065,0.13969605960138493,0.75771145928784,0.26607142857142857,0.5309687189386586
easygese:rice,rice,Culm_habit,transformer,hybrid,affine,0.5364954650100344,0.52198587283217,1.5577474037002321,0.2484824425357645,0.7407887076027293,0.2375,0.4826896367797805
easygese:rice,rice,Culm_habit,transformer,hybrid,isotonic,0.515141364151051,0.5269847210944146,1.6064862496625463,0.2022841366883646,0.7192917901567701,0.3071428571428571,0.5332644142894416
easygese:rice,rice,Culm_habit,transformer,hybrid,raw,0.5364954650100344,0.52198587283217,1.5684023651222847,0.23792774786480528,0.7407887076027293,0.2375,0.4826896367797805
easygese:rice,rice,Culm_habit,transformer,mse,affine,0.541776825908146,0.49053413033881804,1.5495555888063275,0.2587210611703442,0.7538331125358504,0.29107142857142854,0.5203715610965652
easygese:rice,rice,Culm_habit,transformer,mse,isotonic,0.49692741929250406,0.4788112074324523,1.6176148094525395,0.19111633180592275,0.7288036992593001,0.3053571428571428,0.5160900317428128
easygese:rice,rice,Culm_habit,transformer,mse,raw,0.541776825908146,0.49053413033881804,1.5459389845532983,0.2626880877669618,0.7538331125358504,0.29107142857142854,0.5203715610965652
easygese:rice,rice,Culm_habit,transformer,pearson,affine,0.5604468616267868,0.5342877176859162,1.5194479309860263,0.2872348348945634,0.7501182884142398,0.2625,0.5235174133884655
easygese:rice,rice,Culm_habit,transformer,pearson,isotonic,0.5304277185965242,0.53599558902903,1.577031876916166,0.2336903707269315,0.7327248165868357,0.2928571428571428,0.549282216061169
easygese:rice,rice,Culm_habit,transformer,pearson,raw,0.5604468616267868,0.5342877176859162,2.128689554012373,-0.5115953979433483,0.7501182884142398,0.2625,0.5235174133884655
easygese:rice,rice,FT_ratio_of_Arkansas_Aberdeen,cnn,ccc,affine,0.30921047266429474,0.33631530608317756,0.1805027934490826,0.05382582029561891,0.7173868818882376,0.14285714285714285,0.3105349776171141
easygese:rice,rice,FT_ratio_of_Arkansas_Aberdeen,cnn,ccc,isotonic,0.2779274102491346,0.3295764219178657,0.18582119022569515,-0.005925312939523808,0.6974628339458978,0.12857142857142856,0.36933217719898925
easygese:rice,rice,FT_ratio_of_Arkansas_Aberdeen,cnn,ccc,raw,0.3092104726642947,0.33631530608317756,0.2263141821294973,-0.5483450279453935,0.7173868818882376,0.14285714285714285,0.3105349776171141
easygese:rice,rice,FT_ratio_of_Arkansas_Aberdeen,cnn,hybrid,affine,0.2692694664086929,0.2821970930477612,0.1814906847568057,0.038101047522954914,0.6960788004080444,0.2,0.2754833310784644
easygese:rice,rice,FT_ratio_of_Arkansas_Aberdeen,cnn,hybrid,isotonic,0.255690461975731,0.28693600085153365,0.1867382483883216,-0.021196614318460028,0.6702282142487577,0.24285714285714283,0.3288043029135427
easygese:rice,rice,FT_ratio_of_Arkansas_Aberdeen,cnn,hybrid,raw,0.27319312915082816,0.3044033142459179,0.19128168168019472,-0.07703692736650816,0.7116077438242139,0.22857142857142856,0.32823287731729084
easygese:rice,rice,FT_ratio_of_Arkansas_Aberdeen,cnn,mse,affine,0.1740657817201338,0.20597646305969425,0.18692649639772171,-0.01923802638196479,0.6725185757811054,0.14285714285714285,0.17684408685892244
easygese:rice,rice,FT_ratio_of_Arkansas_Aberdeen,cnn,mse,isotonic,0.2013300827045929,0.2570797639375822,0.19009522595368117,-0.05269632783593646,0.6613170220873805,0.1857142857142857,0.2917120152139303
easygese:rice,rice,FT_ratio_of_Arkansas_Aberdeen,cnn,mse,raw,0.2149196419706682,0.24060587934233632,0.18595874049543692,-0.0077307146804751255,0.6819866843559483,0.15714285714285714,0.20670714104972707
easygese:rice,rice,FT_ratio_of_Arkansas_Aberdeen,cnn,pearson,affine,0.228839653428739,0.23633199732598956,0.18550277041234636,-0.0008890866951374865,0.6988862030171694,0.2,0.24195426740114775
easygese:rice,rice,FT_ratio_of_Arkansas_Aberdeen,cnn,pearson,isotonic,0.21052901750062145,0.23772915867653835,0.19085323826868614,-0.06263138059238231,0.6627671112332457,0.22857142857142856,0.22896088003493492
easygese:rice,rice,FT_ratio_of_Arkansas_Aberdeen,cnn,pearson,raw,0.23283225771523713,0.2594406762814427,0.24589023611212157,-1.2425728613150697,0.7144151464333389,0.22857142857142856,0.2947038136399742
easygese:rice,rice,FT_ratio_of_Arkansas_Aberdeen,mlp,ccc,affine,0.2718080421753101,0.30404227077833934,0.18713965925755954,-0.018110974862961295,0.684652355373802,0.21428571428571427,0.2585316192260255
easygese:rice,rice,FT_ratio_of_Arkansas_Aberdeen,mlp,ccc,isotonic,0.2417866270786035,0.2841847811598498,0.19239232990772995,-0.08694570966702156,0.6654530328534459,0.17142857142857143,0.26614372221745625
easygese:rice,rice,FT_ratio_of_Arkansas_Aberdeen,mlp,ccc,raw,0.27180804217531024,0.30404227077833934,0.21424098080319495,-0.35862841826592595,0.684652355373802,0.21428571428571427,0.2585316192260255
easygese:rice,rice,FT_ratio_of_Arkansas_Aberdeen,mlp,hybrid,affine,0.2928319216194407,0.3278020714039415,0.18661208754773834,-0.012293474853817644,0.6848612666724261,0.17142857142857143,0.2608233862011329
easygese:rice,rice,FT_ratio_of_Arkansas_Aberdeen,mlp,hybrid,isotonic,0.24222068860056126,0.30907499967132124,0.19382895860217644,-0.0968316498267448,0.6729300525945091,0.21428571428571427,0.29551807723613216
easygese:rice,rice,FT_ratio_of_Arkansas_Aberdeen,mlp,hybrid,raw,0.2928319216194407,0.3278020714039415,0.19215062928572194,-0.08068759146552897,0.6848612666724261,0.17142857142857143,0.2608233862011329
easygese:rice,rice,FT_ratio_of_Arkansas_Aberdeen,mlp,mse,affine,0.2575372270803228,0.27643759782184546,0.18516131692921914,-0.0017936163315890319,0.7016114737140807,0.22857142857142856,0.30858947326027997
easygese:rice,rice,FT_ratio_of_Arkansas_Aberdeen,mlp,mse,isotonic,0.28941074739658185,0.337650744787718,0.18891430320071367,-0.04345070476093823,0.7090056334618267,0.2571428571428571,0.396356039220533
easygese:rice,rice,FT_ratio_of_Arkansas_Aberdeen,mlp,mse,raw,0.32176208718263616,0.3450531892196949,0.1840924761796871,0.010624289158777033,0.7299573989402045,0.2571428571428571,0.3844990853185992
easygese:rice,rice,FT_ratio_of_Arkansas_Aberdeen,mlp,pearson,affine,0.2735568107563379,0.30618521304095425,0.1889964848870092,-0.03492508540128601,0.6651200001905043,0.17142857142857143,0.2162501242121211
easygese:rice,rice,FT_ratio_of_Arkansas_Aberdeen,mlp,pearson,isotonic,0.2606882549703661,0.29624367063435303,0.19314019586038964,-0.08669131128246037,0.6378882064348143,0.1857142857142857,0.2849281644915526
easygese:rice,rice,FT_ratio_of_Arkansas_Aberdeen,mlp,pearson,raw,0.273556810756338,0.30618521304095425,0.21915560010833945,-0.42953672096300555,0.6651200001905043,0.17142857142857143,0.2162501242121211
easygese:rice,rice,FT_ratio_of_Arkansas_Aberdeen,transformer,ccc,affine,0.20034238251426442,0.19629519338217513,0.18985408388587513,-0.048168247156398815,0.6772013683404119,0.15714285714285714,0.2136083670780325
easygese:rice,rice,FT_ratio_of_Arkansas_Aberdeen,transformer,ccc,isotonic,0.20854309046043742,0.23071282676488764,0.19863273712353058,-0.1548446059513852,0.644204227266534,0.22857142857142856,0.29573387497736614
easygese:rice,rice,FT_ratio_of_Arkansas_Aberdeen,transformer,ccc,raw,0.19720782197424652,0.2292060996801782,0.24511589805783873,-1.0407554255437337,0.6943401303644914,0.1857142857142857,0.27019714925479144
easygese:rice,rice,FT_ratio_of_Arkansas_Aberdeen,transformer,hybrid,affine,0.22823916573035835,0.22195605165413287,0.18869630274380184,-0.03177197064368396,0.6618624181914462,0.17142857142857143,0.16530202002338185
easygese:rice,rice,FT_ratio_of_Arkansas_Aberdeen,transformer,hybrid,isotonic,0.22077488193320322,0.23885983564379903,0.19451381302745327,-0.10007837211620414,0.655465195542271,0.2,0.20897200348815562
easygese:rice,rice,FT_ratio_of_Arkansas_Aberdeen,transformer,hybrid,raw,0.2282391657303585,0.22195605165413287,0.19521944828997922,-0.13026629555947394,0.6618624181914462,0.17142857142857143,0.16530202002338185
easygese:rice,rice,FT_ratio_of_Arkansas_Aberdeen,transformer,mse,affine,0.14313017316014684,0.15836827341960458,0.1896337277732724,-0.05313968641243687,0.6310485993884536,0.11428571428571428,0.09760215582583358
easygese:rice,rice,FT_ratio_of_Arkansas_Aberdeen,transformer,mse,isotonic,0.17687703543322056,0.20899828079002336,0.1915567109552475,-0.06916865849976327,0.6399021462398361,0.1857142857142857,0.22423230464052848
easygese:rice,rice,FT_ratio_of_Arkansas_Aberdeen,transformer,mse,raw,0.18224915577612155,0.20134062365001934,0.18589847367600337,-0.006114221794500685,0.6383997172066426,0.14285714285714285,0.13370629006704615
easygese:rice,rice,FT_ratio_of_Arkansas_Aberdeen,transformer,pearson,affine,0.1840378452336655,0.20034774167478306,0.18942382693597293,-0.042746510259437855,0.6555095346312371,0.12857142857142856,0.19320369102329998
easygese:rice,rice,FT_ratio_of_Arkansas_Aberdeen,transformer,pearson,isotonic,0.1690723270572691,0.22482477106158125,0.1968425572643675,-0.1329657909454139,0.6359963995117802,0.22857142857142856,0.2915168195975225
easygese:rice,rice,FT_ratio_of_Arkansas_Aberdeen,transformer,pearson,raw,0.17756034660140066,0.22721986149045126,0.24595425961996936,-1.170970432889146,0.670791540515545,0.14285714285714285,0.23422470673449425
easygese:rice,rice,FT_ratio_of_Faridpur_Aberdeen,cnn,ccc,affine,0.23819715305336944,0.23684867941282278,0.15449569758089474,-0.0004464563785055886,0.6616924088904004,0.2,0.27109408041213573
easygese:rice,rice,FT_ratio_of_Faridpur_Aberdeen,cnn,ccc,isotonic,0.2114275552480475,0.2215969486736328,0.15993970468138588,-0.07675165097196202,0.6293999343989264,0.21666666666666665,0.28742682969323435
easygese:rice,rice,FT_ratio_of_Faridpur_Aberdeen,cnn,ccc,raw,0.23819715305336953,0.23684867941282278,0.1690968948578629,-0.19923162890817903,0.6616924088904004,0.2,0.27109408041213573
easygese:rice,rice,FT_ratio_of_Faridpur_Aberdeen,cnn,hybrid,affine,0.10790098517960563,0.12653835590415247,0.1602885857346051,-0.07473621215138154,0.5557868508493582,0.1,0.05930841507480864
easygese:rice,rice,FT_ratio_of_Faridpur_Aberdeen,cnn,hybrid,isotonic,0.09298014035229417,0.12047355787696515,0.16749284518109342,-0.17591371673896736,0.5105762433125451,0.08333333333333333,0.042847339262154706
easygese:rice,rice,FT_ratio_of_Faridpur_Aberdeen,cnn,hybrid,raw,0.10790098517960534,0.12653835590415247,0.15944350200670282,-0.06711179385380345,0.5557868508493582,0.1,0.05930841507480864
easygese:rice,rice,FT_ratio_of_Faridpur_Aberdeen,cnn,mse,affine,0.04680748412673934,0.07742045399736186,0.156925969646649,-0.027161626669763784,0.5811242402459784,0.05,0.09845539621533982
easygese:rice,rice,FT_ratio_of_Faridpur_Aberdeen,cnn,mse,isotonic,0.08718421550748064,0.12392012333121916,0.15834960982339702,-0.045093046288397554,0.5429283953890144,0.11666666666666665,0.19222560908340872
easygese:rice,rice,FT_ratio_of_Faridpur_Aberdeen,cnn,mse,raw,0.07027845097142597,0.10640194214326752,0.15638998580785404,-0.02056239321073523,0.6200504756950233,0.08333333333333333,0.1934800070961806
easygese:rice,rice,FT_ratio_of_Faridpur_Aberdeen,cnn,pearson,affine,0.07341140309477895,0.07027174515107626,0.16015975341659244,-0.07236097640552516,0.5783853773144585,0.11666666666666665,0.0896971910366717
easygese:rice,rice,FT_ratio_of_Faridpur_Aberdeen,cnn,pearson,isotonic,0.04980243941854454,0.04242462219781347,0.1698420792782293,-0.20897636319786717,0.5236758182092397,0.08333333333333333,0.04775229107624781
easygese:rice,rice,FT_ratio_of_Faridpur_Aberdeen,cnn,pearson,raw,0.07341140309477803,0.07027174515107626,0.16409750679417376,-0.15292101243259743,0.5783853773144585,0.11666666666666665,0.0896971910366717
easygese:rice,rice,FT_ratio_of_Faridpur_Aberdeen,mlp,ccc,affine,0.2090618168427955,0.23681022851631842,0.15517938295833422,-0.002385380859225328,0.6023708003912946,0.08333333333333333,0.15400761271231458
easygese:rice,rice,FT_ratio_of_Faridpur_Aberdeen,mlp,ccc,isotonic,0.18862440046774448,0.2309702809854702,0.16266468212367582,-0.10218086985578714,0.5846311001598401,0.1,0.14508601833443374
easygese:rice,rice,FT_ratio_of_Faridpur_Aberdeen,mlp,ccc,raw,0.2090618168427955,0.23681022851631842,0.1682449893453289,-0.18020330421279826,0.6023708003912946,0.08333333333333333,0.15400761271231458
easygese:rice,rice,FT_ratio_of_Faridpur_Aberdeen,mlp,hybrid,affine,0.2131551895715908,0.23922002641074958,0.15525298362115078,-0.004134836359399119,0.6381377508371929,0.15,0.2425110971798695
easygese:rice,rice,FT_ratio_of_Faridpur_Aberdeen,mlp,hybrid,isotonic,0.20605379375010285,0.24540927966769516,0.16098803976770912,-0.08187716877650902,0.6248366277401712,0.18333333333333332,0.27963484600311583
easygese:rice,rice,FT_ratio_of_Faridpur_Aberdeen,mlp,hybrid,raw,0.21315518957159071,0.23922002641074958,0.16574767939959806,-0.1489824313386554,0.6381377508371929,0.15,0.2425110971798695
easygese:rice,rice,FT_ratio_of_Faridpur_Aberdeen,mlp,mse,affine,0.2025436227701669,0.21121908893620311,0.1552179208965538,-0.004068627107900735,0.6437434071934129,0.16666666666666666,0.24777975213462758
easygese:rice,rice,FT_ratio_of_Faridpur_Aberdeen,mlp,mse,isotonic,0.1560193645121847,0.19769998204913425,0.1670674353725359,-0.16731615758549878,0.6033255285094377,0.13333333333333333,0.16636377037943545
easygese:rice,rice,FT_ratio_of_Faridpur_Aberdeen,mlp,mse,raw,0.20254362277016685,0.21121908893620311,0.1579955224841499,-0.045447647967184944,0.6437434071934129,0.16666666666666666,0.24777975213462758
easygese:rice,rice,FT_ratio_of_Faridpur_Aberdeen,mlp,pearson,affine,0.2090869835290497,0.23314613360831027,0.1555049250756503,-0.008102591919429936,0.626128600955519,0.13333333333333333,0.18904717191757808
easygese:rice,rice,FT_ratio_of_Faridpur_Aberdeen,mlp,pearson,isotonic,0.16804430175595872,0.20323207220034858,0.16364968424642629,-0.11837179478364016,0.6251380947686308,0.13333333333333333,0.21030138880419882
easygese:rice,rice,FT_ratio_of_Faridpur_Aberdeen,mlp,pearson,raw,0.20908698352904972,0.23314613360831027,0.17767170924787967,-0.34546512377896554,0.626128600955519,0.13333333333333333,0.18904717191757808
easygese:rice,rice,FT_ratio_of_Faridpur_Aberdeen,transformer,ccc,affine,0.14364427932935114,0.1790963141855324,0.15713229004721413,-0.029401995593096177,0.5991680439816951,0.16666666666666666,0.14945526680494242
easygese:rice,rice,FT_ratio_of_Faridpur_Aberdeen,transformer,ccc,isotonic,0.15196795277889757,0.1948802270968189,0.1657282351004195,-0.14459296753343778,0.6106663776912249,0.15,0.10569209796091195
easygese:rice,rice,FT_ratio_of_Faridpur_Aberdeen,transformer,ccc,raw,0.14364427932935117,0.1790963141855324,0.19250298037899702,-0.5820483190909767,0.5991680439816951,0.16666666666666666,0.14945526680494242
easygese:rice,rice,FT_ratio_of_Faridpur_Aberdeen,transformer,hybrid,affine,0.11354144277931347,0.13308953069696322,0.15808958939486922,-0.04177818676804623,0.5967094417598091,0.15,0.13391747485588645
easygese:rice,rice,FT_ratio_of_Faridpur_Aberdeen,transformer,hybrid,isotonic,0.13365897995114992,0.13054057099395974,0.1632503853958311,-0.11136828357663542,0.5632304922934429,0.16666666666666666,0.22348308485539498
easygese:rice,rice,FT_ratio_of_Faridpur_Aberdeen,transformer,hybrid,raw,0.11354144277931348,0.13308953069696322,0.17056929960893097,-0.3337090585309418,0.5967094417598091,0.15,0.13391747485588645
easygese:rice,rice,FT_ratio_of_Faridpur_Aberdeen,transformer,mse,affine,-0.015404829557737837,-0.01944563232177428,0.16062820753017745,-0.07508051062091267,0.5306848812324403,0.09999999999999999,-0.04078393655923521
easygese:rice,rice,FT_ratio_of_Faridpur_Aberdeen,transformer,mse,isotonic,-0.000388793142416316,-0.006214453031410392,0.16663560238033348,-0.1601047747808169,0.4735027222319711,0.2,0.04215470749246921
easygese:rice,rice,FT_ratio_of_Faridpur_Aberdeen,transformer,mse,raw,-0.021420996682587616,-0.02408685995792076,0.15930764635193767,-0.060809184636837356,0.5279281732919407,0.11666666666666665,-0.03813303974517574
easygese:rice,rice,FT_ratio_of_Faridpur_Aberdeen,transformer,pearson,affine,0.09306516719335087,0.12641920712694166,0.15814694142595032,-0.041914931638817335,0.5988094252527871,0.21666666666666665,0.18365345985440912
easygese:rice,rice,FT_ratio_of_Faridpur_Aberdeen,transformer,pearson,isotonic,0.13656192571206355,0.1446552298297843,0.1649214515377697,-0.1345695715640412,0.6041612532402174,0.18333333333333332,0.22358449050917914
easygese:rice,rice,FT_ratio_of_Faridpur_Aberdeen,transformer,pearson,raw,0.09306516719335087,0.12641920712694166,0.20523759966551536,-0.9037583482974283,0.5988094252527871,0.21666666666666665,0.18365345985440912
easygese:rice,rice,Flag_leaf_length,cnn,ccc,affine,0.3095903560988364,0.3124081575667278,5.513682018087043,0.05038487275760659,0.6307004291603315,0.1857142857142857,0.23681144569216098
easygese:rice,rice,Flag_leaf_length,cnn,ccc,isotonic,0.2868586029304719,0.30787202382299944,5.7245071523288376,-0.02796186021797864,0.661947733572158,0.21428571428571427,0.28276298660055516
easygese:rice,rice,Flag_leaf_length,cnn,ccc,raw,0.3095903560988363,0.3124081575667278,5.956676769438491,-0.11699531751725692,0.6307004291603315,0.1857142857142857,0.23681144569216098
easygese:rice,rice,Flag_leaf_length,cnn,hybrid,affine,0.29348914429055345,0.29516458281774277,5.5428816678721375,0.03884784666984983,0.633860764463485,0.24285714285714283,0.3048720806398936
easygese:rice,rice,Flag_leaf_length,cnn,hybrid,isotonic,0.25744591466413647,0.2912835888608329,5.743219031241042,-0.03831186693344176,0.6636999089413291,0.2,0.2521323897287223
easygese:rice,rice,Flag_leaf_length,cnn,hybrid,raw,0.2934891442905535,0.29516458281774277,5.605272887484851,0.01827095453148485,0.633860764463485,0.24285714285714283,0.3048720806398936
easygese:rice,rice,Flag_leaf_length,cnn,mse,affine,0.10416948352399269,0.09358958272573739,5.759755121061445,-0.036825451119029906,0.5560211412849123,0.15714285714285714,0.06771854029494741
easygese:rice,rice,Flag_leaf_length,cnn,mse,isotonic,0.08202274306828851,0.07269782417851409,6.052941342501368,-0.16464607758369093,0.5981121213196194,0.08571428571428572,-0.02743830366765
easygese:rice,rice,Flag_leaf_length,cnn,mse,raw,0.1041694835239925,0.09358958272573739,5.685387572681746,-0.008843661366815947,0.5560211412849123,0.15714285714285714,0.06771854029494741
easygese:rice,rice,Flag_leaf_length,cnn,pearson,affine,0.29737528822279485,0.30183943992036466,5.5380608458612866,0.04198575368524672,0.6317457012965079,0.21428571428571427,0.249598378052589
easygese:rice,rice,Flag_leaf_length,cnn,pearson,isotonic,0.2983050198415974,0.309745662474551,5.655980290546504,0.0011299116071899595,0.6378197944113546,0.12857142857142856,0.1446375686833151
easygese:rice,rice,Flag_leaf_length,cnn,pearson,raw,0.2973752882227948,0.30183943992036466,6.257665677897497,-0.23092078614486683,0.6317457012965079,0.21428571428571427,0.249598378052589
easygese:rice,rice,Flag_leaf_length,mlp,ccc,affine,0.28632525942768233,0.2794495094345534,5.5974757728676545,0.019675916463320408,0.6441929472394822,0.24285714285714283,0.27603736554437364
easygese:rice,rice,Flag_leaf_length,mlp,ccc,isotonic,0.27992824334941696,0.26737073782367515,5.779830485581049,-0.04829757093741179,0.6440484936390007,0.2,0.22433961659127927
easygese:rice,rice,Flag_leaf_length,mlp,ccc,raw,0.2863252594276823,0.2794495094345534,6.084839682470374,-0.17032651569259777,0.6441929472394822,0.24285714285714283,0.27603736554437364
easygese:rice,rice,Flag_leaf_length,mlp,hybrid,affine,0.2854101618284786,0.27158300568531085,5.629623702352463,0.010120087964328839,0.6229027525743592,0.24285714285714283,0.2619811621048942
easygese:rice,rice,Flag_leaf_length,mlp,hybrid,isotonic,0.23862197217348555,0.2607826319625358,6.015534713287824,-0.1481810503022968,0.6565357176203751,0.19999999999999998,0.16575380497638306
easygese:rice,rice,Flag_leaf_length,mlp,hybrid,raw,0.28541016182847867,0.27158300568531085,5.849638507408016,-0.07633705890548044,0.6229027525743592,0.24285714285714283,0.2619811621048942
easygese:rice,rice,Flag_leaf_length,mlp,mse,affine,0.23323129402937187,0.2255772758392999,5.788721227891623,-0.0515642987564839,0.5878213163182991,0.11428571428571428,0.18158156846982965
easygese:rice,rice,Flag_leaf_length,mlp,mse,isotonic,0.1899503775231596,0.22359035919494624,6.025349177717077,-0.14983419234086381,0.6168933940927988,0.17142857142857143,0.1954597588415279
easygese:rice,rice,Flag_leaf_length,mlp,mse,raw,0.2332312940293718,0.2255772758392999,5.813280332144677,-0.05944917958347383,0.5878213163182991,0.11428571428571428,0.18158156846982965
easygese:rice,rice,Flag_leaf_length,mlp,pearson,affine,0.28330885302784525,0.2754623168584073,5.671857868790406,-0.00753236739693085,0.6273799357185736,0.22857142857142856,0.24745668143246208
easygese:rice,rice,Flag_leaf_length,mlp,pearson,isotonic,0.26909310990837754,0.27147891430688614,5.887379792147701,-0.08604026986963675,0.6233260902381212,0.1857142857142857,0.22453197226371482
easygese:rice,rice,Flag_leaf_length,mlp,pearson,raw,0.2833088530278453,0.2754623168584073,6.119680830433431,-0.19148367580804804,0.6273799357185736,0.22857142857142856,0.24745668143246208
easygese:rice,rice,Flag_leaf_length,transformer,ccc,affine,0.278590239022059,0.2732219251199356,5.596663886540969,0.02443849969981604,0.6339880429473801,0.1857142857142857,0.25770576437052917
easygese:rice,rice,Flag_leaf_length,transformer,ccc,isotonic,0.26087141094848526,0.28904736058765057,5.766545508781098,-0.03827590940961277,0.6628705669696956,0.14285714285714285,0.24263335548665896
easygese:rice,rice,Flag_leaf_length,transformer,ccc,raw,0.27859023902205904,0.2732219251199356,6.505994370628291,-0.3420383006507339,0.6339880429473801,0.1857142857142857,0.25770576437052917
easygese:rice,rice,Flag_leaf_length,transformer,hybrid,affine,0.2362711017937999,0.2471898498046674,5.71941552162931,-0.01898400550000111,0.5633361100625931,0.11428571428571428,0.13341470543516104
easygese:rice,rice,Flag_leaf_length,transformer,hybrid,isotonic,0.2421520434161374,0.2525839581056553,5.848833109786967,-0.0681930922030549,0.598178831287219,0.14285714285714285,0.20438976771171627
easygese:rice,rice,Flag_leaf_length,transformer,hybrid,raw,0.23627110179379987,0.2471898498046674,5.675855519079291,-0.0070906186102553835,0.5633361100625931,0.11428571428571428,0.13341470543516104
easygese:rice,rice,Flag_leaf_length,transformer,mse,affine,0.06267806531320144,0.09552255030884234,5.90777885210791,-0.08865375367605609,0.54508719501711,0.07142857142857142,0.11527893532078423
easygese:rice,rice,Flag_leaf_length,transformer,mse,isotonic,0.09760790372088152,0.11013412804448894,6.044721663582938,-0.14005733857469527,0.5751663711748576,0.07142857142857142,0.029447027891705585
easygese:rice,rice,Flag_leaf_length,transformer,mse,raw,0.08866526754515011,0.11533256126974845,5.811313337558849,-0.05505346269186173,0.5596540227976374,0.08571428571428572,0.13900083217850123
easygese:rice,rice,Flag_leaf_length,transformer,pearson,affine,0.25109856130733677,0.257221559633062,5.673545624193775,-0.0025583857464773875,0.5962627618336347,0.15714285714285714,0.15312933208090798
easygese:rice,rice,Flag_leaf_length,transformer,pearson,isotonic,0.23323101408169494,0.2585115586203337,5.83534432610298,-0.06019698538440801,0.6326078254806264,0.14285714285714285,0.18166473681387066
easygese:rice,rice,Flag_leaf_length,transformer,pearson,raw,0.2510985613073367,0.257221559633062,7.881213853437286,-1.1761278044584726,0.5962627618336347,0.15714285714285714,0.15312933208090798
easygese:rice,rice,Flag_leaf_width,cnn,ccc,affine,0.6666453946922902,0.6606289833765261,0.1887181461807834,0.4200401077308076,0.7754734206164219,0.4,0.5731204066902709
easygese:rice,rice,Flag_leaf_width,cnn,ccc,isotonic,0.64240385237329,0.6652230082936167,0.19628251186582626,0.3687424009642871,0.8021179770590795,0.3857142857142857,0.5395980183277762
easygese:rice,rice,Flag_leaf_width,cnn,ccc,raw,0.6666453946922901,0.6606289833765261,0.1984276939114083,0.3564815853158839,0.7754734206164219,0.4,0.5731204066902709
easygese:rice,rice,Flag_leaf_width,cnn,hybrid,affine,0.6459781655004427,0.6493048152167991,0.19348456429123093,0.3917951550589848,0.7736749841288969,0.45714285714285713,0.6056864613494749
easygese:rice,rice,Flag_leaf_width,cnn,hybrid,isotonic,0.6182917234196639,0.6425659415489487,0.20182859624363841,0.3364587109581987,0.7826813302491326,0.41428571428571426,0.5651219870877726
easygese:rice,rice,Flag_leaf_width,cnn,hybrid,raw,0.6459781655004425,0.6493048152167991,0.20669666031952905,0.3066213571274675,0.7736749841288969,0.45714285714285713,0.6056864613494749
easygese:rice,rice,Flag_leaf_width,cnn,mse,affine,0.49596753526808135,0.4868812043935519,0.20518049076680697,0.28875056358502416,0.6887893983330955,0.3571428571428571,0.3913314024142768
easygese:rice,rice,Flag_leaf_width,cnn,mse,isotonic,0.4933833609318067,0.4952855554926153,0.20963692013535268,0.2517946296396679,0.7245526852482802,0.3714285714285714,0.4226813654751586
easygese:rice,rice,Flag_leaf_width,cnn,mse,raw,0.4959675352680815,0.4868812043935519,0.20502304687197204,0.2886385076785857,0.6887893983330955,0.3571428571428571,0.3913314024142768
easygese:rice,rice,Flag_leaf_width,cnn,pearson,affine,0.6627062345634457,0.6627315388083198,0.19003748902394074,0.4134388075283635,0.7943985152733889,0.42857142857142855,0.6066883028885468
easygese:rice,rice,Flag_leaf_width,cnn,pearson,isotonic,0.6466889867037481,0.6618583522515735,0.19484601515597383,0.3832660477917707,0.7979063816022117,0.3571428571428571,0.5370954932396206
easygese:rice,rice,Flag_leaf_width,cnn,pearson,raw,0.6627062345634456,0.6627315388083198,0.21514122186629084,0.24477427457241197,0.7943985152733889,0.42857142857142855,0.6066883028885468
easygese:rice,rice,Flag_leaf_width,mlp,ccc,affine,0.5929756929726737,0.591437264115938,0.20423745526917117,0.3194225373247166,0.7855651919217497,0.4428571428571429,0.6020138757930544
easygese:rice,rice,Flag_leaf_width,mlp,ccc,isotonic,0.5782192581109589,0.5819143449522162,0.21016182153051122,0.2776254828207428,0.7932520609880099,0.4,0.5531419015735041
easygese:rice,rice,Flag_leaf_width,mlp,ccc,raw,0.5929756929726737,0.591437264115938,0.21308313204036855,0.2473438754546411,0.7855651919217497,0.4428571428571429,0.6020138757930544
easygese:rice,rice,Flag_leaf_width,mlp,hybrid,affine,0.6126480094505907,0.6174363389754167,0.19965775733998217,0.3484338568493662,0.7588303357125753,0.38571428571428573,0.5419557572447803
easygese:rice,rice,Flag_leaf_width,mlp,hybrid,isotonic,0.5884794837056384,0.616643853435672,0.20875912805713703,0.2826418259035639,0.7741168084816019,0.4,0.5677470026688226
easygese:rice,rice,Flag_leaf_width,mlp,hybrid,raw,0.6126480094505907,0.6174363389754167,0.2036441784190844,0.3178751493294626,0.7588303357125753,0.38571428571428573,0.5419557572447803
easygese:rice,rice,Flag_leaf_width,mlp,mse,affine,0.608134294194873,0.6073650386069234,0.19976094311176384,0.3473855053064483,0.7702541319572418,0.3714285714285714,0.561469807960567
easygese:rice,rice,Flag_leaf_width,mlp,mse,isotonic,0.5761257529151702,0.5974960407132002,0.21074066509876918,0.270451523305516,0.7758787179245409,0.3857142857142857,0.5813699471963565
easygese:rice,rice,Flag_leaf_width,mlp,mse,raw,0.608134294194873,0.6073650386069234,0.20020621228000318,0.34437802612580304,0.7702541319572418,0.3714285714285714,0.561469807960567
easygese:rice,rice,Flag_leaf_width,mlp,pearson,affine,0.6071855758758774,0.6049404404866318,0.2012592153948188,0.337444385034893,0.7869591082915268,0.3857142857142857,0.5639160098400859
easygese:rice,rice,Flag_leaf_width,mlp,pearson,isotonic,0.5850564895074243,0.6017443782231939,0.20974487151884005,0.27332441127739565,0.7863192031129662,0.3571428571428571,0.5641818500260489
easygese:rice,rice,Flag_leaf_width,mlp,pearson,raw,0.6071855758758773,0.6049404404866318,0.24790693004214362,-0.038572014426003956,0.7869591082915268,0.3857142857142857,0.5639160098400859
easygese:rice,rice,Flag_leaf_width,transformer,ccc,affine,0.6152903165923547,0.6138366435976101,0.1979620562237196,0.3607723310723215,0.7768598455189885,0.3857142857142857,0.57629707952533
easygese:rice,rice,Flag_leaf_width,transformer,ccc,isotonic,0.5972212769618302,0.6123963769841219,0.20420877736613302,0.31693599477425505,0.7877453598792906,0.3857142857142857,0.5733980503046298
easygese:rice,rice,Flag_leaf_width,transformer,ccc,raw,0.6152903165923547,0.6138366435976101,0.20885733932262887,0.2801764191123035,0.7768598455189885,0.3857142857142857,0.57629707952533
easygese:rice,rice,Flag_leaf_width,transformer,hybrid,affine,0.6293636212016949,0.6332021111228953,0.19630965873547657,0.36982969669310545,0.7669685089595921,0.34285714285714286,0.5593779592850155
easygese:rice,rice,Flag_leaf_width,transformer,hybrid,isotonic,0.6079182103674448,0.6304092271246742,0.20343807073006964,0.32418795587565696,0.7647231490893234,0.34285714285714286,0.5559629890946839
easygese:rice,rice,Flag_leaf_width,transformer,hybrid,raw,0.6293636212016949,0.6332021111228953,0.20013459757200072,0.3435281201747228,0.7669685089595921,0.34285714285714286,0.5593779592850155
easygese:rice,rice,Flag_leaf_width,transformer,mse,affine,0.38758357829225465,0.3991861229855538,0.2282231714372877,0.13443320238136267,0.7052368345451346,0.3,0.453478757297364
easygese:rice,rice,Flag_leaf_width,transformer,mse,isotonic,0.4135842291721888,0.39032146107808297,0.2265879470422461,0.14523891030119723,0.706830525152977,0.2571428571428571,0.3834856847036962
easygese:rice,rice,Flag_leaf_width,transformer,mse,raw,0.38758357829225465,0.3991861229855538,0.22550457609963453,0.15677385890109136,0.7052368345451346,0.3,0.453478757297364
easygese:rice,rice,Flag_leaf_width,transformer,pearson,affine,0.5788509654977785,0.5866507404504057,0.20440098477071178,0.3172562599912724,0.7512703930588931,0.3142857142857143,0.4810411029584891
easygese:rice,rice,Flag_leaf_width,transformer,pearson,isotonic,0.557616560251267,0.5860373079937162,0.21114563385162,0.26818058758816093,0.7580732137100925,0.34285714285714286,0.5194762471840851
easygese:rice,rice,Flag_leaf_width,transformer,pearson,raw,0.5788509654977786,0.5866507404504057,0.2588776922543867,-0.16405208747960312,0.7512703930588931,0.3142857142857143,0.4810411029584891
easygese:rice,rice,Florets_per_panicle,cnn,ccc,affine,0.38103156836043367,0.38520241804872996,0.29974112746455744,0.13654928206058212,0.7461557390191895,0.2,0.32943146473309615
easygese:rice,rice,Florets_per_panicle,cnn,ccc,isotonic,0.3657026366471413,0.3953112515704597,0.3105757129204535,0.06595285043745239,0.7440204774564962,0.21428571428571427,0.3267455169748198
easygese:rice,rice,Florets_per_panicle,cnn,ccc,raw,0.3810315683604335,0.38520241804872996,0.3536390049181829,-0.3500387305240926,0.7461557390191895,0.2,0.32943146473309615
easygese:rice,rice,Florets_per_panicle,cnn,hybrid,affine,0.41272896952641436,0.41353854322192946,0.30101651588433,0.13313208656285908,0.7628313228096772,0.2571428571428571,0.39498366933309575
easygese:rice,rice,Florets_per_panicle,cnn,hybrid,isotonic,0.3760090106524097,0.401669073668722,0.3122325885550941,0.0656754771054325,0.7785862973847513,0.1857142857142857,0.3725813616501314
easygese:rice,rice,Florets_per_panicle,cnn,hybrid,raw,0.41272896952641425,0.41353854322192946,0.3082442707518721,0.09440591889355547,0.7628313228096772,0.2571428571428571,0.39498366933309575
easygese:rice,rice,Florets_per_panicle,cnn,mse,affine,0.04939732362960128,0.08483441587305127,0.3197646621907184,0.02008444530944422,0.6554979037945465,0.11428571428571428,0.04746895734169984
easygese:rice,rice,Florets_per_panicle,cnn,mse,isotonic,0.11419515635344264,0.12800375113452814,0.32791206241082144,-0.03546186796590302,0.6805002942230336,0.15714285714285714,0.1595586423581715
easygese:rice,rice,Florets_per_panicle,cnn,mse,raw,0.11190749907345096,0.1306592320824782,0.3200037201637192,0.020367180249668392,0.6712797245176468,0.14285714285714285,0.09923071905972404
easygese:rice,rice,Florets_per_panicle,cnn,pearson,affine,0.42187675526683555,0.420091415583342,0.2999886077112549,0.13980961582048634,0.7774502479641703,0.2571428571428571,0.4126885824253434
easygese:rice,rice,Florets_per_panicle,cnn,pearson,isotonic,0.4035640456392744,0.4085933160221731,0.3073591085731914,0.09459436017958966,0.7458662864123726,0.17142857142857143,0.3312239253465261
easygese:rice,rice,Florets_per_panicle,cnn,pearson,raw,0.42187675526683516,0.420091415583342,0.3258770307753404,-0.017979381953346696,0.7774502479641703,0.2571428571428571,0.4126885824253434
easygese:rice,rice,Florets_per_panicle,mlp,ccc,affine,0.33757893263429384,0.35937895564958766,0.3130378726638032,0.06118755681831182,0.7171443454136645,0.17142857142857143,0.2597905414555366
easygese:rice,rice,Florets_per_panicle,mlp,ccc,isotonic,0.31827544225877014,0.34976727922089856,0.32489132520925557,-0.018510052041285075,0.7404101786804627,0.17142857142857143,0.27207716004234206
easygese:rice,rice,Florets_per_panicle,mlp,ccc,raw,0.3375789326342938,0.35937895564958766,0.3464710988062843,-0.16981821044154918,0.7171443454136645,0.17142857142857143,0.2597905414555366
easygese:rice,rice,Florets_per_panicle,mlp,hybrid,affine,0.325002990873837,0.35846601519141286,0.3169545249449955,0.03578557723073535,0.6991483680284218,0.15714285714285714,0.23404739470758287
easygese:rice,rice,Florets_per_panicle,mlp,hybrid,isotonic,0.31996305210675713,0.360025795606546,0.32237428512931643,0.003750386191399513,0.704674808012257,0.14285714285714285,0.23221459228044727
easygese:rice,rice,Florets_per_panicle,mlp,hybrid,raw,0.325002990873837,0.35846601519141286,0.33043214888206585,-0.04987456003630285,0.6991483680284218,0.15714285714285714,0.23404739470758287
easygese:rice,rice,Florets_per_panicle,mlp,mse,affine,0.32869468504190114,0.34927910265490336,0.3141921774533588,0.05625744182849416,0.687586247754826,0.1,0.19032701986979528
easygese:rice,rice,Florets_per_panicle,mlp,mse,isotonic,0.3340148260277893,0.36507104762789805,0.3186791573012539,0.025631602999368463,0.7260899724407526,0.15714285714285714,0.27421279085149125
easygese:rice,rice,Florets_per_panicle,mlp,mse,raw,0.32869468504190114,0.34927910265490336,0.3151026490145634,0.05087022738867061,0.687586247754826,0.1,0.19032701986979528
easygese:rice,rice,Florets_per_panicle,mlp,pearson,affine,0.3623296235606507,0.38631713704659454,0.30996527194422635,0.0785853671528874,0.70393555334788,0.17142857142857143,0.2380675296548307
easygese:rice,rice,Florets_per_panicle,mlp,pearson,isotonic,0.37448237702170717,0.3942866141238971,0.31178616200404835,0.06801500396526308,0.7202600319651267,0.15714285714285714,0.30188529837500877
easygese:rice,rice,Florets_per_panicle,mlp,pearson,raw,0.3623296235606507,0.38631713704659454,0.3651765440128095,-0.28981745837491685,0.70393555334788,0.17142857142857143,0.2380675296548307
easygese:rice,rice,Florets_per_panicle,transformer,ccc,affine,0.3748096389422205,0.39278996192076254,0.3052654243471508,0.1097644052059475,0.7308164970397648,0.15714285714285714,0.32427960269355655
easygese:rice,rice,Florets_per_panicle,transformer,ccc,isotonic,0.3272142642918021,0.39010752094611606,0.32059299314397005,0.015722213646782203,0.7361366682281691,0.14285714285714285,0.31940858677317724
easygese:rice,rice,Florets_per_panicle,transformer,ccc,raw,0.3748096389422207,0.39278996192076254,0.34154563918243225,-0.13184421198412405,0.7308164970397648,0.15714285714285714,0.32427960269355655
easygese:rice,rice,Florets_per_panicle,transformer,hybrid,affine,0.33193925486359455,0.3566290753058167,0.31258978349876604,0.06693216452396193,0.719201002275773,0.15714285714285714,0.2652682331437871
easygese:rice,rice,Florets_per_panicle,transformer,hybrid,isotonic,0.30063990661678086,0.3487687031863278,0.32135052536027175,0.012127584445859652,0.7228241449841832,0.14285714285714285,0.24430974647770826
easygese:rice,rice,Florets_per_panicle,transformer,hybrid,raw,0.33193925486359466,0.3566290753058167,0.3258337958604067,-0.023046383795655122,0.719201002275773,0.15714285714285714,0.2652682331437871
easygese:rice,rice,Florets_per_panicle,transformer,mse,affine,0.09266895644983636,0.1347504194830913,0.32661887240931714,-0.016530719548812557,0.6762036687911368,0.14285714285714285,0.11570187998414508
easygese:rice,rice,Florets_per_panicle,transformer,mse,isotonic,0.14268897737100084,0.12855637421324717,0.33183909504751546,-0.05289888953701564,0.6539318801434126,0.14285714285714285,0.18125306270148941
easygese:rice,rice,Florets_per_panicle,transformer,mse,raw,0.09266895644983678,0.1347504194830913,0.3285258947290504,-0.027860638377137814,0.6762036687911368,0.14285714285714285,0.11570187998414508
easygese:rice,rice,Florets_per_panicle,transformer,pearson,affine,0.3075392615895184,0.33702661362568076,0.31280012715543903,0.06577927887258242,0.6968675034699062,0.2,0.3008403677518558
easygese:rice,rice,Florets_per_panicle,transformer,pearson,isotonic,0.2811252604654281,0.3305811174873282,0.32146659424656654,0.01204775275762937,0.7060199225906415,0.22857142857142856,0.33861400084855314
easygese:rice,rice,Florets_per_panicle,transformer,pearson,raw,0.30753926158951855,0.33702661362568076,0.35533249594899463,-0.2574717828974331,0.6968675034699062,0.2,0.3008403677518558
easygese:rice,rice,Flowering_time_at_Aberdeen,cnn,ccc,affine,0.2442353116530122,0.2692100894122488,37.83437967363467,0.00247571292470975,0.5134992314362254,0.17142857142857143,0.1984438349272057
easygese:rice,rice,Flowering_time_at_Aberdeen,cnn,ccc,isotonic,0.20503566577424026,0.25233648850223156,40.55358285040752,-0.15838435040241788,0.5196047152098375,0.17142857142857143,0.1739202071092032
easygese:rice,rice,Flowering_time_at_Aberdeen,cnn,ccc,raw,0.24423531165301227,0.2692100894122488,40.863390990777425,-0.21909842565288704,0.5134992314362254,0.17142857142857143,0.1984438349272057
easygese:rice,rice,Flowering_time_at_Aberdeen,cnn,hybrid,affine,0.22687693997550099,0.2741626565981333,38.4857337848984,-0.033662720787207154,0.5085687727774781,0.1857142857142857,0.22695402041723733
easygese:rice,rice,Flowering_time_at_Aberdeen,cnn,hybrid,isotonic,0.21477809785696786,0.2595209222481533,40.460133110704916,-0.14223689204905562,0.4964546652401773,0.15714285714285714,0.16001585173082636
easygese:rice,rice,Flowering_time_at_Aberdeen,cnn,hybrid,raw,0.22687693997550115,0.2741626565981333,37.95200878435026,-0.003467254161987976,0.5085687727774781,0.1857142857142857,0.22695402041723733
easygese:rice,rice,Flowering_time_at_Aberdeen,cnn,mse,affine,0.05712954392074582,0.08299989561742668,38.281683765590785,-0.012568105609902801,0.3954431103789736,0.1,0.03264319684725895
easygese:rice,rice,Flowering_time_at_Aberdeen,cnn,mse,isotonic,0.09572047033334057,0.11212689237407514,38.76126059388083,-0.0382481343786283,0.4288456696356714,0.14285714285714285,0.036775191906559215
easygese:rice,rice,Flowering_time_at_Aberdeen,cnn,mse,raw,0.10977778406897112,0.1272985055442489,38.219723960211425,-0.01140039113046758,0.4029063809896683,0.17142857142857143,0.06307499201907515
easygese:rice,rice,Flowering_time_at_Aberdeen,cnn,pearson,affine,0.10462681737981691,0.13266005263264063,38.87854278053776,-0.04735905907085951,0.4315857902478747,0.1,0.08588582891646972
easygese:rice,rice,Flowering_time_at_Aberdeen,cnn,pearson,isotonic,0.11506020487725284,0.13502800673113674,39.99084050576762,-0.10516897377980094,0.44466422453515075,0.1,0.08002703725770643
easygese:rice,rice,Flowering_time_at_Aberdeen,cnn,pearson,raw,0.10462681737981713,0.13266005263264063,38.92165484351268,-0.044595856836648164,0.4315857902478747,0.1,0.08588582891646972
easygese:rice,rice,Flowering_time_at_Aberdeen,mlp,ccc,affine,0.13711307110536447,0.15245962625351564,38.70510579741241,-0.03384722043279598,0.4444646059322327,0.15714285714285714,0.1131194093439423
easygese:rice,rice,Flowering_time_at_Aberdeen,mlp,ccc,isotonic,0.1610253532064852,0.19782968171470366,39.57918547042866,-0.08043990704622203,0.4944987941076908,0.14285714285714285,0.0815200326068596
easygese:rice,rice,Flowering_time_at_Aberdeen,mlp,ccc,raw,0.17936540333427992,0.21023832579549126,41.75796785465955,-0.23202457845082547,0.45674831989705733,0.15714285714285714,0.1262393632078408
easygese:rice,rice,Flowering_time_at_Aberdeen,mlp,hybrid,affine,0.11676886545239606,0.16318323234148852,39.04042210773726,-0.052285941574003916,0.43074177123522484,0.14285714285714285,0.0758240823596096
easygese:rice,rice,Flowering_time_at_Aberdeen,mlp,hybrid,isotonic,0.13188971794318388,0.18156903107668446,40.39535221175521,-0.12342123497294219,0.46457176772183234,0.07142857142857142,-0.03400768607921883
easygese:rice,rice,Flowering_time_at_Aberdeen,mlp,hybrid,raw,0.160156490861908,0.2158330493671273,41.01742582816772,-0.16725302448369433,0.4544413134452544,0.15714285714285714,0.11036436906252607
easygese:rice,rice,Flowering_time_at_Aberdeen,mlp,mse,affine,0.15937568947332217,0.17395492290266618,38.6134144206586,-0.03246175167824781,0.47236665240775333,0.1857142857142857,0.13962100312103404
easygese:rice,rice,Flowering_time_at_Aberdeen,mlp,mse,isotonic,0.12155156326085519,0.1693532927797119,39.81598197894398,-0.09873662874940559,0.5137831515139674,0.1857142857142857,0.13247186764891414
easygese:rice,rice,Flowering_time_at_Aberdeen,mlp,mse,raw,0.1772336494047604,0.23000065531454847,38.98051432946308,-0.056749441704445194,0.4887125665174884,0.2,0.19102980193467714
easygese:rice,rice,Flowering_time_at_Aberdeen,mlp,pearson,affine,0.17727958592666662,0.202768763467965,38.594343605123335,-0.027088108835453706,0.43556531407723204,0.15714285714285714,0.09125935482106755
easygese:rice,rice,Flowering_time_at_Aberdeen,mlp,pearson,isotonic,0.15060427256326978,0.18996336729717314,39.99478199409413,-0.1023674111290366,0.46881252126471107,0.15714285714285714,0.08473194169863614
easygese:rice,rice,Flowering_time_at_Aberdeen,mlp,pearson,raw,0.168317915699128,0.2109916049766655,45.78797688646215,-0.7462951255924412,0.4566984237846576,0.17142857142857143,0.12981595393129988
easygese:rice,rice,Flowering_time_at_Aberdeen,transformer,ccc,affine,0.10261550790850457,0.13691395045535948,38.61573105880488,-0.026491460813089007,0.438706624554826,0.14285714285714285,0.12013024404944106
easygese:rice,rice,Flowering_time_at_Aberdeen,transformer,ccc,isotonic,0.1264808278305582,0.22120124078997888,40.865850644577314,-0.16774807667793667,0.4418849003135351,0.1,0.07084646539790282
easygese:rice,rice,Flowering_time_at_Aberdeen,transformer,ccc,raw,0.16790821433394146,0.22799891466003847,43.96029010436327,-0.37088190776429686,0.4464687661582588,0.15714285714285714,0.13206989065226424
easygese:rice,rice,Flowering_time_at_Aberdeen,transformer,hybrid,affine,0.08651264853006944,0.14885546423692764,39.36057430390806,-0.06644991721698244,0.3801463953574794,0.07142857142857142,-0.001342832983251377
easygese:rice,rice,Flowering_time_at_Aberdeen,transformer,hybrid,isotonic,0.061057417658205826,0.11939318313485874,41.349075564631164,-0.17481533170833538,0.40446564776164584,0.1,0.009936230110706126
easygese:rice,rice,Flowering_time_at_Aberdeen,transformer,hybrid,raw,0.08651264853006949,0.14885546423692764,40.243696522134755,-0.15466710963691233,0.3801463953574794,0.07142857142857142,-0.001342832983251377
easygese:rice,rice,Flowering_time_at_Aberdeen,transformer,mse,affine,-0.046965517651014296,-0.002740029815955408,39.42969623935788,-0.07114733459572228,0.37576254741593146,0.12857142857142856,0.0018820780491032862
easygese:rice,rice,Flowering_time_at_Aberdeen,transformer,mse,isotonic,-0.01802914663396661,0.01935154828052945,40.72541426740957,-0.14319619148953222,0.4287872664317403,0.11428571428571428,-0.048752100228034806
easygese:rice,rice,Flowering_time_at_Aberdeen,transformer,mse,raw,-0.04696551765101432,-0.002740029815955408,39.21192068675537,-0.06002595251790697,0.37576254741593146,0.12857142857142856,0.0018820780491032862
easygese:rice,rice,Flowering_time_at_Aberdeen,transformer,pearson,affine,0.011003608773172555,0.06206180114273878,39.479248930593755,-0.07426598673661017,0.40039694532182235,0.11428571428571428,0.06069148806567255
easygese:rice,rice,Flowering_time_at_Aberdeen,transformer,pearson,isotonic,0.010800050641496434,0.05809621573338408,40.43766502950256,-0.1328862566449486,0.40667036395364864,0.05714285714285714,0.005986390655973244
easygese:rice,rice,Flowering_time_at_Aberdeen,transformer,pearson,raw,0.010174056747248406,0.05973932147743771,62.33608417105029,-2.178916460098131,0.408135828923207,0.11428571428571428,0.06887543194720022
easygese:rice,rice,Flowering_time_at_Arkansas,cnn,ccc,affine,0.48526749824151016,0.4729361915790119,11.341824715384348,0.18643452448088146,0.701615513944203,0.17142857142857143,0.33548735370236366
easygese:rice,rice,Flowering_time_at_Arkansas,cnn,ccc,isotonic,0.4754984474552817,0.47430245041189145,11.42424697664369,0.1694748639516092,0.6979942355411429,0.17142857142857143,0.32802785642550136
easygese:rice,rice,Flowering_time_at_Arkansas,cnn,ccc,raw,0.48526749824151016,0.4729361915790119,11.968764999422259,0.07640703591867125,0.701615513944203,0.17142857142857143,0.33548735370236366
easygese:rice,rice,Flowering_time_at_Arkansas,cnn,hybrid,affine,0.48294116813046173,0.48699675268740006,11.350123319494571,0.18475037293450192,0.7041978089967607,0.2,0.3762501083637178
easygese:rice,rice,Flowering_time_at_Arkansas,cnn,hybrid,isotonic,0.4325257059579474,0.4795901159635413,11.636081444969804,0.14083953049516276,0.6863942737995161,0.2,0.3442995536341291
easygese:rice,rice,Flowering_time_at_Arkansas,cnn,hybrid,raw,0.48294116813046184,0.48699675268740006,11.848990784204101,0.11238197583895473,0.7041978089967607,0.2,0.3762501083637178
easygese:rice,rice,Flowering_time_at_Arkansas,cnn,mse,affine,0.47731969694635623,0.466928166255043,11.428007034922368,0.17628637867856498,0.6785338541840364,0.14285714285714285,0.22977785887902846
easygese:rice,rice,Flowering_time_at_Arkansas,cnn,mse,isotonic,0.42719067749740247,0.44584465093568626,11.85664545292912,0.11195083850950342,0.6610967049110977,0.11428571428571428,0.1594449031934821
easygese:rice,rice,Flowering_time_at_Arkansas,cnn,mse,raw,0.4773196969463561,0.466928166255043,11.387240229661534,0.18294745669380058,0.6785338541840364,0.14285714285714285,0.22977785887902846
easygese:rice,rice,Flowering_time_at_Arkansas,cnn,pearson,affine,0.47624255055435133,0.4756982939593102,11.270682749106644,0.19594563990831992,0.6909976776531618,0.17142857142857143,0.33000725486096005
easygese:rice,rice,Flowering_time_at_Arkansas,cnn,pearson,isotonic,0.42227544675114687,0.4589424066385185,11.75486982402167,0.12557701233222365,0.707439448481963,0.15714285714285714,0.3507109938567958
easygese:rice,rice,Flowering_time_at_Arkansas,cnn,pearson,raw,0.4762425505543512,0.4756982939593102,14.37418645776518,-0.5224116700825293,0.6909976776531618,0.17142857142857143,0.33000725486096005
easygese:rice,rice,Flowering_time_at_Arkansas,mlp,ccc,affine,0.3798727715655858,0.4020050771519822,11.96504331018112,0.10025342321559028,0.6027418713055468,0.08571428571428572,0.1411379637933444
easygese:rice,rice,Flowering_time_at_Arkansas,mlp,ccc,isotonic,0.3896514244134188,0.4002674016125206,12.063934601215916,0.08083376099652227,0.6337757637347792,0.1,0.15154288880682015
easygese:rice,rice,Flowering_time_at_Arkansas,mlp,ccc,raw,0.37987277156558596,0.4020050771519822,13.370559700418315,-0.1606676688424209,0.6027418713055468,0.08571428571428572,0.1411379637933444
easygese:rice,rice,Flowering_time_at_Arkansas,mlp,hybrid,affine,0.3799609874181988,0.41929700703847095,11.943134059986278,0.10273520274862091,0.6101030678686566,0.12857142857142856,0.17931962788995484
easygese:rice,rice,Flowering_time_at_Arkansas,mlp,hybrid,isotonic,0.38258152660196276,0.41732646517580124,12.116551378578434,0.07099337072660837,0.6361184069450327,0.11428571428571428,0.15079195133576614
easygese:rice,rice,Flowering_time_at_Arkansas,mlp,hybrid,raw,0.3799609874181987,0.41929700703847095,12.527289157808779,0.007122594977354901,0.6101030678686566,0.12857142857142856,0.17931962788995484
easygese:rice,rice,Flowering_time_at_Arkansas,mlp,mse,affine,0.39306610042748,0.41549730950756175,11.9405485229676,0.10265921948767617,0.6204712477459858,0.11428571428571428,0.18877662532967313
easygese:rice,rice,Flowering_time_at_Arkansas,mlp,mse,isotonic,0.4113453984506735,0.4220912070500515,11.829254423354007,0.1133671592954637,0.6516202601239012,0.12857142857142856,0.17618905851671324
easygese:rice,rice,Flowering_time_at_Arkansas,mlp,mse,raw,0.3930661004274799,0.41549730950756175,11.89222504984787,0.10473128060009182,0.6204712477459858,0.11428571428571428,0.18877662532967313
easygese:rice,rice,Flowering_time_at_Arkansas,mlp,pearson,affine,0.36171981551114213,0.3920473519322635,12.1083745283314,0.0810458362944754,0.6147283301846884,0.11428571428571428,0.18550978017159087
easygese:rice,rice,Flowering_time_at_Arkansas,mlp,pearson,isotonic,0.4042718453575927,0.4028199388899404,11.901663440432607,0.10672513834044443,0.6650339485920441,0.12857142857142856,0.21694186997758033
easygese:rice,rice,Flowering_time_at_Arkansas,mlp,pearson,raw,0.3617198155111422,0.3920473519322635,15.365885196416162,-0.5553676563564756,0.6147283301846884,0.11428571428571428,0.18550978017159087
easygese:rice,rice,Flowering_time_at_Arkansas,transformer,ccc,affine,0.40246315620241047,0.4059639079444864,11.892338594206645,0.10728898358002112,0.6447299442367934,0.1857142857142857,0.26431094866405835
easygese:rice,rice,Flowering_time_at_Arkansas,transformer,ccc,isotonic,0.3921850373743333,0.4059317173428134,12.228221871583342,0.047525932517250534,0.6543024888423894,0.14285714285714285,0.2159531158049382
easygese:rice,rice,Flowering_time_at_Arkansas,transformer,ccc,raw,0.40246315620241047,0.4059639079444864,12.68705029953276,-0.027479815772353255,0.6447299442367934,0.1857142857142857,0.26431094866405835
easygese:rice,rice,Flowering_time_at_Arkansas,transformer,hybrid,affine,0.34261308973899507,0.36344459165186827,12.14520009244066,0.06491532456559664,0.6186114496427482,0.12857142857142856,0.17451379699865888
easygese:rice,rice,Flowering_time_at_Arkansas,transformer,hybrid,isotonic,0.3645050980626986,0.37965978208435025,12.424589458307226,0.007497096192610231,0.636397900215425,0.12857142857142856,0.16469905427604023
easygese:rice,rice,Flowering_time_at_Arkansas,transformer,hybrid,raw,0.34261308973899507,0.36344459165186827,12.259203188692583,0.04760279351391483,0.6186114496427482,0.12857142857142856,0.17451379699865888
easygese:rice,rice,Flowering_time_at_Arkansas,transformer,mse,affine,0.1846760435883189,0.23807558258521425,12.704294022705316,-0.011995431635225873,0.5696151953908108,0.07142857142857142,0.05081146368724822
easygese:rice,rice,Flowering_time_at_Arkansas,transformer,mse,isotonic,0.20915183864353848,0.25885368748696547,13.02323637883923,-0.06094694106322437,0.6171243106276385,0.1,0.11063780430087497
easygese:rice,rice,Flowering_time_at_Arkansas,transformer,mse,raw,0.18467604358831888,0.23807558258521425,12.841487398393909,-0.03653673511459431,0.5696151953908108,0.07142857142857142,0.05081146368724822
easygese:rice,rice,Flowering_time_at_Arkansas,transformer,pearson,affine,0.38821663187998096,0.39127561819011586,11.981013293935476,0.09232584991812395,0.5915506387730023,0.11428571428571428,0.1069029176298231
easygese:rice,rice,Flowering_time_at_Arkansas,transformer,pearson,isotonic,0.36947131951720236,0.40560827537376565,12.371719540532805,0.027664610644840104,0.6027044246816559,0.14285714285714285,0.1209369933056611
easygese:rice,rice,Flowering_time_at_Arkansas,transformer,pearson,raw,0.388216631879981,0.39127561819011586,15.122484812109127,-0.47464724698665395,0.5915506387730023,0.11428571428571428,0.1069029176298231
easygese:rice,rice,Flowering_time_at_Faridpur,cnn,ccc,affine,0.32442567079664664,0.3493767799342822,8.240434822868824,0.03104154095560844,0.7465483521967503,0.16666666666666666,0.3934768265959555
easygese:rice,rice,Flowering_time_at_Faridpur,cnn,ccc,isotonic,0.29550639343019347,0.3404873274246158,8.559177891808412,-0.05345078063430183,0.6968671167163454,0.13333333333333333,0.2680802843717228
easygese:rice,rice,Flowering_time_at_Faridpur,cnn,ccc,raw,0.3244256707966467,0.3493767799342822,8.919654373750518,-0.1396285642829902,0.7465483521967503,0.16666666666666666,0.3934768265959555
easygese:rice,rice,Flowering_time_at_Faridpur,cnn,hybrid,affine,0.31845835906090525,0.324098872359483,8.221205083317354,0.034558927629661264,0.6896428467337721,0.09999999999999999,0.2064428308349732
easygese:rice,rice,Flowering_time_at_Faridpur,cnn,hybrid,isotonic,0.2722459986276077,0.32157739479852043,8.589243600714727,-0.059651365927036834,0.6821693371193265,0.13333333333333333,0.2718658668863595
easygese:rice,rice,Flowering_time_at_Faridpur,cnn,hybrid,raw,0.31845835906090525,0.324098872359483,8.320585805013504,0.0157831916432302,0.6896428467337721,0.09999999999999999,0.2064428308349732
easygese:rice,rice,Flowering_time_at_Faridpur,cnn,mse,affine,0.12775400515564522,0.14906704104860832,8.575876632616655,-0.04591973408745964,0.6943496512254419,0.15,0.20415859319347524
easygese:rice,rice,Flowering_time_at_Faridpur,cnn,mse,isotonic,0.11259044621785108,0.13090809975256612,8.88665415495302,-0.1207686317872008,0.6450640051022514,0.049999999999999996,0.09196749732274304
easygese:rice,rice,Flowering_time_at_Faridpur,cnn,mse,raw,0.12775400515564517,0.14906704104860832,8.573486278601424,-0.04844143196462262,0.6943496512254419,0.15,0.20415859319347524
easygese:rice,rice,Flowering_time_at_Faridpur,cnn,pearson,affine,0.25909160051390134,0.28087635396594346,8.370958402221746,0.0010064070463003728,0.7218637172203882,0.13333333333333333,0.32365159724436154
easygese:rice,rice,Flowering_time_at_Faridpur,cnn,pearson,isotonic,0.21020422433043562,0.2646050991401804,8.848861031438735,-0.1253831055021862,0.7227483685597773,0.1,0.2511947354642571
easygese:rice,rice,Flowering_time_at_Faridpur,cnn,pearson,raw,0.2590916005139011,0.28087635396594346,10.04691811941905,-0.6438615047860787,0.7218637172203882,0.13333333333333333,0.32365159724436154
easygese:rice,rice,Flowering_time_at_Faridpur,mlp,ccc,affine,0.30099221502242357,0.3006822892455693,8.30017832389877,0.015750526348890025,0.7056994840555771,0.16666666666666666,0.2584205842865156
easygese:rice,rice,Flowering_time_at_Faridpur,mlp,ccc,isotonic,0.27131510900594535,0.2830099488215179,8.502841274989896,-0.03343795389340263,0.6643641879273899,0.11666666666666665,0.30152081733493363
easygese:rice,rice,Flowering_time_at_Faridpur,mlp,ccc,raw,0.3009922150224235,0.3006822892455693,9.52397171197611,-0.32023332474350275,0.7056994840555771,0.16666666666666666,0.2584205842865156
easygese:rice,rice,Flowering_time_at_Faridpur,mlp,hybrid,affine,0.33022116510547334,0.336999787627836,8.281114859048975,0.01963370147383552,0.7217436368844086,0.2,0.2688978882792416
easygese:rice,rice,Flowering_time_at_Faridpur,mlp,hybrid,isotonic,0.2971980580542525,0.33687109356187106,8.443168623664224,-0.023053673964420297,0.7471920435808787,0.18333333333333332,0.24189695152128068
easygese:rice,rice,Flowering_time_at_Faridpur,mlp,hybrid,raw,0.3302211651054736,0.336999787627836,8.617508877018851,-0.06646612517148814,0.7217436368844086,0.2,0.2688978882792416
easygese:rice,rice,Flowering_time_at_Faridpur,mlp,mse,affine,0.2937727047055584,0.2894079155345132,8.363640040549473,-0.00013694494078576592,0.6797304294436061,0.15,0.17646574366229187
easygese:rice,rice,Flowering_time_at_Faridpur,mlp,mse,isotonic,0.24689677925728715,0.27469849685768744,8.709256110422633,-0.10419033525392027,0.6944639320614353,0.13333333333333333,0.18841897790969223
easygese:rice,rice,Flowering_time_at_Faridpur,mlp,mse,raw,0.2937727047055586,0.2894079155345132,8.422625202422783,-0.010283648502218568,0.6797304294436061,0.15,0.17646574366229187
easygese:rice,rice,Flowering_time_at_Faridpur,mlp,pearson,affine,0.31435169013159003,0.30394489013193937,8.268452290048415,0.024456777905534344,0.7199603876776773,0.16666666666666666,0.3273924014662358
easygese:rice,rice,Flowering_time_at_Faridpur,mlp,pearson,isotonic,0.2638951633834853,0.2929673172972577,8.543421867916624,-0.04411588517443653,0.7189710856064082,0.15,0.1423400239247648
easygese:rice,rice,Flowering_time_at_Faridpur,mlp,pearson,raw,0.31435169013159026,0.30394489013193937,9.394644416937103,-0.2707145669624624,0.7199603876776773,0.16666666666666666,0.3273924014662358
easygese:rice,rice,Flowering_time_at_Faridpur,transformer,ccc,affine,0.3048660081544895,0.33174880116182875,8.417225653156436,-0.017340490776249072,0.7025905111470521,0.18333333333333332,0.2824417105137315
easygese:rice,rice,Flowering_time_at_Faridpur,transformer,ccc,isotonic,0.2759848600109903,0.3210844870972226,8.645794929064163,-0.07567892472446662,0.6920086320914715,0.14999999999999997,0.1975920931066095
easygese:rice,rice,Flowering_time_at_Faridpur,transformer,ccc,raw,0.30486600815448966,0.33174880116182875,9.314300753279408,-0.2656292528996761,0.7025905111470521,0.18333333333333332,0.2824417105137315
easygese:rice,rice,Flowering_time_at_Faridpur,transformer,hybrid,affine,0.28753440497701155,0.33270744971424115,8.374118609941707,-0.0055582598197924105,0.6775837622615782,0.2,0.17736934404837432
easygese:rice,rice,Flowering_time_at_Faridpur,transformer,hybrid,isotonic,0.2923913172899958,0.331478845335493,8.52726202774095,-0.04872914954590633,0.6736795314877309,0.16666666666666666,0.23776368508331042
easygese:rice,rice,Flowering_time_at_Faridpur,transformer,hybrid,raw,0.2875344049770115,0.33270744971424115,8.278072832447677,0.022208590821851393,0.6775837622615782,0.2,0.17736934404837432
easygese:rice,rice,Flowering_time_at_Faridpur,transformer,mse,affine,0.11856659355541685,0.16988197510443726,8.6366261479882,-0.06354256484014276,0.6529354634301161,0.1,0.10296303386071678
easygese:rice,rice,Flowering_time_at_Faridpur,transformer,mse,isotonic,0.15985567720368488,0.18354749934473966,8.765076549241504,-0.10188529059030452,0.675660871548794,0.1,0.12541495883318612
easygese:rice,rice,Flowering_time_at_Faridpur,transformer,mse,raw,0.11856659355541672,0.16988197510443726,8.543036975516587,-0.039465919100086934,0.6529354634301161,0.1,0.10296303386071678
easygese:rice,rice,Flowering_time_at_Faridpur,transformer,pearson,affine,0.26846091458476995,0.3204091336254761,8.388849403584334,-0.008029548898225292,0.6993075834409828,0.2333333333333333,0.25122783307507823
easygese:rice,rice,Flowering_time_at_Faridpur,transformer,pearson,isotonic,0.2808986037237295,0.3192459505656621,8.535054512788754,-0.04703929286690404,0.7237112395830945,0.2,0.16534107649059487
easygese:rice,rice,Flowering_time_at_Faridpur,transformer,pearson,raw,0.2684609145847699,0.3204091336254761,10.535204424023757,-0.8454919280506819,0.6993075834409828,0.2333333333333333,0.25122783307507823
easygese:rice,rice,Leaf_pubescence,cnn,ccc,affine,0.39921987662403213,0.32191328274727876,0.3290442531067369,0.10071972866297563,0.8895890847506539,0.05,0.4026984126984126
easygese:rice,rice,Leaf_pubescence,cnn,ccc,isotonic,0.3981299083230859,0.34050852292630285,0.3398951991648097,0.03521480048743773,0.8935510506936067,0.4166666666666667,0.7935064935064935
easygese:rice,rice,Leaf_pubescence,cnn,ccc,raw,0.39921987662403213,0.32191328274727876,0.3481926992803913,-0.017578481367537813,0.8895890847506539,0.05,0.4026984126984126
easygese:rice,rice,Leaf_pubescence,cnn,hybrid,affine,0.4259803197785967,0.305373821651023,0.3265689298440402,0.11737152838687245,0.9073550540913068,0.08333333333333333,0.46754629629629624
easygese:rice,rice,Leaf_pubescence,cnn,hybrid,isotonic,0.4132784775934799,0.3059613635077942,0.3375374626705296,0.05070862390998415,0.8614265874846762,0.4333333333333333,0.6953583453583454
easygese:rice,rice,Leaf_pubescence,cnn,hybrid,raw,0.4259803197785967,0.305373821651023,0.3344847124571505,0.07506760663011386,0.9073550540913068,0.08333333333333333,0.46754629629629624
easygese:rice,rice,Leaf_pubescence,cnn,mse,affine,0.27615971419513274,0.21961104289353323,0.3371447915178124,0.05429846186826219,0.9204182038951341,0.049999999999999996,0.6038383838383837
easygese:rice,rice,Leaf_pubescence,cnn,mse,isotonic,0.26097616805340784,0.22878457750479772,0.3510600036564941,-0.04552406133333382,0.9124634987964383,0.4166666666666667,0.10646945646945635
easygese:rice,rice,Leaf_pubescence,cnn,mse,raw,0.2761597141951325,0.21961104289353323,0.33886242244668124,0.04455782150809588,0.9204182038951341,0.049999999999999996,0.6038383838383837
easygese:rice,rice,Leaf_pubescence,cnn,pearson,affine,0.2793563893354298,0.2292963985294029,0.3385111424888515,0.053063279683306395,0.8749970686575217,0.06666666666666667,0.39527356902356897
easygese:rice,rice,Leaf_pubescence,cnn,pearson,isotonic,0.3552461931392904,0.2932348416755314,0.3393054818255074,0.045038665663549124,0.9113170200342596,0.4,0.8738095238095237
easygese:rice,rice,Leaf_pubescence,cnn,pearson,raw,0.34554449556970107,0.294990266703566,0.35898227872071437,-0.08173721125010308,0.9243493966252967,0.06666666666666667,0.5558796296296297
easygese:rice,rice,Leaf_pubescence,mlp,ccc,affine,0.37600765187315954,0.30967639080922066,0.3303864938769809,0.09568645119843068,0.9355483245700749,0.05,0.5278373015873016
easygese:rice,rice,Leaf_pubescence,mlp,ccc,isotonic,0.34238560127510087,0.3286558250797139,0.3468077298556367,0.0007832177576437172,0.9117062593137962,0.3333333333333333,0.7265873015873016
easygese:rice,rice,Leaf_pubescence,mlp,ccc,raw,0.3760076518731595,0.30967639080922066,0.3536697233475924,-0.04656879678036502,0.9355483245700749,0.05,0.5278373015873016
easygese:rice,rice,Leaf_pubescence,mlp,hybrid,affine,0.3694948228569469,0.3247164830103074,0.33003995965621746,0.09958117330363367,0.9247386359048335,0.05,0.5867261904761903
easygese:rice,rice,Leaf_pubescence,mlp,hybrid,isotonic,0.3670310131427635,0.3660211231458873,0.33850697599901464,0.05151459650116772,0.8982914951956331,0.35,0.7756613756613756
easygese:rice,rice,Leaf_pubescence,mlp,hybrid,raw,0.3694948228569469,0.3247164830103074,0.34311086435294785,0.023661742511872565,0.9247386359048335,0.05,0.5867261904761903
easygese:rice,rice,Leaf_pubescence,mlp,mse,affine,0.35661184773694315,0.2991695091480523,0.3326356933412786,0.08403276795659351,0.9506476720322251,0.03333333333333333,0.8233333333333333
easygese:rice,rice,Leaf_pubescence,mlp,mse,isotonic,0.3310865091686128,0.3008626525786836,0.346879012191376,0.003352144910535004,0.8939402899731436,0.31666666666666665,0.8215488215488215
easygese:rice,rice,Leaf_pubescence,mlp,mse,raw,0.3566118477369432,0.2991695091480523,0.3357534113326183,0.06452425510297512,0.9506476720322251,0.03333333333333333,0.8233333333333333
easygese:rice,rice,Leaf_pubescence,mlp,pearson,affine,0.34766773875780294,0.3144783375559769,0.3379597083396769,0.049506089281460094,0.9510369113117619,0.016666666666666666,0.6382539682539683
easygese:rice,rice,Leaf_pubescence,mlp,pearson,isotonic,0.3154479784805254,0.30953401916332446,0.34928686137180043,-0.017268957145996224,0.8635243315685799,0.4,0.6462842712842713
easygese:rice,rice,Leaf_pubescence,mlp,pearson,raw,0.347667738757803,0.3144783375559769,0.3697077315120813,-0.14430043016535027,0.9510369113117619,0.016666666666666666,0.6382539682539683
easygese:rice,rice,Leaf_pubescence,transformer,ccc,affine,0.3809526294777733,0.3007277880703415,0.3332053281820787,0.07332502311863906,0.8979022559160963,0.06666666666666667,0.3592009379509379
easygese:rice,rice,Leaf_pubescence,transformer,ccc,isotonic,0.3796912791830894,0.31034502080826487,0.3438389479253595,0.006502125182211415,0.8657777927071658,0.26666666666666666,0.6462842712842713
easygese:rice,rice,Leaf_pubescence,transformer,ccc,raw,0.38095262947777336,0.3007277880703415,0.354054674738545,-0.0644709498858047,0.8979022559160963,0.06666666666666667,0.3592009379509379
easygese:rice,rice,Leaf_pubescence,transformer,hybrid,affine,0.34849489929981414,0.2752983507257178,0.34111224741446544,0.029275824969340735,0.8922249334163661,0.09999999999999999,0.4763095238095237
easygese:rice,rice,Leaf_pubescence,transformer,hybrid,isotonic,0.30689379274227974,0.291249716248663,0.36471686435636214,-0.1265080387261659,0.9151301206749407,0.36666666666666664,0.5793650793650793
easygese:rice,rice,Leaf_pubescence,transformer,hybrid,raw,0.34849489929981414,0.2752983507257178,0.32952278086538456,0.09970458942335245,0.8922249334163661,0.09999999999999999,0.4763095238095237
easygese:rice,rice,Leaf_pubescence,transformer,mse,affine,0.09925573231924603,0.104756431948329,0.3602080452394615,-0.07321575966265079,0.924582918850151,0.06666666666666667,0.5120634920634921
easygese:rice,rice,Leaf_pubescence,transformer,mse,isotonic,0.10897273217293027,0.10261123307638394,0.3681934136072974,-0.12207771945998122,0.8737017245930714,0.3333333333333333,0.375261544011544
easygese:rice,rice,Leaf_pubescence,transformer,mse,raw,0.09925573231924602,0.104756431948329,0.34970534894546895,-0.010161239990600679,0.924582918850151,0.06666666666666667,0.5120634920634921
easygese:rice,rice,Leaf_pubescence,transformer,pearson,affine,0.3719801172653801,0.30836121852343124,0.33532237716461,0.06723569140745754,0.9068169495094983,0.05,0.49208333333333315
easygese:rice,rice,Leaf_pubescence,transformer,pearson,isotonic,0.4163648526421035,0.362031576607061,0.3381624223057676,0.04105907846077531,0.9238112920434881,0.3,0.5481361231361231
easygese:rice,rice,Leaf_pubescence,transformer,pearson,raw,0.3719801172653801,0.30836121852343124,0.40620053845822496,-0.4068509954974736,0.9068169495094983,0.05,0.49208333333333315
easygese:rice,rice,Panicle_fertility,cnn,ccc,affine,0.3415794565122338,0.3915789998604383,0.10205657397531269,-0.028513133918690526,0.903073629104246,0.45714285714285713,0.62379949008978
easygese:rice,rice,Panicle_fertility,cnn,ccc,isotonic,0.3082038172289692,0.38721166625028147,0.10808626836820708,-0.2066394686935567,0.8961438768050037,0.4428571428571429,0.6027663693892331
easygese:rice,rice,Panicle_fertility,cnn,ccc,raw,0.3415794565122339,0.3915789998604383,0.1207593775189916,-0.4717909036773177,0.903073629104246,0.45714285714285713,0.62379949008978
easygese:rice,rice,Panicle_fertility,cnn,hybrid,affine,0.28526997124402576,0.33977030418394377,0.10380004020347515,-0.057527174447156416,0.8825716543644402,0.4428571428571428,0.609439007130895
easygese:rice,rice,Panicle_fertility,cnn,hybrid,isotonic,0.28811356272580124,0.34041173043116285,0.10562096882214703,-0.10401765330607544,0.8610180045884128,0.3142857142857143,0.4200924532713367
easygese:rice,rice,Panicle_fertility,cnn,hybrid,raw,0.2852699712440256,0.33977030418394377,0.10153218677476217,0.015773328600250502,0.8825716543644402,0.4428571428571428,0.609439007130895
easygese:rice,rice,Panicle_fertility,cnn,mse,affine,0.2508236339150293,0.3178081964259101,0.10347265690891538,-0.05471500455426296,0.8356315971878192,0.2857142857142857,0.3150290118058325
easygese:rice,rice,Panicle_fertility,cnn,mse,isotonic,0.22327627095375954,0.3193949045455267,0.10782825308094748,-0.18228037493976726,0.8455195676024303,0.21428571428571427,0.3363248817633475
easygese:rice,rice,Panicle_fertility,cnn,mse,raw,0.25082363391502865,0.3178081964259101,0.10106503924249195,0.003138937195540392,0.8356315971878192,0.2857142857142857,0.3150290118058325
easygese:rice,rice,Panicle_fertility,cnn,pearson,affine,0.33212932240968074,0.3762650877697108,0.1011546921441806,-0.000520611820643202,0.9011755535671415,0.3857142857142857,0.6348173742708603
easygese:rice,rice,Panicle_fertility,cnn,pearson,isotonic,0.29687465346513753,0.37505016048170137,0.10460593038612168,-0.07750495445492031,0.8781022638028556,0.3714285714285714,0.6081287594242769
easygese:rice,rice,Panicle_fertility,cnn,pearson,raw,0.33212932240968057,0.3762650877697108,0.11283471594941472,-0.31155066365092215,0.9011755535671415,0.3857142857142857,0.6348173742708603
easygese:rice,rice,Panicle_fertility,mlp,ccc,affine,0.26252266466832747,0.31583569668205014,0.10375479460028689,-0.044669509376910166,0.931869650982312,0.4428571428571429,0.7314275670135915
easygese:rice,rice,Panicle_fertility,mlp,ccc,isotonic,0.2748057487466058,0.33366523264226255,0.1053511801559803,-0.08196038167267315,0.9399408249653721,0.42857142857142855,0.7072012954434035
easygese:rice,rice,Panicle_fertility,mlp,ccc,raw,0.2625226646683275,0.31583569668205014,0.11538264745154896,-0.31332290391967726,0.931869650982312,0.4428571428571429,0.7314275670135915
easygese:rice,rice,Panicle_fertility,mlp,hybrid,affine,0.2392925746298357,0.30423619542516744,0.1044616507881377,-0.0611562717881368,0.9370984211176184,0.45714285714285713,0.7325879155861299
easygese:rice,rice,Panicle_fertility,mlp,hybrid,isotonic,0.24856460413002363,0.3069762746776984,0.1073117946126193,-0.12194422016109982,0.9307328184506203,0.4428571428571428,0.6847353070533133
easygese:rice,rice,Panicle_fertility,mlp,hybrid,raw,0.23929257462983583,0.30423619542516744,0.10892996385629557,-0.15259021327058225,0.9370984211176184,0.45714285714285713,0.7325879155861299
easygese:rice,rice,Panicle_fertility,mlp,mse,affine,0.29025633546884133,0.3393016821398202,0.1028008189255634,-0.02627469775207374,0.9337261829493659,0.5142857142857142,0.7226421669418298
easygese:rice,rice,Panicle_fertility,mlp,mse,isotonic,0.29940447621727395,0.3426714109813251,0.10507059980269381,-0.08808441399234103,0.9315283111963838,0.5142857142857142,0.7841843595242995
easygese:rice,rice,Panicle_fertility,mlp,mse,raw,0.2902563354688413,0.3393016821398202,0.10127314401378888,0.013153972643276179,0.9337261829493659,0.5142857142857142,0.7226421669418298
easygese:rice,rice,Panicle_fertility,mlp,pearson,affine,0.23323757698048145,0.3006514145742567,0.10535098729466622,-0.08722248947832302,0.9314601699430917,0.45714285714285713,0.7566613287540347
easygese:rice,rice,Panicle_fertility,mlp,pearson,isotonic,0.26166027399257397,0.3018837562371498,0.10622547805806042,-0.10694994778653202,0.9268996800580434,0.4428571428571429,0.7393301093020244
easygese:rice,rice,Panicle_fertility,mlp,pearson,raw,0.23323757698048148,0.3006514145742567,0.12222292025040955,-0.5391494583856445,0.9314601699430917,0.45714285714285713,0.7566613287540347
easygese:rice,rice,Panicle_fertility,transformer,ccc,affine,0.2840126446123631,0.3300608376536396,0.10176303856808164,0.00178542808818426,0.903401325965705,0.4,0.614648184232301
easygese:rice,rice,Panicle_fertility,transformer,ccc,isotonic,0.2767461128873895,0.33987129602030774,0.10376642155039184,-0.03770659228140667,0.8931389924188504,0.3857142857142857,0.6120932887148227
easygese:rice,rice,Panicle_fertility,transformer,ccc,raw,0.2840126446123631,0.3300608376536396,0.11897967856740385,-0.38750990826241233,0.903401325965705,0.4,0.614648184232301
easygese:rice,rice,Panicle_fertility,transformer,hybrid,affine,0.3120442047485831,0.34238120644771336,0.10167437424292865,-0.0026467083539189694,0.899623034849691,0.3857142857142857,0.6114361756936412
easygese:rice,rice,Panicle_fertility,transformer,hybrid,isotonic,0.2859328296896996,0.32269113676537187,0.107014161430752,-0.1398658217226727,0.877646688486635,0.4,0.6086366347195604
easygese:rice,rice,Panicle_fertility,transformer,hybrid,raw,0.312044204748583,0.34238120644771336,0.10093246649735128,0.018124633808265976,0.899623034849691,0.3857142857142857,0.6114361756936412
easygese:rice,rice,Panicle_fertility,transformer,mse,affine,0.1441494149899956,0.15594513934511306,0.10454944149548547,-0.06327480108293007,0.8209320464208629,0.32857142857142857,0.3242738385773906
easygese:rice,rice,Panicle_fertility,transformer,mse,isotonic,0.17223668309763115,0.20374660199470246,0.10733961284257751,-0.1137800620106603,0.8565676050083013,0.34285714285714286,0.43708782600879587
easygese:rice,rice,Panicle_fertility,transformer,mse,raw,0.17364706054968235,0.1784207035203723,0.10153176533472927,0.005461969062321948,0.8557844984703946,0.3857142857142857,0.39370293974004655
easygese:rice,rice,Panicle_fertility,transformer,pearson,affine,0.2586295440855614,0.31073759956441566,0.10271454316961648,-0.022253769420131485,0.8626990178639801,0.34285714285714286,0.5117735150349
easygese:rice,rice,Panicle_fertility,transformer,pearson,isotonic,0.25439068836623824,0.300745161127012,0.10508128884840724,-0.07848521667540893,0.8558610831188247,0.32857142857142857,0.4700181006268266
easygese:rice,rice,Panicle_fertility,transformer,pearson,raw,0.2586295440855614,0.31073759956441566,0.10888799257726076,-0.14623949018815724,0.8626990178639801,0.34285714285714286,0.5117735150349
easygese:rice,rice,Panicle_length,cnn,ccc,affine,0.49728764561638494,0.47270468784023717,3.0687699688396664,0.20530909569244388,0.7238260964032837,0.34285714285714286,0.39201483685406846
easygese:rice,rice,Panicle_length,cnn,ccc,isotonic,0.47331565448553514,0.46740839371858345,3.162996607252083,0.14312165719057637,0.7094793531685138,0.2571428571428571,0.35091162626571604
easygese:rice,rice,Panicle_length,cnn,ccc,raw,0.49728764561638483,0.47270468784023717,3.2705138103327287,0.08102241209519626,0.7238260964032837,0.34285714285714286,0.39201483685406846
easygese:rice,rice,Panicle_length,cnn,hybrid,affine,0.48622845682847543,0.4771291461213771,3.0650456848373637,0.20938148815943083,0.6802838384177871,0.22857142857142856,0.3290725691446467
easygese:rice,rice,Panicle_length,cnn,hybrid,isotonic,0.4849352970915758,0.4916887777975979,3.1228670828927734,0.16959819993651282,0.6808626521511194,0.22857142857142856,0.339355200512643
easygese:rice,rice,Panicle_length,cnn,hybrid,raw,0.4862284568284753,0.4771291461213771,3.2337218458715,0.12376620578343185,0.6802838384177871,0.22857142857142856,0.3290725691446467
easygese:rice,rice,Panicle_length,cnn,mse,affine,0.4093608365875935,0.38481665843301177,3.1511499661026803,0.153065956509968,0.642755905017997,0.21428571428571427,0.25058658908659737
easygese:rice,rice,Panicle_length,cnn,mse,isotonic,0.42542549108291083,0.4130346219054455,3.187571810451602,0.11992749090073251,0.6647386356039189,0.17142857142857143,0.287534079504537
easygese:rice,rice,Panicle_length,cnn,mse,raw,0.4093608365875935,0.38481665843301177,3.1345178032407164,0.16681044285663363,0.642755905017997,0.21428571428571427,0.25058658908659737
easygese:rice,rice,Panicle_length,cnn,pearson,affine,0.5049616373566099,0.49103883776465584,3.0521285632023516,0.2093204265521889,0.7210733885700708,0.3714285714285714,0.42277384161789666
easygese:rice,rice,Panicle_length,cnn,pearson,isotonic,0.4960059503601289,0.4938173986021176,3.1191196767129266,0.16220753975478389,0.7215368070222777,0.3142857142857143,0.3545047300908824
easygese:rice,rice,Panicle_length,cnn,pearson,raw,0.5049616373566099,0.49103883776465584,3.32504882524553,0.06768692711203465,0.7210733885700708,0.3714285714285714,0.42277384161789666
easygese:rice,rice,Panicle_length,mlp,ccc,affine,0.43959616814208663,0.43013903538812315,3.153244452727658,0.16195864711397312,0.6262644950220657,0.17142857142857143,0.2528090342238317
easygese:rice,rice,Panicle_length,mlp,ccc,isotonic,0.4321454576798674,0.4319939549050037,3.1979227514456596,0.13670057100914054,0.6062494257663256,0.12857142857142856,0.2203948256518485
easygese:rice,rice,Panicle_length,mlp,ccc,raw,0.43959616814208663,0.43013903538812315,3.412832310310953,0.004298583224438712,0.6262644950220657,0.17142857142857143,0.2528090342238317
easygese:rice,rice,Panicle_length,mlp,hybrid,affine,0.4514175027836328,0.4523031585677428,3.140608420613389,0.16864901337946397,0.6577378699727945,0.17142857142857143,0.3052381772187178
easygese:rice,rice,Panicle_length,mlp,hybrid,isotonic,0.42215714931707105,0.42988936616967194,3.2177144415183383,0.12349148831233805,0.6378943411905962,0.14285714285714285,0.22998056628480607
easygese:rice,rice,Panicle_length,mlp,hybrid,raw,0.4514175027836328,0.4523031585677428,3.2009934068389136,0.13347449838088546,0.6577378699727945,0.17142857142857143,0.3052381772187178
easygese:rice,rice,Panicle_length,mlp,mse,affine,0.43431812865876507,0.4240504222104011,3.171817500840329,0.1494837291554652,0.6164395682958537,0.14285714285714285,0.2119552256832571
easygese:rice,rice,Panicle_length,mlp,mse,isotonic,0.4334071345509116,0.43659048711810255,3.1962120795928026,0.13615204269203263,0.6554498002620266,0.1,0.2253163358757378
easygese:rice,rice,Panicle_length,mlp,mse,raw,0.4343181286587652,0.4240504222104011,3.157973191249956,0.15680164667263435,0.6164395682958537,0.14285714285714285,0.2119552256832571
easygese:rice,rice,Panicle_length,mlp,pearson,affine,0.44490543121523035,0.4232958890882519,3.166146554235746,0.1516258877189645,0.6251876326696781,0.15714285714285714,0.24459004030498624
easygese:rice,rice,Panicle_length,mlp,pearson,isotonic,0.41849468439055704,0.4253810104780462,3.2247353576558986,0.1169005717885128,0.642188203575501,0.11428571428571428,0.2265269947884562
easygese:rice,rice,Panicle_length,mlp,pearson,raw,0.4449054312152302,0.4232958890882519,3.64671554176178,-0.14949283845386918,0.6251876326696781,0.15714285714285714,0.24459004030498624
easygese:rice,rice,Panicle_length,transformer,ccc,affine,0.45633742484333667,0.4493098725525887,3.117905611026635,0.1795361495011194,0.643825190484125,0.21428571428571427,0.30233466868619263
easygese:rice,rice,Panicle_length,transformer,ccc,isotonic,0.4570353731733823,0.46504486192519245,3.143097705932287,0.16242001495680863,0.6536353658925014,0.21428571428571427,0.2570645019758008
easygese:rice,rice,Panicle_length,transformer,ccc,raw,0.45633742484333667,0.4493098725525887,3.4421806677970026,-0.009488192728968748,0.643825190484125,0.21428571428571427,0.30233466868619263
easygese:rice,rice,Panicle_length,transformer,hybrid,affine,0.459152443537487,0.4620724983419001,3.1256900985390947,0.17704942817798386,0.6570260651752988,0.24285714285714283,0.3267364523245916
easygese:rice,rice,Panicle_length,transformer,hybrid,isotonic,0.44765762518010777,0.47056338028950606,3.1601000655628,0.15392834315650522,0.6386437659535763,0.1857142857142857,0.2253340148876058
easygese:rice,rice,Panicle_length,transformer,hybrid,raw,0.459152443537487,0.4620724983419001,3.1211704941235423,0.17874567019818932,0.6570260651752988,0.24285714285714283,0.3267364523245916
easygese:rice,rice,Panicle_length,transformer,mse,affine,0.3564708444466832,0.3922884411949344,3.272842935802938,0.10122944618232341,0.636151681174629,0.19999999999999998,0.24742047000254228
easygese:rice,rice,Panicle_length,transformer,mse,isotonic,0.38519946794756704,0.41064703515053547,3.3092592464828017,0.0737417006224153,0.6541294724137323,0.17142857142857143,0.19893895600898265
easygese:rice,rice,Panicle_length,transformer,mse,raw,0.3564708444466832,0.3922884411949344,3.3060621224697457,0.0811100168914343,0.636151681174629,0.19999999999999998,0.24742047000254228
easygese:rice,rice,Panicle_length,transformer,pearson,affine,0.4625090109071174,0.4552054289337525,3.101912779100167,0.1876693389771472,0.6443914047123347,0.2,0.24676167997600382
easygese:rice,rice,Panicle_length,transformer,pearson,isotonic,0.4587778256833028,0.46707912555588493,3.1259014448288935,0.17206278629000388,0.6518294864245754,0.21428571428571427,0.2753742712239311
easygese:rice,rice,Panicle_length,transformer,pearson,raw,0.4625090109071174,0.4552054289337525,3.5345439629341167,-0.06761043251908402,0.6443914047123347,0.2,0.24676167997600382
easygese:rice,rice,Panicle_number_per_plant,cnn,ccc,affine,0.7411198277707078,0.7305263799891307,0.2765206413758541,0.5392797573308944,0.8888904766548785,0.4428571428571429,0.7601386962484896
easygese:rice,rice,Panicle_number_per_plant,cnn,ccc,isotonic,0.7280345145563224,0.7304456739395396,0.28875329412335005,0.49732425376201783,0.8797808209713134,0.41428571428571426,0.7166343945525205
easygese:rice,rice,Panicle_number_per_plant,cnn,ccc,raw,0.7411198277707078,0.7305263799891307,0.2915348350823129,0.48835249567259675,0.8888904766548785,0.4428571428571429,0.7601386962484896
easygese:rice,rice,Panicle_number_per_plant,cnn,hybrid,affine,0.735900172797439,0.7325059233295798,0.28201873112804404,0.522786007543369,0.8596037582552318,0.3714285714285714,0.6853784306986308
easygese:rice,rice,Panicle_number_per_plant,cnn,hybrid,isotonic,0.7080808618370135,0.7271187012202625,0.30063667493679613,0.4574009443165651,0.8480085012180497,0.3571428571428571,0.667043213664826
easygese:rice,rice,Panicle_number_per_plant,cnn,hybrid,raw,0.735900172797439,0.7325059233295798,0.29814874989918033,0.46530917027006646,0.8596037582552318,0.3714285714285714,0.6853784306986308
easygese:rice,rice,Panicle_number_per_plant,cnn,mse,affine,0.7111179637627704,0.675211407141108,0.2883585277596944,0.4967696645325006,0.8408922332668111,0.3,0.6589328851872647
easygese:rice,rice,Panicle_number_per_plant,cnn,mse,isotonic,0.68440074326716,0.6750119959786057,0.3066433701962433,0.43164808220590434,0.8440519384164226,0.3,0.6601608224718334
easygese:rice,rice,Panicle_number_per_plant,cnn,mse,raw,0.7111179637627705,0.675211407141108,0.2936106272709774,0.47881726757688836,0.8408922332668111,0.3,0.6589328851872647
easygese:rice,rice,Panicle_number_per_plant,cnn,pearson,affine,0.7098362605243727,0.6851303940397694,0.29338668804486623,0.48375572675674006,0.8340986455186176,0.32857142857142857,0.6359300130918459
easygese:rice,rice,Panicle_number_per_plant,cnn,pearson,isotonic,0.6868629665649308,0.6886571987549441,0.30804664240160756,0.43055325863096544,0.8245417830280519,0.3,0.6181610221631718
easygese:rice,rice,Panicle_number_per_plant,cnn,pearson,raw,0.7098362605243727,0.6851303940397694,0.3679531001163012,0.18658332889658094,0.8340986455186176,0.32857142857142857,0.6359300130918459
easygese:rice,rice,Panicle_number_per_plant,mlp,ccc,affine,0.715713364388216,0.7138156711159305,0.2894397514426486,0.49602932322682286,0.859618400143459,0.45714285714285713,0.7061471149622143
easygese:rice,rice,Panicle_number_per_plant,mlp,ccc,isotonic,0.698823570137917,0.7157922938789906,0.29862867785867736,0.4622000426925322,0.8616606083040746,0.41428571428571426,0.6846118709627848
easygese:rice,rice,Panicle_number_per_plant,mlp,ccc,raw,0.715713364388216,0.7138156711159305,0.29645076727168385,0.47137339934671585,0.859618400143459,0.45714285714285713,0.7061471149622143
easygese:rice,rice,Panicle_number_per_plant,mlp,hybrid,affine,0.7173292633054108,0.720783207598063,0.288125490897863,0.4996477495598004,0.8748906276258035,0.42857142857142855,0.7380355942819079
easygese:rice,rice,Panicle_number_per_plant,mlp,hybrid,isotonic,0.7067963792154319,0.7204319169910272,0.2955270888272408,0.471334856311453,0.8823145870625118,0.41428571428571426,0.7235805080953448
easygese:rice,rice,Panicle_number_per_plant,mlp,hybrid,raw,0.7173292633054107,0.720783207598063,0.2918497952015343,0.4861460590436706,0.8748906276258035,0.42857142857142855,0.7380355942819079
easygese:rice,rice,Panicle_number_per_plant,mlp,mse,affine,0.7121599996366084,0.7180154722330103,0.2891628898968525,0.4959483555170417,0.8777786187081833,0.48571428571428565,0.7447314767003574
easygese:rice,rice,Panicle_number_per_plant,mlp,mse,isotonic,0.6940355427643952,0.7104608930289453,0.30002024693751633,0.45409624941463633,0.8743946011015389,0.4428571428571428,0.6810024472957957
easygese:rice,rice,Panicle_number_per_plant,mlp,mse,raw,0.7121599996366083,0.7180154722330103,0.2879357817484155,0.5007895259346914,0.8777786187081833,0.48571428571428565,0.7447314767003574
easygese:rice,rice,Panicle_number_per_plant,mlp,pearson,affine,0.7190097895576955,0.7235420513929426,0.28709721406955535,0.5023946622722009,0.872124264714157,0.42857142857142855,0.7109728622652717
easygese:rice,rice,Panicle_number_per_plant,mlp,pearson,isotonic,0.6882524664881122,0.714134018913654,0.30281751439772964,0.4450921606896987,0.8813176262226501,0.41428571428571426,0.7111562202095012
easygese:rice,rice,Panicle_number_per_plant,mlp,pearson,raw,0.7190097895576956,0.7235420513929426,0.4056108243421292,-0.010188360382888628,0.872124264714157,0.42857142857142855,0.7109728622652717
easygese:rice,rice,Panicle_number_per_plant,transformer,ccc,affine,0.721852122274967,0.7307430022773275,0.2852017975296378,0.5118238447297014,0.8618127499201644,0.3857142857142857,0.7174885215010656
easygese:rice,rice,Panicle_number_per_plant,transformer,ccc,isotonic,0.7013018399806408,0.7204934254274707,0.29748592363618753,0.46884547200699744,0.8511913142281357,0.3714285714285714,0.6802309015124168
easygese:rice,rice,Panicle_number_per_plant,transformer,ccc,raw,0.7218521222749669,0.7307430022773275,0.3020395205645406,0.45124354355708995,0.8618127499201644,0.3857142857142857,0.7174885215010656
easygese:rice,rice,Panicle_number_per_plant,transformer,hybrid,affine,0.7083371107126901,0.7128967539867782,0.2922209949436635,0.48748334846646646,0.8383946789546588,0.3,0.6448894025470822
easygese:rice,rice,Panicle_number_per_plant,transformer,hybrid,isotonic,0.6960743925620058,0.708956350354712,0.29996723854749635,0.45979393198404406,0.8462839354398515,0.34285714285714286,0.657669131589402
easygese:rice,rice,Panicle_number_per_plant,transformer,hybrid,raw,0.7083371107126901,0.7128967539867782,0.29237066378476656,0.48739337824927376,0.8383946789546588,0.3,0.6448894025470822
easygese:rice,rice,Panicle_number_per_plant,transformer,mse,affine,0.6467753613730978,0.6235983038084825,0.31636453919366014,0.3975945446487377,0.8331249341494491,0.3,0.6148549343229202
easygese:rice,rice,Panicle_number_per_plant,transformer,mse,isotonic,0.6217195848664501,0.620001839681846,0.32987705644139276,0.343840925693458,0.8600916308492416,0.3571428571428571,0.6457414181246935
easygese:rice,rice,Panicle_number_per_plant,transformer,mse,raw,0.6467753613730978,0.6235983038084825,0.3176904751003198,0.39372379045185624,0.8331249341494491,0.3,0.6148549343229202
easygese:rice,rice,Panicle_number_per_plant,transformer,pearson,affine,0.7129319497789106,0.7153589928428631,0.2885521138000367,0.5005764476210868,0.8635608661730714,0.3714285714285714,0.7086931493522292
easygese:rice,rice,Panicle_number_per_plant,transformer,pearson,isotonic,0.6896306136045162,0.7056842567526889,0.30173341504482154,0.45136153663348244,0.854529027581005,0.3,0.661194469332837
easygese:rice,rice,Panicle_number_per_plant,transformer,pearson,raw,0.7129319497789107,0.7153589928428631,0.43671267617286286,-0.15784063918411445,0.8635608661730714,0.3714285714285714,0.7086931493522292
easygese:rice,rice,Pericarp_color,cnn,ccc,affine,0.4007288308925304,0.28088215928505156,0.26781861003989016,0.07105321411783702,0.5530885032909001,0.3857142857142857,0.45969278033794164
easygese:rice,rice,Pericarp_color,cnn,ccc,isotonic,0.41185503132067725,0.3250536844410516,0.27083229577858475,0.0361332088987415,0.5175936061045145,0.3571428571428571,0.33382872503840244
easygese:rice,rice,Pericarp_color,cnn,ccc,raw,0.41768728377520087,0.29211769049328906,0.2807461033751771,-0.033732127808280984,0.5676746955046408,0.3857142857142857,0.4761213517665131
easygese:rice,rice,Pericarp_color,cnn,hybrid,affine,0.4227581091355428,0.2882719908668724,0.329343339170163,-0.610315376653052,0.5402701897411668,0.3714285714285714,0.451973886328725
easygese:rice,rice,Pericarp_color,cnn,hybrid,isotonic,0.3939784542352155,0.31502361592833855,0.2746488946390137,0.01705870915367822,0.4574346400841319,0.3857142857142857,0.4040130568356375
easygese:rice,rice,Pericarp_color,cnn,hybrid,raw,0.4227581091355426,0.2882719908668724,0.27658034778172524,0.02769821829736021,0.5402701897411668,0.3714285714285714,0.451973886328725
easygese:rice,rice,Pericarp_color,cnn,mse,affine,0.3956870860912004,0.2420127745499566,0.2670662955812271,0.08346801185268135,0.4946625535560343,0.3,0.3653609831029186
easygese:rice,rice,Pericarp_color,cnn,mse,isotonic,0.39456038818208256,0.2835181687996665,0.26603736703430014,0.09075473851887075,0.3696849316086338,0.3,0.3045775729646697
easygese:rice,rice,Pericarp_color,cnn,mse,raw,0.39568708609120035,0.2420127745499566,0.2635204626970383,0.09932082419756402,0.4946625535560343,0.3,0.3653609831029186
easygese:rice,rice,Pericarp_color,cnn,pearson,affine,0.48692293063225706,0.2891598120768788,0.31050789914819865,-0.5149605268141229,0.6132897023954174,0.41428571428571426,0.5044393241167435
easygese:rice,rice,Pericarp_color,cnn,pearson,isotonic,0.4436771262835285,0.3293820430099934,0.2764734203855076,0.006570515677447442,0.5459790785580286,0.4,0.48854070660522275
easygese:rice,rice,Pericarp_color,cnn,pearson,raw,0.486922930632257,0.2891598120768788,0.27480536473196226,0.04275915709989846,0.6132897023954174,0.41428571428571426,0.5044393241167435
easygese:rice,rice,Pericarp_color,mlp,ccc,affine,0.35230017857479384,0.20934994394166156,0.27688631863989166,0.012058401270186415,0.5325235261978882,0.34285714285714286,0.42752560163850484
easygese:rice,rice,Pericarp_color,mlp,ccc,isotonic,0.4378822955851886,0.3473615699181726,0.2773120103374821,-0.0070659753583872,0.47833047667287554,0.4428571428571429,0.44365463389656934
easygese:rice,rice,Pericarp_color,mlp,ccc,raw,0.43175900079852647,0.2832451684266083,0.27450794812919915,0.024755950213039224,0.5840350691804466,0.3857142857142857,0.4932398873527906
easygese:rice,rice,Pericarp_color,mlp,hybrid,affine,0.3612951647811576,0.2176362301725001,0.27483849578042724,0.031210793950429295,0.5799665433928588,0.4,0.5178481822836661
easygese:rice,rice,Pericarp_color,mlp,hybrid,isotonic,0.40805561642387767,0.3516577189625103,0.2794921665813405,-0.023286557270513365,0.4760668644085516,0.42857142857142855,0.39940348182283664
easygese:rice,rice,Pericarp_color,mlp,hybrid,raw,0.4372448680374979,0.29066718302604394,0.2623478620517127,0.10942907484688313,0.6171055216251821,0.42857142857142855,0.5671338965693804
easygese:rice,rice,Pericarp_color,mlp,mse,affine,0.36883298192443703,0.21410396810101284,0.2718825308421791,0.04430778383899174,0.518793980158841,0.3714285714285714,0.4776062467997952
easygese:rice,rice,Pericarp_color,mlp,mse,isotonic,0.395226608766477,0.31802113903477275,0.2796667948242391,-0.040934726083149464,0.4580273828257039,0.34285714285714286,0.3303149001536098
easygese:rice,rice,Pericarp_color,mlp,mse,raw,0.45328372351392965,0.3022596745041072,0.2584661267223388,0.1343140826876,0.56670657408829,0.39999999999999997,0.5268919610855095
easygese:rice,rice,Pericarp_color,mlp,pearson,affine,0.3655059653002023,0.21800429404828817,0.2750068802473329,0.025329407250538626,0.5590604321913366,0.3857142857142857,0.4961546338965694
easygese:rice,rice,Pericarp_color,mlp,pearson,isotonic,0.3889541890915112,0.31776521237078426,0.28110044224627334,-0.0420563562963525,0.4661913628785134,0.4,0.36340245775729646
easygese:rice,rice,Pericarp_color,mlp,pearson,raw,0.4424364768183643,0.28887456782332477,0.30594270759830405,-0.398543394415879,0.5961994104236599,0.41428571428571426,0.5454403481822837
easygese:rice,rice,Pericarp_color,transformer,ccc,affine,0.4055772860667891,0.2804422104939668,0.2698689565131588,0.05753105865342593,0.5121797793852442,0.3571428571428571,0.3926177675371224
easygese:rice,rice,Pericarp_color,transformer,ccc,isotonic,0.3923975135914687,0.34345868544178715,0.2727005069445029,0.03407463737174114,0.4571435139989265,0.3571428571428571,0.3602905785970302
easygese:rice,rice,Pericarp_color,transformer,ccc,raw,0.4055772860667891,0.2804422104939668,0.30697281346188665,-0.26826190479069645,0.5121797793852442,0.3571428571428571,0.3926177675371224
easygese:rice,rice,Pericarp_color,transformer,hybrid,affine,0.4296406799212198,0.3173704181851428,0.26592942166689176,0.09021646443349197,0.5424706963096757,0.3571428571428571,0.44398873527905786
easygese:rice,rice,Pericarp_color,transformer,hybrid,isotonic,0.43002335512658235,0.3452201284224651,0.2722435696134052,-0.01237013168185237,0.44264501037062054,0.34285714285714286,0.38201868919610854
easygese:rice,rice,Pericarp_color,transformer,hybrid,raw,0.4296406799212197,0.3173704181851428,0.25720211256486347,0.15473407161539007,0.5424706963096757,0.3571428571428571,0.44398873527905786
easygese:rice,rice,Pericarp_color,transformer,mse,affine,0.31005511439817834,0.27545465050213036,0.2793125004506098,0.003926421185192863,0.37600270975749306,0.2714285714285714,0.3174347158218126
easygese:rice,rice,Pericarp_color,transformer,mse,isotonic,0.3454073917305367,0.32271643902431224,0.2822980453009327,-0.049043489036875484,0.31625925275538835,0.2857142857142857,0.3174347158218126
easygese:rice,rice,Pericarp_color,transformer,mse,raw,0.31005511439817846,0.27545465050213036,0.27387223870504285,0.04603068749750654,0.37600270975749306,0.2714285714285714,0.3174347158218126
easygese:rice,rice,Pericarp_color,transformer,pearson,affine,0.4836101178427394,0.3134563467955203,0.2561782346287347,0.16698253094808685,0.6263798798854493,0.4,0.5044393241167435
easygese:rice,rice,Pericarp_color,transformer,pearson,isotonic,0.4781064037914381,0.38098774294685644,0.2557510085143675,0.1674350259127469,0.5624980795140079,0.4428571428571429,0.4628379416282642
easygese:rice,rice,Pericarp_color,transformer,pearson,raw,0.48361011784273933,0.3134563467955203,0.5102646779662934,-2.46604050414381,0.6263798798854493,0.4,0.5044393241167435
easygese:rice,rice,Plant_height,cnn,ccc,affine,0.60999458075122,0.6273594040949129,16.610987155040117,0.3531426104034103,0.8124419488687276,0.36428571428571427,0.5830182520859154
easygese:rice,rice,Plant_height,cnn,ccc,isotonic,0.5982560810250763,0.6179595653068259,17.08535506126797,0.3168691331324735,0.7914140694918761,0.23392857142857143,0.4432313577175747
easygese:rice,rice,Plant_height,cnn,ccc,raw,0.6099945807512199,0.6273594040949129,17.357108549302325,0.2833372451076449,0.8124419488687276,0.36428571428571427,0.5830182520859154
easygese:rice,rice,Plant_height,cnn,hybrid,affine,0.5883673584686647,0.5937289685283493,17.06280050472603,0.3208089759381322,0.7747929296826843,0.325,0.5004741706955699
easygese:rice,rice,Plant_height,cnn,hybrid,isotonic,0.5638593751580803,0.5770612044366465,17.775929497432053,0.26095338458173856,0.7781560575215051,0.2875,0.49422208240414
easygese:rice,rice,Plant_height,cnn,hybrid,raw,0.5883673584686647,0.5937289685283493,18.002722710390035,0.2439315174781381,0.7747929296826843,0.325,0.5004741706955699
easygese:rice,rice,Plant_height,cnn,mse,affine,0.605149722620421,0.622734168745216,16.751749476129365,0.34146198944516304,0.7589301241836572,0.33571428571428574,0.5478606783701825
easygese:rice,rice,Plant_height,cnn,mse,isotonic,0.5914234334085693,0.6092698372608114,17.17314588302977,0.3040981770587393,0.7766010932692884,0.2589285714285714,0.5186935933847927
easygese:rice,rice,Plant_height,cnn,mse,raw,0.605149722620421,0.622734168745216,16.907552075589447,0.32813546561592344,0.7589301241836572,0.33571428571428574,0.5478606783701825
easygese:rice,rice,Plant_height,cnn,pearson,affine,0.5861686332944249,0.600415166222483,17.027258922256525,0.3190644767556373,0.7940891787865982,0.3875,0.6064264450954875
easygese:rice,rice,Plant_height,cnn,pearson,isotonic,0.5659634465889012,0.5930096112319186,17.784158916222815,0.24876076806519895,0.7775690593526187,0.3267857142857143,0.5428887622637297
easygese:rice,rice,Plant_height,cnn,pearson,raw,0.5861686332944247,0.600415166222483,20.228692162338646,0.031222591074880235,0.7940891787865982,0.3875,0.6064264450954875
easygese:rice,rice,Plant_height,mlp,ccc,affine,0.5285420146423496,0.5446581209464307,18.091169378038206,0.23654162741891885,0.7413207210702537,0.325,0.5250164451767417
easygese:rice,rice,Plant_height,mlp,ccc,isotonic,0.5147967763855761,0.5521033953423503,18.567941850602583,0.1923051256054225,0.7463791405013468,0.27142857142857146,0.4920913903089602
easygese:rice,rice,Plant_height,mlp,ccc,raw,0.5285420146423496,0.5446581209464307,18.279603629176254,0.2194725971357771,0.7413207210702537,0.325,0.5250164451767417
easygese:rice,rice,Plant_height,mlp,hybrid,affine,0.553990086007468,0.5785708213950189,17.743853877700303,0.2634780152614182,0.7358240406403344,0.33214285714285713,0.49500567394730954
easygese:rice,rice,Plant_height,mlp,hybrid,isotonic,0.5613822879153665,0.5740230602839318,17.962017150859293,0.2426359694432012,0.7375766379487386,0.33392857142857146,0.5019709952145387
easygese:rice,rice,Plant_height,mlp,hybrid,raw,0.5539900860074681,0.5785708213950189,17.69850139089934,0.26585170793475826,0.7358240406403344,0.33214285714285713,0.49500567394730954
easygese:rice,rice,Plant_height,mlp,mse,affine,0.5309808531343791,0.5460106204396291,17.930734259388338,0.2474484332436196,0.7437572805047362,0.35178571428571426,0.5468574687993334
easygese:rice,rice,Plant_height,mlp,mse,isotonic,0.5267604508990698,0.5420963458034093,18.422480225784366,0.20346693319670991,0.7703919947652836,0.3125,0.5509093184212007
easygese:rice,rice,Plant_height,mlp,mse,raw,0.5309808531343791,0.5460106204396291,17.87196170023462,0.25119063794757057,0.7437572805047362,0.35178571428571426,0.5468574687993334
easygese:rice,rice,Plant_height,mlp,pearson,affine,0.5326697044968501,0.5480249829492434,18.054702192468543,0.23767809611767152,0.7329437281787197,0.26964285714285713,0.4830843493114635
easygese:rice,rice,Plant_height,mlp,pearson,isotonic,0.5141700978269654,0.5467017455222052,18.66309552378577,0.18408547649894896,0.7546433790411065,0.25357142857142856,0.4916463928805106
easygese:rice,rice,Plant_height,mlp,pearson,raw,0.5326697044968502,0.5480249829492434,20.428517184859224,-0.009028985902789,0.7329437281787197,0.26964285714285713,0.4830843493114635
easygese:rice,rice,Plant_height,transformer,ccc,affine,0.5538000121524058,0.5696625117440338,17.67586495515156,0.2676200640302876,0.7716316460157211,0.2767857142857143,0.5278897173843934
easygese:rice,rice,Plant_height,transformer,ccc,isotonic,0.5431371338914659,0.5687361323562243,18.117012310821558,0.23005709094793197,0.773092189670108,0.2357142857142857,0.48663703039918654
easygese:rice,rice,Plant_height,transformer,ccc,raw,0.5538000121524057,0.5696625117440338,18.228333947682884,0.21689058588041563,0.7716316460157211,0.2767857142857143,0.5278897173843934
easygese:rice,rice,Plant_height,transformer,hybrid,affine,0.6052428118613852,0.6106088866381579,16.952474647827657,0.32664607737565327,0.8195917250016175,0.33214285714285713,0.5905211596533241
easygese:rice,rice,Plant_height,transformer,hybrid,isotonic,0.5978372370012981,0.6111514961791324,17.686168245038004,0.2638677752068986,0.7924456903252995,0.31785714285714284,0.5691979147733024
easygese:rice,rice,Plant_height,transformer,hybrid,raw,0.6052428118613851,0.6106088866381579,16.79182301997565,0.3397106918946098,0.8195917250016175,0.33214285714285713,0.5905211596533241
easygese:rice,rice,Plant_height,transformer,mse,affine,0.48070286291079534,0.4771853424054256,18.610547636869597,0.18353961828170168,0.7945848879790374,0.3071428571428571,0.539821347266483
easygese:rice,rice,Plant_height,transformer,mse,isotonic,0.47927728962609784,0.48665404668108236,19.078498309179746,0.13683934750478194,0.7562193974810991,0.2785714285714286,0.5006768736951339
easygese:rice,rice,Plant_height,transformer,mse,raw,0.48070286291079534,0.4771853424054256,18.573300364430924,0.1830996426084067,0.7945848879790374,0.3071428571428571,0.539821347266483
easygese:rice,rice,Plant_height,transformer,pearson,affine,0.514203044898949,0.522129574108832,18.13145778523458,0.22991680819902513,0.7635319657049643,0.31785714285714284,0.5293983357823453
easygese:rice,rice,Plant_height,transformer,pearson,isotonic,0.5013755296050345,0.5113705965961138,18.92150725991588,0.16159296854967203,0.7511069037299851,0.2785714285714286,0.4558545574074529
easygese:rice,rice,Plant_height,transformer,pearson,raw,0.514203044898949,0.522129574108832,21.99179373798305,-0.13914095913202526,0.7635319657049643,0.31785714285714284,0.5293983357823453
easygese:rice,rice,Primary_panicle_branch_number,cnn,ccc,affine,0.46693931711222525,0.4567690314638389,1.627895003501544,0.148102582983506,0.6964961116306074,0.34285714285714286,0.44457527802456936
easygese:rice,rice,Primary_panicle_branch_number,cnn,ccc,isotonic,0.43816318478529476,0.43859874125049697,1.6927217913789092,0.07719227045654455,0.6911396995624173,0.3857142857142857,0.4950001215655881
easygese:rice,rice,Primary_panicle_branch_number,cnn,ccc,raw,0.46693931711222525,0.4567690314638389,1.7166824591840253,0.04977667303365983,0.6964961116306074,0.34285714285714286,0.44457527802456936
easygese:rice,rice,Primary_panicle_branch_number,cnn,hybrid,affine,0.49551926029408505,0.4852496511286872,1.6075431876163315,0.16736470782765153,0.7348818072985862,0.4,0.5096495516156011
easygese:rice,rice,Primary_panicle_branch_number,cnn,hybrid,isotonic,0.4531614337880316,0.4754689301484395,1.689880021103797,0.07830462026375268,0.7394809201839636,0.3714285714285714,0.4957766712431469
easygese:rice,rice,Primary_panicle_branch_number,cnn,hybrid,raw,0.49551926029408494,0.4852496511286872,1.687071767466985,0.08012705293807605,0.7348818072985862,0.4,0.5096495516156011
easygese:rice,rice,Primary_panicle_branch_number,cnn,mse,affine,0.42005552525334944,0.4167181516569152,1.62706384024816,0.1472446174540253,0.6433493499132409,0.24285714285714283,0.2962318211951346
easygese:rice,rice,Primary_panicle_branch_number,cnn,mse,isotonic,0.3761956913530387,0.43155003428715355,1.718678184457493,0.03561465457167902,0.6531237990755052,0.21428571428571427,0.269427711615244
easygese:rice,rice,Primary_panicle_branch_number,cnn,mse,raw,0.4370130468473453,0.4269531062256641,1.6304869579564454,0.1453632604464557,0.6559855507218824,0.24285714285714283,0.3206861363089254
easygese:rice,rice,Primary_panicle_branch_number,cnn,pearson,affine,0.449646665012348,0.4588115297493996,1.6677942601615374,0.10186758901493831,0.679871527294359,0.3571428571428571,0.4349539957260637
easygese:rice,rice,Primary_panicle_branch_number,cnn,pearson,isotonic,0.4340610905689603,0.45696851040201614,1.7171371513365243,0.043939663019363376,0.680298239981256,0.32857142857142857,0.40836965625792915
easygese:rice,rice,Primary_panicle_branch_number,cnn,pearson,raw,0.4496466650123481,0.4588115297493996,2.0272080984285266,-0.6089940581359937,0.679871527294359,0.3571428571428571,0.4349539957260637
easygese:rice,rice,Primary_panicle_branch_number,mlp,ccc,affine,0.42085059959531107,0.4092984237553791,1.6599083791434963,0.11334560052719009,0.6588301270978105,0.2571428571428571,0.3359002374652726
easygese:rice,rice,Primary_panicle_branch_number,mlp,ccc,isotonic,0.38481062189920423,0.4035451892531371,1.7420314597620135,0.019937632078566712,0.6772135722081905,0.3,0.36610712684190216
easygese:rice,rice,Primary_panicle_branch_number,mlp,ccc,raw,0.4208505995953112,0.4092984237553791,1.8131539368642144,-0.06326880255056372,0.6588301270978105,0.2571428571428571,0.3359002374652726
easygese:rice,rice,Primary_panicle_branch_number,mlp,hybrid,affine,0.39735728700771467,0.40060290526505293,1.6852698463735336,0.08573885101904301,0.652356975425917,0.3,0.32408634971373484
easygese:rice,rice,Primary_panicle_branch_number,mlp,hybrid,isotonic,0.3669164032837221,0.38785067424575803,1.7545312029933608,0.008524507597203834,0.6486358509001994,0.27142857142857146,0.32193285838379243
easygese:rice,rice,Primary_panicle_branch_number,mlp,hybrid,raw,0.39735728700771467,0.40060290526505293,1.689790800238978,0.07913095041177608,0.652356975425917,0.3,0.32408634971373484
easygese:rice,rice,Primary_panicle_branch_number,mlp,mse,affine,0.3956750238972248,0.4045820845011395,1.696204577692363,0.0716799745942164,0.6085146492444979,0.24285714285714283,0.2874683923333052
easygese:rice,rice,Primary_panicle_branch_number,mlp,mse,isotonic,0.37211988364776005,0.3920176318494534,1.7884415262400182,-0.04205759803733009,0.626471519620849,0.3,0.3372594019292361
easygese:rice,rice,Primary_panicle_branch_number,mlp,mse,raw,0.39567502389722475,0.4045820845011395,1.660642154320076,0.10734324528618591,0.6085146492444979,0.24285714285714283,0.2874683923333052
easygese:rice,rice,Primary_panicle_branch_number,mlp,pearson,affine,0.41811894840963815,0.4178347839080373,1.667537559648288,0.1058595206618795,0.6524931452403457,0.3,0.3547931448762561
easygese:rice,rice,Primary_panicle_branch_number,mlp,pearson,isotonic,0.38492732551244224,0.4044384754006975,1.7359973613022863,0.02873210443884524,0.6501534345154889,0.2714285714285714,0.3245716883783655
easygese:rice,rice,Primary_panicle_branch_number,mlp,pearson,raw,0.41811894840963815,0.4178347839080373,1.7935499525467438,-0.03669992798962304,0.6524931452403457,0.3,0.3547931448762561
easygese:rice,rice,Primary_panicle_branch_number,transformer,ccc,affine,0.44540180485523545,0.44424777500704427,1.6279166481152878,0.14826385196305375,0.6506284776611135,0.2571428571428571,0.32733530200890587
easygese:rice,rice,Primary_panicle_branch_number,transformer,ccc,isotonic,0.40981972899521,0.44027142072689235,1.7091669526893678,0.05995614507281505,0.6675053502154469,0.2,0.3020799840871383
easygese:rice,rice,Primary_panicle_branch_number,transformer,ccc,raw,0.44540180485523545,0.44424777500704427,1.7541194078699687,0.008511896199745118,0.6506284776611135,0.2571428571428571,0.32733530200890587
easygese:rice,rice,Primary_panicle_branch_number,transformer,hybrid,affine,0.39551133056871207,0.3884767658476009,1.6740687910162648,0.09989818350522164,0.6407793934807668,0.27142857142857146,0.32877294478981584
easygese:rice,rice,Primary_panicle_branch_number,transformer,hybrid,isotonic,0.37535609172522644,0.37058410357382165,1.7472433154244709,0.018001140066456044,0.6678594130426274,0.2571428571428571,0.25613176332866705
easygese:rice,rice,Primary_panicle_branch_number,transformer,hybrid,raw,0.39551133056871207,0.3884767658476009,1.670109408423918,0.10058405627310141,0.6407793934807668,0.27142857142857146,0.32877294478981584
easygese:rice,rice,Primary_panicle_branch_number,transformer,mse,affine,0.24889581328794713,0.2499592286334596,1.7283791299173032,0.03997967826784695,0.585632130040806,0.1857142857142857,0.1844416854428512
easygese:rice,rice,Primary_panicle_branch_number,transformer,mse,isotonic,0.2170532642932316,0.241329976054599,1.8192686090718628,-0.0688853602287808,0.5813108473464619,0.17142857142857143,0.16161065262604166
easygese:rice,rice,Primary_panicle_branch_number,transformer,mse,raw,0.24889581328794716,0.2499592286334596,1.7260915648260382,0.04281457802116564,0.585632130040806,0.1857142857142857,0.1844416854428512
easygese:rice,rice,Primary_panicle_branch_number,transformer,pearson,affine,0.4279847386821672,0.42726537035996504,1.6560196174677775,0.11811167410816639,0.6663385709684563,0.27142857142857146,0.3572373285267193
easygese:rice,rice,Primary_panicle_branch_number,transformer,pearson,isotonic,0.3915267569606351,0.41431325102242217,1.7458493070069683,0.019239827631102813,0.6782105782655856,0.24285714285714283,0.3126644816769129
easygese:rice,rice,Primary_panicle_branch_number,transformer,pearson,raw,0.42798473868216724,0.42726537035996504,1.935001479462945,-0.23542612742979724,0.6663385709684563,0.27142857142857146,0.3572373285267193
easygese:rice,rice,Protein_content,cnn,ccc,affine,0.35268516667554817,0.35403795648973024,0.9019247674555212,0.0655252708578136,0.5421822287743343,0.14285714285714285,0.1556456489890988
easygese:rice,rice,Protein_content,cnn,ccc,isotonic,0.288933517684353,0.3652648576000779,0.9774635501281586,-0.15879119093566202,0.5986099320071578,0.21428571428571427,0.29651780705128805
easygese:rice,rice,Protein_content,cnn,ccc,raw,0.35268516667554806,0.35403795648973024,1.0964398325063107,-0.4658434250749508,0.5421822287743343,0.14285714285714285,0.1556456489890988
easygese:rice,rice,Protein_content,cnn,hybrid,affine,0.30424558450189615,0.3186504482821195,0.9226702262325016,0.017162777029536346,0.6066905141752121,0.22857142857142856,0.28186972056914283
easygese:rice,rice,Protein_content,cnn,hybrid,isotonic,0.2530225546542357,0.298964716298186,0.9656603754788866,-0.08094823522386901,0.5965905264410012,0.21428571428571427,0.24877980820122883
easygese:rice,rice,Protein_content,cnn,hybrid,raw,0.3042455845018962,0.3186504482821195,0.9340307464177509,-0.002900308027245546,0.6066905141752121,0.22857142857142856,0.28186972056914283
easygese:rice,rice,Protein_content,cnn,mse,affine,0.288625961759414,0.2899756241365067,0.9277598327127409,0.01109483171188307,0.6023601394513072,0.2,0.2781455878456024
easygese:rice,rice,Protein_content,cnn,mse,isotonic,0.22931032799230144,0.2718658884602953,0.9769938508356854,-0.10821460143105703,0.5758301177188818,0.17142857142857143,0.19589133454742286
easygese:rice,rice,Protein_content,cnn,mse,raw,0.2886259617594139,0.2899756241365067,0.9220397205853944,0.027155552776769953,0.6023601394513072,0.2,0.2781455878456024
easygese:rice,rice,Protein_content,cnn,pearson,affine,0.29925011231073073,0.31418936548708276,0.9156061297500871,0.04297342243704653,0.5702785831618267,0.2,0.2817857193923328
easygese:rice,rice,Protein_content,cnn,pearson,isotonic,0.25653260404647293,0.2818355101737454,0.952311791911313,-0.0445663972946445,0.552909482883679,0.22857142857142856,0.24116961290452318
easygese:rice,rice,Protein_content,cnn,pearson,raw,0.29925011231073106,0.31418936548708276,1.291549620475129,-1.1067789070355336,0.5702785831618267,0.2,0.2817857193923328
easygese:rice,rice,Protein_content,mlp,ccc,affine,0.2681742462232449,0.27272408759608935,0.9326089423649975,-0.0015270187544761172,0.6036308803801328,0.21428571428571427,0.26708052168597946
easygese:rice,rice,Protein_content,mlp,ccc,isotonic,0.23543744814207127,0.26541218594881605,0.9508037663436409,-0.03950096925469019,0.5923183766637539,0.21428571428571427,0.24215452453802086
easygese:rice,rice,Protein_content,mlp,ccc,raw,0.2681742462232449,0.27272408759608935,1.0289773300238763,-0.26326617878469893,0.6036308803801328,0.21428571428571427,0.26708052168597946
easygese:rice,rice,Protein_content,mlp,hybrid,affine,0.29049985097176123,0.2928534380559209,0.9239773428654926,0.017423388539962836,0.6133477868659509,0.24285714285714283,0.2632783360923405
easygese:rice,rice,Protein_content,mlp,hybrid,isotonic,0.2521105697938164,0.2773640299428294,0.9604174207331104,-0.06989898731174428,0.6170386275006969,0.2571428571428571,0.31326527407421423
easygese:rice,rice,Protein_content,mlp,hybrid,raw,0.2904998509717614,0.2928534380559209,0.9479411014314586,-0.03577768022497063,0.6133477868659509,0.24285714285714283,0.2632783360923405
easygese:rice,rice,Protein_content,mlp,mse,affine,0.26146851631824336,0.27556383682148533,0.9359064284503102,-0.00883917579199881,0.5509558907040462,0.22857142857142856,0.2034610338719455
easygese:rice,rice,Protein_content,mlp,mse,isotonic,0.2573797801076398,0.2815494307684526,0.9839545787543162,-0.14711638638615754,0.6009416006492093,0.24285714285714283,0.23897129145762533
easygese:rice,rice,Protein_content,mlp,mse,raw,0.26146851631824325,0.27556383682148533,0.9483793273198268,-0.04006990667798792,0.5509558907040462,0.22857142857142856,0.2034610338719455
easygese:rice,rice,Protein_content,mlp,pearson,affine,0.2554246140295849,0.2551585606564478,0.9357283021847538,-0.009113284074044192,0.578973631488717,0.2,0.21175533875221686
easygese:rice,rice,Protein_content,mlp,pearson,isotonic,0.21850078274438464,0.23334073703091746,0.9678239344871546,-0.07899079170183121,0.5561497180745896,0.15714285714285714,0.15962947058145932
easygese:rice,rice,Protein_content,mlp,pearson,raw,0.2554246140295849,0.2551585606564478,1.233094358007659,-0.9345290736485549,0.578973631488717,0.2,0.21175533875221686
easygese:rice,rice,Protein_content,transformer,ccc,affine,0.2426878921545768,0.2515922816230813,0.9418613714361971,-0.020259143223685862,0.5446967483132801,0.1857142857142857,0.19245761475315443
easygese:rice,rice,Protein_content,transformer,ccc,isotonic,0.21828744769686423,0.2268535259751261,0.9575882274008161,-0.0599396195094522,0.5575098512307867,0.1857142857142857,0.1585618070604884
easygese:rice,rice,Protein_content,transformer,ccc,raw,0.2426878921545768,0.2515922816230813,1.0928626361191554,-0.4313472868904446,0.5446967483132801,0.1857142857142857,0.19245761475315443
easygese:rice,rice,Protein_content,transformer,hybrid,affine,0.25991377814334143,0.2805285070990762,0.9369743352308053,-0.010248007207250654,0.5798540753925607,0.22857142857142856,0.21067167651087243
easygese:rice,rice,Protein_content,transformer,hybrid,isotonic,0.2474319287561148,0.2789379696112061,0.9599366062832189,-0.06167374465883494,0.6024693439136815,0.21428571428571427,0.2626939278375843
easygese:rice,rice,Protein_content,transformer,hybrid,raw,0.2599137781433415,0.2805285070990762,0.9580895124814439,-0.09365161281716868,0.5798540753925607,0.22857142857142856,0.21067167651087243
easygese:rice,rice,Protein_content,transformer,mse,affine,0.19681055877706874,0.19792095038090057,0.9537390458610062,-0.045075753682198405,0.5185304642450699,0.14285714285714285,0.10196093534413894
easygese:rice,rice,Protein_content,transformer,mse,isotonic,0.21645410024520656,0.21633774199176226,0.9681115548386033,-0.08396664389107274,0.5100279563540513,0.1857142857142857,0.12479073616940403
easygese:rice,rice,Protein_content,transformer,mse,raw,0.19681055877706882,0.19792095038090057,0.9312207428225481,0.007886449063763745,0.5185304642450699,0.14285714285714285,0.10196093534413894
easygese:rice,rice,Protein_content,transformer,pearson,affine,0.23824942599424265,0.24236672976639598,0.9417785447347342,-0.0220126903302601,0.5191259522642131,0.2,0.15777838743448838
easygese:rice,rice,Protein_content,transformer,pearson,isotonic,0.22694391658923693,0.2553504316222801,0.9575729967031942,-0.05949080935311464,0.5609102092234614,0.17142857142857143,0.1705074178575711
easygese:rice,rice,Protein_content,transformer,pearson,raw,0.2382494259942427,0.24236672976639598,1.1515615956127525,-0.6013286618776892,0.5191259522642131,0.2,0.15777838743448838
easygese:rice,rice,Seed_color,cnn,ccc,affine,0.12219057384952504,0.08058019339973481,0.138725666441959,-0.014844908221722226,0.23867354783674838,0.45714285714285713,0.23712237583205326
easygese:rice,rice,Seed_color,cnn,ccc,isotonic,0.2502857728667949,0.20723800474810794,0.14961324687965544,0.009845797785503969,0.2922201277597357,0.5428571428571429,0.26891961085509475
easygese:rice,rice,Seed_color,cnn,ccc,raw,0.07591074861761295,0.06297676504471707,0.16950707703910287,-0.532123159158459,0.20747248543415348,0.07142857142857142,0.15762928827444958
easygese:rice,rice,Seed_color,cnn,hybrid,affine,0.2871176345516655,0.24477825414120796,0.13252852573030646,-0.004482870823860928,0.22983257956266726,0.5,0.26891961085509475
easygese:rice,rice,Seed_color,cnn,hybrid,isotonic,0.37121007897729386,0.3546856958103287,0.13653409735355163,0.020676512282754595,0.2574171303385115,0.5428571428571429,0.23712237583205326
easygese:rice,rice,Seed_color,cnn,hybrid,raw,0.12141993960092386,0.10014933091501277,0.12550646106056423,0.0003154806012142559,0.2011718829895008,0.17142857142857143,0.26891961085509475
easygese:rice,rice,Seed_color,cnn,mse,affine,-0.03028910699138054,-0.05810479648517533,0.1297227637496588,-0.034015299991163594,0.14936298490259287,0.48571428571428565,0.07813620071684588
easygese:rice,rice,Seed_color,cnn,mse,isotonic,-0.032790873358650004,-0.032852670140185516,0.14043815288487832,-0.059981099854749864,0.1430192474600615,0.6428571428571428,0.07813620071684588
easygese:rice,rice,Seed_color,cnn,mse,raw,0.021904584092781405,0.01845701091581829,0.12724789140911413,-0.014057970169116965,0.06445485392911768,0.07142857142857142,-0.0013568868407578222
easygese:rice,rice,Seed_color,cnn,pearson,affine,0.17800164825770054,0.15752971354818043,0.1352284741615518,-0.014990601444912457,0.22877019899009024,0.45714285714285713,0.23712237583205326
easygese:rice,rice,Seed_color,cnn,pearson,isotonic,0.23881151516125038,0.22313224252434527,0.13507896340293962,-0.009425042804332142,0.21088820748450618,0.48571428571428565,0.26891961085509475
easygese:rice,rice,Seed_color,cnn,pearson,raw,0.07361390674216176,0.06314945967275971,0.14731076132138413,-0.2742664142226968,0.10997668047814416,0.11428571428571428,0.07813620071684588
easygese:rice,rice,Seed_color,mlp,ccc,affine,0.15830264425249602,0.13367187566266725,0.1398270196061723,-0.01735948495946436,0.22877019899009024,0.4714285714285714,0.23712237583205326
easygese:rice,rice,Seed_color,mlp,ccc,isotonic,0.1089221611010785,0.11026818441980885,0.15075163940240222,-0.015160675113376074,0.19828393420785315,0.5,0.10993343573988734
easygese:rice,rice,Seed_color,mlp,ccc,raw,0.11130661063380679,0.11974615673502753,0.3240857764192564,-7.689875084277092,0.2553741891647155,0.17142857142857143,0.3166154633896569
easygese:rice,rice,Seed_color,mlp,hybrid,affine,0.33119406861348494,0.20736159881476351,0.14257002900967106,-0.014091173179042198,0.31010211926531983,0.45714285714285713,0.23712237583205326
easygese:rice,rice,Seed_color,mlp,hybrid,isotonic,0.1864603500697658,0.21985281162233972,0.1470406288625761,-0.014328462623463703,0.22447545486614004,0.42857142857142855,0.04633896569380439
easygese:rice,rice,Seed_color,mlp,hybrid,raw,0.27136540179040564,0.18640856780810644,0.12642595504676626,0.036713606365452164,0.42429856554929624,0.1,0.4753456221198156
easygese:rice,rice,Seed_color,mlp,mse,affine,0.26899830908860783,0.12736767178686634,0.13838144091778584,-0.01068095358330826,0.31010211926531983,0.4714285714285714,0.23712237583205326
easygese:rice,rice,Seed_color,mlp,mse,isotonic,0.07636958234909182,0.07694193083501973,0.15155972545183743,-0.016420072897473208,0.21088820748450618,0.4714285714285714,0.04633896569380439
easygese:rice,rice,Seed_color,mlp,mse,raw,0.21911700768508316,0.16124985623155513,0.1271200800531241,0.007960189015005932,0.44036409647038194,0.17142857142857143,0.4756016385048643
easygese:rice,rice,Seed_color,mlp,pearson,affine,0.23474252697818382,0.15588870889728845,0.13808675386833827,-0.015339460019274855,0.22250966315596862,0.48571428571428565,0.23712237583205326
easygese:rice,rice,Seed_color,mlp,pearson,isotonic,0.19307240389297003,0.17329754488536694,0.15579518110183893,-0.01218651236606321,0.20462767165038453,0.5,0.04633896569380439
easygese:rice,rice,Seed_color,mlp,pearson,raw,0.13622614288480533,0.12825921558257478,0.3276927470077145,-7.420888700938099,0.2814414226921534,0.1857142857142857,0.3166154633896569
easygese:rice,rice,Seed_color,transformer,ccc,affine,0.035573078164526976,0.05551213109712523,0.13694578632035564,-0.031044408101919947,0.16724497640817695,0.4428571428571429,0.07813620071684588
easygese:rice,rice,Seed_color,transformer,ccc,isotonic,-0.01943537299850512,-0.01870127752699982,0.14592254122857534,-0.10544524377217059,0.14936298490259287,0.5571428571428572,0.07813620071684588
easygese:rice,rice,Seed_color,transformer,ccc,raw,0.011908431515358567,0.012666729350936533,0.17897549402992313,-1.1565235814617758,0.04845145789623088,0.1,-0.0808499743983615
easygese:rice,rice,Seed_color,transformer,hybrid,affine,0.003860667214096187,0.02321166753481985,0.13326640379968463,-0.027470724687701415,0.16724497640817695,0.45714285714285713,0.07813620071684588
easygese:rice,rice,Seed_color,transformer,hybrid,isotonic,-0.027458504636845224,-0.027592361403809808,0.13349175185246845,-0.0434676849772306,0.1430192474600615,0.5714285714285714,0.07813620071684588
easygese:rice,rice,Seed_color,transformer,hybrid,raw,0.08538174740439754,0.08596530408949722,0.12435314030662306,-0.03495700485255403,0.21754834916310056,0.1,0.2368663594470046
easygese:rice,rice,Seed_color,transformer,mse,affine,0.2524756956458057,0.07965199601583994,0.1265004002609827,0.019285952537537114,0.31010211926531983,0.5,0.23712237583205326
easygese:rice,rice,Seed_color,transformer,mse,isotonic,0.4576527011703651,0.4576527011703653,0.12714161048575268,0.11292389680284043,0.26165066136908893,0.6142857142857142,0.23712237583205326
easygese:rice,rice,Seed_color,transformer,mse,raw,0.05606386100216258,0.014767168052003034,0.12266715083522181,0.013382855779310168,0.25283382333528703,0.11428571428571428,0.23712237583205326
easygese:rice,rice,Seed_color,transformer,pearson,affine,0.03587952760470534,0.0529429290623384,0.1457682228611407,-0.03280173362415474,0.16724497640817695,0.42857142857142855,0.07813620071684588
easygese:rice,rice,Seed_color,transformer,pearson,isotonic,-0.021732572400634254,-0.02449097915689937,0.15237031408733906,-0.12179573065843734,0.14936298490259287,0.5285714285714286,0.10993343573988734
easygese:rice,rice,Seed_color,transformer,pearson,raw,-0.038106339734506216,-0.030638081295029283,0.2052705506607563,-1.6193119214689558,0.04845145789623088,0.08571428571428572,-0.0808499743983615
easygese:rice,rice,Seed_length,cnn,ccc,affine,0.4408912818250391,0.46367612323557716,0.8603858183593879,0.18230611313780012,0.7255439251841345,0.2857142857142857,0.48375603688578234
easygese:rice,rice,Seed_length,cnn,ccc,isotonic,0.43976330112190204,0.46532355180489826,0.8782961951506337,0.14562235265680393,0.7131140781659852,0.22857142857142856,0.4346075326301633
easygese:rice,rice,Seed_length,cnn,ccc,raw,0.4408912818250391,0.46367612323557716,0.9345932395014616,0.02529314542318022,0.7255439251841345,0.2857142857142857,0.48375603688578234
easygese:rice,rice,Seed_length,cnn,hybrid,affine,0.448157634172456,0.48040411265547256,0.8718748662868032,0.15975061917102168,0.7129579473915288,0.24285714285714283,0.4192490762330189
easygese:rice,rice,Seed_length,cnn,hybrid,isotonic,0.4164665955199167,0.4499069118047114,0.9015207335253109,0.09745688475395606,0.6775232672255701,0.2,0.4015936847001636
easygese:rice,rice,Seed_length,cnn,hybrid,raw,0.4481576341724559,0.48040411265547256,0.9076787837912003,0.08810407871674696,0.7129579473915288,0.24285714285714283,0.4192490762330189
easygese:rice,rice,Seed_length,cnn,mse,affine,0.22241885374234052,0.2424107225021741,0.9187992696176801,0.06338181023987413,0.5826840740268815,0.14285714285714285,0.17782003422668924
easygese:rice,rice,Seed_length,cnn,mse,isotonic,0.19820344578015728,0.23884403431871,0.9509757942917931,-0.004938744872946788,0.5682105729425874,0.08571428571428572,0.15784438276662555
easygese:rice,rice,Seed_length,cnn,mse,raw,0.22241885374234022,0.2424107225021741,0.9109717393562498,0.08146594350277994,0.5826840740268815,0.14285714285714285,0.17782003422668924
easygese:rice,rice,Seed_length,cnn,pearson,affine,0.4502491292047012,0.47972248529221917,0.8715004434270126,0.15908445596526116,0.7266892878291058,0.22857142857142856,0.4226540582074133
easygese:rice,rice,Seed_length,cnn,pearson,isotonic,0.4477458629147425,0.4633330473918571,0.8797498409889177,0.14001406274229017,0.724786815257454,0.2571428571428571,0.4382553855440123
easygese:rice,rice,Seed_length,cnn,pearson,raw,0.45024912920470184,0.47972248529221917,0.9605833223266474,-0.02456442584829669,0.7266892878291058,0.22857142857142856,0.4226540582074133
easygese:rice,rice,Seed_length,mlp,ccc,affine,0.3898059193072603,0.4346520555558415,0.8942701632767897,0.11753149072771216,0.6893990495879415,0.24285714285714283,0.3449807817857161
easygese:rice,rice,Seed_length,mlp,ccc,isotonic,0.39282621839241694,0.4309302678548099,0.9059060994392443,0.0899321205341728,0.6730992826458173,0.22857142857142856,0.3926080001062117
easygese:rice,rice,Seed_length,mlp,ccc,raw,0.3898059193072603,0.4346520555558415,0.9424826231233856,0.015610503999656588,0.6893990495879415,0.24285714285714283,0.3449807817857161
easygese:rice,rice,Seed_length,mlp,hybrid,affine,0.3726475162786417,0.40604493103284367,0.9087305674315322,0.08432703865705349,0.6737722774426824,0.2571428571428571,0.37425483312925767
easygese:rice,rice,Seed_length,mlp,hybrid,isotonic,0.3444357099228682,0.38860974040489765,0.9421351945944894,0.009834017480642599,0.6936904298295599,0.2571428571428571,0.3584976778239907
easygese:rice,rice,Seed_length,mlp,hybrid,raw,0.37264751627864173,0.40604493103284367,0.9507175628088274,-0.026475074820488796,0.6737722774426824,0.2571428571428571,0.37425483312925767
easygese:rice,rice,Seed_length,mlp,mse,affine,0.3768179866901512,0.4125985066408683,0.9085871569857902,0.08610287784055884,0.6823570560159393,0.2714285714285714,0.38364377408062306
easygese:rice,rice,Seed_length,mlp,mse,isotonic,0.3293794337047182,0.38340714885509436,0.937755845264846,0.02374750819046506,0.6745949777691406,0.2,0.331387099786316
easygese:rice,rice,Seed_length,mlp,mse,raw,0.37681798669015104,0.4125985066408683,0.8994692953677175,0.10555005313909731,0.6823570560159393,0.2714285714285714,0.38364377408062306
easygese:rice,rice,Seed_length,mlp,pearson,affine,0.3782437569408958,0.4233616018360805,0.906450477402019,0.08900994922150257,0.6949176535499844,0.2571428571428571,0.3930444305520231
easygese:rice,rice,Seed_length,mlp,pearson,isotonic,0.3523655646995297,0.4052091014370913,0.9314702267395949,0.030605736276644303,0.6867684155332663,0.2857142857142857,0.4262576283746383
easygese:rice,rice,Seed_length,mlp,pearson,raw,0.37824375694089574,0.4233616018360805,1.0593793819677295,-0.29278738307819935,0.6949176535499844,0.2571428571428571,0.3930444305520231
easygese:rice,rice,Seed_length,transformer,ccc,affine,0.3915440979822851,0.4315277856396692,0.8963677496299944,0.11233195490191576,0.6469873047905501,0.24285714285714283,0.33812498735650476
easygese:rice,rice,Seed_length,transformer,ccc,isotonic,0.3548693990351765,0.42457189462502126,0.9350926401816733,0.03156964172825745,0.665040247990844,0.22857142857142856,0.32833935771502504
easygese:rice,rice,Seed_length,transformer,ccc,raw,0.3915440979822852,0.4315277856396692,0.969231866398576,-0.03743730107709322,0.6469873047905501,0.24285714285714283,0.33812498735650476
easygese:rice,rice,Seed_length,transformer,hybrid,affine,0.2959733347871453,0.34048392657736704,0.9347977186750918,0.02811138235207321,0.6410608632418815,0.1857142857142857,0.2961211107528767
easygese:rice,rice,Seed_length,transformer,hybrid,isotonic,0.25990220556115984,0.32717060917902796,0.9798096540323071,-0.07099123919988316,0.6360517447281067,0.14285714285714285,0.2705169177773007
easygese:rice,rice,Seed_length,transformer,hybrid,raw,0.2959733347871453,0.34048392657736704,0.9392496445871492,0.022800250187199313,0.6410608632418815,0.1857142857142857,0.2961211107528767
easygese:rice,rice,Seed_length,transformer,mse,affine,0.03506189839892915,0.06167707009319343,0.9856919278883138,-0.08112960605125785,0.6025510660229764,0.14285714285714285,0.1493565930536494
easygese:rice,rice,Seed_length,transformer,mse,isotonic,0.03983741774371892,0.07064286911211376,1.0211713251002457,-0.15345667832647072,0.5973450966280617,0.17142857142857143,0.1911277094941929
easygese:rice,rice,Seed_length,transformer,mse,raw,0.0350618983989293,0.06167707009319343,0.9800247996934704,-0.0658159015081458,0.6025510660229764,0.14285714285714285,0.1493565930536494
easygese:rice,rice,Seed_length,transformer,pearson,affine,0.3444421739479004,0.38368188671671977,0.9217494020662788,0.06254240570517962,0.6499239880108064,0.2,0.3360656720995896
easygese:rice,rice,Seed_length,transformer,pearson,isotonic,0.33089645071208207,0.3780585357362967,0.9484554662809541,0.0054694219792521094,0.6657410739011731,0.2714285714285714,0.4013271919907625
easygese:rice,rice,Seed_length,transformer,pearson,raw,0.34444217394790033,0.38368188671671977,1.051885018264677,-0.23194656899588031,0.6499239880108064,0.2,0.3360656720995896
easygese:rice,rice,Seed_length_width_ratio,cnn,ccc,affine,0.5876632732416951,0.5906953375912751,0.44797183955546205,0.318327971974387,0.7516594406140442,0.41428571428571426,0.5384466338854917
easygese:rice,rice,Seed_length_width_ratio,cnn,ccc,isotonic,0.5646721546198233,0.5860912198302797,0.46494154629802154,0.26340233881807495,0.7534941654450944,0.42857142857142855,0.5657290848221432
easygese:rice,rice,Seed_length_width_ratio,cnn,ccc,raw,0.5876632732416951,0.5906953375912751,0.46552519442378226,0.26354183416650423,0.7516594406140442,0.41428571428571426,0.5384466338854917
easygese:rice,rice,Seed_length_width_ratio,cnn,hybrid,affine,0.5743836316529255,0.5847579818751487,0.45458973825787075,0.29883979716160497,0.7300409280237496,0.3714285714285714,0.5237008826253586
easygese:rice,rice,Seed_length_width_ratio,cnn,hybrid,isotonic,0.5531019435932654,0.5721092436316355,0.47119040530138384,0.24164406851511808,0.7021064319836678,0.3857142857142857,0.5386790060220614
easygese:rice,rice,Seed_length_width_ratio,cnn,hybrid,raw,0.5743836316529255,0.5847579818751487,0.471082594252726,0.24998960055253577,0.7300409280237496,0.3714285714285714,0.5237008826253586
easygese:rice,rice,Seed_length_width_ratio,cnn,mse,affine,0.5804227419729132,0.5843642546989136,0.44862319861604155,0.31460155435550596,0.7521169361882991,0.4,0.5439355070632551
easygese:rice,rice,Seed_length_width_ratio,cnn,mse,isotonic,0.5423449338071741,0.5781088224381765,0.4701160136803816,0.2448548606896524,0.7354260132978523,0.3714285714285714,0.47881275097647613
easygese:rice,rice,Seed_length_width_ratio,cnn,mse,raw,0.5804227419729131,0.5843642546989136,0.45279519489073666,0.30311999826486097,0.7521169361882991,0.4,0.5439355070632551
easygese:rice,rice,Seed_length_width_ratio,cnn,pearson,affine,0.566179532649791,0.571936796978963,0.4562312802103608,0.2930978932834501,0.7610985772749148,0.41428571428571426,0.5663222905851586
easygese:rice,rice,Seed_length_width_ratio,cnn,pearson,isotonic,0.5303310497436832,0.5657987598766931,0.4749486921968532,0.2300548321113352,0.7315730412944812,0.3714285714285714,0.5460307645668612
easygese:rice,rice,Seed_length_width_ratio,cnn,pearson,raw,0.5661795326497909,0.571936796978963,0.5162376338837035,0.09231158237580013,0.7610985772749148,0.41428571428571426,0.5663222905851586
easygese:rice,rice,Seed_length_width_ratio,mlp,ccc,affine,0.5206401011074793,0.563034176478097,0.46870499760855183,0.25421483597994865,0.642430695019477,0.2714285714285714,0.37326904425638757
easygese:rice,rice,Seed_length_width_ratio,mlp,ccc,isotonic,0.4814346713622049,0.5572463709887013,0.4865521197515408,0.19324533821760242,0.6350720361742016,0.2714285714285714,0.3955558410149215
easygese:rice,rice,Seed_length_width_ratio,mlp,ccc,raw,0.5206401011074793,0.563034176478097,0.4852717062175616,0.1991924317445688,0.642430695019477,0.2714285714285714,0.37326904425638757
easygese:rice,rice,Seed_length_width_ratio,mlp,hybrid,affine,0.5347853403649792,0.5658095266485036,0.4649450257360616,0.26835317986769586,0.678207607907867,0.3142857142857143,0.4496848250685785
easygese:rice,rice,Seed_length_width_ratio,mlp,hybrid,isotonic,0.5022521645066275,0.546924799581572,0.4824396549140415,0.21058761907665705,0.664393868948998,0.2714285714285714,0.4228995611902092
easygese:rice,rice,Seed_length_width_ratio,mlp,hybrid,raw,0.534785340364979,0.5658095266485036,0.47222992353968074,0.2442701448699265,0.678207607907867,0.3142857142857143,0.4496848250685785
easygese:rice,rice,Seed_length_width_ratio,mlp,mse,affine,0.5491767288766559,0.5788377086770886,0.4614434012696037,0.2767181992570376,0.6727273719508403,0.32857142857142857,0.4604739217198734
easygese:rice,rice,Seed_length_width_ratio,mlp,mse,isotonic,0.5121514830227464,0.5763971952637512,0.4802442385201859,0.21056353243956855,0.6744955256973021,0.34285714285714286,0.47488033879644115
easygese:rice,rice,Seed_length_width_ratio,mlp,mse,raw,0.549176728876656,0.5788377086770886,0.45906383576196097,0.28315459024227774,0.6727273719508403,0.32857142857142857,0.4604739217198734
easygese:rice,rice,Seed_length_width_ratio,mlp,pearson,affine,0.5388433767105358,0.5739653682928624,0.46509195587667146,0.2671757430412857,0.6660214143918493,0.24285714285714283,0.3993867325730787
easygese:rice,rice,Seed_length_width_ratio,mlp,pearson,isotonic,0.5039587141990947,0.5705862109300177,0.48413848355846845,0.20660426488220046,0.6524141854712893,0.21428571428571427,0.43416491509702393
easygese:rice,rice,Seed_length_width_ratio,mlp,pearson,raw,0.538843376710536,0.5739653682928624,0.5324172720880462,0.02371889028697164,0.6660214143918493,0.24285714285714283,0.3993867325730787
easygese:rice,rice,Seed_length_width_ratio,transformer,ccc,affine,0.5341172532645272,0.5606154008219987,0.46751807192843164,0.25807542229088604,0.654357475928071,0.2571428571428571,0.4264586748201874
easygese:rice,rice,Seed_length_width_ratio,transformer,ccc,isotonic,0.5115316012397895,0.5541573655719895,0.4779413868964431,0.22001624403233117,0.6540644874286644,0.2857142857142857,0.43270969827876093
easygese:rice,rice,Seed_length_width_ratio,transformer,ccc,raw,0.5341172532645272,0.5606154008219987,0.4959282667424702,0.16055275550478024,0.654357475928071,0.2571428571428571,0.4264586748201874
easygese:rice,rice,Seed_length_width_ratio,transformer,hybrid,affine,0.5163468366314176,0.5314347738021364,0.4695957809617391,0.24865126149096736,0.6666199785681454,0.3,0.4410241906080096
easygese:rice,rice,Seed_length_width_ratio,transformer,hybrid,isotonic,0.46264954343001585,0.5063486394921772,0.49357944397778264,0.1645902621997693,0.6317235829501171,0.3,0.41584529589561
easygese:rice,rice,Seed_length_width_ratio,transformer,hybrid,raw,0.5163468366314177,0.5314347738021364,0.4780893617335753,0.22033537805655062,0.6666199785681454,0.3,0.4410241906080096
easygese:rice,rice,Seed_length_width_ratio,transformer,mse,affine,0.2101937676250048,0.31363140007540313,0.5369028224129844,0.015966918316974266,0.5474951159371002,0.17142857142857143,0.24725462639067644
easygese:rice,rice,Seed_length_width_ratio,transformer,mse,isotonic,0.3250713091309697,0.3388883870831511,0.5336146579822587,0.03161053572584136,0.5319680345275709,0.24285714285714283,0.29612043258342624
easygese:rice,rice,Seed_length_width_ratio,transformer,mse,raw,0.21019376762500483,0.31363140007540313,0.5364510404275965,0.01936424531735619,0.5474951159371002,0.17142857142857143,0.24725462639067644
easygese:rice,rice,Seed_length_width_ratio,transformer,pearson,affine,0.5055306034414582,0.5338996115907091,0.4752095132579643,0.23688326116615815,0.6706950824696112,0.3142857142857143,0.44927507250029936
easygese:rice,rice,Seed_length_width_ratio,transformer,pearson,isotonic,0.498576990235965,0.5398793444755525,0.4869716396484248,0.1963502267648555,0.6499221597467072,0.32857142857142857,0.464801455743235
easygese:rice,rice,Seed_length_width_ratio,transformer,pearson,raw,0.5055306034414582,0.5338996115907091,0.5423615961489529,-0.007510227105836376,0.6706950824696112,0.3142857142857143,0.44927507250029936
easygese:rice,rice,Seed_number_per_panicle,cnn,ccc,affine,0.33556541835350434,0.3179821463671971,0.32857755362586927,0.012691569783601942,0.7222767863843876,0.17142857142857143,0.18671306861203957
easygese:rice,rice,Seed_number_per_panicle,cnn,ccc,isotonic,0.32251605570585057,0.30956716446974,0.3317414134880668,-0.013550508883827982,0.727870388995576,0.1857142857142857,0.23980909240581968
easygese:rice,rice,Seed_number_per_panicle,cnn,ccc,raw,0.33556541835350445,0.3179821463671971,0.3419272488473238,-0.08051343300788355,0.7222767863843876,0.17142857142857143,0.18671306861203957
easygese:rice,rice,Seed_number_per_panicle,cnn,hybrid,affine,0.3079982326056851,0.30269375721143127,0.33330831060277333,-0.023677731938547684,0.7055781527968531,0.22857142857142856,0.1783582159587872
easygese:rice,rice,Seed_number_per_panicle,cnn,hybrid,isotonic,0.2878654173670584,0.30435121450327574,0.34246682122992816,-0.0896909270989083,0.7257167013600402,0.24285714285714283,0.2969591887213647
easygese:rice,rice,Seed_number_per_panicle,cnn,hybrid,raw,0.3079982326056855,0.30269375721143127,0.32838237157699435,0.02270828422771417,0.7055781527968531,0.22857142857142856,0.1783582159587872
easygese:rice,rice,Seed_number_per_panicle,cnn,mse,affine,0.1299621049894654,0.10394096011868237,0.3381636150379314,-0.04283172052720087,0.6873003764502071,0.17142857142857143,0.08986693552980675
easygese:rice,rice,Seed_number_per_panicle,cnn,mse,isotonic,0.06797777447723806,0.06785575320191975,0.35788872887704803,-0.17145137701852803,0.6855305069379424,0.17142857142857143,0.07541693530284838
easygese:rice,rice,Seed_number_per_panicle,cnn,mse,raw,0.0960050638365054,0.08749023053000433,0.3347689674123347,-0.020514914962689312,0.6591883746235802,0.17142857142857143,0.0363340643588962
easygese:rice,rice,Seed_number_per_panicle,cnn,pearson,affine,0.33629896891862054,0.33142935105097104,0.33155384165624147,-0.012658063862448499,0.7410556150978584,0.1857142857142857,0.21570932295942677
easygese:rice,rice,Seed_number_per_panicle,cnn,pearson,isotonic,0.31417159081072843,0.32520568153823753,0.33705701789419684,-0.0534809533071927,0.7652971417450617,0.17142857142857143,0.2206404702778285
easygese:rice,rice,Seed_number_per_panicle,cnn,pearson,raw,0.33629896891862066,0.33142935105097104,0.32841757346955947,0.024370625923020372,0.7410556150978584,0.1857142857142857,0.21570932295942677
easygese:rice,rice,Seed_number_per_panicle,mlp,ccc,affine,0.28702942819058375,0.29769703398601266,0.3313102476953653,-0.000743001224950235,0.7184418482973144,0.1857142857142857,0.1645526424921842
easygese:rice,rice,Seed_number_per_panicle,mlp,ccc,isotonic,0.2642987000277408,0.28474603894673567,0.3425457234869004,-0.07586758229902509,0.7350088364443006,0.1857142857142857,0.16078161168650376
easygese:rice,rice,Seed_number_per_panicle,mlp,ccc,raw,0.2870294281905839,0.29769703398601266,0.34315273281645736,-0.07637158248664795,0.7184418482973144,0.1857142857142857,0.1645526424921842
easygese:rice,rice,Seed_number_per_panicle,mlp,hybrid,affine,0.29683902238662807,0.2992953691836409,0.3313467285156329,-0.003853980752428676,0.7228074930011048,0.22857142857142856,0.2152950179552057
easygese:rice,rice,Seed_number_per_panicle,mlp,hybrid,isotonic,0.2553653106912808,0.2864040098972459,0.34895564192397166,-0.12584222213529056,0.7358315191779147,0.2571428571428571,0.2557255234947102
easygese:rice,rice,Seed_number_per_panicle,mlp,hybrid,raw,0.2968390223866279,0.2992953691836409,0.33267905842740625,-0.012126149623030547,0.7228074930011048,0.22857142857142856,0.2152950179552057
easygese:rice,rice,Seed_number_per_panicle,mlp,mse,affine,0.31156452918090577,0.31888992056754006,0.32788812162154496,0.018045539212124463,0.728677902926538,0.17142857142857143,0.1762029866805008
easygese:rice,rice,Seed_number_per_panicle,mlp,mse,isotonic,0.26886452642021386,0.31069815004214757,0.3478422139561471,-0.11501594603765634,0.742859291075398,0.22857142857142856,0.24102190069870036
easygese:rice,rice,Seed_number_per_panicle,mlp,mse,raw,0.31156452918090566,0.31888992056754006,0.32495415934955446,0.03642363977008829,0.728677902926538,0.17142857142857143,0.1762029866805008
easygese:rice,rice,Seed_number_per_panicle,mlp,pearson,affine,0.28422684443710067,0.29438123168407315,0.33390504004536153,-0.023057814167263713,0.7094660103390911,0.14285714285714285,0.15957540853431101
easygese:rice,rice,Seed_number_per_panicle,mlp,pearson,isotonic,0.2493626059375243,0.2796320584846444,0.35391276998110605,-0.16235359366252905,0.7242651349161244,0.17142857142857143,0.1897416270023194
easygese:rice,rice,Seed_number_per_panicle,mlp,pearson,raw,0.28422684443710056,0.29438123168407315,0.3597280842618482,-0.20098871860576092,0.7094660103390911,0.14285714285714285,0.15957540853431101
easygese:rice,rice,Seed_number_per_panicle,transformer,ccc,affine,0.28198272641910055,0.2804916903392175,0.33024265140496534,0.007151943392196158,0.7116268885130717,0.11428571428571428,0.1772017814317792
easygese:rice,rice,Seed_number_per_panicle,transformer,ccc,isotonic,0.23638099831334786,0.2527889294623075,0.35259625922655247,-0.1478491046271254,0.7170595194409761,0.14285714285714285,0.2157518590026799
easygese:rice,rice,Seed_number_per_panicle,transformer,ccc,raw,0.2819827264191006,0.2804916903392175,0.36229646232616625,-0.20547064111514168,0.7116268885130717,0.11428571428571428,0.1772017814317792
easygese:rice,rice,Seed_number_per_panicle,transformer,hybrid,affine,0.26505600646998884,0.2682646230364056,0.33108877834574846,0.0023116138811635546,0.7238277033314666,0.1857142857142857,0.2723758435428566
easygese:rice,rice,Seed_number_per_panicle,transformer,hybrid,isotonic,0.26374179161712474,0.2661713555158255,0.34201821090573936,-0.07288668763496062,0.7395827185688536,0.17142857142857143,0.27473377612197264
easygese:rice,rice,Seed_number_per_panicle,transformer,hybrid,raw,0.26505600646998906,0.2682646230364056,0.33379055569023847,-0.01763521698782521,0.7238277033314666,0.1857142857142857,0.2723758435428566
easygese:rice,rice,Seed_number_per_panicle,transformer,mse,affine,0.0473715368740137,0.035745785965501806,0.33936089738584546,-0.04218750555676616,0.6980770550820734,0.12857142857142856,0.09479387251318516
easygese:rice,rice,Seed_number_per_panicle,transformer,mse,isotonic,0.11953324624059296,0.11256433374302524,0.3492132529976396,-0.10760164117208988,0.6946365897566114,0.21428571428571427,0.22193429276321455
easygese:rice,rice,Seed_number_per_panicle,transformer,mse,raw,0.09816292502340788,0.09317415122516147,0.333029640512149,-0.0017466955860586443,0.729637475673871,0.17142857142857143,0.1624427471177357
easygese:rice,rice,Seed_number_per_panicle,transformer,pearson,affine,0.2690628216329027,0.27225306674296507,0.3333126000136384,-0.011680706208949255,0.7246864920512623,0.15714285714285714,0.24375377184155594
easygese:rice,rice,Seed_number_per_panicle,transformer,pearson,isotonic,0.23702578641378746,0.259528990319918,0.34807885947058625,-0.11526449570054846,0.724623270482193,0.12857142857142856,0.20767702921784797
easygese:rice,rice,Seed_number_per_panicle,transformer,pearson,raw,0.26906282163290285,0.27225306674296507,0.34688273820503934,-0.1011075437103397,0.7246864920512623,0.15714285714285714,0.24375377184155594
easygese:rice,rice,Seed_surface_area,cnn,ccc,affine,0.48945760359637547,0.47522264018895993,0.1296482276725523,0.2029309233860364,0.6726528103633711,0.24285714285714283,0.34579524492241087
easygese:rice,rice,Seed_surface_area,cnn,ccc,isotonic,0.46652080110953864,0.487120269110226,0.13243675560098445,0.16603532576982924,0.7043676902896322,0.2571428571428571,0.39408885740162386
easygese:rice,rice,Seed_surface_area,cnn,ccc,raw,0.48945760359637563,0.47522264018895993,0.14715239217363482,-0.050444838456467536,0.6726528103633711,0.24285714285714283,0.34579524492241087
easygese:rice,rice,Seed_surface_area,cnn,hybrid,affine,0.529470681879048,0.5259559261550362,0.1270220557862653,0.23672624416935592,0.7040896967024663,0.32857142857142857,0.4423027918973612
easygese:rice,rice,Seed_surface_area,cnn,hybrid,isotonic,0.5048426621491874,0.5151748312011462,0.13121904702045323,0.18144151555054697,0.6771659421262646,0.32857142857142857,0.4584841701013082
easygese:rice,rice,Seed_surface_area,cnn,hybrid,raw,0.5294706818790487,0.5259559261550362,0.13322669557900577,0.15842258478574908,0.7040896967024663,0.32857142857142857,0.4423027918973612
easygese:rice,rice,Seed_surface_area,cnn,mse,affine,0.49245741278436517,0.4937837253701236,0.1292708569246362,0.205573311043368,0.7251565036085929,0.3571428571428571,0.4780345569291008
easygese:rice,rice,Seed_surface_area,cnn,mse,isotonic,0.47549660345649264,0.4950410620199609,0.13110761007791596,0.18178273855210242,0.6886743352396287,0.3,0.374807626476099
easygese:rice,rice,Seed_surface_area,cnn,mse,raw,0.49245741278436544,0.4937837253701236,0.1281683838447162,0.22091182995756314,0.7251565036085929,0.3571428571428571,0.4780345569291008
easygese:rice,rice,Seed_surface_area,cnn,pearson,affine,0.514236871237988,0.5067156905628143,0.1279562698743501,0.22289792583710266,0.7209425838153888,0.3,0.43438855735384097
easygese:rice,rice,Seed_surface_area,cnn,pearson,isotonic,0.49060684822017997,0.49844609543635954,0.1320229143709923,0.16720032000697063,0.6849397500620922,0.2857142857142857,0.36822754239460853
easygese:rice,rice,Seed_surface_area,cnn,pearson,raw,0.5142368712379878,0.5067156905628143,0.16475877665726907,-0.37310153074211805,0.7209425838153888,0.3,0.43438855735384097
easygese:rice,rice,Seed_surface_area,mlp,ccc,affine,0.4088004731888013,0.4180592506445322,0.13665256341092308,0.11424498701024377,0.6706760423132577,0.24285714285714283,0.3204843257275894
easygese:rice,rice,Seed_surface_area,mlp,ccc,isotonic,0.3779101744016455,0.40158211459141063,0.14173401768407093,0.03715917487986039,0.6440668319800376,0.21428571428571427,0.27484532888719737
easygese:rice,rice,Seed_surface_area,mlp,ccc,raw,0.4088004731888013,0.4180592506445322,0.1520592868362481,-0.11459426017752675,0.6706760423132577,0.24285714285714283,0.3204843257275894
easygese:rice,rice,Seed_surface_area,mlp,hybrid,affine,0.44142026211575647,0.44600266561002855,0.13587161900896355,0.12427656646882748,0.7226704315252067,0.2714285714285714,0.4272192916405119
easygese:rice,rice,Seed_surface_area,mlp,hybrid,isotonic,0.43045713699196025,0.4478686615326895,0.1405057152706326,0.05346116476958405,0.6761420000780077,0.2714285714285714,0.3700408469973513
easygese:rice,rice,Seed_surface_area,mlp,hybrid,raw,0.4414202621157566,0.44600266561002855,0.13933683353455695,0.07225421436635435,0.7226704315252067,0.2714285714285714,0.4272192916405119
easygese:rice,rice,Seed_surface_area,mlp,mse,affine,0.408178864244641,0.41909225172003894,0.13778234929935873,0.09558453580617682,0.6581086607526603,0.21428571428571427,0.3068630526689595
easygese:rice,rice,Seed_surface_area,mlp,mse,isotonic,0.38002031465550556,0.41072511064909856,0.14383183837681762,0.002503005205794373,0.6625333979444161,0.21428571428571427,0.31137804904015154
easygese:rice,rice,Seed_surface_area,mlp,mse,raw,0.408178864244641,0.41909225172003894,0.1378807376565646,0.09255232303047391,0.6581086607526603,0.21428571428571427,0.3068630526689595
easygese:rice,rice,Seed_surface_area,mlp,pearson,affine,0.43547765404089545,0.4406144282575247,0.13626983718904892,0.11845284511336981,0.6989442057092595,0.24285714285714283,0.3888340002501978
easygese:rice,rice,Seed_surface_area,mlp,pearson,isotonic,0.4264822284522438,0.44321289183048196,0.1396699888918,0.06512629895415145,0.6435129602647719,0.2571428571428571,0.35138693200822535
easygese:rice,rice,Seed_surface_area,mlp,pearson,raw,0.4354776540408955,0.4406144282575247,0.18700252061009967,-0.7200642261889373,0.6989442057092595,0.24285714285714283,0.3888340002501978
easygese:rice,rice,Seed_surface_area,transformer,ccc,affine,0.42843238814881046,0.4321239971800111,0.13374752788027983,0.15088710948419665,0.6700553611470476,0.2,0.30212912509399226
easygese:rice,rice,Seed_surface_area,transformer,ccc,isotonic,0.41972509358738214,0.43781277886652264,0.13581198988940266,0.11907066710186769,0.6656684260737988,0.2,0.31904236653144497
easygese:rice,rice,Seed_surface_area,transformer,ccc,raw,0.4284323881488105,0.4321239971800111,0.15849676143605446,-0.23015591231703275,0.6700553611470476,0.2,0.30212912509399226
easygese:rice,rice,Seed_surface_area,transformer,hybrid,affine,0.42611475118633707,0.41442450097001454,0.13389991416830976,0.14945506374652556,0.6991605519738688,0.2571428571428571,0.3540260071458604
easygese:rice,rice,Seed_surface_area,transformer,hybrid,isotonic,0.39743908332915134,0.4270205681129968,0.13992217298631088,0.06704238129983739,0.6799860555670746,0.2857142857142857,0.39083256951731055
easygese:rice,rice,Seed_surface_area,transformer,hybrid,raw,0.4261147511863368,0.41442450097001454,0.13542727919753744,0.12544163962237462,0.6991605519738688,0.2571428571428571,0.3540260071458604
easygese:rice,rice,Seed_surface_area,transformer,mse,affine,0.41815313085671174,0.40978117936234826,0.1342452958428617,0.13995119369434214,0.6695543678355704,0.2,0.31326747672237226
easygese:rice,rice,Seed_surface_area,transformer,mse,isotonic,0.38820842103207365,0.4069267794782553,0.13935408729376347,0.07275845819542855,0.6402729643258436,0.1857142857142857,0.2119036945056174
easygese:rice,rice,Seed_surface_area,transformer,mse,raw,0.41815313085671174,0.40978117936234826,0.13288552073400176,0.15960938160852095,0.6695543678355704,0.2,0.31326747672237226
easygese:rice,rice,Seed_surface_area,transformer,pearson,affine,0.446829339452255,0.4394111471900457,0.13232624876266458,0.17082301100757552,0.6830398062010264,0.22857142857142856,0.32950124334428876
easygese:rice,rice,Seed_surface_area,transformer,pearson,isotonic,0.4284048041651432,0.4255088121428449,0.13526443504811264,0.12851655563440778,0.6692181516501979,0.2571428571428571,0.35371278334425693
easygese:rice,rice,Seed_surface_area,transformer,pearson,raw,0.44682933945225506,0.4394111471900457,0.18873438379285357,-0.6895399582738275,0.6830398062010264,0.22857142857142856,0.32950124334428876
easygese:rice,rice,Seed_volume,cnn,ccc,affine,0.5627551954197572,0.5624132004302027,0.20274620855702677,0.28382028216516547,0.7735606432026236,0.2714285714285714,0.5149100558302764
easygese:rice,rice,Seed_volume,cnn,ccc,isotonic,0.5365723699840673,0.5561574669052927,0.21135162586659245,0.2191738054481866,0.7195889797298537,0.1857142857142857,0.3987555896331025
easygese:rice,rice,Seed_volume,cnn,ccc,raw,0.5627551954197573,0.5624132004302027,0.2334367557717058,0.028495568010852936,0.7735606432026236,0.2714285714285714,0.5149100558302764
easygese:rice,rice,Seed_volume,cnn,hybrid,affine,0.6152021674870809,0.6172084167408544,0.1951497463822813,0.33570152337505427,0.7893271701204828,0.2571428571428571,0.5643476268358246
easygese:rice,rice,Seed_volume,cnn,hybrid,isotonic,0.6013178999399357,0.6204960842967777,0.1993332244569101,0.3068253527535464,0.7720132560795728,0.22857142857142856,0.5380454550425683
easygese:rice,rice,Seed_volume,cnn,hybrid,raw,0.6152021674870808,0.6172084167408544,0.2014871833485845,0.29569706677227103,0.7893271701204828,0.2571428571428571,0.5643476268358246
easygese:rice,rice,Seed_volume,cnn,mse,affine,0.5765998258913976,0.57846109907527,0.2003828990786737,0.298764658360396,0.7826877016504755,0.2857142857142857,0.5415175681871471
easygese:rice,rice,Seed_volume,cnn,mse,isotonic,0.5600212358902038,0.5685757453354237,0.206376721302379,0.2532580051132629,0.7461465841899475,0.2,0.42935684430353616
easygese:rice,rice,Seed_volume,cnn,mse,raw,0.5765998258913976,0.57846109907527,0.20143232101782874,0.29240611326974186,0.7826877016504755,0.2857142857142857,0.5415175681871471
easygese:rice,rice,Seed_volume,cnn,pearson,affine,0.6107852390612308,0.6117002783967231,0.19607814825104664,0.3292941885763985,0.8238933283285365,0.32857142857142857,0.6227007274143386
easygese:rice,rice,Seed_volume,cnn,pearson,isotonic,0.5942596210449611,0.6059704332933609,0.20297634943691575,0.27764759137583755,0.7747510841201718,0.2857142857142857,0.5903882079714116
easygese:rice,rice,Seed_volume,cnn,pearson,raw,0.6107852390612306,0.6117002783967231,0.22085823439655816,0.1485990115271157,0.8238933283285365,0.32857142857142857,0.6227007274143386
easygese:rice,rice,Seed_volume,mlp,ccc,affine,0.5281166996477531,0.547269962485913,0.2098363289384267,0.23255415748188427,0.7129071529551829,0.2,0.3800736990279596
easygese:rice,rice,Seed_volume,mlp,ccc,isotonic,0.5206376932427552,0.5550923605885574,0.21398241525750944,0.20139183217988607,0.7063951125937579,0.1857142857142857,0.42036083207328867
easygese:rice,rice,Seed_volume,mlp,ccc,raw,0.528116699647753,0.547269962485913,0.2181383442288789,0.1666943804762083,0.7129071529551829,0.2,0.3800736990279596
easygese:rice,rice,Seed_volume,mlp,hybrid,affine,0.5501187004983196,0.5590117688226547,0.20759769138935283,0.24940014135716643,0.7746876453015864,0.2857142857142857,0.5151830518333992
easygese:rice,rice,Seed_volume,mlp,hybrid,isotonic,0.5371801495923041,0.5513704332907634,0.21346057057357112,0.20239711823961354,0.7263092580542091,0.24285714285714283,0.4673815833977192
easygese:rice,rice,Seed_volume,mlp,hybrid,raw,0.5501187004983196,0.5590117688226547,0.20926306441907788,0.23727779824285716,0.7746876453015864,0.2857142857142857,0.5151830518333992
easygese:rice,rice,Seed_volume,mlp,mse,affine,0.5359698771755683,0.5485066923278803,0.20998556044545502,0.22859800918541548,0.7525711718120258,0.3,0.46086591825339374
easygese:rice,rice,Seed_volume,mlp,mse,isotonic,0.5366206810871297,0.5482218611602978,0.21125518918344238,0.21693386644703078,0.7295132544953354,0.2714285714285714,0.4268033691397878
easygese:rice,rice,Seed_volume,mlp,mse,raw,0.5359698771755683,0.5485066923278803,0.20912100101848563,0.2343621207330116,0.7525711718120258,0.3,0.46086591825339374
easygese:rice,rice,Seed_volume,mlp,pearson,affine,0.5460025004726566,0.5567726049390976,0.20704558519246152,0.2531590052244686,0.7400128829410544,0.21428571428571427,0.44375321892523656
easygese:rice,rice,Seed_volume,mlp,pearson,isotonic,0.5438668361309111,0.5594052703405878,0.20918972834657326,0.23756828764544008,0.6953685280821157,0.21428571428571427,0.39308996282013603
easygese:rice,rice,Seed_volume,mlp,pearson,raw,0.5460025004726566,0.5567726049390976,0.25459397313499776,-0.1429095549042792,0.7400128829410544,0.21428571428571427,0.44375321892523656
easygese:rice,rice,Seed_volume,transformer,ccc,affine,0.5475093385991563,0.559714810602747,0.2073118312217614,0.2520593155982355,0.7447715339551256,0.2571428571428571,0.44936016898404274
easygese:rice,rice,Seed_volume,transformer,ccc,isotonic,0.5301230561328605,0.5533284583421783,0.2131111994807747,0.20675982079247507,0.7257174304083069,0.2571428571428571,0.47163286610413185
easygese:rice,rice,Seed_volume,transformer,ccc,raw,0.5475093385991563,0.559714810602747,0.22082070221649883,0.1491921501669839,0.7447715339551256,0.2571428571428571,0.44936016898404274
easygese:rice,rice,Seed_volume,transformer,hybrid,affine,0.5324717375179411,0.5516527811369496,0.2070366644100095,0.2539182186055175,0.7376913013552674,0.21428571428571427,0.4388328044507122
easygese:rice,rice,Seed_volume,transformer,hybrid,isotonic,0.5361207288490905,0.5549676215148495,0.20821039954674112,0.24270157619721436,0.6994889376379237,0.2,0.4101545690372494
easygese:rice,rice,Seed_volume,transformer,hybrid,raw,0.532471737517941,0.5516527811369496,0.20682244161619362,0.25486107058596763,0.7376913013552674,0.21428571428571427,0.4388328044507122
easygese:rice,rice,Seed_volume,transformer,mse,affine,0.5157343581523197,0.5261815393640616,0.20824968327279514,0.2444205168369047,0.7328745215656405,0.17142857142857143,0.40441677060260084
easygese:rice,rice,Seed_volume,transformer,mse,isotonic,0.4963044675994669,0.5275423540098029,0.21362787201081165,0.2071060560292976,0.6958852607913971,0.17142857142857143,0.3271577823510626
easygese:rice,rice,Seed_volume,transformer,mse,raw,0.5157343581523197,0.5261815393640616,0.20944538469534968,0.23538224017913642,0.7328745215656405,0.17142857142857143,0.40441677060260084
easygese:rice,rice,Seed_volume,transformer,pearson,affine,0.5627826638032783,0.5645238181004184,0.20234665536572716,0.28797275495961155,0.7638998241997369,0.2857142857142857,0.4889327299127926
easygese:rice,rice,Seed_volume,transformer,pearson,isotonic,0.5428711043913885,0.5681417615052887,0.20729412806786676,0.24938777322373543,0.7177615642519924,0.24285714285714283,0.432740898752393
easygese:rice,rice,Seed_volume,transformer,pearson,raw,0.5627826638032783,0.5645238181004184,0.28900780172534,-0.5278693303827466,0.7638998241997369,0.2857142857142857,0.4889327299127926
easygese:rice,rice,Seed_width,cnn,ccc,affine,0.6432880277011033,0.644012514987624,0.29979211199704975,0.3877650785541465,0.8145769616611611,0.3571428571428571,0.6082094153689813
easygese:rice,rice,Seed_width,cnn,ccc,isotonic,0.6186510526069323,0.6443107105015999,0.3080503395518369,0.34954466251386157,0.7903974194326416,0.3857142857142857,0.6081121519597301
easygese:rice,rice,Seed_width,cnn,ccc,raw,0.6432880277011032,0.644012514987624,0.3194375311695209,0.29808916266070484,0.8145769616611611,0.3571428571428571,0.6082094153689813
easygese:rice,rice,Seed_width,cnn,hybrid,affine,0.6499310630921046,0.6469483911139472,0.3018720021865994,0.37492443643615353,0.8061969937226318,0.32857142857142857,0.5745072347085939
easygese:rice,rice,Seed_width,cnn,hybrid,isotonic,0.6409773050160226,0.6472277937308575,0.3065386063855531,0.3513194346258327,0.7889197231074807,0.3142857142857143,0.5353961499642559
easygese:rice,rice,Seed_width,cnn,hybrid,raw,0.6499310630921045,0.6469483911139472,0.3067907126266142,0.36123357686493424,0.8061969937226318,0.32857142857142857,0.5745072347085939
easygese:rice,rice,Seed_width,cnn,mse,affine,0.6495593668327079,0.6489455402491677,0.30060049731042765,0.38435810516432156,0.8037235282052301,0.3571428571428571,0.59492847186373
easygese:rice,rice,Seed_width,cnn,mse,isotonic,0.629289961793235,0.6512320853143347,0.30835390170707855,0.34755633968469357,0.7839237797014539,0.32857142857142857,0.587799584987155
easygese:rice,rice,Seed_width,cnn,mse,raw,0.649559366832708,0.6489455402491677,0.30318083858496464,0.3749168048603474,0.8037235282052301,0.3571428571428571,0.59492847186373
easygese:rice,rice,Seed_width,cnn,pearson,affine,0.6564817180799523,0.6558882913364419,0.2977664960815181,0.3975718321233682,0.7969227972300189,0.32857142857142857,0.5648274216209901
easygese:rice,rice,Seed_width,cnn,pearson,isotonic,0.6394362721232936,0.6670271812286639,0.3064599869121478,0.35929764007653026,0.794310778430909,0.3571428571428571,0.5999702934222348
easygese:rice,rice,Seed_width,cnn,pearson,raw,0.6564817180799521,0.6558882913364419,0.33567393431556847,0.23799031255267478,0.7969227972300189,0.32857142857142857,0.5648274216209901
easygese:rice,rice,Seed_width,mlp,ccc,affine,0.6060744270708381,0.6225396367977687,0.3107275142205078,0.3455198769515727,0.7820501489258406,0.24285714285714283,0.5252919479275249
easygese:rice,rice,Seed_width,mlp,ccc,isotonic,0.5742120893755677,0.6158216394873439,0.32332215881204174,0.2896059341059076,0.7875573262792658,0.24285714285714283,0.495477167523428
easygese:rice,rice,Seed_width,mlp,ccc,raw,0.6060744270708381,0.6225396367977687,0.3236799613286975,0.2867564406520536,0.7820501489258406,0.24285714285714283,0.5252919479275249
easygese:rice,rice,Seed_width,mlp,hybrid,affine,0.6224073893967219,0.6372265819983841,0.30809479814440954,0.3558571401877203,0.7987133098270867,0.2714285714285714,0.5595460384909378
easygese:rice,rice,Seed_width,mlp,hybrid,isotonic,0.5979104800590613,0.6287169750519567,0.3209569153481617,0.29830662370159544,0.8069425118182785,0.2857142857142857,0.5445495407387364
easygese:rice,rice,Seed_width,mlp,hybrid,raw,0.6224073893967219,0.6372265819983841,0.30906863522884337,0.35004793952307195,0.7987133098270867,0.2714285714285714,0.5595460384909378
easygese:rice,rice,Seed_width,mlp,mse,affine,0.614027564991929,0.6259123024592569,0.31143627169529403,0.34144112779949765,0.7920779715221536,0.2857142857142857,0.5596785588456654
easygese:rice,rice,Seed_width,mlp,mse,isotonic,0.5813858168618092,0.6129393195635885,0.32811405992417175,0.2630355548585631,0.796716151624461,0.22857142857142856,0.5197467017840085
easygese:rice,rice,Seed_width,mlp,mse,raw,0.6140275649919289,0.6259123024592569,0.3096772337856504,0.3490370852989155,0.7920779715221536,0.2857142857142857,0.5596785588456654
easygese:rice,rice,Seed_width,mlp,pearson,affine,0.6040153191802672,0.6091436084537919,0.3139682230625206,0.3320345556919858,0.789162228172769,0.2714285714285714,0.5565508039850722
easygese:rice,rice,Seed_width,mlp,pearson,isotonic,0.6020305279075746,0.6141476387924936,0.3171602059019928,0.31774565772060265,0.7920153060022029,0.2571428571428571,0.5451880126865916
easygese:rice,rice,Seed_width,mlp,pearson,raw,0.6040153191802672,0.6091436084537919,0.3614607996480018,0.1017086714639143,0.789162228172769,0.2714285714285714,0.5565508039850722
easygese:rice,rice,Seed_width,transformer,ccc,affine,0.6672011153275215,0.6789979261759818,0.2916932414991746,0.4246956943623072,0.7813935240213884,0.24285714285714283,0.5377848007119906
easygese:rice,rice,Seed_width,transformer,ccc,isotonic,0.661128914042593,0.6851445402151879,0.2991509364813032,0.3947921993441616,0.7555402952016353,0.24285714285714283,0.5184273711603481
easygese:rice,rice,Seed_width,transformer,ccc,raw,0.6672011153275215,0.6789979261759818,0.30888085914949054,0.34807350759661276,0.7813935240213884,0.24285714285714283,0.5377848007119906
easygese:rice,rice,Seed_width,transformer,hybrid,affine,0.6321231102259902,0.6512953423868018,0.3035317980170219,0.37368074329398865,0.7886226467970986,0.2571428571428571,0.5738041637788024
easygese:rice,rice,Seed_width,transformer,hybrid,isotonic,0.5989142903038323,0.6344396469051278,0.31741483069905746,0.31222632034758163,0.758711640331041,0.24285714285714283,0.5215838972747252
easygese:rice,rice,Seed_width,transformer,hybrid,raw,0.6321231102259902,0.6512953423868018,0.30270306332988645,0.37593640136417167,0.7886226467970986,0.2571428571428571,0.5738041637788024
easygese:rice,rice,Seed_width,transformer,mse,affine,0.5499009841401669,0.5885616512373474,0.3255599123398488,0.28025294484863983,0.7802410749395039,0.22857142857142856,0.5289309752588433
easygese:rice,rice,Seed_width,transformer,mse,isotonic,0.5458734580434057,0.581687208270394,0.3335056314550086,0.24293786372003953,0.7647424954127832,0.22857142857142856,0.46441605512145534
easygese:rice,rice,Seed_width,transformer,mse,raw,0.5499009841401669,0.5885616512373474,0.3273201237733436,0.2720047443298437,0.7802410749395039,0.22857142857142856,0.5289309752588433
easygese:rice,rice,Seed_width,transformer,pearson,affine,0.6518229662958781,0.6578403412804191,0.29890573200999715,0.3950780400212873,0.7862743842547264,0.2857142857142857,0.5865744157780479
easygese:rice,rice,Seed_width,transformer,pearson,isotonic,0.6292420491774566,0.656038603398322,0.31176614376262857,0.3414620962389666,0.7285881976773392,0.24285714285714283,0.5030224598552362
easygese:rice,rice,Seed_width,transformer,pearson,raw,0.6518229662958782,0.6578403412804191,0.3870661991801192,-0.07178274388977338,0.7862743842547264,0.2857142857142857,0.5865744157780479
easygese:rice,rice,Straighthead_suseptability,cnn,ccc,affine,0.5603578970221802,0.5824576961153355,1.1978540690591797,0.252234700527806,0.8431928795089391,0.2642857142857143,0.5209424233088049
easygese:rice,rice,Straighthead_suseptability,cnn,ccc,isotonic,0.5472572695022379,0.5775858182785495,1.222170469955117,0.21958916669430711,0.8571564348875548,0.17142857142857143,0.39751636814946023
easygese:rice,rice,Straighthead_suseptability,cnn,ccc,raw,0.5603578970221802,0.5824576961153355,1.2622035743287783,0.15435342179094783,0.8431928795089391,0.2642857142857143,0.5209424233088049
easygese:rice,rice,Straighthead_suseptability,cnn,hybrid,affine,0.5110836131558159,0.5272101558513154,1.2107119454725108,0.232341087431299,0.827915935117478,0.2785714285714286,0.490164096206718
easygese:rice,rice,Straighthead_suseptability,cnn,hybrid,isotonic,0.4881311861603111,0.5216008242792981,1.2654541853541375,0.16151873306402312,0.851223759445398,0.19047619047619047,0.3439738116327677
easygese:rice,rice,Straighthead_suseptability,cnn,hybrid,raw,0.5110836131558154,0.5272101558513154,1.2548477882532691,0.18853368135596466,0.827915935117478,0.2785714285714286,0.490164096206718
easygese:rice,rice,Straighthead_suseptability,cnn,mse,affine,0.5554652510768772,0.5685562397513444,1.1904435872826313,0.25848131163325105,0.8325579232123255,0.25,0.5274616802289038
easygese:rice,rice,Straighthead_suseptability,cnn,mse,isotonic,0.5317541773465635,0.5742354390888902,1.229488298702192,0.20791924895341157,0.8708340708787343,0.21904761904761902,0.5271297867673886
easygese:rice,rice,Straighthead_suseptability,cnn,mse,raw,0.555465251076877,0.5685562397513444,1.1990502026043983,0.2496807988127554,0.8325579232123255,0.25,0.5274616802289038
easygese:rice,rice,Straighthead_suseptability,cnn,pearson,affine,0.510509402893919,0.5355440828566436,1.2187140679846349,0.21972074162412306,0.8320184481353282,0.28095238095238095,0.5257868136634267
easygese:rice,rice,Straighthead_suseptability,cnn,pearson,isotonic,0.5005139854150283,0.5273855893674864,1.2494107183897332,0.1814944699826103,0.8474833584786007,0.24761904761904763,0.4213096775999502
easygese:rice,rice,Straighthead_suseptability,cnn,pearson,raw,0.5105094028939183,0.5355440828566436,1.8253989895294769,-1.92069113672926,0.8320184481353282,0.28095238095238095,0.5257868136634267
easygese:rice,rice,Straighthead_suseptability,mlp,ccc,affine,0.5053160753999444,0.5435483671702415,1.2479339761462944,0.1937061610913314,0.8288434568491162,0.23571428571428568,0.5447509608036791
easygese:rice,rice,Straighthead_suseptability,mlp,ccc,isotonic,0.48693863841404106,0.5409649985676932,1.2826737704838833,0.14518337577614532,0.835194121721192,0.1738095238095238,0.45355384365016393
easygese:rice,rice,Straighthead_suseptability,mlp,ccc,raw,0.5053160753999444,0.5435483671702415,1.337390301160162,0.06184537200683704,0.8288434568491162,0.23571428571428568,0.5447509608036791
easygese:rice,rice,Straighthead_suseptability,mlp,hybrid,affine,0.5261277307651395,0.5611431456167579,1.2312812348398738,0.21355671988925443,0.8055399411233328,0.25,0.45792590264284855
easygese:rice,rice,Straighthead_suseptability,mlp,hybrid,isotonic,0.5038778985271397,0.5572374534173401,1.264446017204344,0.16666771901298028,0.8310764006009865,0.2214285714285714,0.43149687485878835
easygese:rice,rice,Straighthead_suseptability,mlp,hybrid,raw,0.5261277307651395,0.5611431456167579,1.2402226898036521,0.202280754503827,0.8055399411233328,0.25,0.45792590264284855
easygese:rice,rice,Straighthead_suseptability,mlp,mse,affine,0.522071918271833,0.5405090752613305,1.2386673795210763,0.20106600061729613,0.8242835445665249,0.2357142857142857,0.4610472009757263
easygese:rice,rice,Straighthead_suseptability,mlp,mse,isotonic,0.5083492208403021,0.5488967224959262,1.2686494305848763,0.16037777395746242,0.847980223864994,0.20714285714285713,0.40690721157394727
easygese:rice,rice,Straighthead_suseptability,mlp,mse,raw,0.5220719182718329,0.5405090752613305,1.2143307117798374,0.23420782653101266,0.8242835445665249,0.2357142857142857,0.4610472009757263
easygese:rice,rice,Straighthead_suseptability,mlp,pearson,affine,0.5150626638277049,0.5525272792466958,1.2455092652581385,0.1950479003461651,0.825801943473053,0.25,0.5206407650101792
easygese:rice,rice,Straighthead_suseptability,mlp,pearson,isotonic,0.4793824781433666,0.5416876423400352,1.300511433782976,0.11723253596088061,0.8233522079534022,0.2214285714285714,0.4264730442388287
easygese:rice,rice,Straighthead_suseptability,mlp,pearson,raw,0.5150626638277049,0.5525272792466958,1.4352045756931902,-0.0901691322814389,0.825801943473053,0.25,0.5206407650101792
easygese:rice,rice,Straighthead_suseptability,transformer,ccc,affine,0.49660790418575074,0.5173624629486242,1.2566019542884816,0.18106965118994417,0.8450032040168839,0.25,0.5727842874867288
easygese:rice,rice,Straighthead_suseptability,transformer,ccc,isotonic,0.4875064400475605,0.5149865780381,1.290594156356887,0.13017197591207666,0.8512979731259268,0.20476190476190476,0.5111861151808096
easygese:rice,rice,Straighthead_suseptability,transformer,ccc,raw,0.49660790418575085,0.5173624629486242,1.3568509856495012,0.03159305030883519,0.8450032040168839,0.25,0.5727842874867288
easygese:rice,rice,Straighthead_suseptability,transformer,hybrid,affine,0.46504281112748946,0.49572715231923536,1.2905320868420573,0.13615940936028786,0.8368577073482013,0.2619047619047619,0.5367579038467069
easygese:rice,rice,Straighthead_suseptability,transformer,hybrid,isotonic,0.4704311035498381,0.5027378722670204,1.3243455541017592,0.07744440090697305,0.8231585336061711,0.20476190476190476,0.4643603490706213
easygese:rice,rice,Straighthead_suseptability,transformer,hybrid,raw,0.46504281112748946,0.49572715231923536,1.271324539829401,0.1650128270197071,0.8368577073482013,0.2619047619047619,0.5367579038467069
easygese:rice,rice,Straighthead_suseptability,transformer,mse,affine,0.37573942315335757,0.43445025007298027,1.328888557559124,0.08164994012646473,0.7910295278138844,0.17619047619047618,0.41224741159540745
easygese:rice,rice,Straighthead_suseptability,transformer,mse,isotonic,0.4128224908455305,0.45468624090510446,1.3640798239022796,0.029586732354806067,0.8019846299584907,0.13333333333333333,0.34455930430422627
easygese:rice,rice,Straighthead_suseptability,transformer,mse,raw,0.37573942315335757,0.43445025007298027,1.3093450438831158,0.11148107824104107,0.7910295278138844,0.17619047619047618,0.41224741159540745
easygese:rice,rice,Straighthead_suseptability,transformer,pearson,affine,0.5002408700583502,0.524981130361799,1.2568081535507596,0.17835016386582475,0.8490090216653167,0.19047619047619047,0.5419778319255908
easygese:rice,rice,Straighthead_suseptability,transformer,pearson,isotonic,0.4615480918872457,0.5083128338802667,1.3253779556602443,0.0836763480866375,0.8304673470117464,0.19047619047619047,0.48767420474967504
easygese:rice,rice,Straighthead_suseptability,transformer,pearson,raw,0.5002408700583502,0.524981130361799,1.7527310749834126,-0.680659624874716,0.8490090216653167,0.19047619047619047,0.5419778319255908
easygese:rice,rice,Year06Flowering_time_at_Arkansas,cnn,ccc,affine,0.49070637779703274,0.5077134129121685,10.487576577836384,0.20916916039844402,0.6984219643571692,0.2857142857142857,0.3597520144585365
easygese:rice,rice,Year06Flowering_time_at_Arkansas,cnn,ccc,isotonic,0.4310945949820352,0.4974843124726808,11.04624426479749,0.12302541530707445,0.7220845811011678,0.21428571428571427,0.2720213531125287
easygese:rice,rice,Year06Flowering_time_at_Arkansas,cnn,ccc,raw,0.49070637779703274,0.5077134129121685,11.082227157889864,0.11132909583288622,0.6984219643571692,0.2857142857142857,0.3597520144585365
easygese:rice,rice,Year06Flowering_time_at_Arkansas,cnn,hybrid,affine,0.4833830753304175,0.47538861977845015,10.566396720286352,0.1984745254483429,0.6863489163092897,0.1857142857142857,0.2929323911569989
easygese:rice,rice,Year06Flowering_time_at_Arkansas,cnn,hybrid,isotonic,0.4546621807506111,0.4715734535328783,10.95668926147312,0.1380692299801684,0.7148077169216375,0.12857142857142856,0.1753044444983778
easygese:rice,rice,Year06Flowering_time_at_Arkansas,cnn,hybrid,raw,0.48338307533041747,0.47538861977845015,11.187220829192272,0.10174818875776825,0.6863489163092897,0.1857142857142857,0.2929323911569989
easygese:rice,rice,Year06Flowering_time_at_Arkansas,cnn,mse,affine,0.2876539871772185,0.27364933581123585,11.17319197861803,0.10665624179412067,0.6669158083249034,0.1,0.131579146961992
easygese:rice,rice,Year06Flowering_time_at_Arkansas,cnn,mse,isotonic,0.25942280245339266,0.27523843679612325,11.485538133360514,0.057402541906488844,0.6621670101369147,0.07142857142857142,0.03395694092921925
easygese:rice,rice,Year06Flowering_time_at_Arkansas,cnn,mse,raw,0.29744114056534704,0.28605048435060154,11.140662622657658,0.11332349696989374,0.6624020954822305,0.11428571428571428,0.14105338409123763
easygese:rice,rice,Year06Flowering_time_at_Arkansas,cnn,pearson,affine,0.47854855912465216,0.48646418601516916,10.568872047215308,0.19761888597970317,0.6825019517926322,0.1857142857142857,0.3015786522499428
easygese:rice,rice,Year06Flowering_time_at_Arkansas,cnn,pearson,isotonic,0.4406438041081572,0.4628597140762685,11.136887542097393,0.10625100357415826,0.7188400234454629,0.17142857142857143,0.2708131856167568
easygese:rice,rice,Year06Flowering_time_at_Arkansas,cnn,pearson,raw,0.4785485591246522,0.48646418601516916,14.306075578644046,-0.602174838393519,0.6825019517926322,0.1857142857142857,0.3015786522499428
easygese:rice,rice,Year06Flowering_time_at_Arkansas,mlp,ccc,affine,0.42753308074776,0.4294238124787972,10.99157236408885,0.13264079681984836,0.6992973362084428,0.24285714285714283,0.3417707607794384
easygese:rice,rice,Year06Flowering_time_at_Arkansas,mlp,ccc,isotonic,0.3910730416249265,0.42504169811334364,11.61901655440944,0.02414457264857316,0.7363260726753446,0.1857142857142857,0.25284329513757386
easygese:rice,rice,Year06Flowering_time_at_Arkansas,mlp,ccc,raw,0.42753308074776,0.4294238124787972,11.937023016715495,-0.03782005364254032,0.6992973362084428,0.24285714285714283,0.3417707607794384
easygese:rice,rice,Year06Flowering_time_at_Arkansas,mlp,hybrid,affine,0.4050561495367574,0.4068506365629713,11.074012481267317,0.1186628637956308,0.694638879736331,0.21428571428571427,0.3157974473790262
easygese:rice,rice,Year06Flowering_time_at_Arkansas,mlp,hybrid,isotonic,0.3712677580584519,0.3902327036035941,11.782668208795863,-0.00887895285281135,0.7184929953873735,0.08571428571428572,0.1051389109626244
easygese:rice,rice,Year06Flowering_time_at_Arkansas,mlp,hybrid,raw,0.4050561495367574,0.4068506365629713,11.74448162851111,-0.01512555827137112,0.694638879736331,0.21428571428571427,0.3157974473790262
easygese:rice,rice,Year06Flowering_time_at_Arkansas,mlp,mse,affine,0.38705774990011454,0.38587071236609255,11.122260348339399,0.11139567058829494,0.6681459578131619,0.24285714285714283,0.272486027969091
easygese:rice,rice,Year06Flowering_time_at_Arkansas,mlp,mse,isotonic,0.34787920339911055,0.3889106131045973,11.832233756630012,-0.010515892582183217,0.7090002531242585,0.17142857142857143,0.2441811211828206
easygese:rice,rice,Year06Flowering_time_at_Arkansas,mlp,mse,raw,0.38705774990011454,0.38587071236609255,11.041736358735017,0.12207333036006432,0.6681459578131619,0.24285714285714283,0.272486027969091
easygese:rice,rice,Year06Flowering_time_at_Arkansas,mlp,pearson,affine,0.41137127125397227,0.41278427193806255,11.090550259675167,0.11508772757019048,0.7000749746383175,0.2714285714285714,0.342382635676986
easygese:rice,rice,Year06Flowering_time_at_Arkansas,mlp,pearson,isotonic,0.3599708503354121,0.38842375827901715,11.890892516872366,-0.02502399682338411,0.7051542262715611,0.15714285714285714,0.1495345513230199
easygese:rice,rice,Year06Flowering_time_at_Arkansas,mlp,pearson,raw,0.41137127125397227,0.41278427193806255,12.036208420537916,-0.06807988265199813,0.7000749746383175,0.2714285714285714,0.342382635676986
easygese:rice,rice,Year06Flowering_time_at_Arkansas,transformer,ccc,affine,0.42648746232358603,0.4374445671208192,10.833792032977483,0.15863192494009085,0.7056371781933443,0.14285714285714285,0.31293367035601877
easygese:rice,rice,Year06Flowering_time_at_Arkansas,transformer,ccc,isotonic,0.37646800359633803,0.4113462187256999,11.336097562262534,0.07769881331504361,0.7087103216402673,0.11428571428571428,0.23358416634752102
easygese:rice,rice,Year06Flowering_time_at_Arkansas,transformer,ccc,raw,0.42648746232358603,0.4374445671208192,11.960885034254087,-0.04272387178063615,0.7056371781933443,0.14285714285714285,0.31293367035601877
easygese:rice,rice,Year06Flowering_time_at_Arkansas,transformer,hybrid,affine,0.45532400298322634,0.4592753370297011,10.649335094711724,0.186958111264835,0.7067899370351227,0.21428571428571427,0.33679899007518077
easygese:rice,rice,Year06Flowering_time_at_Arkansas,transformer,hybrid,isotonic,0.4130463465208014,0.4546800538935939,11.082663834242798,0.11932856950329955,0.7630502396349683,0.1857142857142857,0.29127141453313243
easygese:rice,rice,Year06Flowering_time_at_Arkansas,transformer,hybrid,raw,0.45532400298322634,0.4592753370297011,10.800505609570298,0.15842804054479287,0.7067899370351227,0.21428571428571427,0.33679899007518077
easygese:rice,rice,Year06Flowering_time_at_Arkansas,transformer,mse,affine,0.1403248954722119,0.1842339695223397,11.874769260510366,-0.0067166943007957005,0.6224792274914789,0.14285714285714285,0.11208317110342518
easygese:rice,rice,Year06Flowering_time_at_Arkansas,transformer,mse,isotonic,0.1932977068559237,0.19198433369691892,12.078063554317648,-0.04473440952920108,0.6436977844914809,0.02857142857142857,-0.021734261309348593
easygese:rice,rice,Year06Flowering_time_at_Arkansas,transformer,mse,raw,0.14032489547221197,0.1842339695223397,11.834680083258375,-0.0001603905892002766,0.6224792274914789,0.14285714285714285,0.11208317110342518
easygese:rice,rice,Year06Flowering_time_at_Arkansas,transformer,pearson,affine,0.39699122266692727,0.41219176524225765,11.013104769788583,0.1341856262824213,0.7026668471245751,0.15714285714285714,0.2892599449150456
easygese:rice,rice,Year06Flowering_time_at_Arkansas,transformer,pearson,isotonic,0.36625698290847386,0.3939470782628975,11.35951304749548,0.07794297135073161,0.7245183157966271,0.15714285714285714,0.209245988643243
easygese:rice,rice,Year06Flowering_time_at_Arkansas,transformer,pearson,raw,0.3969912226669273,0.41219176524225765,14.158602768657243,-0.46956794859323986,0.7026668471245751,0.15714285714285714,0.2892599449150456
easygese:rice,rice,Year07Flowering_time_at_Arkansas,cnn,ccc,affine,0.4608175232018617,0.44347559834056244,13.307032659761214,0.16757706088084673,0.718875196984728,0.37142857142857144,0.42828626878386694
easygese:rice,rice,Year07Flowering_time_at_Arkansas,cnn,ccc,isotonic,0.4326894475168719,0.4297693841350667,13.568618478675699,0.13124915772190077,0.7554077133943572,0.32857142857142857,0.4611942907819316
easygese:rice,rice,Year07Flowering_time_at_Arkansas,cnn,ccc,raw,0.46081752320186176,0.44347559834056244,14.45945142385061,0.008848647978165059,0.718875196984728,0.37142857142857144,0.42828626878386694
easygese:rice,rice,Year07Flowering_time_at_Arkansas,cnn,hybrid,affine,0.4300025401314932,0.4292022558804186,13.522163010268642,0.14584354884935533,0.7036646000208936,0.34285714285714286,0.40534306966530104
easygese:rice,rice,Year07Flowering_time_at_Arkansas,cnn,hybrid,isotonic,0.3949803612397589,0.40929382234365796,14.02554933203562,0.0755305489013425,0.6849761810179285,0.32857142857142857,0.3654748740272711
easygese:rice,rice,Year07Flowering_time_at_Arkansas,cnn,hybrid,raw,0.4300025401314933,0.4292022558804186,13.862738496969817,0.10542928825126618,0.7036646000208936,0.34285714285714286,0.40534306966530104
easygese:rice,rice,Year07Flowering_time_at_Arkansas,cnn,mse,affine,0.44451691225765044,0.438353938802244,13.420019231783943,0.16051243055266473,0.6821488910016974,0.2714285714285714,0.2970751252806291
easygese:rice,rice,Year07Flowering_time_at_Arkansas,cnn,mse,isotonic,0.4158043705216997,0.43107010617581254,13.773084776557061,0.11098724159370463,0.704208947214504,0.24285714285714283,0.25893392497431317
easygese:rice,rice,Year07Flowering_time_at_Arkansas,cnn,mse,raw,0.44451691225765033,0.438353938802244,13.463057493270242,0.15566291133855717,0.6821488910016974,0.2714285714285714,0.2970751252806291
easygese:rice,rice,Year07Flowering_time_at_Arkansas,cnn,pearson,affine,0.43894114878000134,0.43192268497223163,13.492079048009732,0.14940926240906766,0.7087194834751455,0.32857142857142857,0.385692285785523
easygese:rice,rice,Year07Flowering_time_at_Arkansas,cnn,pearson,isotonic,0.40893768544345166,0.43515141887525227,13.901291359116296,0.09876570928825087,0.6847845632816075,0.2857142857142857,0.31732786214240266
easygese:rice,rice,Year07Flowering_time_at_Arkansas,cnn,pearson,raw,0.4389411487800013,0.43192268497223163,14.70273696618392,-0.011852143063913467,0.7087194834751455,0.32857142857142857,0.385692285785523
easygese:rice,rice,Year07Flowering_time_at_Arkansas,mlp,ccc,affine,0.40438047269225735,0.42803769037342015,13.837409624376019,0.10636717397614452,0.6713375012829192,0.24285714285714283,0.3357676993495627
easygese:rice,rice,Year07Flowering_time_at_Arkansas,mlp,ccc,isotonic,0.403097903816562,0.42932032895117234,13.845221827226311,0.10295517221103825,0.6760558512378748,0.22857142857142856,0.3155259763185191
easygese:rice,rice,Year07Flowering_time_at_Arkansas,mlp,ccc,raw,0.4043804726922574,0.42803769037342015,15.250144947253883,-0.1493053966756331,0.6713375012829192,0.24285714285714283,0.3357676993495627
easygese:rice,rice,Year07Flowering_time_at_Arkansas,mlp,hybrid,affine,0.39962644390190777,0.41735458330163794,13.891013660237789,0.09875264372527451,0.6682963274338823,0.21428571428571427,0.3380773543762029
easygese:rice,rice,Year07Flowering_time_at_Arkansas,mlp,hybrid,isotonic,0.3763671013766582,0.4163468238495554,14.304999713430936,0.04030690621943035,0.6896847590661497,0.22857142857142856,0.3526855253643274
easygese:rice,rice,Year07Flowering_time_at_Arkansas,mlp,hybrid,raw,0.39962644390190777,0.41735458330163794,14.772940838738307,-0.04601246690076993,0.6682963274338823,0.21428571428571427,0.3380773543762029
easygese:rice,rice,Year07Flowering_time_at_Arkansas,mlp,mse,affine,0.3941110674751109,0.4150586001238751,13.885799839353847,0.10109093555572102,0.6449295892067587,0.21428571428571427,0.28499633241215466
easygese:rice,rice,Year07Flowering_time_at_Arkansas,mlp,mse,isotonic,0.38660629033337485,0.4100425511359712,14.072821869665432,0.07081764219891633,0.6654299457357958,0.2,0.27611041863706975
easygese:rice,rice,Year07Flowering_time_at_Arkansas,mlp,mse,raw,0.3941110674751108,0.4150586001238751,13.825677375335328,0.10234152881783269,0.6449295892067587,0.21428571428571427,0.28499633241215466
easygese:rice,rice,Year07Flowering_time_at_Arkansas,mlp,pearson,affine,0.3927127704787001,0.40895112374786635,13.850736874756171,0.10616304303130067,0.6458930318415449,0.22857142857142856,0.31278581189208726
easygese:rice,rice,Year07Flowering_time_at_Arkansas,mlp,pearson,isotonic,0.36907023844205,0.40534933448043897,14.098948653594363,0.07246425503349053,0.6593750871481667,0.21428571428571427,0.25706708351074703
easygese:rice,rice,Year07Flowering_time_at_Arkansas,mlp,pearson,raw,0.39271277047870023,0.40895112374786635,18.10895984344809,-0.6257644481470127,0.6458930318415449,0.22857142857142856,0.31278581189208726
easygese:rice,rice,Year07Flowering_time_at_Arkansas,transformer,ccc,affine,0.36524562307853276,0.3800523205716131,13.972853689994693,0.09054641133077432,0.6254839524710658,0.15714285714285714,0.21620800578617802
easygese:rice,rice,Year07Flowering_time_at_Arkansas,transformer,ccc,isotonic,0.3508222363953463,0.37762253111165406,14.417761852654134,0.023661571738638608,0.6604932827129205,0.17142857142857143,0.22051662199725225
easygese:rice,rice,Year07Flowering_time_at_Arkansas,transformer,ccc,raw,0.3652456230785327,0.3800523205716131,15.688530573735154,-0.16852691172359607,0.6254839524710658,0.15714285714285714,0.21620800578617802
easygese:rice,rice,Year07Flowering_time_at_Arkansas,transformer,hybrid,affine,0.3575787748995287,0.3936908435999052,13.945986221853133,0.09636523082673668,0.6359046832372319,0.2857142857142857,0.2904871712358478
easygese:rice,rice,Year07Flowering_time_at_Arkansas,transformer,hybrid,isotonic,0.35520879382062687,0.39630079485542113,14.19558207194748,0.0590349647142895,0.6499351890273737,0.21428571428571427,0.23255034633491717
easygese:rice,rice,Year07Flowering_time_at_Arkansas,transformer,hybrid,raw,0.35757877489952866,0.3936908435999052,14.089280357573903,0.07699177224262226,0.6359046832372319,0.2857142857142857,0.2904871712358478
easygese:rice,rice,Year07Flowering_time_at_Arkansas,transformer,mse,affine,0.28447944769330874,0.2951262533886482,14.324378010204603,0.045227203509228854,0.6166532998018569,0.2571428571428571,0.2293278206813995
easygese:rice,rice,Year07Flowering_time_at_Arkansas,transformer,mse,isotonic,0.24838983122215147,0.2869111187145692,14.71134321933727,-0.005299113104040432,0.6686133932684889,0.1857142857142857,0.2217110226339861
easygese:rice,rice,Year07Flowering_time_at_Arkansas,transformer,mse,raw,0.2844794476933088,0.2951262533886482,14.198003442354757,0.06249067061180499,0.6166532998018569,0.2571428571428571,0.2293278206813995
easygese:rice,rice,Year07Flowering_time_at_Arkansas,transformer,pearson,affine,0.36553683207272136,0.3956671981286705,14.02943600714861,0.08129515244312942,0.6308751079754303,0.17142857142857143,0.26328999159309346
easygese:rice,rice,Year07Flowering_time_at_Arkansas,transformer,pearson,isotonic,0.3491303089799077,0.39516850836654227,14.35578718011833,0.03280063256671377,0.6427207243906444,0.11428571428571428,0.1923463227850814
easygese:rice,rice,Year07Flowering_time_at_Arkansas,transformer,pearson,raw,0.3655368320727214,0.3956671981286705,16.694387019877198,-0.3160272755776995,0.6308751079754303,0.17142857142857143,0.26328999159309346
easygese:soybean,soybean,C13,cnn,ccc,affine,0.20313663387096445,0.22978269574557003,0.2661105653551944,0.01542327429192456,0.6956706307245762,0.15714285714285714,0.2640089862105489
easygese:soybean,soybean,C13,cnn,ccc,isotonic,0.2566129402368853,0.28812533536022616,0.27730666933170556,-0.07652469276980264,0.7214160467571707,0.1857142857142857,0.285913355262458
easygese:soybean,soybean,C13,cnn,ccc,raw,0.26992239444173316,0.2902233403107416,0.28866557772535906,-0.21616212677215801,0.7171662700536025,0.17142857142857143,0.3189344232555844
easygese:soybean,soybean,C13,cnn,hybrid,affine,0.08413344593385094,0.09516955989965714,0.2784523859886106,-0.0760845781124425,0.6552514725831357,0.15714285714285714,0.19198988457361782
easygese:soybean,soybean,C13,cnn,hybrid,isotonic,0.1117565966638214,0.10090733292671814,0.29145088834331795,-0.17836997595671272,0.6282501759707271,0.15714285714285714,0.14778346459357908
easygese:soybean,soybean,C13,cnn,hybrid,raw,0.08413344593384771,0.09516955989965714,0.2722107611692056,-0.023211316303096807,0.6552514725831357,0.15714285714285714,0.19198988457361782
easygese:soybean,soybean,C13,cnn,mse,affine,0.105629764914607,0.11767975838187414,0.2700393785190639,-0.010530933765601713,0.6187344991898369,0.1857142857142857,0.16363430732453343
easygese:soybean,soybean,C13,cnn,mse,isotonic,0.1672898846619289,0.16211213820480253,0.2823432773210798,-0.11597239400272046,0.6442356096234229,0.2,0.2622473370562287
easygese:soybean,soybean,C13,cnn,mse,raw,0.16058719755365494,0.1599969656194225,0.26803292719235333,0.004089806031033627,0.644856457792317,0.1857142857142857,0.22656349661626024
easygese:soybean,soybean,C13,cnn,pearson,affine,0.1426061566379372,0.14756820832600426,0.2752590954985245,-0.05723205490406913,0.6627304523337803,0.15714285714285714,0.21320506636377487
easygese:soybean,soybean,C13,cnn,pearson,isotonic,0.1416156147078202,0.1612097139680269,0.2890156233968707,-0.1670382493863643,0.641757460689086,0.15714285714285714,0.20659080575223748
easygese:soybean,soybean,C13,cnn,pearson,raw,0.14260615663793721,0.14756820832600426,0.2726745699240075,-0.028223230151232827,0.6627304523337803,0.15714285714285714,0.21320506636377487
easygese:soybean,soybean,C13,mlp,ccc,affine,0.3649736313542692,0.3580096436588542,0.25616995677233567,0.0849248979503433,0.7360567835872711,0.2571428571428571,0.37920210306157065
easygese:soybean,soybean,C13,mlp,ccc,isotonic,0.338777718328734,0.35021855682856906,0.2644691989163387,0.02371528602984575,0.6866837061257224,0.22857142857142856,0.32674711694504643
easygese:soybean,soybean,C13,mlp,ccc,raw,0.3649736313542689,0.3580096436588542,0.30452293949887466,-0.409725878375669,0.7360567835872711,0.2571428571428571,0.37920210306157065
easygese:soybean,soybean,C13,mlp,hybrid,affine,0.3620722323321375,0.34409594209008487,0.25512088231861163,0.09427292113167353,0.7437483195590947,0.2714285714285714,0.44643084935523536
easygese:soybean,soybean,C13,mlp,hybrid,isotonic,0.32574759471783776,0.323019699691889,0.2671406247862087,0.0018676318396856685,0.7030381821121224,0.2571428571428571,0.3827120021495722
easygese:soybean,soybean,C13,mlp,hybrid,raw,0.3620722323321371,0.34409594209008487,0.25673668211009937,0.08170143422419386,0.7437483195590947,0.2714285714285714,0.44643084935523536
easygese:soybean,soybean,C13,mlp,mse,affine,0.3574225042188929,0.3358096755273862,0.2565022479221269,0.08271425642363843,0.7248644168596007,0.2571428571428571,0.414122254152959
easygese:soybean,soybean,C13,mlp,mse,isotonic,0.31074299710509773,0.31875808213391443,0.2703975817783683,-0.03029555134427201,0.682465208202135,0.24285714285714283,0.3223094220376882
easygese:soybean,soybean,C13,mlp,mse,raw,0.357422504218893,0.3358096755273862,0.25954479493504146,0.0555094356808577,0.7248644168596007,0.2571428571428571,0.414122254152959
easygese:soybean,soybean,C13,mlp,pearson,affine,0.3399641953807898,0.3298669641143534,0.2587804545191469,0.06547413912126142,0.7285854614010164,0.2714285714285714,0.39411326914216643
easygese:soybean,soybean,C13,mlp,pearson,isotonic,0.30068480409770565,0.3330840182716174,0.2712909765421642,-0.03632082124404103,0.6867400246789224,0.2571428571428571,0.3823599217903225
easygese:soybean,soybean,C13,mlp,pearson,raw,0.3399641953807893,0.3298669641143534,0.7702325734577056,-43.80688649863627,0.7285854614010164,0.2714285714285714,0.39411326914216643
easygese:soybean,soybean,C13,transformer,ccc,affine,0.11489536996444141,0.11684646921052819,0.2765893002443779,-0.05880511456201337,0.6249624389582846,0.17142857142857143,0.14239418636086146
easygese:soybean,soybean,C13,transformer,ccc,isotonic,0.08197974851884508,0.10685325614240553,0.2910183489431823,-0.17659252370092157,0.6029363851215443,0.1857142857142857,0.06947841884106537
easygese:soybean,soybean,C13,transformer,ccc,raw,0.1148953699644419,0.11684646921052819,0.35098469650659114,-0.7696863624444826,0.6249624389582846,0.17142857142857143,0.14239418636086146
easygese:soybean,soybean,C13,transformer,hybrid,affine,0.13210611039523404,0.14297049714181703,0.276940910747573,-0.06575402338787578,0.5860583468277241,0.12857142857142856,0.11334730799979971
easygese:soybean,soybean,C13,transformer,hybrid,isotonic,0.13036572059746923,0.12895854584928051,0.29090439996652273,-0.18141210352716602,0.5873489673059817,0.15714285714285714,0.17427181447709525
easygese:soybean,soybean,C13,transformer,hybrid,raw,0.13210611039523426,0.14297049714181703,0.29460449365675023,-0.2265359512608541,0.5860583468277241,0.12857142857142856,0.11334730799979971
easygese:soybean,soybean,C13,transformer,mse,affine,0.1516974141534023,0.15494850284213377,0.27570084749509116,-0.0529871815042234,0.6234245100839713,0.11428571428571428,0.08836342538454103
easygese:soybean,soybean,C13,transformer,mse,isotonic,0.1269131700183523,0.1358295949351654,0.28330712628331367,-0.11801652213338765,0.6496960553614731,0.15714285714285714,0.1528910616614506
easygese:soybean,soybean,C13,transformer,mse,raw,0.15169741415340307,0.15494850284213377,0.27565938912513127,-0.05915894555854488,0.6234245100839713,0.11428571428571428,0.08836342538454103
easygese:soybean,soybean,C13,transformer,pearson,affine,0.17466336324876092,0.17992307013473072,0.27437235749296335,-0.047475640487666206,0.6206028782658829,0.1857142857142857,0.15187393851543285
easygese:soybean,soybean,C13,transformer,pearson,isotonic,0.17097480781520988,0.17355625335718025,0.2789517239058423,-0.08557855986368587,0.6049714900979067,0.12857142857142856,0.10470665037681666
easygese:soybean,soybean,C13,transformer,pearson,raw,0.17466336324876108,0.17992307013473072,0.5251377751608924,-3.5529403672833633,0.6206028782658829,0.1857142857142857,0.15187393851543285
easygese:soybean,soybean,Wilt,cnn,ccc,affine,0.2582498620900278,0.26995920566567927,6.291656926487177,0.026143990605229962,0.4796883671285851,0.14285714285714285,0.18169651573300333
easygese:soybean,soybean,Wilt,cnn,ccc,isotonic,0.2282479737323421,0.2737746335939082,6.5265289237908375,-0.05035659197563491,0.4932792692996383,0.14285714285714285,0.1702873227886628
easygese:soybean,soybean,Wilt,cnn,ccc,raw,0.25824986209002787,0.26995920566567927,6.4926988098179965,-0.04309491002062824,0.4796883671285851,0.14285714285714285,0.18169651573300333
easygese:soybean,soybean,Wilt,cnn,hybrid,affine,0.26945508862733886,0.2919720732360562,6.2571210612065356,0.03787263621256526,0.5240685488647758,0.2,0.265568766490828
easygese:soybean,soybean,Wilt,cnn,hybrid,isotonic,0.258734530188964,0.2833368744232221,6.508652379083618,-0.04836685721514444,0.5491961885066386,0.17142857142857143,0.23364367069735453
easygese:soybean,soybean,Wilt,cnn,hybrid,raw,0.26945508862733897,0.2919720732360562,6.4298883796824935,-0.021451208952854038,0.5240685488647758,0.2,0.265568766490828
easygese:soybean,soybean,Wilt,cnn,mse,affine,0.10266191876576472,0.14502367204509795,6.45607468450869,-0.022800072754675847,0.42433867633100386,0.11428571428571428,0.08292999261509879
easygese:soybean,soybean,Wilt,cnn,mse,isotonic,0.12557686694376996,0.13945162029147928,6.717171721170287,-0.11333909889729792,0.451581540441373,0.15714285714285714,0.13933076266319527
easygese:soybean,soybean,Wilt,cnn,mse,raw,0.12895198953689463,0.1366727741282873,6.343025730097955,0.01115062580891375,0.43800958357979347,0.14285714285714285,0.09110202379261094
easygese:soybean,soybean,Wilt,cnn,pearson,affine,0.27350637158427304,0.2856088549802268,6.256697956429379,0.037392869323941605,0.5453178065560748,0.22857142857142856,0.30757137180882693
easygese:soybean,soybean,Wilt,cnn,pearson,isotonic,0.26285033121631407,0.27292206141219705,6.524996754008976,-0.054168595638626714,0.5294217628388251,0.14285714285714285,0.20450422406095345
easygese:soybean,soybean,Wilt,cnn,pearson,raw,0.27350637158427293,0.2856088549802268,6.492037597243842,-0.043441705434819546,0.5453178065560748,0.22857142857142856,0.30757137180882693
easygese:soybean,soybean,Wilt,mlp,ccc,affine,0.3908593667501546,0.3900847504855075,5.975106975216775,0.11635936686342677,0.6006625588122974,0.3,0.3968277645887612
easygese:soybean,soybean,Wilt,mlp,ccc,isotonic,0.3653506627144124,0.3620880372927789,6.146236369651094,0.06590245007598927,0.5598032666416389,0.24285714285714283,0.2968470604532286
easygese:soybean,soybean,Wilt,mlp,ccc,raw,0.39085936675015465,0.3900847504855075,6.9568601096489955,-0.29314833879090973,0.6006625588122974,0.3,0.3968277645887612
easygese:soybean,soybean,Wilt,mlp,hybrid,affine,0.4141155258060132,0.389441117968533,5.916604090853157,0.13328292602795064,0.607517999237053,0.3,0.3998703780744908
easygese:soybean,soybean,Wilt,mlp,hybrid,isotonic,0.4141623061459251,0.378204811863437,5.994830418645691,0.10961833988267951,0.6364072318897285,0.2857142857142857,0.41856796309852945
easygese:soybean,soybean,Wilt,mlp,hybrid,raw,0.4141155258060133,0.389441117968533,6.0283749245593645,0.0940221350168434,0.607517999237053,0.3,0.3998703780744908
easygese:soybean,soybean,Wilt,mlp,mse,affine,0.3886914744631264,0.38387144909133186,5.959494845665916,0.12204568225836021,0.5529023401643479,0.22857142857142856,0.2892508976616833
easygese:soybean,soybean,Wilt,mlp,mse,isotonic,0.3720306129301895,0.38331767476560197,6.101523698710141,0.07443658426439853,0.568180988210378,0.24285714285714283,0.31946579742633957
easygese:soybean,soybean,Wilt,mlp,mse,raw,0.3886914744631265,0.38387144909133186,6.022254448336582,0.08922704864126049,0.5529023401643479,0.22857142857142856,0.2892508976616833
easygese:soybean,soybean,Wilt,mlp,pearson,affine,0.4066519518039069,0.4073666286563413,5.942661689679703,0.12584379592647968,0.6061832492434434,0.2857142857142857,0.3861739629240494
easygese:soybean,soybean,Wilt,mlp,pearson,isotonic,0.38743927174984366,0.39877011988924915,6.085647603335262,0.08469055352399021,0.5725856284962968,0.24285714285714283,0.3557133441628445
easygese:soybean,soybean,Wilt,mlp,pearson,raw,0.4066519518039068,0.4073666286563413,9.535473799982913,-2.077084286514133,0.6061832492434434,0.2857142857142857,0.3861739629240494
easygese:soybean,soybean,Wilt,transformer,ccc,affine,0.2743175682983693,0.2798697220535567,6.3568046228605235,0.0020580238762557433,0.5363927864461784,0.24285714285714283,0.2645312842225108
easygese:soybean,soybean,Wilt,transformer,ccc,isotonic,0.25372058201814196,0.2699978597531417,6.59375213928904,-0.08340603472867841,0.5700302963172958,0.22857142857142856,0.2345283872246135
easygese:soybean,soybean,Wilt,transformer,ccc,raw,0.27431756829836923,0.2798697220535567,7.1372889420337415,-0.303915104483678,0.5363927864461784,0.24285714285714283,0.2645312842225108
easygese:soybean,soybean,Wilt,transformer,hybrid,affine,0.2570749992377542,0.2650946656057158,6.380417503426331,-0.004790229776066746,0.5314559176146115,0.2571428571428571,0.28988422848576345
easygese:soybean,soybean,Wilt,transformer,hybrid,isotonic,0.2466765975781518,0.25892670245099053,6.471438846584023,-0.03980773787904762,0.5121624773771148,0.1857142857142857,0.21481973635341553
easygese:soybean,soybean,Wilt,transformer,hybrid,raw,0.25707499923775423,0.2650946656057158,6.553877149653839,-0.08191767910846477,0.5314559176146115,0.2571428571428571,0.28988422848576345
easygese:soybean,soybean,Wilt,transformer,mse,affine,0.2019452351627931,0.17494980022885512,6.500439109989958,-0.045568120699058676,0.49861757691172814,0.21428571428571427,0.2130113585775235
easygese:soybean,soybean,Wilt,transformer,mse,isotonic,0.19468232451428186,0.19206718691693522,6.765583495335866,-0.14529069727073118,0.49535580475605007,0.1857142857142857,0.15966947684699018
easygese:soybean,soybean,Wilt,transformer,mse,raw,0.21058726053920002,0.18587469082957972,6.425299901170815,-0.019546872690743577,0.5159208372873568,0.24285714285714283,0.23639524403037449
easygese:soybean,soybean,Wilt,transformer,pearson,affine,0.3090353093992132,0.31333952182722247,6.2338185140837705,0.03808591148053132,0.5348773969226291,0.24285714285714283,0.25015713809019235
easygese:soybean,soybean,Wilt,transformer,pearson,isotonic,0.2796096837987819,0.29278555119633715,6.4535834655602375,-0.036443488764285756,0.5034141021149002,0.21428571428571427,0.266657636290457
easygese:soybean,soybean,Wilt,transformer,pearson,raw,0.3090353093992132,0.31333952182722247,10.556718727508102,-2.6692002038042695,0.5348773969226291,0.24285714285714283,0.25015713809019235
easygese:wheatG,wheatG,DTR,cnn,ccc,affine,0.32022919507724856,0.31763475382162654,2.123879060993961,0.015168527734739267,0.6271179001512249,0.3125,0.3234522917755663
easygese:wheatG,wheatG,DTR,cnn,ccc,isotonic,0.28834243214501903,0.267122943729698,2.1941120875138,-0.0536297707318165,0.6191562927480934,0.25,0.24933801673000922
easygese:wheatG,wheatG,DTR,cnn,ccc,raw,0.32022919507724856,0.31763475382162654,2.2605506580369803,-0.12441544631859713,0.6271179001512249,0.3125,0.3234522917755663
easygese:wheatG,wheatG,DTR,cnn,hybrid,affine,0.333377157757214,0.3120457162788454,2.1192303874436123,0.017894870914272297,0.6372079379319774,0.275,0.34676631370734834
easygese:wheatG,wheatG,DTR,cnn,hybrid,isotonic,0.2970832363134802,0.28714790184723377,2.199436636050362,-0.06180261689987269,0.6319357059973192,0.2625,0.29794935895037816
easygese:wheatG,wheatG,DTR,cnn,hybrid,raw,0.3333771577572139,0.3120457162788454,2.1421834389354677,0.00256271020893144,0.6372079379319774,0.275,0.34676631370734834
easygese:wheatG,wheatG,DTR,cnn,mse,affine,0.11078159288385611,0.09941555385423276,2.1866622791141634,-0.04743212257529937,0.5232951112927291,0.1875,0.12040745933296397
easygese:wheatG,wheatG,DTR,cnn,mse,isotonic,0.14260312504557163,0.12950721267992965,2.2539749750465563,-0.1203211989662839,0.5480033483195734,0.175,0.1577650052163495
easygese:wheatG,wheatG,DTR,cnn,mse,raw,0.1548424948171259,0.1423705314989573,2.115221822157698,0.02673785813644176,0.5292144604959377,0.225,0.15991068255231036
easygese:wheatG,wheatG,DTR,cnn,pearson,affine,0.3254900386318552,0.3090903362712061,2.146502096903788,-0.013470667760242739,0.6168894358077421,0.2625,0.30469129240438897
easygese:wheatG,wheatG,DTR,cnn,pearson,isotonic,0.2915222397359227,0.30168376525159624,2.2188369765391287,-0.08144130924914374,0.648296669348762,0.275,0.2850202592998391
easygese:wheatG,wheatG,DTR,cnn,pearson,raw,0.32549003863185544,0.3090903362712061,2.1493888519124926,-0.0041149056871132685,0.6168894358077421,0.2625,0.30469129240438897
easygese:wheatG,wheatG,DTR,mlp,ccc,affine,0.41518654493838875,0.3949375398121945,2.0199027070303757,0.1042782703243041,0.6478752967212722,0.3,0.3625444849633157
easygese:wheatG,wheatG,DTR,mlp,ccc,isotonic,0.38772786219429567,0.3894862797821399,2.096341495128754,0.03147501616023009,0.677647784562456,0.2875,0.3563846966819806
easygese:wheatG,wheatG,DTR,mlp,ccc,raw,0.41518654493838864,0.3949375398121945,2.304075243785933,-0.16290701469769223,0.6478752967212722,0.3,0.3625444849633157
easygese:wheatG,wheatG,DTR,mlp,hybrid,affine,0.4088499703072751,0.3952908267664571,2.035394649781049,0.0860529530860907,0.6472158504604961,0.3,0.37295374171774714
easygese:wheatG,wheatG,DTR,mlp,hybrid,isotonic,0.35278561914645856,0.3881300546328398,2.158950499028248,-0.03435346074581487,0.6336216346088398,0.25,0.258086653217611
easygese:wheatG,wheatG,DTR,mlp,hybrid,raw,0.4088499703072751,0.3952908267664571,2.09075442939702,0.04280545156935901,0.6472158504604961,0.3,0.37295374171774714
easygese:wheatG,wheatG,DTR,mlp,mse,affine,0.39726980743454543,0.38441063393601765,2.0566816749501937,0.06953115487858966,0.6031513422594925,0.2625,0.2731231287516907
easygese:wheatG,wheatG,DTR,mlp,mse,isotonic,0.35601835963835116,0.37949085207651706,2.11365837329612,0.018438329087593776,0.6026991492673432,0.275,0.29672867241809897
easygese:wheatG,wheatG,DTR,mlp,mse,raw,0.3972698074345455,0.38441063393601765,2.0732609441928362,0.055447117286939504,0.6031513422594925,0.2625,0.2731231287516907
easygese:wheatG,wheatG,DTR,mlp,pearson,affine,0.3980681941270432,0.3832535829249485,2.0431703828293277,0.08284141669175799,0.6203054075665706,0.25,0.30795050147739916
easygese:wheatG,wheatG,DTR,mlp,pearson,isotonic,0.3473395930614184,0.37028207254584344,2.1477600395547634,-0.020300750399420066,0.6106398774058512,0.25,0.33927339899667347
easygese:wheatG,wheatG,DTR,mlp,pearson,raw,0.3980681941270433,0.3832535829249485,3.556687956010246,-2.9025672671816336,0.6203054075665706,0.25,0.30795050147739916
easygese:wheatG,wheatG,DTR,transformer,ccc,affine,0.34487917401380674,0.31067808756465326,2.1151104409635044,0.020210112123592028,0.6422932763011339,0.325,0.34558392814315175
easygese:wheatG,wheatG,DTR,transformer,ccc,isotonic,0.31338474000140665,0.30988399293017116,2.1827044446523214,-0.05208130150005872,0.6292280000563693,0.2875,0.27538667352778523
easygese:wheatG,wheatG,DTR,transformer,ccc,raw,0.34487917401380674,0.31067808756465326,2.3693882834522535,-0.22619030317246214,0.6422932763011339,0.325,0.34558392814315175
easygese:wheatG,wheatG,DTR,transformer,hybrid,affine,0.33516271221807037,0.297915477828323,2.1302544540926194,0.005377758074575389,0.6291525475106924,0.3125,0.30273260987206096
easygese:wheatG,wheatG,DTR,transformer,hybrid,isotonic,0.30568089459378583,0.2927927309349245,2.1913296320604827,-0.056214109179446345,0.6538825242088564,0.2625,0.2412459703437131
easygese:wheatG,wheatG,DTR,transformer,hybrid,raw,0.3351627122180703,0.297915477828323,2.1979761432334586,-0.053446463684433496,0.6291525475106924,0.3125,0.30273260987206096
easygese:wheatG,wheatG,DTR,transformer,mse,affine,0.3334696730741213,0.30515081449811443,2.1159554354816263,0.02241411131468406,0.6281847878004132,0.325,0.31121447877454794
easygese:wheatG,wheatG,DTR,transformer,mse,isotonic,0.3102173009607071,0.3033018557039198,2.175635058105645,-0.03891927760745299,0.5676995645542935,0.2375,0.23588668151512943
easygese:wheatG,wheatG,DTR,transformer,mse,raw,0.3334696730741212,0.30515081449811443,2.1365320487022004,0.0011790845388472636,0.6281847878004132,0.325,0.31121447877454794
easygese:wheatG,wheatG,DTR,transformer,pearson,affine,0.33368433091886024,0.29607643060671057,2.130814746641096,0.004895752438277945,0.6495498497385569,0.325,0.3490827292579438
easygese:wheatG,wheatG,DTR,transformer,pearson,isotonic,0.3006758938745067,0.29583204384943695,2.197285296867642,-0.06104703890046951,0.6496823289685638,0.2875,0.2843367095929764
easygese:wheatG,wheatG,DTR,transformer,pearson,raw,0.33368433091886024,0.29607643060671057,2.2991855493751023,-0.14740276684075054,0.6495498497385569,0.325,0.3490827292579438
easygese:wheatG,wheatG,EW,cnn,ccc,affine,0.2629458806584344,0.27060146317020856,3.034870270807315,0.04513801946985354,0.6647400964422349,0.2,0.30728553798866104
easygese:wheatG,wheatG,EW,cnn,ccc,isotonic,0.2556271689914873,0.2600058393657209,3.0931907728785175,0.005815053653672608,0.6337611837925922,0.1,0.2484256447147199
easygese:wheatG,wheatG,EW,cnn,ccc,raw,0.2629458806584345,0.27060146317020856,3.3292402544830204,-0.16226994226177388,0.6647400964422349,0.2,0.30728553798866104
easygese:wheatG,wheatG,EW,cnn,hybrid,affine,0.25457255982783616,0.2416624434012605,3.071913555362321,0.02108999304083662,0.6696538609176432,0.175,0.26460447032049694
easygese:wheatG,wheatG,EW,cnn,hybrid,isotonic,0.25794148375929266,0.23128331451662767,3.1158613769790113,-0.007816965457923564,0.6556583874725744,0.2,0.2705640408238629
easygese:wheatG,wheatG,EW,cnn,hybrid,raw,0.254572559827836,0.2416624434012605,3.129003708813207,-0.015052123001376327,0.6696538609176432,0.175,0.26460447032049694
easygese:wheatG,wheatG,EW,cnn,mse,affine,0.21238992021305242,0.18785900923692128,3.0808854604573157,0.016417101208000495,0.6237766090272946,0.175,0.17984428613934375
easygese:wheatG,wheatG,EW,cnn,mse,isotonic,0.12358730132187128,0.10605212286385893,3.1649340789857217,-0.038741617904843165,0.540013481174338,0.1,0.08230080709376804
easygese:wheatG,wheatG,EW,cnn,mse,raw,0.08912836686070331,0.09064181784981283,3.1060931500868003,0.001160036950903609,0.5484124074081752,0.125,-0.006702847749317592
easygese:wheatG,wheatG,EW,cnn,pearson,affine,0.23668423418372359,0.22526787375744192,3.080446044023139,0.014691771930250851,0.6588412072661176,0.1625,0.2557157217722076
easygese:wheatG,wheatG,EW,cnn,pearson,isotonic,0.21737940314429832,0.21978160563828508,3.171721645717554,-0.04706127631731464,0.6341538407208944,0.2,0.2670240738176505
easygese:wheatG,wheatG,EW,cnn,pearson,raw,0.23668423418372334,0.22526787375744192,3.156112145844956,-0.033029698170407795,0.6588412072661176,0.1625,0.2557157217722076
easygese:wheatG,wheatG,EW,mlp,ccc,affine,0.3372106223432273,0.32069160673615854,2.9764433952533187,0.08042968784795915,0.6958458343363331,0.2375,0.32646077049441397
easygese:wheatG,wheatG,EW,mlp,ccc,isotonic,0.2978678411656244,0.3392462136435705,3.1946055763996206,-0.0683731445922938,0.6611380989774093,0.15,0.24705548945154865
easygese:wheatG,wheatG,EW,mlp,ccc,raw,0.33721062234322724,0.32069160673615854,3.5119783325687663,-0.3048920923599168,0.6958458343363331,0.2375,0.32646077049441397
easygese:wheatG,wheatG,EW,mlp,hybrid,affine,0.32558506257384645,0.3144505669625893,2.9885341784753754,0.07336925617201437,0.6876054229329523,0.225,0.31409906315554675
easygese:wheatG,wheatG,EW,mlp,hybrid,isotonic,0.29128621715974157,0.3276271637777354,3.1041898256960634,-0.0022265641644614977,0.6555001868651962,0.2125,0.2871691546067582
easygese:wheatG,wheatG,EW,mlp,hybrid,raw,0.32558506257384645,0.3144505669625893,3.1685873816389836,-0.04732679402589844,0.6876054229329523,0.225,0.31409906315554675
easygese:wheatG,wheatG,EW,mlp,mse,affine,0.328272768485549,0.31739680373254553,2.9907440806388745,0.0715297011743404,0.6963144862360533,0.25,0.32483797741546827
easygese:wheatG,wheatG,EW,mlp,mse,isotonic,0.2645896439773334,0.3145908670674178,3.1724671963304165,-0.04794425879997385,0.6679143011991874,0.225,0.34145773728314416
easygese:wheatG,wheatG,EW,mlp,mse,raw,0.328272768485549,0.31739680373254553,3.0882215169960743,0.0017188038533977657,0.6963144862360533,0.25,0.32483797741546827
easygese:wheatG,wheatG,EW,mlp,pearson,affine,0.33135069366603265,0.3134303444291415,2.985646263877882,0.07538846315299921,0.6887706905399346,0.2375,0.32995133037344926
easygese:wheatG,wheatG,EW,mlp,pearson,isotonic,0.2903854216949152,0.30974766768583806,3.1077980602054938,-0.005534106716773468,0.6763398189484531,0.225,0.30163378671255386
easygese:wheatG,wheatG,EW,mlp,pearson,raw,0.3313506936660326,0.3134303444291415,3.312442604277628,-0.14616152414527928,0.6887706905399346,0.2375,0.32995133037344926
easygese:wheatG,wheatG,EW,transformer,ccc,affine,0.26078895808892616,0.250370747952987,3.057075061748245,0.032547584080779665,0.6904666478079585,0.225,0.3220890811236069
easygese:wheatG,wheatG,EW,transformer,ccc,isotonic,0.25229410572504385,0.2502788671468908,3.2221370865684933,-0.08490498680619024,0.6521036028381483,0.1875,0.2845298941959273
easygese:wheatG,wheatG,EW,transformer,ccc,raw,0.2607889580889262,0.250370747952987,3.6381765075968913,-0.3856834535336399,0.6904666478079585,0.225,0.3220890811236069
easygese:wheatG,wheatG,EW,transformer,hybrid,affine,0.2506243069881617,0.24113777379938547,3.0639531538953713,0.028450697122490744,0.6884622530498967,0.2,0.2959825844427034
easygese:wheatG,wheatG,EW,transformer,hybrid,isotonic,0.2380698461602233,0.23042462878629283,3.225626558192645,-0.08482010990816485,0.655402691836539,0.175,0.2379541971922062
easygese:wheatG,wheatG,EW,transformer,hybrid,raw,0.25062430698816185,0.24113777379938547,3.361276355211546,-0.18048433949183648,0.6884622530498967,0.2,0.2959825844427034
easygese:wheatG,wheatG,EW,transformer,mse,affine,0.23427243641462367,0.22770150995699517,3.075788527803321,0.021211819557148993,0.6792622240645454,0.2625,0.27508661339966023
easygese:wheatG,wheatG,EW,transformer,mse,isotonic,0.18496243774252116,0.21086594880138723,3.1947823572776506,-0.058621274907599184,0.6538077632737112,0.275,0.29514200825480086
easygese:wheatG,wheatG,EW,transformer,mse,raw,0.23427243641462375,0.22770150995699517,3.141289957767567,-0.023039555633536147,0.6792622240645454,0.2625,0.27508661339966023
easygese:wheatG,wheatG,EW,transformer,pearson,affine,0.2527212831290361,0.2457857318974635,3.0638210510106694,0.02854080039041231,0.6945246182240501,0.225,0.33112397931286386
easygese:wheatG,wheatG,EW,transformer,pearson,isotonic,0.20462066827117872,0.23004192111608246,3.2486850342997413,-0.10077839732838098,0.6446521854086188,0.2125,0.25382013452779595
easygese:wheatG,wheatG,EW,transformer,pearson,raw,0.2527212831290361,0.2457857318974635,3.997911129010847,-0.7491919248430627,0.6945246182240501,0.225,0.33112397931286386
easygese:wheatG,wheatG,FHB,cnn,ccc,affine,0.46545395287735747,0.4883766908046218,6.065273112077106,0.15515319837987682,0.7624082737953458,0.45,0.5771052447111854
easygese:wheatG,wheatG,FHB,cnn,ccc,isotonic,0.49996506217571357,0.47263504250352284,5.97892285625109,0.17761486298911694,0.7394641074240227,0.4625,0.5959802087557026
easygese:wheatG,wheatG,FHB,cnn,ccc,raw,0.46545395287735747,0.4883766908046218,6.527792470641552,0.009462378955055728,0.7624082737953458,0.45,0.5771052447111854
easygese:wheatG,wheatG,FHB,cnn,hybrid,affine,0.5420402622089756,0.5575654254480398,5.790558528038611,0.22827237139548995,0.748342331346971,0.4625,0.6202251362279667
easygese:wheatG,wheatG,FHB,cnn,hybrid,isotonic,0.53549582366896,0.5433221525029017,5.9043336053852755,0.19955850142867443,0.7281450848962087,0.425,0.582116945025237
easygese:wheatG,wheatG,FHB,cnn,hybrid,raw,0.5420402622089757,0.5575654254480398,6.525198656222543,0.024161606228815545,0.748342331346971,0.4625,0.6202251362279667
easygese:wheatG,wheatG,FHB,cnn,mse,affine,0.2993485822562708,0.3061980827561036,6.401480172807223,0.05595085241905777,0.6227622853866519,0.275,0.36954081368080266
easygese:wheatG,wheatG,FHB,cnn,mse,isotonic,0.19136265888662443,0.18984447044484282,6.5395860964953885,0.007086333518009158,0.48018901066093633,0.2,0.21369243171187607
easygese:wheatG,wheatG,FHB,cnn,mse,raw,0.13754610893432437,0.15062973575012145,6.429091138506112,0.05516527472225469,0.5372706950342296,0.2,0.19864116451724456
easygese:wheatG,wheatG,FHB,cnn,pearson,affine,0.5391206531481643,0.5489677034507745,5.803987601889041,0.22571172386603924,0.7497467252666651,0.4375,0.6085357022151373
easygese:wheatG,wheatG,FHB,cnn,pearson,isotonic,0.535014722061683,0.5244700325927687,5.904986437383064,0.19747186531673228,0.7338362878088478,0.425,0.6013139530944246
easygese:wheatG,wheatG,FHB,cnn,pearson,raw,0.5391206531481642,0.5489677034507745,6.565067579500139,0.011644601102432206,0.7497467252666651,0.4375,0.6085357022151373
easygese:wheatG,wheatG,FHB,mlp,ccc,affine,0.7074794730209424,0.7099910636361458,4.821338923966122,0.46846441440795017,0.8128687618767547,0.475,0.6770713173327652
easygese:wheatG,wheatG,FHB,mlp,ccc,isotonic,0.6963005252171542,0.708654395653014,4.903875821405248,0.44850441174065897,0.7851757224290639,0.4875,0.6811717093980872
easygese:wheatG,wheatG,FHB,mlp,ccc,raw,0.7074794730209425,0.7099910636361458,5.005892304649718,0.426044718776451,0.8128687618767547,0.475,0.6770713173327652
easygese:wheatG,wheatG,FHB,mlp,hybrid,affine,0.7042177918175365,0.7085774776584177,4.834707437366486,0.46684896781328733,0.802461563864056,0.4625,0.6635393450026278
easygese:wheatG,wheatG,FHB,mlp,hybrid,isotonic,0.699686784481526,0.7072079441420752,4.896401896733953,0.4518679466792227,0.7996704256323631,0.4625,0.6693679889610298
easygese:wheatG,wheatG,FHB,mlp,hybrid,raw,0.7042177918175365,0.7085774776584177,4.820576209952421,0.47122281061065074,0.802461563864056,0.4625,0.6635393450026278
easygese:wheatG,wheatG,FHB,mlp,mse,affine,0.7004795247009824,0.7013304335667707,4.8322254400686475,0.4633751623902567,0.8135210869637174,0.4625,0.6732549369608801
easygese:wheatG,wheatG,FHB,mlp,mse,isotonic,0.6842678206568047,0.6945842963924982,4.993542173125382,0.42521197696049684,0.8010298877295343,0.4625,0.683387802858121
easygese:wheatG,wheatG,FHB,mlp,mse,raw,0.7004795247009825,0.7013304335667707,4.842008201347893,0.4611957581341045,0.8135210869637174,0.4625,0.6732549369608801
easygese:wheatG,wheatG,FHB,mlp,pearson,affine,0.7053206514135597,0.7060186365666483,4.827249934300399,0.4664920822036132,0.8151541019671331,0.4875,0.6904320305691315
easygese:wheatG,wheatG,FHB,mlp,pearson,isotonic,0.6973610543134005,0.7019553387121932,4.9100577615189005,0.4476028223113381,0.809351148139697,0.45,0.6589031220323096
easygese:wheatG,wheatG,FHB,mlp,pearson,raw,0.7053206514135596,0.7060186365666483,5.5423840432294735,0.2918224255502432,0.8151541019671331,0.4875,0.6904320305691315
easygese:wheatG,wheatG,FHB,transformer,ccc,affine,0.6266205924444992,0.6027381855277425,5.280510863487707,0.3609318893503642,0.7888541776044005,0.4875,0.6699376145506017
easygese:wheatG,wheatG,FHB,transformer,ccc,isotonic,0.6125340326782429,0.5985568280027164,5.435752321469539,0.319742907094735,0.7639529331897557,0.475,0.6583702830781716
easygese:wheatG,wheatG,FHB,transformer,ccc,raw,0.6266205924444991,0.6027381855277425,5.9577062798515525,0.1793261371559333,0.7888541776044005,0.4875,0.6699376145506017
easygese:wheatG,wheatG,FHB,transformer,hybrid,affine,0.625113254775749,0.595184227868472,5.285287530509105,0.3599906367812843,0.7926309659219675,0.4875,0.6612676255717583
easygese:wheatG,wheatG,FHB,transformer,hybrid,isotonic,0.6129468447607904,0.60361884078914,5.407024691419628,0.3295089758320363,0.7571245698543352,0.4375,0.6370371473841328
easygese:wheatG,wheatG,FHB,transformer,hybrid,raw,0.625113254775749,0.595184227868472,5.531005347064658,0.2945112912798743,0.7926309659219675,0.4875,0.6612676255717583
easygese:wheatG,wheatG,FHB,transformer,mse,affine,0.6288647466617749,0.6076259415855267,5.285511489555562,0.3590267895659046,0.7999901205755993,0.475,0.6634929163956333
easygese:wheatG,wheatG,FHB,transformer,mse,isotonic,0.6116029928618965,0.606095506051878,5.4044388560593735,0.3293791432692739,0.7920238139776614,0.475,0.6620535995581285
easygese:wheatG,wheatG,FHB,transformer,mse,raw,0.6288647466617749,0.6076259415855267,5.299900876262413,0.3537574104793478,0.7999901205755993,0.475,0.6634929163956333
easygese:wheatG,wheatG,FHB,transformer,pearson,affine,0.6302072298586676,0.6076676169321422,5.269986912797506,0.36541204889585216,0.7849218285980049,0.4625,0.6502784318503182
easygese:wheatG,wheatG,FHB,transformer,pearson,isotonic,0.6151664793812064,0.595668217127322,5.383136098945611,0.3362721988358418,0.7638983056815161,0.4625,0.6537480968071374
easygese:wheatG,wheatG,FHB,transformer,pearson,raw,0.6302072298586676,0.6076676169321422,6.91474130225149,-0.11278043668536664,0.7849218285980049,0.4625,0.6502784318503182
easygese:wheatG,wheatG,GH,cnn,ccc,affine,0.3312301296799103,0.3837370167163734,3.6328780259032682,0.05012734656992114,0.8572130430294831,0.3375,0.5587474381018287
easygese:wheatG,wheatG,GH,cnn,ccc,isotonic,0.2901511150581938,0.3564366457784597,3.732387410673401,-0.005745221872344575,0.8292587689959994,0.3,0.5200412073079221
easygese:wheatG,wheatG,GH,cnn,ccc,raw,0.33123012967991045,0.3837370167163734,4.0390302088488585,-0.17984032727781554,0.8572130430294831,0.3375,0.5587474381018287
easygese:wheatG,wheatG,GH,cnn,hybrid,affine,0.36214287085032576,0.3814681111314815,3.6080383089133816,0.06287098106423197,0.8337969534798386,0.2875,0.47160705145169013
easygese:wheatG,wheatG,GH,cnn,hybrid,isotonic,0.34783336783123653,0.3690985920883119,3.6651732066583653,0.025429012179091215,0.8005539624932065,0.3,0.44847093329783194
easygese:wheatG,wheatG,GH,cnn,hybrid,raw,0.36214287085032615,0.3814681111314815,3.7328634573740986,0.006319493075224414,0.8337969534798386,0.2875,0.47160705145169013
easygese:wheatG,wheatG,GH,cnn,mse,affine,0.2935883453470288,0.33302890936669005,3.68624693404596,0.014220983542970212,0.814671349287238,0.275,0.3865048098308785
easygese:wheatG,wheatG,GH,cnn,mse,isotonic,0.26531416216194414,0.3233586722291514,3.761928941824413,-0.029569952270858492,0.7809969373267587,0.25,0.3055262898377052
easygese:wheatG,wheatG,GH,cnn,mse,raw,0.2935883453470275,0.33302890936669005,3.7014985367880255,0.017050796144299163,0.814671349287238,0.275,0.3865048098308785
easygese:wheatG,wheatG,GH,cnn,pearson,affine,0.36925211955250253,0.3883854089550975,3.589152133456596,0.07135716328005068,0.8335453700091993,0.3125,0.45326615047313723
easygese:wheatG,wheatG,GH,cnn,pearson,isotonic,0.3434069137386386,0.38125754956994357,3.696306379381416,0.004285500256569897,0.7996833629841456,0.3,0.44822781652180466
easygese:wheatG,wheatG,GH,cnn,pearson,raw,0.36925211955250253,0.3883854089550975,3.767896154628071,-0.013159863306595554,0.8335453700091993,0.3125,0.45326615047313723
easygese:wheatG,wheatG,GH,mlp,ccc,affine,0.569749721201761,0.5451201400700679,3.129709947988233,0.28833266548096054,0.8885262202524149,0.4125,0.6782757667003932
easygese:wheatG,wheatG,GH,mlp,ccc,isotonic,0.5474631444147859,0.5399786023089231,3.263746968473567,0.21636425328279224,0.8789418663947248,0.375,0.6159195612802785
easygese:wheatG,wheatG,GH,mlp,ccc,raw,0.569749721201761,0.5451201400700679,3.3380806022373015,0.19253799022602935,0.8885262202524149,0.4125,0.6782757667003932
easygese:wheatG,wheatG,GH,mlp,hybrid,affine,0.5741690004889893,0.5619629459088107,3.143179475745607,0.28034068466909245,0.8985257861927176,0.4625,0.7256358445118725
easygese:wheatG,wheatG,GH,mlp,hybrid,isotonic,0.548024548486247,0.548953214779633,3.2780406145869527,0.20780331893219808,0.882723012925867,0.4125,0.6327462962377471
easygese:wheatG,wheatG,GH,mlp,hybrid,raw,0.5741690004889894,0.5619629459088107,3.176273402796477,0.2741684370205051,0.8985257861927176,0.4625,0.7256358445118725
easygese:wheatG,wheatG,GH,mlp,mse,affine,0.557747671693445,0.542912733947404,3.1808548722566328,0.2642503045359221,0.8905065390605026,0.375,0.6581098463190193
easygese:wheatG,wheatG,GH,mlp,mse,isotonic,0.5488934596101005,0.5448104347780888,3.281938235913324,0.20734920509388138,0.8699122018774524,0.4125,0.656803271476425
easygese:wheatG,wheatG,GH,mlp,mse,raw,0.557747671693445,0.542912733947404,3.166856057001902,0.27739962792841133,0.8905065390605026,0.375,0.6581098463190193
easygese:wheatG,wheatG,GH,mlp,pearson,affine,0.5671205308805805,0.5545287781613399,3.162759732622587,0.2699399259177596,0.8887232514015546,0.425,0.6762753348964643
easygese:wheatG,wheatG,GH,mlp,pearson,isotonic,0.5535969708254946,0.5461792958671671,3.2557291680695863,0.21509273970408954,0.8863048368393839,0.4375,0.6892547580443072
easygese:wheatG,wheatG,GH,mlp,pearson,raw,0.5671205308805805,0.5545287781613399,3.78330725567901,-0.08086319366916042,0.8887232514015546,0.425,0.6762753348964643
easygese:wheatG,wheatG,GH,transformer,ccc,affine,0.4907153890079895,0.4685896023281666,3.3645690703168425,0.18595912975788473,0.8507742988596085,0.3,0.587942128813312
easygese:wheatG,wheatG,GH,transformer,ccc,isotonic,0.4564475530812134,0.47306599193908355,3.4594176187605408,0.13515966325473022,0.8473100601993149,0.275,0.5591600571310821
easygese:wheatG,wheatG,GH,transformer,ccc,raw,0.4907153890079897,0.4685896023281666,3.6730823805079296,0.025790302856567415,0.8507742988596085,0.3,0.587942128813312
easygese:wheatG,wheatG,GH,transformer,hybrid,affine,0.48458482034717215,0.46562589231119106,3.387094339916691,0.1720084398576327,0.8317570768261762,0.275,0.5358069688533004
easygese:wheatG,wheatG,GH,transformer,hybrid,isotonic,0.4453248168193773,0.45718428892653423,3.4852221277535707,0.12192283109371889,0.8332676744273033,0.3125,0.5413294274341099
easygese:wheatG,wheatG,GH,transformer,hybrid,raw,0.48458482034717215,0.46562589231119106,3.4381876869712187,0.1496268708868874,0.8317570768261762,0.275,0.5358069688533004
easygese:wheatG,wheatG,GH,transformer,mse,affine,0.47327325185270375,0.4589986444935035,3.4198004298155085,0.15696029014267235,0.8306909370740344,0.275,0.5067214517701187
easygese:wheatG,wheatG,GH,transformer,mse,isotonic,0.4524521937089741,0.45658908115842295,3.486625551583496,0.1205272844812026,0.835322750095355,0.275,0.5099584318341122
easygese:wheatG,wheatG,GH,transformer,mse,raw,0.47327325185270375,0.4589986444935035,3.428241011831772,0.15311091320148973,0.8306909370740344,0.275,0.5067214517701187
easygese:wheatG,wheatG,GH,transformer,pearson,affine,0.47424214157708516,0.467817008890908,3.399340869139331,0.16848696274473193,0.8435155049983202,0.3125,0.5475254641056898
easygese:wheatG,wheatG,GH,transformer,pearson,isotonic,0.4465384259485424,0.4567124284361551,3.478330145687559,0.12604679022065463,0.8406007947618775,0.35,0.5589836487253668
easygese:wheatG,wheatG,GH,transformer,pearson,raw,0.4742421415770851,0.467817008890908,4.687920952494269,-0.6929592699168186,0.8435155049983202,0.3125,0.5475254641056898
easygese:wheatG,wheatG,GPE,cnn,ccc,affine,0.220675636632164,0.2030960570163997,6.284734108271043,-0.001972720683802831,0.6487983068538783,0.1875,0.26614533528379736
easygese:wheatG,wheatG,GPE,cnn,ccc,isotonic,0.2206944340526697,0.18586734756136786,6.365628775600426,-0.03141694040809655,0.64351876188693,0.1875,0.2567309962164655
easygese:wheatG,wheatG,GPE,cnn,ccc,raw,0.2206756366321641,0.2030960570163997,6.915407604359079,-0.2363028896748624,0.6487983068538783,0.1875,0.26614533528379736
easygese:wheatG,wheatG,GPE,cnn,hybrid,affine,0.14521184598242576,0.13252342743118622,6.482718095740529,-0.06887886263406552,0.6546493136835754,0.1875,0.220752942921664
easygese:wheatG,wheatG,GPE,cnn,hybrid,isotonic,0.13807504063049164,0.1335691135861376,6.779773187852696,-0.17438907732077183,0.6182624657682729,0.175,0.19735538675144065
easygese:wheatG,wheatG,GPE,cnn,hybrid,raw,0.14521184598242626,0.13252342743118622,6.370803041754437,-0.02587518602368404,0.6546493136835754,0.1875,0.220752942921664
easygese:wheatG,wheatG,GPE,cnn,mse,affine,0.15541347720477705,0.13555318336791916,6.4050735756715085,-0.043301812512129466,0.618312902128546,0.175,0.19770883358839447
easygese:wheatG,wheatG,GPE,cnn,mse,isotonic,0.04937572437662175,0.06819271876310258,6.64609723363421,-0.12466308516846518,0.5539431181033828,0.0875,0.005069338025927031
easygese:wheatG,wheatG,GPE,cnn,mse,raw,0.026894185827731065,0.04437444716204096,6.3528649805360535,-0.022309180464465606,0.5381826849503792,0.0875,-0.011649469639656785
easygese:wheatG,wheatG,GPE,cnn,pearson,affine,0.18400513984791195,0.16642587873972808,6.428918126015061,-0.05396822826367691,0.6643584320990988,0.15,0.2415817309589785
easygese:wheatG,wheatG,GPE,cnn,pearson,isotonic,0.16249520098785072,0.1582690850190249,6.711920923027863,-0.15141047788846124,0.6332977812892009,0.1375,0.18195527835284872
easygese:wheatG,wheatG,GPE,cnn,pearson,raw,0.18400513984791153,0.16642587873972808,6.342365564914253,-0.016022236107009147,0.6643584320990988,0.15,0.2415817309589785
easygese:wheatG,wheatG,GPE,mlp,ccc,affine,0.3281626206294918,0.3246804300412914,6.155252637716806,0.03061147791027753,0.6576773611375888,0.1875,0.2870570121405632
easygese:wheatG,wheatG,GPE,mlp,ccc,isotonic,0.2869411754448818,0.3072325507575257,6.3909070914101616,-0.04178435889268965,0.6390564944397958,0.125,0.16695776406202556
easygese:wheatG,wheatG,GPE,mlp,ccc,raw,0.32816262062949175,0.3246804300412914,7.673607757787484,-0.5275481135687222,0.6576773611375888,0.1875,0.2870570121405632
easygese:wheatG,wheatG,GPE,mlp,hybrid,affine,0.3318333973721889,0.32536458752891767,6.157187736167218,0.03159145105252026,0.6543788956631733,0.15,0.24099298990825518
easygese:wheatG,wheatG,GPE,mlp,hybrid,isotonic,0.30367822813093703,0.3241143582620996,6.348403509616975,-0.02777488225645397,0.6342184098267614,0.1125,0.23294298797393614
easygese:wheatG,wheatG,GPE,mlp,hybrid,raw,0.33183339737218887,0.32536458752891767,6.585776799784654,-0.11576790601246001,0.6543788956631733,0.15,0.24099298990825518
easygese:wheatG,wheatG,GPE,mlp,mse,affine,0.3008099027950919,0.30546644788869604,6.199778396166864,0.024329216180749392,0.6276948899665379,0.15,0.25431390718037683
easygese:wheatG,wheatG,GPE,mlp,mse,isotonic,0.2750309559855467,0.3053572229890075,6.393018493781019,-0.036010693201516605,0.6142721906958856,0.15,0.20393071056286996
easygese:wheatG,wheatG,GPE,mlp,mse,raw,0.3008099027950918,0.30546644788869604,6.413010049999869,-0.04206649777432482,0.6276948899665379,0.15,0.25431390718037683
easygese:wheatG,wheatG,GPE,mlp,pearson,affine,0.3211642810546843,0.30212995030017853,6.169666437958009,0.0252121374477108,0.6632516301103327,0.225,0.29868308304135993
easygese:wheatG,wheatG,GPE,mlp,pearson,isotonic,0.3043145083936696,0.287509864552761,6.31773817121487,-0.021617702133183092,0.6220331437216023,0.2125,0.27279136464937054
easygese:wheatG,wheatG,GPE,mlp,pearson,raw,0.32116428105468425,0.30212995030017853,9.900287597426779,-1.812975164595094,0.6632516301103327,0.225,0.29868308304135993
easygese:wheatG,wheatG,GPE,transformer,ccc,affine,0.24413085223907727,0.2297220641674646,6.261524384499134,0.003253978841949523,0.6508469856992074,0.175,0.2469151597264839
easygese:wheatG,wheatG,GPE,transformer,ccc,isotonic,0.21577176388714264,0.20882190960069846,6.4777114524431285,-0.07214864070744337,0.6350295252850232,0.1375,0.18182294511192412
easygese:wheatG,wheatG,GPE,transformer,ccc,raw,0.2441308522390772,0.2297220641674646,7.468119363213094,-0.4508551490341235,0.6508469856992074,0.175,0.2469151597264839
easygese:wheatG,wheatG,GPE,transformer,hybrid,affine,0.24002214903126803,0.21441892840528176,6.281839555452519,-0.0022565384879552064,0.6471361977914297,0.1625,0.237763082350034
easygese:wheatG,wheatG,GPE,transformer,hybrid,isotonic,0.22719373698875214,0.22848571540224366,6.480289758864228,-0.07348445740714818,0.6107609431691124,0.1125,0.13884566309720678
easygese:wheatG,wheatG,GPE,transformer,hybrid,raw,0.2400221490312681,0.21441892840528176,6.6014754767175035,-0.114228288018219,0.6471361977914297,0.1625,0.237763082350034
easygese:wheatG,wheatG,GPE,transformer,mse,affine,0.2551064739418624,0.24750345450029654,6.26093371027534,0.003951314945915385,0.6586494129956575,0.2125,0.3085438817689308
easygese:wheatG,wheatG,GPE,transformer,mse,isotonic,0.21983233570555924,0.25242909353350995,6.59075818621329,-0.11433955380954122,0.6182520829334623,0.1375,0.15456243142237042
easygese:wheatG,wheatG,GPE,transformer,mse,raw,0.25510647394186226,0.24750345450029654,6.364610167128557,-0.031312316931891016,0.6586494129956575,0.2125,0.3085438817689308
easygese:wheatG,wheatG,GPE,transformer,pearson,affine,0.24955856294012174,0.23325561885338245,6.2723242745101695,-0.0006258208154871214,0.6558619228557638,0.2,0.27533782947967544
easygese:wheatG,wheatG,GPE,transformer,pearson,isotonic,0.23922450385003077,0.22201269026318457,6.481136417224953,-0.07934707878437268,0.6483793899120227,0.1625,0.1555501175333763
easygese:wheatG,wheatG,GPE,transformer,pearson,raw,0.24955856294012163,0.23325561885338245,7.527605614441818,-0.48944384391920187,0.6558619228557638,0.2,0.27533782947967544
easygese:wheatG,wheatG,GY,cnn,ccc,affine,0.49176288046310745,0.4752152060872238,4.437124278421537,0.21246213301330136,0.7607978586070157,0.1875,0.3044885355138413
easygese:wheatG,wheatG,GY,cnn,ccc,isotonic,0.4578763901040996,0.4554759564817471,4.539071549147254,0.17435970174282853,0.7748414047021694,0.2375,0.36113808289756266
easygese:wheatG,wheatG,GY,cnn,ccc,raw,0.4917628804631077,0.4752152060872238,5.12473745583019,-0.0855390586735759,0.7607978586070157,0.1875,0.3044885355138413
easygese:wheatG,wheatG,GY,cnn,hybrid,affine,0.49018253247297305,0.4878049333569063,4.432785550448808,0.21264085727973545,0.8212934392682435,0.3125,0.47603674667364987
easygese:wheatG,wheatG,GY,cnn,hybrid,isotonic,0.44274234746776997,0.4650288570128577,4.688947100782029,0.11027331000641474,0.7977584437111813,0.25,0.40230746863819605
easygese:wheatG,wheatG,GY,cnn,hybrid,raw,0.4901825324729737,0.4878049333569063,4.858037723044538,0.05718231213604985,0.8212934392682435,0.3125,0.47603674667364987
easygese:wheatG,wheatG,GY,cnn,mse,affine,0.18928531398609866,0.1822408225026258,4.9128176556057745,0.0365804558537842,0.6989420597832077,0.1375,0.09447046092262838
easygese:wheatG,wheatG,GY,cnn,mse,isotonic,0.12610873864551456,0.14835391489685398,5.043416618157045,-0.022703679487474804,0.6933802939226397,0.1875,-0.04888689798669899
easygese:wheatG,wheatG,GY,cnn,mse,raw,0.13539612958343056,0.14824419209084286,5.028778901365706,-0.013277820293053489,0.645721690408891,0.15,-0.032164391057608356
easygese:wheatG,wheatG,GY,cnn,pearson,affine,0.4931624410064959,0.4884498182221536,4.42898938106286,0.2121820701646187,0.8155309437339898,0.2875,0.4345969032362375
easygese:wheatG,wheatG,GY,cnn,pearson,isotonic,0.4560777058289087,0.47185230130227607,4.632703349937921,0.13770387603589823,0.8078243385033803,0.2375,0.42009377212167687
easygese:wheatG,wheatG,GY,cnn,pearson,raw,0.49316244100649564,0.4884498182221536,4.918235326696394,0.032917327994169056,0.8155309437339898,0.2875,0.4345969032362375
easygese:wheatG,wheatG,GY,mlp,ccc,affine,0.5968924584757931,0.5573408165624585,4.146303120847973,0.3067369038405038,0.8174925179537744,0.3125,0.45058844882444615
easygese:wheatG,wheatG,GY,mlp,ccc,isotonic,0.5506053778285819,0.5434124902886767,4.282325228449243,0.2600888961906537,0.8314407486128829,0.3125,0.45722928844061334
easygese:wheatG,wheatG,GY,mlp,ccc,raw,0.5968924584757931,0.5573408165624585,4.439266206403344,0.17462832141463064,0.8174925179537744,0.3125,0.45058844882444615
easygese:wheatG,wheatG,GY,mlp,hybrid,affine,0.6083179407084022,0.5703583840287824,4.080540949621279,0.3277528473279448,0.8349593212933419,0.35,0.5190682120867997
easygese:wheatG,wheatG,GY,mlp,hybrid,isotonic,0.5551908374504332,0.5667849639144228,4.272998599712364,0.25944270974735,0.8379947627582316,0.325,0.4953975530751122
easygese:wheatG,wheatG,GY,mlp,hybrid,raw,0.6083179407084023,0.5703583840287824,4.142706800787075,0.29672603062729597,0.8349593212933419,0.35,0.5190682120867997
easygese:wheatG,wheatG,GY,mlp,mse,affine,0.6007339982594917,0.5768122262136833,4.1254357649414395,0.31494628472350455,0.8464028258923058,0.3625,0.5345840665909818
easygese:wheatG,wheatG,GY,mlp,mse,isotonic,0.5489938318680264,0.5709805341711603,4.282733203522482,0.25895684103106875,0.8476199640818571,0.35,0.5572159547365729
easygese:wheatG,wheatG,GY,mlp,mse,raw,0.6007339982594918,0.5768122262136833,4.063290582241268,0.32640171848682975,0.8464028258923058,0.3625,0.5345840665909818
easygese:wheatG,wheatG,GY,mlp,pearson,affine,0.5976311833235867,0.5590494415182261,4.117681515295766,0.3171713045717932,0.8136887810254197,0.3125,0.46543978791692453
easygese:wheatG,wheatG,GY,mlp,pearson,isotonic,0.5569093131342648,0.5482213632275222,4.280922560096455,0.25677838643007134,0.8322728938632105,0.3375,0.521354042374249
easygese:wheatG,wheatG,GY,mlp,pearson,raw,0.5976311833235866,0.5590494415182261,6.321686619784077,-1.0654514195536,0.8136887810254197,0.3125,0.46543978791692453
easygese:wheatG,wheatG,GY,transformer,ccc,affine,0.49774372669474076,0.48298342132389804,4.43809080333987,0.2093652834378256,0.7873218937156312,0.225,0.353685406559496
easygese:wheatG,wheatG,GY,transformer,ccc,isotonic,0.45037848094186367,0.4639942051810529,4.652964660757439,0.12623856782907722,0.7782391053728053,0.2,0.3674962626257078
easygese:wheatG,wheatG,GY,transformer,ccc,raw,0.49774372669474065,0.48298342132389804,5.029308298401604,-0.04147201554764325,0.7873218937156312,0.225,0.353685406559496
easygese:wheatG,wheatG,GY,transformer,hybrid,affine,0.48144776369785747,0.4771170751437528,4.496291581632111,0.19138639258824938,0.7713942504042746,0.225,0.3124138892430929
easygese:wheatG,wheatG,GY,transformer,hybrid,isotonic,0.46007083713035524,0.4729351080979029,4.617096116968965,0.14348100816523163,0.7763240997661383,0.225,0.291000603922678
easygese:wheatG,wheatG,GY,transformer,hybrid,raw,0.48144776369785747,0.4771170751437528,4.590183544994265,0.14414885737622224,0.7713942504042746,0.225,0.3124138892430929
easygese:wheatG,wheatG,GY,transformer,mse,affine,0.4833723011980025,0.4830309898773435,4.4947484924364405,0.1935514441283328,0.7713248955836314,0.2,0.33058744630753023
easygese:wheatG,wheatG,GY,transformer,mse,isotonic,0.44505223803581295,0.4805636836546358,4.745782898604579,0.08023852232661507,0.7736295146244808,0.15,0.2503581820064148
easygese:wheatG,wheatG,GY,transformer,mse,raw,0.4833723011980025,0.4830309898773435,4.5427539529816,0.16440287665329226,0.7713248955836314,0.2,0.33058744630753023
easygese:wheatG,wheatG,GY,transformer,pearson,affine,0.48167779549599965,0.48313929661531674,4.496185721458465,0.1917417978146701,0.7747393805351357,0.2,0.35950600715315606
easygese:wheatG,wheatG,GY,transformer,pearson,isotonic,0.4322929647720827,0.4696289457729302,4.69596644375475,0.10731008035858616,0.7822690126997701,0.2125,0.28702258740340375
easygese:wheatG,wheatG,GY,transformer,pearson,raw,0.48167779549599954,0.48313929661531674,6.974506187755237,-1.1410925102835372,0.7747393805351357,0.2,0.35950600715315606
easygese:wheatG,wheatG,HAG,cnn,ccc,affine,0.2798420747592643,0.2688785046116136,49.165351110402575,0.029192865114512447,0.7901136782429707,0.3125,0.4133484009167582
easygese:wheatG,wheatG,HAG,cnn,ccc,isotonic,0.25757809093149875,0.24996766043779783,50.66401765632652,-0.03443908972774652,0.7986296859264994,0.275,0.3671622295036481
easygese:wheatG,wheatG,HAG,cnn,ccc,raw,0.2798420747592645,0.2688785046116136,50.38360990879042,-0.02035121715762256,0.7901136782429707,0.3125,0.4133484009167582
easygese:wheatG,wheatG,HAG,cnn,hybrid,affine,0.2959962361385809,0.2651658946944541,49.318887078707654,0.021559035527859382,0.7929183963348005,0.2375,0.3675611363716058
easygese:wheatG,wheatG,HAG,cnn,hybrid,isotonic,0.2557617478424173,0.26496406897947933,51.9165326705921,-0.09348629578266865,0.8241031178578956,0.25,0.33965285388097993
easygese:wheatG,wheatG,HAG,cnn,hybrid,raw,0.29599623613858117,0.2651658946944541,49.893327477515875,0.001046087051474609,0.7929183963348005,0.2375,0.3675611363716058
easygese:wheatG,wheatG,HAG,cnn,mse,affine,0.2948870601526606,0.2596084474567027,49.418628718671116,0.01750250996272642,0.8041849460417632,0.275,0.45966751537557027
easygese:wheatG,wheatG,HAG,cnn,mse,isotonic,0.25122537305076775,0.24836194327177036,51.28563029888937,-0.058800675453893544,0.8263538715534733,0.25,0.4138495397093133
easygese:wheatG,wheatG,HAG,cnn,mse,raw,0.29488706015266064,0.2596084474567027,49.09997921854709,0.032463763566383495,0.8041849460417632,0.275,0.45966751537557027
easygese:wheatG,wheatG,HAG,cnn,pearson,affine,0.31338083588497667,0.275994808718589,48.992283495223184,0.034865587882600566,0.808834821062898,0.3125,0.43857757198572783
easygese:wheatG,wheatG,HAG,cnn,pearson,isotonic,0.2892644605726135,0.26806704333644965,51.133708701855596,-0.06619690473571273,0.8181968082624902,0.25,0.40415633296444603
easygese:wheatG,wheatG,HAG,cnn,pearson,raw,0.31338083588497717,0.275994808718589,50.06474937835158,-0.005409225171679877,0.808834821062898,0.3125,0.43857757198572783
easygese:wheatG,wheatG,HAG,mlp,ccc,affine,0.44965132055846224,0.44968134813550514,46.2749532376006,0.13906016076284952,0.8637757702437794,0.325,0.5840595864907578
easygese:wheatG,wheatG,HAG,mlp,ccc,isotonic,0.4348960391716302,0.4429166270905139,47.24972840252385,0.09643451309494101,0.8735139142521007,0.2875,0.5522953653475041
easygese:wheatG,wheatG,HAG,mlp,ccc,raw,0.44965132055846235,0.44968134813550514,52.64347804149575,-0.12329671323925466,0.8637757702437794,0.325,0.5840595864907578
easygese:wheatG,wheatG,HAG,mlp,hybrid,affine,0.4468679226171911,0.4433398896980222,46.31851642574854,0.1373147265791209,0.856628752730785,0.325,0.5542640629562227
easygese:wheatG,wheatG,HAG,mlp,hybrid,isotonic,0.416384290752201,0.4335231720605893,47.793229680293955,0.0792721999106705,0.8701714833897366,0.3375,0.5559652613650786
easygese:wheatG,wheatG,HAG,mlp,hybrid,raw,0.4468679226171911,0.4433398896980222,47.03367621356465,0.10683534581241147,0.856628752730785,0.325,0.5542640629562227
easygese:wheatG,wheatG,HAG,mlp,mse,affine,0.44164848414221397,0.4453970731056732,46.16599109898338,0.14452155272962205,0.8583828475804381,0.3625,0.5733039731560741
easygese:wheatG,wheatG,HAG,mlp,mse,isotonic,0.3940574176587396,0.4362939244006026,48.235496181854806,0.05851056534318448,0.8752654625136449,0.3625,0.5661163476991852
easygese:wheatG,wheatG,HAG,mlp,mse,raw,0.44164848414221397,0.4453970731056732,46.525096956509415,0.1321632664785079,0.8583828475804381,0.3625,0.5733039731560741
easygese:wheatG,wheatG,HAG,mlp,pearson,affine,0.4539941339107223,0.46240454563928496,46.13098778044815,0.14495362924710126,0.8652195440794014,0.35,0.5613808106490061
easygese:wheatG,wheatG,HAG,mlp,pearson,isotonic,0.42917890360734967,0.4519724230291836,47.4338954159569,0.08964607214518797,0.8614611980289203,0.35,0.5413877296556351
easygese:wheatG,wheatG,HAG,mlp,pearson,raw,0.45399413391072213,0.46240454563928496,56.270415088369305,-0.2785932185701868,0.8652195440794014,0.35,0.5613808106490061
easygese:wheatG,wheatG,HAG,transformer,ccc,affine,0.36824953912628205,0.3684476241683936,47.75326739414334,0.08436879234182601,0.8198545618977283,0.3125,0.538505162097804
easygese:wheatG,wheatG,HAG,transformer,ccc,isotonic,0.3382948925874524,0.3671955675805471,49.32170692257514,0.0244869484267188,0.8332222244524121,0.2875,0.45236062938956
easygese:wheatG,wheatG,HAG,transformer,ccc,raw,0.368249539126282,0.3684476241683936,54.52288527901212,-0.1921198064864783,0.8198545618977283,0.3125,0.538505162097804
easygese:wheatG,wheatG,HAG,transformer,hybrid,affine,0.3685828983704357,0.3705159821455406,47.72808926434413,0.08509294306613302,0.8064481220404265,0.2625,0.4560409870723244
easygese:wheatG,wheatG,HAG,transformer,hybrid,isotonic,0.32478598761113264,0.352151212511256,49.79169984912085,0.0019159435805489733,0.8364860130360622,0.2625,0.4855476781334872
easygese:wheatG,wheatG,HAG,transformer,hybrid,raw,0.3685828983704357,0.3705159821455406,49.876277627947545,0.001298968136866696,0.8064481220404265,0.2625,0.4560409870723244
easygese:wheatG,wheatG,HAG,transformer,mse,affine,0.3891491992634607,0.3955554407537016,47.487053236811455,0.09570933707341653,0.8113152148001272,0.275,0.48777605468142493
easygese:wheatG,wheatG,HAG,transformer,mse,isotonic,0.33124509918806566,0.3613668464330042,49.35404745880424,0.021652953922425222,0.8184311386156317,0.2375,0.40955518386243767
easygese:wheatG,wheatG,HAG,transformer,mse,raw,0.38914919926346087,0.3955554407537016,48.23173026464425,0.06591627614834114,0.8113152148001272,0.275,0.48777605468142493
easygese:wheatG,wheatG,HAG,transformer,pearson,affine,0.3703956902111614,0.37415450685809576,47.60355700286486,0.08819034889078456,0.7948387501670994,0.2625,0.4417508545608209
easygese:wheatG,wheatG,HAG,transformer,pearson,isotonic,0.3197610238223415,0.35398486092524123,49.95363290833215,-0.0056741622281265445,0.8408034166223715,0.2625,0.4335005640081212
easygese:wheatG,wheatG,HAG,transformer,pearson,raw,0.3703956902111613,0.37415450685809576,58.329930551943995,-0.43786210199100817,0.7948387501670994,0.2625,0.4417508545608209
easygese:wheatG,wheatG,HD,cnn,ccc,affine,0.43385794125333527,0.38025664146997684,2.895203097431632,0.14627420861438478,0.7333064019860035,0.175,0.3322810049566099
easygese:wheatG,wheatG,HD,cnn,ccc,isotonic,0.41511726301910656,0.3700080070549102,2.9472537482804713,0.1118230209832598,0.7283706323006859,0.1875,0.35785606132860576
easygese:wheatG,wheatG,HD,cnn,ccc,raw,0.43385794125333577,0.38025664146997684,2.987642107722476,0.08475886153310265,0.7333064019860035,0.175,0.3322810049566099
easygese:wheatG,wheatG,HD,cnn,hybrid,affine,0.5544835581975256,0.5167068918619127,2.6804609451683605,0.27469750969732043,0.7821828585308366,0.2625,0.4103042063369501
easygese:wheatG,wheatG,HD,cnn,hybrid,isotonic,0.5282358195427672,0.5050708072663198,2.7771247766017044,0.21901817779196583,0.7842311672330428,0.3,0.4560375865024674
easygese:wheatG,wheatG,HD,cnn,hybrid,raw,0.5544835581975297,0.5167068918619127,3.115168727029354,0.02589397884404717,0.7821828585308366,0.2625,0.4103042063369501
easygese:wheatG,wheatG,HD,cnn,mse,affine,0.23432589836463644,0.1893910657478458,3.082760576233668,0.045729083533482054,0.6613625500182703,0.1625,0.13788926080226588
easygese:wheatG,wheatG,HD,cnn,mse,isotonic,0.12933757361355852,0.1097047161043295,3.189768112080514,-0.021657068217245935,0.6556594533097253,0.2125,0.09404916126176131
easygese:wheatG,wheatG,HD,cnn,mse,raw,0.10913977278913248,0.08806440354311233,3.050113645543923,0.06522432142521765,0.5998781848098153,0.1625,-0.0501373868205226
easygese:wheatG,wheatG,HD,cnn,pearson,affine,0.5470011100933163,0.5032809397874456,2.690453070128183,0.26940301875183403,0.7718860402702392,0.2625,0.4111934451725018
easygese:wheatG,wheatG,HD,cnn,pearson,isotonic,0.5223453883253463,0.47787841313062984,2.7772001025462916,0.21846847590430318,0.7492338765392789,0.25,0.3519615242603523
easygese:wheatG,wheatG,HD,cnn,pearson,raw,0.5470011100933165,0.5032809397874456,3.133097514229271,0.014638052961216253,0.7718860402702392,0.2625,0.4111934451725018
easygese:wheatG,wheatG,HD,mlp,ccc,affine,0.6937715666371493,0.6307236057975485,2.3276543731853723,0.45181646820913446,0.8134224707188373,0.225,0.5173463748893248
easygese:wheatG,wheatG,HD,mlp,ccc,isotonic,0.6697319714233475,0.6291205054016495,2.382621043689377,0.4259205636362469,0.7923018173927002,0.2,0.5137503189569566
easygese:wheatG,wheatG,HD,mlp,ccc,raw,0.6937715666371495,0.6307236057975485,2.4457224160920688,0.39633031938635244,0.8134224707188373,0.225,0.5173463748893248
easygese:wheatG,wheatG,HD,mlp,hybrid,affine,0.6875827042737555,0.6262635279956711,2.3502982423506746,0.4415892689613961,0.8162508705550671,0.2125,0.5046869234728251
easygese:wheatG,wheatG,HD,mlp,hybrid,isotonic,0.6715158511995434,0.618047805585792,2.3771307296767885,0.4289757269856474,0.7988914465466043,0.2375,0.5018638600904299
easygese:wheatG,wheatG,HD,mlp,hybrid,raw,0.6875827042737553,0.6262635279956711,2.3253118258052803,0.4542681012989364,0.8162508705550671,0.2125,0.5046869234728251
easygese:wheatG,wheatG,HD,mlp,mse,affine,0.7003295518748424,0.6408792171908706,2.306167169616264,0.461344619828286,0.8222757129427309,0.2125,0.5415090218460017
easygese:wheatG,wheatG,HD,mlp,mse,isotonic,0.6603695340170261,0.6310096754639016,2.4035491939165756,0.4152449027110185,0.796223599985864,0.175,0.4629380965039867
easygese:wheatG,wheatG,HD,mlp,mse,raw,0.7003295518748424,0.6408792171908706,2.2549292342539933,0.4860844058887416,0.8222757129427309,0.2125,0.5415090218460017
easygese:wheatG,wheatG,HD,mlp,pearson,affine,0.6976539398145561,0.643810661666961,2.3155679217739857,0.4574034729420191,0.8105198479399714,0.2375,0.506711142177331
easygese:wheatG,wheatG,HD,mlp,pearson,isotonic,0.6837429542467857,0.641882331417507,2.3331509971742754,0.44932513130491003,0.794064117156664,0.25,0.49663830116028096
easygese:wheatG,wheatG,HD,mlp,pearson,raw,0.6976539398145563,0.643810661666961,2.530528651356863,0.348945331316303,0.8105198479399714,0.2375,0.506711142177331
easygese:wheatG,wheatG,HD,transformer,ccc,affine,0.5825185972231501,0.5258585451499214,2.6447935276038366,0.2948998010335532,0.7960613487524979,0.25,0.4481913281654447
easygese:wheatG,wheatG,HD,transformer,ccc,isotonic,0.5734754873238882,0.5220802363635016,2.667926114510059,0.28135449251529493,0.8015600200231244,0.225,0.40195170237994365
easygese:wheatG,wheatG,HD,transformer,ccc,raw,0.5825185972231502,0.5258585451499214,2.7306433426292047,0.24586178274882609,0.7960613487524979,0.25,0.4481913281654447
easygese:wheatG,wheatG,HD,transformer,hybrid,affine,0.5812822922501016,0.5204607021603367,2.635583709428481,0.2992021597179467,0.8030756918729978,0.275,0.4769651326479818
easygese:wheatG,wheatG,HD,transformer,hybrid,isotonic,0.5574968993048735,0.5095509980145361,2.7103214812792187,0.2574300707009821,0.7930372730916528,0.2875,0.4025379192421199
easygese:wheatG,wheatG,HD,transformer,hybrid,raw,0.5812822922501015,0.5204607021603367,2.6693573921570106,0.2795409644467582,0.8030756918729978,0.275,0.4769651326479818
easygese:wheatG,wheatG,HD,transformer,mse,affine,0.5744635533933496,0.5216738680498997,2.6542198540948396,0.28830140354312583,0.7845385449096324,0.2625,0.47081028987416723
easygese:wheatG,wheatG,HD,transformer,mse,isotonic,0.5564669840601169,0.5133964392585567,2.7063632089848593,0.260106356705211,0.7513213111916375,0.2375,0.4138934478406207
easygese:wheatG,wheatG,HD,transformer,mse,raw,0.5744635533933498,0.5216738680498997,2.683323570627826,0.27225663973739644,0.7845385449096324,0.2625,0.47081028987416723
easygese:wheatG,wheatG,HD,transformer,pearson,affine,0.5897929226009715,0.5285356125522237,2.6136090750210252,0.31048842793694875,0.828978071361574,0.3375,0.5329866987249781
easygese:wheatG,wheatG,HD,transformer,pearson,isotonic,0.5644541274183111,0.5178737850543635,2.682643746092969,0.2713492417027384,0.8221315222259177,0.275,0.44708312734633876
easygese:wheatG,wheatG,HD,transformer,pearson,raw,0.5897929226009716,0.5285356125522237,5.293855014138247,-1.8790618414660123,0.828978071361574,0.3375,0.5329866987249781
easygese:wheatG,wheatG,PC,cnn,ccc,affine,0.4936603475082686,0.5145003482615185,0.5176630996165984,0.21436187435027348,0.6879307786281648,0.3625,0.45461061594965474
easygese:wheatG,wheatG,PC,cnn,ccc,isotonic,0.472525957508873,0.4946447422647373,0.524505809641851,0.19383388481161634,0.6841502558770519,0.3125,0.39198593610752186
easygese:wheatG,wheatG,PC,cnn,ccc,raw,0.4936603475082687,0.5145003482615185,0.5687728448258043,0.01760963868367087,0.6879307786281648,0.3625,0.45461061594965474
easygese:wheatG,wheatG,PC,cnn,hybrid,affine,0.5172532966635541,0.5431702115189277,0.5091658792475379,0.24290666887891676,0.6814828551609792,0.3625,0.456394560036427
easygese:wheatG,wheatG,PC,cnn,hybrid,isotonic,0.514136754177933,0.5360310030454294,0.5147605183030195,0.22846416117560783,0.6597919786401991,0.3125,0.4014115487382968
easygese:wheatG,wheatG,PC,cnn,hybrid,raw,0.5172532966635539,0.5431702115189277,0.5758735587886382,0.035092273281679784,0.6814828551609792,0.3625,0.456394560036427
easygese:wheatG,wheatG,PC,cnn,mse,affine,0.45595117724229717,0.47232871346235344,0.5285688069506772,0.17863934104256818,0.6623954401019463,0.35,0.4232272713722726
easygese:wheatG,wheatG,PC,cnn,mse,isotonic,0.4103404232809516,0.4657541238975108,0.539840806029202,0.14100240252065532,0.64761123660023,0.325,0.40958221902467457
easygese:wheatG,wheatG,PC,cnn,mse,raw,0.4559511772422978,0.47232871346235344,0.5720900571648713,0.02293074468781998,0.6623954401019463,0.35,0.4232272713722726
easygese:wheatG,wheatG,PC,cnn,pearson,affine,0.5173002707355968,0.5373957031170635,0.5129204788430642,0.23420105132104047,0.6920334945148118,0.3625,0.47666343954304463
easygese:wheatG,wheatG,PC,cnn,pearson,isotonic,0.49820579992066544,0.5307679164665433,0.5258473159794901,0.1997197155934331,0.6989409159803712,0.3625,0.4592181411809403
easygese:wheatG,wheatG,PC,cnn,pearson,raw,0.517300270735597,0.5373957031170635,0.5826927967637798,0.012475490130655131,0.6920334945148118,0.3625,0.47666343954304463
easygese:wheatG,wheatG,PC,mlp,ccc,affine,0.6652289033744541,0.6568409887752071,0.45290561853205125,0.40153072010306146,0.7885161572062318,0.4625,0.6380977041643991
easygese:wheatG,wheatG,PC,mlp,ccc,isotonic,0.6239682117389622,0.6503307119506448,0.48712980855453375,0.2939323403634458,0.7686031223160746,0.475,0.6226200476129788
easygese:wheatG,wheatG,PC,mlp,ccc,raw,0.6652289033744543,0.6568409887752071,0.4628257752019926,0.36507646443790437,0.7885161572062318,0.4625,0.6380977041643991
easygese:wheatG,wheatG,PC,mlp,hybrid,affine,0.6511923739373091,0.6441184145599868,0.46047535178775245,0.3801250830475866,0.7588929225964103,0.4375,0.5816959284493527
easygese:wheatG,wheatG,PC,mlp,hybrid,isotonic,0.5949289931986211,0.6307527010910536,0.5017946391304047,0.2543660793529051,0.734566406151859,0.4625,0.5954560045726198
easygese:wheatG,wheatG,PC,mlp,hybrid,raw,0.6511923739373091,0.6441184145599868,0.4593864233991914,0.379669284695097,0.7588929225964103,0.4375,0.5816959284493527
easygese:wheatG,wheatG,PC,mlp,mse,affine,0.6498604718509742,0.6455619856688969,0.4582548195943118,0.38543316742447054,0.772291284173141,0.4375,0.5991894154543285
easygese:wheatG,wheatG,PC,mlp,mse,isotonic,0.6296269386527156,0.6445667868030764,0.48086869606767024,0.311843157239024,0.7501603623264853,0.475,0.6098707403594161
easygese:wheatG,wheatG,PC,mlp,mse,raw,0.6498604718509741,0.6455619856688969,0.45210723818193016,0.39999878749866113,0.772291284173141,0.4375,0.5991894154543285
easygese:wheatG,wheatG,PC,mlp,pearson,affine,0.6475230915840597,0.6388767551520393,0.4607944501762414,0.37711514709502836,0.7656473369654793,0.475,0.6102922485743448
easygese:wheatG,wheatG,PC,mlp,pearson,isotonic,0.6006750579662303,0.6294266126891193,0.5031623553438214,0.2437962201324174,0.7332183243167908,0.45,0.5901886525199017
easygese:wheatG,wheatG,PC,mlp,pearson,raw,0.6475230915840599,0.6388767551520393,0.696650329337776,-1.2231001997788007,0.7656473369654793,0.475,0.6102922485743448
easygese:wheatG,wheatG,PC,transformer,ccc,affine,0.5513196745215172,0.5437798163322476,0.5029179209299544,0.26425465073802007,0.6567876102696253,0.3875,0.4720384027975889
easygese:wheatG,wheatG,PC,transformer,ccc,isotonic,0.5148899406658701,0.5489241587930793,0.5422569712072388,0.12875088906543702,0.6472537838250286,0.45,0.5250865576907788
easygese:wheatG,wheatG,PC,transformer,ccc,raw,0.5513196745215172,0.5437798163322476,0.5673568328700822,0.032350728904373446,0.6567876102696253,0.3875,0.4720384027975889
easygese:wheatG,wheatG,PC,transformer,hybrid,affine,0.5607990701227024,0.5578191217408948,0.5013491024369212,0.26791228912605175,0.6793128648343412,0.3875,0.4986189607279147
easygese:wheatG,wheatG,PC,transformer,hybrid,isotonic,0.5269345163816717,0.5434702410655291,0.5234168716063133,0.1986845153343882,0.6747853400431142,0.425,0.5087707566154045
easygese:wheatG,wheatG,PC,transformer,hybrid,raw,0.5607990701227024,0.5578191217408948,0.519274631084563,0.20107668737373988,0.6793128648343412,0.3875,0.4986189607279147
easygese:wheatG,wheatG,PC,transformer,mse,affine,0.564305374627674,0.5581213105844723,0.4996021824612672,0.270894786722212,0.7041101677937227,0.45,0.5442141502568717
easygese:wheatG,wheatG,PC,transformer,mse,isotonic,0.5246465741898003,0.547930227362985,0.513166772727607,0.22696815271064047,0.7048596110852039,0.3875,0.4512092770282107
easygese:wheatG,wheatG,PC,transformer,mse,raw,0.5643053746276742,0.5581213105844723,0.4991944967945335,0.26759539571452984,0.7041101677937227,0.45,0.5442141502568717
easygese:wheatG,wheatG,PC,transformer,pearson,affine,0.5702260806650032,0.5733098540727524,0.4953789070412178,0.2840143909600445,0.6938549331161558,0.4625,0.527791334726812
easygese:wheatG,wheatG,PC,transformer,pearson,isotonic,0.5358877027977221,0.568937915243753,0.5140386951383682,0.23045416287040138,0.682953322594661,0.425,0.5314766282143978
easygese:wheatG,wheatG,PC,transformer,pearson,raw,0.5702260806650034,0.5733098540727524,0.9972298003358041,-2.0564997558602025,0.6938549331161558,0.4625,0.527791334726812
easygese:wheatG,wheatG,PH,cnn,ccc,affine,0.5241764306217259,0.5330576870058502,7.786124648047307,0.24182105119357952,0.7297495393284696,0.3125,0.46117545695016304
easygese:wheatG,wheatG,PH,cnn,ccc,isotonic,0.5072371869500484,0.5173749742445336,7.938045732368602,0.21267956542841632,0.6943435454223429,0.2875,0.4138736187819673
easygese:wheatG,wheatG,PH,cnn,ccc,raw,0.5241764306217258,0.5330576870058502,8.051082969395368,0.185013317117204,0.7297495393284696,0.3125,0.46117545695016304
easygese:wheatG,wheatG,PH,cnn,hybrid,affine,0.6998162415956142,0.6848487493992816,6.529827338595082,0.4600918226348507,0.8502420728306497,0.4125,0.6901393157646398
easygese:wheatG,wheatG,PH,cnn,hybrid,isotonic,0.6749198498185361,0.672122947788774,6.799293653544145,0.41211900751464564,0.8174193520763279,0.425,0.6849512006574268
easygese:wheatG,wheatG,PH,cnn,hybrid,raw,0.6998162415956145,0.6848487493992816,8.721071970345502,0.057362643928811984,0.8502420728306497,0.4125,0.6901393157646398
easygese:wheatG,wheatG,PH,cnn,mse,affine,0.6027534964648198,0.5990313522964243,7.1956476493759665,0.34545911653319145,0.7719620267433893,0.325,0.5263393335820405
easygese:wheatG,wheatG,PH,cnn,mse,isotonic,0.5851441206165153,0.6008896200531358,7.433070857414554,0.3021355390039255,0.7342185042207734,0.3625,0.5559214537889288
easygese:wheatG,wheatG,PH,cnn,mse,raw,0.6027534964648193,0.5990313522964243,7.372873324070662,0.30940709594186455,0.7719620267433893,0.325,0.5263393335820405
easygese:wheatG,wheatG,PH,cnn,pearson,affine,0.6875657391944003,0.6761075975067888,6.656100340008517,0.43856832779948407,0.8392573524731699,0.4125,0.6725498377319296
easygese:wheatG,wheatG,PH,cnn,pearson,isotonic,0.6712413125087237,0.6742497600848567,6.846448892251321,0.4041292019355079,0.7951114244988888,0.425,0.6702790029726999
easygese:wheatG,wheatG,PH,cnn,pearson,raw,0.6875657391943999,0.6761075975067888,8.775405191514494,0.045641928377026866,0.8392573524731699,0.4125,0.6725498377319296
easygese:wheatG,wheatG,PH,mlp,ccc,affine,0.8047121890353806,0.7901700425255824,5.409118924223217,0.6351898129173046,0.880045227576382,0.4625,0.7642551830348627
easygese:wheatG,wheatG,PH,mlp,ccc,isotonic,0.7800660280379593,0.7882457559957979,5.723975972775782,0.5909269539242019,0.8505105203170246,0.4625,0.7593288747335085
easygese:wheatG,wheatG,PH,mlp,ccc,raw,0.8047121890353808,0.7901700425255824,5.51351229854116,0.6196666874513098,0.880045227576382,0.4625,0.7642551830348627
easygese:wheatG,wheatG,PH,mlp,hybrid,affine,0.8010228041023895,0.7882230683740948,5.453442318221566,0.6285903226089073,0.8726614114786262,0.45,0.752981831052663
easygese:wheatG,wheatG,PH,mlp,hybrid,isotonic,0.7821578265271365,0.7832095588409971,5.708936125876204,0.5914516735254656,0.8501917791045235,0.4875,0.7617320015587139
easygese:wheatG,wheatG,PH,mlp,hybrid,raw,0.8010228041023895,0.7882230683740948,5.556993086574958,0.61462270040529,0.8726614114786262,0.45,0.752981831052663
easygese:wheatG,wheatG,PH,mlp,mse,affine,0.8054609872506455,0.7862992653437991,5.396096269296817,0.6360996440671249,0.873551366985686,0.45,0.7430297013447125
easygese:wheatG,wheatG,PH,mlp,mse,isotonic,0.7778889598260983,0.7734063196007093,5.736203017148975,0.5884876464810314,0.8246240284335705,0.4375,0.7270134137573174
easygese:wheatG,wheatG,PH,mlp,mse,raw,0.8054609872506455,0.7862992653437991,5.34535812540801,0.6429962169711205,0.873551366985686,0.45,0.7430297013447125
easygese:wheatG,wheatG,PH,mlp,pearson,affine,0.8023417323429556,0.7888099871671275,5.435112920312784,0.6311456376662293,0.8781248723935804,0.45,0.7584157497792813
easygese:wheatG,wheatG,PH,mlp,pearson,isotonic,0.7742277988680089,0.7842692613902056,5.81899273424784,0.577156993349534,0.8443017459104555,0.475,0.7601612872145178
easygese:wheatG,wheatG,PH,mlp,pearson,raw,0.8023417323429557,0.7888099871671275,6.816864278380092,0.40751709607664555,0.8781248723935804,0.45,0.7584157497792813
easygese:wheatG,wheatG,PH,transformer,ccc,affine,0.7648108743233998,0.7511550956066311,5.897793983142745,0.5662561912345954,0.8282245583892947,0.3625,0.6811197550762804
easygese:wheatG,wheatG,PH,transformer,ccc,isotonic,0.7375543538010293,0.7528437333598892,6.226360762091546,0.512055238226053,0.8006481366470087,0.3875,0.6884086490170442
easygese:wheatG,wheatG,PH,transformer,ccc,raw,0.7648108743233996,0.7511550956066311,6.268527858235676,0.508200145737786,0.8282245583892947,0.3625,0.6811197550762804
easygese:wheatG,wheatG,PH,transformer,hybrid,affine,0.7596733324077957,0.749038135193173,5.947040487182345,0.558630931184137,0.8253496618722609,0.4,0.6818482852845316
easygese:wheatG,wheatG,PH,transformer,hybrid,isotonic,0.7426723698195368,0.7409360765007056,6.1698332911520035,0.5207137119242726,0.806744398818448,0.425,0.7002467405211579
easygese:wheatG,wheatG,PH,transformer,hybrid,raw,0.7596733324077958,0.749038135193173,5.943331737080509,0.559675820420097,0.8253496618722609,0.4,0.6818482852845316
easygese:wheatG,wheatG,PH,transformer,mse,affine,0.7626655329757634,0.7500510064647722,5.9117701108617355,0.5637587964210401,0.818386969001333,0.3875,0.662613150824779
easygese:wheatG,wheatG,PH,transformer,mse,isotonic,0.7446811521233334,0.7511661066775902,6.172363224452496,0.5221270809718096,0.8041319234389253,0.4375,0.7047336851142316
easygese:wheatG,wheatG,PH,transformer,mse,raw,0.7626655329757631,0.7500510064647722,5.929228977451752,0.5614897621796157,0.818386969001333,0.3875,0.662613150824779
easygese:wheatG,wheatG,PH,transformer,pearson,affine,0.7645434917957811,0.7487491898492316,5.920595623932842,0.5629721309749596,0.8266831182787648,0.4,0.6916315556186547
easygese:wheatG,wheatG,PH,transformer,pearson,isotonic,0.7379309456605354,0.7463151569653005,6.2037812400737735,0.515853665752086,0.8037054647275286,0.4,0.6942173867754334
easygese:wheatG,wheatG,PH,transformer,pearson,raw,0.7645434917957811,0.7487491898492316,11.747655086687217,-0.76513920934572,0.8266831182787648,0.4,0.6916315556186547
easygese:wheatG,wheatG,SDS,cnn,ccc,affine,0.4327988445287546,0.4360988377132652,10.7930308894279,0.10201800899727205,0.8278968042686199,0.375,0.527862090872191
easygese:wheatG,wheatG,SDS,cnn,ccc,isotonic,0.4035792811132307,0.4192206328076925,10.922849657917931,0.08086990010768753,0.8025974183207671,0.3125,0.4769598530951842
easygese:wheatG,wheatG,SDS,cnn,ccc,raw,0.4327988445287546,0.4360988377132652,11.3019329682585,0.013505573284720717,0.8278968042686199,0.375,0.527862090872191
easygese:wheatG,wheatG,SDS,cnn,hybrid,affine,0.5450481224682775,0.508462420483476,9.965469201201698,0.23867924623622033,0.8466958743952866,0.35,0.5632352326249008
easygese:wheatG,wheatG,SDS,cnn,hybrid,isotonic,0.5201656026774064,0.4928375981246774,10.18648970302951,0.19747496213825552,0.8081245272827473,0.3,0.47288516754165677
easygese:wheatG,wheatG,SDS,cnn,hybrid,raw,0.5450481224682772,0.508462420483476,11.359535664392164,0.016918698809299516,0.8466958743952866,0.35,0.5632352326249008
easygese:wheatG,wheatG,SDS,cnn,mse,affine,0.4320437816780636,0.416296748529406,10.79747431550096,0.09218047527343717,0.8099932468783152,0.3125,0.48564500697060087
easygese:wheatG,wheatG,SDS,cnn,mse,isotonic,0.40280756827744046,0.4130972037623879,10.987365615847528,0.0567169659384546,0.7824682599404189,0.3,0.46745311143252105
easygese:wheatG,wheatG,SDS,cnn,mse,raw,0.4320437816780639,0.416296748529406,11.043867506526112,0.05789629092355368,0.8099932468783152,0.3125,0.48564500697060087
easygese:wheatG,wheatG,SDS,cnn,pearson,affine,0.5219310236083963,0.4798180046460917,10.175015032016134,0.1961131308352366,0.8359276990261133,0.325,0.5354224855304606
easygese:wheatG,wheatG,SDS,cnn,pearson,isotonic,0.504043581117918,0.47130849727873525,10.302001634488997,0.1710846857842919,0.8006219463352705,0.275,0.5018331610653688
easygese:wheatG,wheatG,SDS,cnn,pearson,raw,0.5219310236083957,0.4798180046460917,11.469321549440703,-0.003296583667153974,0.8359276990261133,0.325,0.5354224855304606
easygese:wheatG,wheatG,SDS,mlp,ccc,affine,0.734572940990776,0.6810456656174526,7.9249596005564005,0.510865211117333,0.8970761960208792,0.45,0.7115198484284588
easygese:wheatG,wheatG,SDS,mlp,ccc,isotonic,0.7107212511199804,0.6795063391532781,8.285907610813691,0.4613654925196985,0.9018920822361565,0.45,0.6757497110672933
easygese:wheatG,wheatG,SDS,mlp,ccc,raw,0.734572940990776,0.6810456656174526,8.234669982953006,0.46407444024700845,0.8970761960208792,0.45,0.7115198484284588
easygese:wheatG,wheatG,SDS,mlp,hybrid,affine,0.7414324014023703,0.690013351790367,7.825507301752667,0.5252039620886102,0.9081458932035563,0.475,0.7371581900387069
easygese:wheatG,wheatG,SDS,mlp,hybrid,isotonic,0.7241546679998843,0.6899799622526078,8.112395373171474,0.4901357637894403,0.8961374367096239,0.4375,0.7224285803788895
easygese:wheatG,wheatG,SDS,mlp,hybrid,raw,0.7414324014023703,0.690013351790367,7.803250720334525,0.5272567367126134,0.9081458932035563,0.475,0.7371581900387069
easygese:wheatG,wheatG,SDS,mlp,mse,affine,0.7473897602061,0.6987307217249583,7.735085277677054,0.5343236839759635,0.8973213539482169,0.475,0.7204655749530823
easygese:wheatG,wheatG,SDS,mlp,mse,isotonic,0.7288216454620385,0.689934355352628,8.027894738149797,0.4946782086884488,0.8800123780558538,0.4625,0.7199445423336429
easygese:wheatG,wheatG,SDS,mlp,mse,raw,0.7473897602061002,0.6987307217249583,7.690437621703985,0.5371515937497989,0.8973213539482169,0.475,0.7204655749530823
easygese:wheatG,wheatG,SDS,mlp,pearson,affine,0.7355869643999755,0.686564645336041,7.894473472304966,0.5173693534049197,0.9020912461175932,0.475,0.7182863767244945
easygese:wheatG,wheatG,SDS,mlp,pearson,isotonic,0.7183281004173752,0.6772114259423623,8.213473395400587,0.47763633707267816,0.8951643585975342,0.425,0.6532564678768511
easygese:wheatG,wheatG,SDS,mlp,pearson,raw,0.7355869643999757,0.686564645336041,10.424751769632833,0.12157055125289962,0.9020912461175932,0.475,0.7182863767244945
easygese:wheatG,wheatG,SDS,transformer,ccc,affine,0.6272975293967472,0.5732948051095057,9.050689846621138,0.36392258272340927,0.8655480377358702,0.45,0.6550289786852176
easygese:wheatG,wheatG,SDS,transformer,ccc,isotonic,0.6043021265566314,0.5678051932335371,9.27720395291224,0.3277856942355896,0.8688561739413186,0.4375,0.6255653690699696
easygese:wheatG,wheatG,SDS,transformer,ccc,raw,0.6272975293967471,0.5732948051095057,9.687400409542793,0.2656517799430756,0.8655480377358702,0.45,0.6550289786852176
easygese:wheatG,wheatG,SDS,transformer,hybrid,affine,0.6303601881548013,0.5752603847293885,9.019169664585387,0.3671207327286277,0.8645770647099408,0.425,0.6299036745271992
easygese:wheatG,wheatG,SDS,transformer,hybrid,isotonic,0.6106827901420449,0.567322945543988,9.200556439522746,0.3392952112122851,0.8404409183891367,0.3375,0.5154146748463886
easygese:wheatG,wheatG,SDS,transformer,hybrid,raw,0.6303601881548013,0.5752603847293885,9.212534510478758,0.33586655090992434,0.8645770647099408,0.425,0.6299036745271992
easygese:wheatG,wheatG,SDS,transformer,mse,affine,0.6505958826861957,0.600443391476996,8.819983245434683,0.39291489443734146,0.875907154806192,0.4375,0.6767502454030535
easygese:wheatG,wheatG,SDS,transformer,mse,isotonic,0.6219733261498067,0.5951628786172625,9.081605204168039,0.3529313477513069,0.8681743469804667,0.375,0.5958451163561913
easygese:wheatG,wheatG,SDS,transformer,mse,raw,0.6505958826861957,0.600443391476996,8.753656841807237,0.40010882003456594,0.875907154806192,0.4375,0.6767502454030535
easygese:wheatG,wheatG,SDS,transformer,pearson,affine,0.6352749372678487,0.5809684712531459,8.967766195916084,0.3750118639326093,0.870863925641529,0.45,0.6630088465143471
easygese:wheatG,wheatG,SDS,transformer,pearson,isotonic,0.6081530780887696,0.5796717636831648,9.233605442362478,0.3316497316934971,0.8736324546255437,0.4,0.6182005873064219
easygese:wheatG,wheatG,SDS,transformer,pearson,raw,0.6352749372678487,0.5809684712531459,10.038783777082347,0.1930184968133699,0.870863925641529,0.45,0.6630088465143471
easygese:wheatG,wheatG,SEP,cnn,ccc,affine,0.3307965894125451,0.3695603296188241,2.9011365626472534,0.007128238892653049,0.5274744396721327,0.2,0.28162117254956254
easygese:wheatG,wheatG,SEP,cnn,ccc,isotonic,0.3303264006771359,0.35925965307125657,2.948868504378475,-0.028573979129851747,0.48171774193142136,0.1625,0.19631805989938356
easygese:wheatG,wheatG,SEP,cnn,ccc,raw,0.330796589412545,0.3695603296188241,2.948854393038117,-0.03265590971005148,0.5274744396721327,0.2,0.28162117254956254
easygese:wheatG,wheatG,SEP,cnn,hybrid,affine,0.304918166925856,0.34518679023999066,2.9155688462887563,-0.0014237992201703077,0.4814416054132534,0.15,0.18312525046254408
easygese:wheatG,wheatG,SEP,cnn,hybrid,isotonic,0.29014194886128214,0.35215864272480923,2.9733298304961577,-0.04380873031029747,0.5192829442119397,0.175,0.2151586547060834
easygese:wheatG,wheatG,SEP,cnn,hybrid,raw,0.3049181669258561,0.34518679023999066,2.944636762652279,-0.011592183119846744,0.4814416054132534,0.15,0.18312525046254408
easygese:wheatG,wheatG,SEP,cnn,mse,affine,0.30845029801247875,0.3521911232639544,2.924234757827765,-0.007290946100463669,0.4861098664053669,0.175,0.19070801022581807
easygese:wheatG,wheatG,SEP,cnn,mse,isotonic,0.27462202243119227,0.2969080116475286,2.970226953522586,-0.04689151247163879,0.47406528384923846,0.1625,0.15821037961554882
easygese:wheatG,wheatG,SEP,cnn,mse,raw,0.260550427333296,0.3049772114484957,2.8828751984451677,0.026375492575393955,0.46986856999589516,0.15,0.1509994697829804
easygese:wheatG,wheatG,SEP,cnn,pearson,affine,0.2989792825105585,0.3335580546224083,2.9288281306166164,-0.010484237453704793,0.4860339539979079,0.1625,0.21344500797398505
easygese:wheatG,wheatG,SEP,cnn,pearson,isotonic,0.29767482153823777,0.332106868403595,2.9746739617617917,-0.044047020523255785,0.5148269242425958,0.175,0.2501485236961601
easygese:wheatG,wheatG,SEP,cnn,pearson,raw,0.29897928251055855,0.3335580546224083,2.949897523757388,-0.01562507564297839,0.4860339539979079,0.1625,0.21344500797398505
easygese:wheatG,wheatG,SEP,mlp,ccc,affine,0.46406308302273847,0.5162031347346356,2.7316342949717796,0.1122636230577598,0.55088236497122,0.2375,0.31850492069418
easygese:wheatG,wheatG,SEP,mlp,ccc,isotonic,0.453841695877298,0.5066979905939462,2.759118524800233,0.09663421653844304,0.5629369380904665,0.2,0.27362612243581286
easygese:wheatG,wheatG,SEP,mlp,ccc,raw,0.46406308302273835,0.5162031347346356,2.977504816068736,-0.0803241276132657,0.55088236497122,0.2375,0.31850492069418
easygese:wheatG,wheatG,SEP,mlp,hybrid,affine,0.46933579135506953,0.5142152433585194,2.7233777958727696,0.11932853792541658,0.5626806428503761,0.275,0.3392270980444711
easygese:wheatG,wheatG,SEP,mlp,hybrid,isotonic,0.45704583062660953,0.5118807135498579,2.752816014709114,0.10557796924842452,0.5515452519157835,0.3,0.3674599248178113
easygese:wheatG,wheatG,SEP,mlp,hybrid,raw,0.46933579135506953,0.5142152433585194,2.770099843640744,0.09301183190176418,0.5626806428503761,0.275,0.3392270980444711
easygese:wheatG,wheatG,SEP,mlp,mse,affine,0.46292313832045473,0.49712544024674177,2.7353708582684915,0.11478453904781165,0.5710815657792224,0.225,0.3233228323523754
easygese:wheatG,wheatG,SEP,mlp,mse,isotonic,0.43506202513166004,0.4952318338072188,2.7915745565710943,0.07720956413224395,0.5704848573959825,0.225,0.2886776969401231
easygese:wheatG,wheatG,SEP,mlp,mse,raw,0.46292313832045473,0.49712544024674177,2.6983708908790445,0.13993571442656616,0.5710815657792224,0.225,0.3233228323523754
easygese:wheatG,wheatG,SEP,mlp,pearson,affine,0.4720241058859198,0.5203255240468845,2.720595060047709,0.11991969279727002,0.5594897917672863,0.2625,0.3351060539148979
easygese:wheatG,wheatG,SEP,mlp,pearson,isotonic,0.44952705912065516,0.4948592711092779,2.7682092590517104,0.09474930281733489,0.5578979107029522,0.2375,0.2989954051594524
easygese:wheatG,wheatG,SEP,mlp,pearson,raw,0.4720241058859198,0.5203255240468845,3.0468536368278385,-0.11680260997134062,0.5594897917672863,0.2625,0.3351060539148979
easygese:wheatG,wheatG,SEP,transformer,ccc,affine,0.41580974362406853,0.4377807550904819,2.787652989897839,0.08334827369662537,0.6181840331230394,0.35,0.39226885281386786
easygese:wheatG,wheatG,SEP,transformer,ccc,isotonic,0.3803543862162471,0.42218975829425726,2.86617460156747,0.026742184228315202,0.6142647695394893,0.3,0.310068072763098
easygese:wheatG,wheatG,SEP,transformer,ccc,raw,0.4158097436240686,0.4377807550904819,3.1083575803906958,-0.17701879182590013,0.6181840331230394,0.35,0.39226885281386786
easygese:wheatG,wheatG,SEP,transformer,hybrid,affine,0.3885422958222084,0.4089251868164297,2.832791778366568,0.05004572847457076,0.5777002602651999,0.325,0.3130280326744464
easygese:wheatG,wheatG,SEP,transformer,hybrid,isotonic,0.368417343709883,0.39953653620924345,2.906487373410631,-0.007353450643379389,0.5646193201125719,0.3125,0.2904824520516249
easygese:wheatG,wheatG,SEP,transformer,hybrid,raw,0.3885422958222084,0.4089251868164297,2.8920442615133233,0.008744613622033747,0.5777002602651999,0.325,0.3130280326744464
easygese:wheatG,wheatG,SEP,transformer,mse,affine,0.395510174284734,0.40936957227880316,2.8262411841390005,0.05766678174873473,0.5985763978399627,0.3625,0.3489929771833264
easygese:wheatG,wheatG,SEP,transformer,mse,isotonic,0.37142785489543184,0.39080513048343757,2.9020333569710544,0.0017323322349191872,0.5877021766168251,0.3125,0.308203495676941
easygese:wheatG,wheatG,SEP,transformer,mse,raw,0.39551017428473406,0.40936957227880316,2.8801024233030312,0.011311990467609112,0.5985763978399627,0.3625,0.3489929771833264
easygese:wheatG,wheatG,SEP,transformer,pearson,affine,0.3725565404340341,0.39961871718332614,2.8635974264238944,0.030397693513497692,0.592054957368138,0.325,0.33064361898847394
easygese:wheatG,wheatG,SEP,transformer,pearson,isotonic,0.3318126449429267,0.38072500723354874,2.9726444047768283,-0.048213767974955066,0.5526858019858173,0.3,0.2842429991786613
easygese:wheatG,wheatG,SEP,transformer,pearson,raw,0.37255654043403413,0.39961871718332614,3.527349817849701,-0.5426170864212823,0.592054957368138,0.325,0.33064361898847394
easygese:wheatG,wheatG,STC,cnn,ccc,affine,0.3811971887688137,0.263907357869444,0.7459879966066365,0.09288057696511881,0.7845631784707964,0.1625,0.30565966104023135
easygese:wheatG,wheatG,STC,cnn,ccc,isotonic,0.36695470789837137,0.2684698296747796,0.7503970781389537,0.07490923356925748,0.7855610756118289,0.1375,0.33729386502413977
easygese:wheatG,wheatG,STC,cnn,ccc,raw,0.3811971887688139,0.263907357869444,0.8546743862384476,-0.20504250593059173,0.7845631784707964,0.1625,0.30565966104023135
easygese:wheatG,wheatG,STC,cnn,hybrid,affine,0.45581319686022326,0.36360570386462066,0.712280949025133,0.1702028210598919,0.8251382003363474,0.3,0.3977636158478375
easygese:wheatG,wheatG,STC,cnn,hybrid,isotonic,0.42486169877468305,0.3544206965991143,0.7420839894126919,0.09591136904384223,0.805500184160749,0.2625,0.39394308718738963
easygese:wheatG,wheatG,STC,cnn,hybrid,raw,0.45581319686022354,0.36360570386462066,0.7882652622759497,-0.011723348341774086,0.8251382003363474,0.3,0.3977636158478375
easygese:wheatG,wheatG,STC,cnn,mse,affine,0.05851655117829822,0.04156298524726417,0.7941965198476004,-0.024750533124309516,0.6953360375938011,0.1625,0.06403511395379108
easygese:wheatG,wheatG,STC,cnn,mse,isotonic,0.08515891888418273,0.08758628397742531,0.8346450437508304,-0.1482654714436325,0.6853053033123553,0.1375,0.04901585515828314
easygese:wheatG,wheatG,STC,cnn,mse,raw,0.07513033693535955,0.06321036538565053,0.7902219092703049,-0.01524597839766354,0.7047316564604069,0.1875,0.07445817959072608
easygese:wheatG,wheatG,STC,cnn,pearson,affine,0.44858383729159373,0.3545446274357195,0.7156844181663606,0.15919716733069866,0.8098522572666841,0.25,0.36170417908007896
easygese:wheatG,wheatG,STC,cnn,pearson,isotonic,0.42109378928561403,0.3574869796801665,0.7385956528774665,0.10377330841653491,0.7544152631409643,0.2,0.2684261446315859
easygese:wheatG,wheatG,STC,cnn,pearson,raw,0.4485838372915903,0.3545446274357195,0.7875823718794385,-0.00853139518047077,0.8098522572666841,0.25,0.36170417908007896
easygese:wheatG,wheatG,STC,mlp,ccc,affine,0.5317496541451352,0.5165537336958606,0.6771696265722786,0.24209951513968977,0.8485843047269285,0.3125,0.546467392659582
easygese:wheatG,wheatG,STC,mlp,ccc,isotonic,0.5163069649392483,0.5207481891401218,0.6962850139774246,0.19257642327128272,0.8501417087434426,0.325,0.5798506955422049
easygese:wheatG,wheatG,STC,mlp,ccc,raw,0.5317496541451353,0.5165537336958606,0.747894334841322,0.07301139056942277,0.8485843047269285,0.3125,0.546467392659582
easygese:wheatG,wheatG,STC,mlp,hybrid,affine,0.5357539697444751,0.5306674620956741,0.6741922969533767,0.24829472019283347,0.8654446079952052,0.3125,0.572508361986841
easygese:wheatG,wheatG,STC,mlp,hybrid,isotonic,0.5257377252368676,0.5260188631892956,0.6846430009453384,0.22088689785374288,0.8700579376583993,0.3125,0.5592664613308134
easygese:wheatG,wheatG,STC,mlp,hybrid,raw,0.5357539697444755,0.5306674620956741,0.7093094975321664,0.16934660263737972,0.8654446079952052,0.3125,0.572508361986841
easygese:wheatG,wheatG,STC,mlp,mse,affine,0.560613803886181,0.5596334266815541,0.6607016830348585,0.2784684916334984,0.8771230515353023,0.3125,0.6064045387023995
easygese:wheatG,wheatG,STC,mlp,mse,isotonic,0.5201142114888374,0.5367114235313076,0.6902991091281117,0.21013725645155076,0.8663063553957091,0.3125,0.5574159320685406
easygese:wheatG,wheatG,STC,mlp,mse,raw,0.5606138038861812,0.5596334266815541,0.6551311867482786,0.29019487884627815,0.8771230515353023,0.3125,0.6064045387023995
easygese:wheatG,wheatG,STC,mlp,pearson,affine,0.5418962758694272,0.5370970992535758,0.6732187701849999,0.24844531389989016,0.8704077320896658,0.325,0.5839301247571266
easygese:wheatG,wheatG,STC,mlp,pearson,isotonic,0.5220704064496843,0.5207740802150943,0.6914709038519924,0.20293510031414677,0.8759135248027755,0.3125,0.5581157535308907
easygese:wheatG,wheatG,STC,mlp,pearson,raw,0.5418962758694273,0.5370970992535758,0.7820865030369991,-0.01266352706226589,0.8704077320896658,0.325,0.5839301247571266
easygese:wheatG,wheatG,STC,transformer,ccc,affine,0.4790769245668077,0.44799791085387114,0.7049295291670643,0.1865364618172428,0.848359361533427,0.2625,0.5136779845580552
easygese:wheatG,wheatG,STC,transformer,ccc,isotonic,0.42782682325955423,0.4344425173148686,0.7374938946674192,0.10459039769393241,0.834752243053304,0.2375,0.47110213614618407
easygese:wheatG,wheatG,STC,transformer,ccc,raw,0.4790769245668077,0.44799791085387114,0.7709790579259252,0.022376296921524996,0.848359361533427,0.2625,0.5136779845580552
easygese:wheatG,wheatG,STC,transformer,hybrid,affine,0.4653015218146813,0.4399961595727975,0.7120498139602406,0.17048926052497282,0.8365825410065693,0.2625,0.4721444777361795
easygese:wheatG,wheatG,STC,transformer,hybrid,isotonic,0.42743747840576074,0.42971567285083784,0.7348603634828782,0.1115978597565842,0.8336862500930267,0.2375,0.40996702635338994
easygese:wheatG,wheatG,STC,transformer,hybrid,raw,0.46530152181468143,0.4399961595727975,0.7300340873564151,0.12620753814399535,0.8365825410065693,0.2625,0.4721444777361795
easygese:wheatG,wheatG,STC,transformer,mse,affine,0.46956155462024063,0.4314518328333315,0.7088750369175731,0.17600154316833033,0.8067649913207088,0.1625,0.35767092339351525
easygese:wheatG,wheatG,STC,transformer,mse,isotonic,0.42100053718793207,0.41794553064085244,0.7296957085071427,0.1245791967356161,0.8003621352726178,0.1625,0.31778441606746677
easygese:wheatG,wheatG,STC,transformer,mse,raw,0.4695615546202408,0.4314518328333315,0.7024687408478785,0.1917017197241607,0.8067649913207088,0.1625,0.35767092339351525
easygese:wheatG,wheatG,STC,transformer,pearson,affine,0.4702794263842457,0.43600089355310195,0.7085435047720708,0.17921173708057953,0.8410067720289861,0.2625,0.47956390285127093
easygese:wheatG,wheatG,STC,transformer,pearson,isotonic,0.4273009806394314,0.4241377042495481,0.7305932771411178,0.12453010417462411,0.8464393994421906,0.25,0.4685058168582096
easygese:wheatG,wheatG,STC,transformer,pearson,raw,0.4702794263842459,0.43600089355310195,0.9989150328254661,-0.7133856597510694,0.8410067720289861,0.2625,0.47956390285127093
easygese:wheatG,wheatG,SW,cnn,ccc,affine,0.5989639672896832,0.6109106062463334,1.8555072575726108,0.33240403916382244,0.8595884425832203,0.4125,0.6861121168174351
easygese:wheatG,wheatG,SW,cnn,ccc,isotonic,0.5818484795032348,0.6110601558882769,1.9019579378791451,0.29631003065366207,0.8405731508909549,0.3875,0.6485011348357708
easygese:wheatG,wheatG,SW,cnn,ccc,raw,0.5989639672896836,0.6109106062463334,1.9105365914919972,0.28354156742681724,0.8595884425832203,0.4125,0.6861121168174351
easygese:wheatG,wheatG,SW,cnn,hybrid,affine,0.6304119953070881,0.6420461805337367,1.823437305890732,0.35730249734399105,0.8674881023353708,0.4375,0.6645920088820965
easygese:wheatG,wheatG,SW,cnn,hybrid,isotonic,0.6015331839421959,0.6346330278444929,1.8871450723592595,0.3084037088504586,0.8562785229332859,0.425,0.6470793219509824
easygese:wheatG,wheatG,SW,cnn,hybrid,raw,0.6304119953070877,0.6420461805337367,2.206191816883609,0.0649164659836125,0.8674881023353708,0.4375,0.6645920088820965
easygese:wheatG,wheatG,SW,cnn,mse,affine,0.5132423827768401,0.5250357598303789,1.985345403893925,0.2370342079380452,0.7997460339139073,0.3,0.5449671863802925
easygese:wheatG,wheatG,SW,cnn,mse,isotonic,0.495506332757747,0.5260798253536163,2.0113312455453918,0.2133386425728677,0.7729204641905142,0.2875,0.5256967289113306
easygese:wheatG,wheatG,SW,cnn,mse,raw,0.513242382776837,0.5250357598303789,2.2804077555509386,-0.005536223071202884,0.7997460339139073,0.3,0.5449671863802925
easygese:wheatG,wheatG,SW,cnn,pearson,affine,0.6307854768273468,0.6444393653244057,1.8160318901311723,0.36195326347112344,0.8653927480183494,0.4125,0.6605958162689711
easygese:wheatG,wheatG,SW,cnn,pearson,isotonic,0.599604643961232,0.6331509466971444,1.8866382167438125,0.3091037640649351,0.8508768208736337,0.425,0.6717396861193462
easygese:wheatG,wheatG,SW,cnn,pearson,raw,0.6307854768273475,0.6444393653244057,2.2123317676601033,0.05888218258149726,0.8653927480183494,0.4125,0.6605958162689711
easygese:wheatG,wheatG,SW,mlp,ccc,affine,0.7490222547738583,0.7452811293428363,1.5467654484273292,0.5345285607145762,0.9268740361161217,0.575,0.8198899563962231
easygese:wheatG,wheatG,SW,mlp,ccc,isotonic,0.7098812665849005,0.7391991007968906,1.6334518800777378,0.47967733143849156,0.9216212466220322,0.575,0.8125535440931604
easygese:wheatG,wheatG,SW,mlp,ccc,raw,0.7490222547738583,0.7452811293428363,1.6101425011183967,0.4901475110107908,0.9268740361161217,0.575,0.8198899563962231
easygese:wheatG,wheatG,SW,mlp,hybrid,affine,0.741722663590552,0.7414237935259689,1.5665984914022884,0.5226175164746586,0.9217395211522843,0.5625,0.8059650761003025
easygese:wheatG,wheatG,SW,mlp,hybrid,isotonic,0.6913885947898513,0.7250443577311849,1.6777002576462685,0.45100851577016066,0.9097366830578698,0.525,0.7685192132137045
easygese:wheatG,wheatG,SW,mlp,hybrid,raw,0.741722663590552,0.7414237935259689,1.5682023700608574,0.5179398898003099,0.9217395211522843,0.5625,0.8059650761003025
easygese:wheatG,wheatG,SW,mlp,mse,affine,0.7441333796002925,0.7426243869481133,1.562455637262921,0.5243465997799275,0.9269739947270546,0.5625,0.819871081900683
easygese:wheatG,wheatG,SW,mlp,mse,isotonic,0.6978068423753048,0.7293734628228312,1.6596384761629654,0.4657273316890384,0.9177569333511869,0.5625,0.8095713526588755
easygese:wheatG,wheatG,SW,mlp,mse,raw,0.7441333796002922,0.7426243869481133,1.5374710923820862,0.5363978231920598,0.9269739947270546,0.5625,0.819871081900683
easygese:wheatG,wheatG,SW,mlp,pearson,affine,0.7402600762823999,0.7423072854775761,1.5746249173441673,0.5191369225140531,0.9221648130436243,0.5625,0.8114921420914539
easygese:wheatG,wheatG,SW,mlp,pearson,isotonic,0.7048306827606627,0.7382876384652892,1.6505303905186346,0.46976941724025556,0.9037918301764233,0.4875,0.7472582244613002
easygese:wheatG,wheatG,SW,mlp,pearson,raw,0.7402600762824,0.7423072854775761,2.1038529173475924,0.10423858488977711,0.9221648130436243,0.5625,0.8114921420914539
easygese:wheatG,wheatG,SW,transformer,ccc,affine,0.6768477905905748,0.6778482846975401,1.708349599899663,0.43560323225159114,0.8626993940592815,0.3875,0.6749556621001337
easygese:wheatG,wheatG,SW,transformer,ccc,isotonic,0.6640750567015714,0.6811166043042325,1.7346595424053084,0.4169079049347486,0.8625113370365114,0.375,0.6439463411384981
easygese:wheatG,wheatG,SW,transformer,ccc,raw,0.6768477905905749,0.6778482846975401,1.8700309532699215,0.31989236112349395,0.8626993940592815,0.3875,0.6749556621001337
easygese:wheatG,wheatG,SW,transformer,hybrid,affine,0.6690697994304465,0.664873921225705,1.726312694839557,0.42355656147181076,0.8744737307667914,0.45,0.7164675079909466
easygese:wheatG,wheatG,SW,transformer,hybrid,isotonic,0.6378665168003554,0.6621714306328188,1.796794280136789,0.37162675571698583,0.8646367776328585,0.4375,0.6982408817240306
easygese:wheatG,wheatG,SW,transformer,hybrid,raw,0.6690697994304465,0.664873921225705,1.803613684216947,0.3698574421330512,0.8744737307667914,0.45,0.7164675079909466
easygese:wheatG,wheatG,SW,transformer,mse,affine,0.6692391475440053,0.668298577037205,1.7227073999001088,0.4253569597028122,0.8801623317632782,0.4625,0.7158871063395529
easygese:wheatG,wheatG,SW,transformer,mse,isotonic,0.6485817644722419,0.6683487233552492,1.7615813771827369,0.39747033116080505,0.8778758336768859,0.45,0.7209557889454097
easygese:wheatG,wheatG,SW,transformer,mse,raw,0.6692391475440054,0.668298577037205,1.7155908291343844,0.4293748950315795,0.8801623317632782,0.4625,0.7158871063395529
easygese:wheatG,wheatG,SW,transformer,pearson,affine,0.6793616570910848,0.683527710537071,1.707823918454561,0.43686456564398474,0.8567740181618128,0.4125,0.6587254542012946
easygese:wheatG,wheatG,SW,transformer,pearson,isotonic,0.6512958220680056,0.681100336449668,1.7667701184468174,0.39750595175057124,0.8512466761330915,0.425,0.6785349307314921
easygese:wheatG,wheatG,SW,transformer,pearson,raw,0.6793616570910848,0.683527710537071,2.6395541995006786,-0.4084593659107297,0.8567740181618128,0.4125,0.6587254542012946
easygese:wheatG,wheatG,TKW,cnn,ccc,affine,0.13499621792480895,0.12516103063623618,3.429834852376261,-0.009034771620251148,0.6332511948653112,0.15,0.18744927084666382
easygese:wheatG,wheatG,TKW,cnn,ccc,isotonic,0.16511517410987125,0.1695036885102406,3.5431483680434233,-0.08383958916986914,0.6293167656676356,0.15,0.19314831215484246
easygese:wheatG,wheatG,TKW,cnn,ccc,raw,0.1999218463816133,0.18632800583060863,3.535216098958402,-0.07622472773014018,0.6425616390295132,0.1625,0.20521829387849572
easygese:wheatG,wheatG,TKW,cnn,hybrid,affine,0.14419156157571114,0.13808495244989377,3.4842427632725403,-0.042449239791571114,0.6081303362839734,0.175,0.12210334310032618
easygese:wheatG,wheatG,TKW,cnn,hybrid,isotonic,0.11634444810881442,0.12953089965285522,3.598392463696449,-0.11573021681288406,0.5626781502034557,0.15,0.1250675392950778
easygese:wheatG,wheatG,TKW,cnn,hybrid,raw,0.14419156157570978,0.13808495244989377,3.461507938483158,-0.021911511527477546,0.6081303362839734,0.175,0.12210334310032618
easygese:wheatG,wheatG,TKW,cnn,mse,affine,0.1681900561100874,0.14716201719315908,3.417055714491511,-0.0016771698008450687,0.6364126544111083,0.175,0.2133156116728236
easygese:wheatG,wheatG,TKW,cnn,mse,isotonic,0.17993748308499627,0.1872984665912347,3.555799584104238,-0.09026367971748273,0.6506058316574908,0.1875,0.23857664466657896
easygese:wheatG,wheatG,TKW,cnn,mse,raw,0.24377435025194308,0.2245081852790532,3.4184339588806836,-0.0013528356335059887,0.6416871354083167,0.175,0.2356693855486962
easygese:wheatG,wheatG,TKW,cnn,pearson,affine,0.15279533413275934,0.1397496107397567,3.477106051104186,-0.038792634260096014,0.6252404713685678,0.1875,0.18470271875640282
easygese:wheatG,wheatG,TKW,cnn,pearson,isotonic,0.12289622207828044,0.14594997543861013,3.6044584703190976,-0.12322254231621765,0.584015079579658,0.15,0.15120476753970563
easygese:wheatG,wheatG,TKW,cnn,pearson,raw,0.15279533413275856,0.1397496107397567,3.467410439431005,-0.026154700338764346,0.6252404713685678,0.1875,0.18470271875640282
easygese:wheatG,wheatG,TKW,mlp,ccc,affine,0.4315252968145108,0.42904373865303497,3.150197436946571,0.14785882434377853,0.7194056206422841,0.275,0.4333412629570622
easygese:wheatG,wheatG,TKW,mlp,ccc,isotonic,0.38872282721282897,0.3948709469735914,3.2805367820929137,0.06911088686421613,0.705424537741929,0.3125,0.40224076321230484
easygese:wheatG,wheatG,TKW,mlp,ccc,raw,0.43152529681451074,0.42904373865303497,3.6440001907868917,-0.14165369166260738,0.7194056206422841,0.275,0.4333412629570622
easygese:wheatG,wheatG,TKW,mlp,hybrid,affine,0.42431112738483934,0.40925256301151364,3.1925689154461447,0.12355372955847643,0.7161551960847901,0.275,0.4309703005752904
easygese:wheatG,wheatG,TKW,mlp,hybrid,isotonic,0.39425875432613944,0.39778668286705116,3.302110482244875,0.05382470310433539,0.7151658212612058,0.275,0.42367959611316774
easygese:wheatG,wheatG,TKW,mlp,hybrid,raw,0.42431112738483934,0.40925256301151364,3.277839452550451,0.07428878446816227,0.7161551960847901,0.275,0.4309703005752904
easygese:wheatG,wheatG,TKW,mlp,mse,affine,0.4154302231971596,0.4105106304325098,3.2128749774594416,0.11210239846823225,0.7058589196908659,0.3,0.4228919774770481
easygese:wheatG,wheatG,TKW,mlp,mse,isotonic,0.38299187501920195,0.4067523349354092,3.295204929419686,0.057289165201112005,0.7140187906296742,0.275,0.38178736817384196
easygese:wheatG,wheatG,TKW,mlp,mse,raw,0.4154302231971597,0.4105106304325098,3.1923999770948255,0.12233507332585716,0.7058589196908659,0.3,0.4228919774770481
easygese:wheatG,wheatG,TKW,mlp,pearson,affine,0.42019306713151633,0.4087931506711591,3.191596917599998,0.12367200621854786,0.7194371967078794,0.2875,0.4389865050705504
easygese:wheatG,wheatG,TKW,mlp,pearson,isotonic,0.396551450146203,0.3895931356248422,3.2814390382122176,0.0691488161000994,0.7004285811634138,0.25,0.3673352506355639
easygese:wheatG,wheatG,TKW,mlp,pearson,raw,0.42019306713151633,0.4087931506711591,4.077494123818289,-0.47343662238804535,0.7194371967078794,0.2875,0.4389865050705504
easygese:wheatG,wheatG,TKW,transformer,ccc,affine,0.2933418412233006,0.2775280836287474,3.356446141151909,0.03239666820645899,0.654820569370378,0.2125,0.24746155272906903
easygese:wheatG,wheatG,TKW,transformer,ccc,isotonic,0.28080120789161966,0.27616153940807237,3.4742567325466767,-0.03666235330739557,0.6353222088879351,0.1875,0.20568232025243524
easygese:wheatG,wheatG,TKW,transformer,ccc,raw,0.29334184122330065,0.2775280836287474,3.870993490943146,-0.3156236464999013,0.654820569370378,0.2125,0.24746155272906903
easygese:wheatG,wheatG,TKW,transformer,hybrid,affine,0.2723347431730284,0.2622662880834042,3.3841009215305133,0.016734277420130107,0.6137813766847257,0.1375,0.1633469403811029
easygese:wheatG,wheatG,TKW,transformer,hybrid,isotonic,0.22724382968393786,0.23948234275646926,3.5522303034743983,-0.08594416859642698,0.6016575418193746,0.175,0.23539706722587256
easygese:wheatG,wheatG,TKW,transformer,hybrid,raw,0.27233474317302847,0.2622662880834042,3.5201648520120927,-0.06568274961114653,0.6137813766847257,0.1375,0.1633469403811029
easygese:wheatG,wheatG,TKW,transformer,mse,affine,0.2774305556011518,0.2648357362507843,3.373579736956624,0.02232337530525206,0.6478847515631461,0.1875,0.2427258065107425
easygese:wheatG,wheatG,TKW,transformer,mse,isotonic,0.2566433564529095,0.25319591726966084,3.458373685411716,-0.03164376545716898,0.6457822112267262,0.1875,0.23306445357347022
easygese:wheatG,wheatG,TKW,transformer,mse,raw,0.2774305556011519,0.2648357362507843,3.425119008244174,-0.011756535555066694,0.6478847515631461,0.1875,0.2427258065107425
easygese:wheatG,wheatG,TKW,transformer,pearson,affine,0.2587928990512455,0.24556184491304914,3.393565129417078,0.009715350523862442,0.6368945772117265,0.1875,0.20721510134561227
easygese:wheatG,wheatG,TKW,transformer,pearson,isotonic,0.20305518940330755,0.23062991874044583,3.547678926302654,-0.08472858115372306,0.6192525771966736,0.1625,0.1752605145644766
easygese:wheatG,wheatG,TKW,transformer,pearson,raw,0.2587928990512456,0.24556184491304914,4.521411566228048,-0.9502127391073965,0.6368945772117265,0.1875,0.20721510134561227
easygese:wheatG,wheatG,ZEL,cnn,ccc,affine,0.4553285174720439,0.456858738999144,8.262033612758355,0.12891488790800157,0.8081564796083004,0.4125,0.5586788582928057
easygese:wheatG,wheatG,ZEL,cnn,ccc,isotonic,0.4135895553394645,0.4383484790738856,8.391114625747605,0.1004181947206825,0.816576317004583,0.4,0.5537886348504357
easygese:wheatG,wheatG,ZEL,cnn,ccc,raw,0.4553285174720439,0.456858738999144,8.794920026237788,0.010736602405733731,0.8081564796083004,0.4125,0.5586788582928057
easygese:wheatG,wheatG,ZEL,cnn,hybrid,affine,0.572736224501371,0.5426920549786818,7.488089400243423,0.2864894423857962,0.8379935737456439,0.425,0.614835331274214
easygese:wheatG,wheatG,ZEL,cnn,hybrid,isotonic,0.5241195080881281,0.5223805247424352,7.844691571227914,0.21844317742172473,0.8272536185988484,0.375,0.5252043396574256
easygese:wheatG,wheatG,ZEL,cnn,hybrid,raw,0.5727362245013711,0.5426920549786818,8.81686446465621,0.01850044111774666,0.8379935737456439,0.425,0.614835331274214
easygese:wheatG,wheatG,ZEL,cnn,mse,affine,0.43206171019050216,0.42079667416424504,8.396247887725178,0.09361742907149825,0.7712577749501327,0.325,0.47127552533843853
easygese:wheatG,wheatG,ZEL,cnn,mse,isotonic,0.3849291305949967,0.40826907272397756,8.53976980361279,0.06310540538364998,0.7653886175753313,0.3375,0.41040653929292575
easygese:wheatG,wheatG,ZEL,cnn,mse,raw,0.43206171019050277,0.42079667416424504,8.83279183876587,0.0018226949756786515,0.7712577749501327,0.325,0.47127552533843853
easygese:wheatG,wheatG,ZEL,cnn,pearson,affine,0.5675309097845678,0.5319317046904264,7.541733031871367,0.27547448954486614,0.8382728820780161,0.425,0.6105697009665036
easygese:wheatG,wheatG,ZEL,cnn,pearson,isotonic,0.542855109460507,0.5256982019207532,7.755035565495352,0.23255939141029264,0.8230225084656219,0.3375,0.5204994244241558
easygese:wheatG,wheatG,ZEL,cnn,pearson,raw,0.5675309097845681,0.5319317046904264,8.855023353188887,0.009622632995065517,0.8382728820780161,0.425,0.6105697009665036
easygese:wheatG,wheatG,ZEL,mlp,ccc,affine,0.760433393964097,0.7118231478545524,5.8741348141901195,0.5558561247319947,0.9222023511216143,0.575,0.8068888510639513
easygese:wheatG,wheatG,ZEL,mlp,ccc,isotonic,0.7501992212568697,0.7175408360352347,5.962174264738107,0.5399659613240892,0.9107404624995015,0.5125,0.7425844892050201
easygese:wheatG,wheatG,ZEL,mlp,ccc,raw,0.760433393964097,0.7118231478545524,6.285645035267304,0.4861108362068255,0.9222023511216143,0.575,0.8068888510639513
easygese:wheatG,wheatG,ZEL,mlp,hybrid,affine,0.7588840689138088,0.710820792926423,5.873505346951251,0.5558979692606719,0.9269981431967599,0.5875,0.8177037275224766
easygese:wheatG,wheatG,ZEL,mlp,hybrid,isotonic,0.7496647499847596,0.7068891454754177,5.976729966090977,0.5376917127563848,0.9117587253807036,0.5875,0.7858981906804432
easygese:wheatG,wheatG,ZEL,mlp,hybrid,raw,0.7588840689138088,0.710820792926423,5.824876524514221,0.5623922924050957,0.9269981431967599,0.5875,0.8177037275224766
easygese:wheatG,wheatG,ZEL,mlp,mse,affine,0.7604079302779502,0.7122413337585823,5.863611150392903,0.5569829849787358,0.9110431311447078,0.5375,0.7680647943573466
easygese:wheatG,wheatG,ZEL,mlp,mse,isotonic,0.7481566301855592,0.7140294360544963,5.999436535012612,0.5333003395487974,0.8976876824991924,0.5125,0.7348952021891683
easygese:wheatG,wheatG,ZEL,mlp,mse,raw,0.7604079302779501,0.7122413337585823,5.893811776360844,0.550303231119527,0.9110431311447078,0.5375,0.7680647943573466
easygese:wheatG,wheatG,ZEL,mlp,pearson,affine,0.7533251591943642,0.7042328961069544,5.936186896319598,0.5453886351051702,0.9182692946309219,0.5625,0.7976175604872126
easygese:wheatG,wheatG,ZEL,mlp,pearson,isotonic,0.740721688651288,0.7089050628695563,6.09218532762007,0.5179793251045326,0.8989934020853061,0.55,0.7420301553011894
easygese:wheatG,wheatG,ZEL,mlp,pearson,raw,0.7533251591943642,0.7042328961069544,7.459861635154647,0.2699892958452833,0.9182692946309219,0.5625,0.7976175604872126
easygese:wheatG,wheatG,ZEL,transformer,ccc,affine,0.632243239187008,0.5841558162651125,7.010959624310456,0.3720296917911795,0.8649061701408094,0.5125,0.6754203521767137
easygese:wheatG,wheatG,ZEL,transformer,ccc,isotonic,0.6100319418450987,0.5760207699008385,7.195776434322769,0.33697623595787907,0.878079949698515,0.4875,0.6313343928033845
easygese:wheatG,wheatG,ZEL,transformer,ccc,raw,0.632243239187008,0.5841558162651125,7.4808603152565,0.28204573146254547,0.8649061701408094,0.5125,0.6754203521767137
easygese:wheatG,wheatG,ZEL,transformer,hybrid,affine,0.6478919437591767,0.6049102438532247,6.909178898170602,0.3906457569133982,0.87113476173563,0.5125,0.7041399867797038
easygese:wheatG,wheatG,ZEL,transformer,hybrid,isotonic,0.6248890974745817,0.600520405759452,7.110168687982279,0.3544954351340499,0.8741609180175658,0.5,0.6753961942467386
easygese:wheatG,wheatG,ZEL,transformer,hybrid,raw,0.6478919437591767,0.6049102438532247,7.110386672343336,0.3524396680093332,0.87113476173563,0.5125,0.7041399867797038
easygese:wheatG,wheatG,ZEL,transformer,mse,affine,0.6491747485448377,0.6113160783998663,6.901811449364894,0.3918912779762176,0.8801877670774786,0.4625,0.6900535086275396
easygese:wheatG,wheatG,ZEL,transformer,mse,isotonic,0.6240833327078447,0.5970082683998315,7.0842580986243195,0.3576082997226705,0.8859963668897146,0.45,0.6251423249524828
easygese:wheatG,wheatG,ZEL,transformer,mse,raw,0.6491747485448375,0.6113160783998663,6.850570999263101,0.39997323575610877,0.8801877670774786,0.4625,0.6900535086275396
easygese:wheatG,wheatG,ZEL,transformer,pearson,affine,0.6500364912143853,0.6095651768065882,6.8824313263019645,0.39431704461343386,0.8748892179892305,0.5,0.6991120807730888
easygese:wheatG,wheatG,ZEL,transformer,pearson,isotonic,0.6274807914197708,0.5990057618784446,7.07136720740445,0.35983585806275553,0.8749429330106393,0.5,0.6631313643648387
easygese:wheatG,wheatG,ZEL,transformer,pearson,raw,0.6500364912143853,0.6095651768065882,8.661030169764372,0.029166933669535176,0.8748892179892305,0.5,0.6991120807730888
soynam:height,soybeanNAM,height,cnn,ccc,affine,0.6284955798848846,0.6154388044240655,7.575497263904564,0.3577404863884958,0.8581569407121344,0.38181818181818183,0.5939460435446093
soynam:height,soybeanNAM,height,cnn,ccc,isotonic,0.6098419133851405,0.6123183230514878,7.640445523248973,0.34626542408791144,0.8501045860795851,0.3754545454545455,0.592469804984919
soynam:height,soybeanNAM,height,cnn,ccc,raw,0.6284955798848845,0.6154388044240655,7.991493571235921,0.28374592667793286,0.8581569407121344,0.38181818181818183,0.5939460435446093
soynam:height,soybeanNAM,height,cnn,hybrid,affine,0.6120717878787154,0.5985677315075376,7.642720978340222,0.3459773524702121,0.8584146208701109,0.37363636363636366,0.5898300356401476
soynam:height,soybeanNAM,height,cnn,hybrid,isotonic,0.5918982906429537,0.5942972106716422,7.727418924414164,0.33123809182713215,0.8491820389796676,0.3790909090909091,0.5865823269496488
soynam:height,soybeanNAM,height,cnn,hybrid,raw,0.6120717878787154,0.5985677315075376,7.938854202314874,0.2912839977262528,0.8584146208701109,0.37363636363636366,0.5898300356401476
soynam:height,soybeanNAM,height,cnn,mse,affine,0.5125766807706854,0.5048792818289959,8.046651365109634,0.2684569663010641,0.772216837643106,0.27454545454545454,0.3843493774460377
soynam:height,soybeanNAM,height,cnn,mse,isotonic,0.5611759005492728,0.5692468708875462,8.075748489091126,0.26445836312545284,0.7844094498237821,0.2672727272727273,0.4301811337222946
soynam:height,soybeanNAM,height,cnn,mse,raw,0.5791229151611773,0.5770232970240102,7.971224327422758,0.28463330192965436,0.7921240193055887,0.28363636363636363,0.4481437657535715
soynam:height,soybeanNAM,height,cnn,pearson,affine,0.6136390040180644,0.6035450976293676,7.656846395767988,0.3442034996140404,0.8508015975139269,0.3790909090909091,0.5897891016023242
soynam:height,soybeanNAM,height,cnn,pearson,isotonic,0.602613192502549,0.601986070063007,7.6912226536302,0.3381900185579222,0.8441618192505572,0.37727272727272726,0.5806046389284024
soynam:height,soybeanNAM,height,cnn,pearson,raw,0.6136390040180646,0.6035450976293676,9.178591086601227,0.0589407083880518,0.8508015975139269,0.3790909090909091,0.5897891016023242
soynam:height,soybeanNAM,height,mlp,ccc,affine,0.6779301710594645,0.6631523947868979,7.116688575467641,0.4335089351424882,0.8825074810270636,0.44545454545454544,0.6581400935991908
soynam:height,soybeanNAM,height,mlp,ccc,isotonic,0.6616859145676931,0.6610301318035752,7.2253615965860245,0.41608365101964606,0.8661245642502747,0.43272727272727274,0.6522512959621698
soynam:height,soybeanNAM,height,mlp,ccc,raw,0.6779301710594645,0.6631523947868979,7.096954920320333,0.43630016775223457,0.8825074810270636,0.44545454545454544,0.6581400935991908
soynam:height,soybeanNAM,height,mlp,hybrid,affine,0.6827456725087381,0.6682592016996292,7.044101088164625,0.44479022561188575,0.8859854361751364,0.4572727272727272,0.6680200453387324
soynam:height,soybeanNAM,height,mlp,hybrid,isotonic,0.6669623552195038,0.6650609170604351,7.166279340227429,0.42529640559914006,0.8696236642964671,0.45272727272727276,0.6586323090464308
soynam:height,soybeanNAM,height,mlp,hybrid,raw,0.6827456725087381,0.6682592016996292,6.918865568331998,0.4644429875239061,0.8859854361751364,0.4572727272727272,0.6680200453387324
soynam:height,soybeanNAM,height,mlp,mse,affine,0.6771430656165551,0.6616107242007081,7.0926484317161185,0.4372920588869597,0.8817435171368609,0.4372727272727273,0.6546867981253837
soynam:height,soybeanNAM,height,mlp,mse,isotonic,0.6640003678712789,0.6595976376637323,7.202108007196733,0.4199450084565404,0.8621881462123762,0.4263636363636364,0.649512016702618
soynam:height,soybeanNAM,height,mlp,mse,raw,0.6771430656165551,0.6616107242007081,6.977747596924877,0.4555922663088231,0.8817435171368609,0.4372727272727273,0.6546867981253837
soynam:height,soybeanNAM,height,mlp,pearson,affine,0.682486499287368,0.6681911912756178,7.070148555260576,0.44092440732767646,0.8836570274014891,0.44545454545454544,0.6608702687140218
soynam:height,soybeanNAM,height,mlp,pearson,isotonic,0.6620551152113399,0.6645297545140104,7.223811655853642,0.4165294106757919,0.8592857642515576,0.42181818181818176,0.6421805312594735
soynam:height,soybeanNAM,height,mlp,pearson,raw,0.6824864992873682,0.6681911912756178,6.9807686322498315,0.4548655153900591,0.8836570274014891,0.44545454545454544,0.6608702687140218
soynam:height,soybeanNAM,height,transformer,ccc,affine,0.6287530773197199,0.6082270579011478,7.53439913582759,0.36411174406521785,0.8644807322822785,0.4036363636363636,0.6123642164205629
soynam:height,soybeanNAM,height,transformer,ccc,isotonic,0.6173058177584698,0.6053898127253355,7.552344520838008,0.3607803139737582,0.8576775200495952,0.3927272727272727,0.6003296881308116
soynam:height,soybeanNAM,height,transformer,ccc,raw,0.6287530773197197,0.6082270579011478,7.994057881119211,0.28251919073703213,0.8644807322822785,0.4036363636363636,0.6123642164205629
soynam:height,soybeanNAM,height,transformer,hybrid,affine,0.6291412688603482,0.6069940938091702,7.515142948081211,0.36863440532243225,0.8633030091638563,0.4027272727272727,0.6149449303039416
soynam:height,soybeanNAM,height,transformer,hybrid,isotonic,0.6128648509273071,0.6027460424861133,7.588495915449061,0.3558078020070027,0.857325702591961,0.38727272727272727,0.5917295182844857
soynam:height,soybeanNAM,height,transformer,hybrid,raw,0.629141268860348,0.6069940938091702,7.453089128082736,0.3789271462812895,0.8633030091638563,0.4027272727272727,0.6149449303039416
soynam:height,soybeanNAM,height,transformer,mse,affine,0.617208891119561,0.5971173128499633,7.599490132738509,0.35371429374098684,0.8597886706176265,0.39454545454545453,0.6054351570556257
soynam:height,soybeanNAM,height,transformer,mse,isotonic,0.6030846854544258,0.5950474669306689,7.661987186932459,0.3429813418841044,0.8550999496873966,0.3881818181818182,0.5956895679883193
soynam:height,soybeanNAM,height,transformer,mse,raw,0.6172088911195609,0.5971173128499633,7.528524897550215,0.36588110617354364,0.8597886706176265,0.39454545454545453,0.6054351570556257
soynam:height,soybeanNAM,height,transformer,pearson,affine,0.6234597881850703,0.6058784396820343,7.549979738936069,0.36295620634165354,0.8604842882922746,0.4172727272727273,0.6210478109991249
soynam:height,soybeanNAM,height,transformer,pearson,isotonic,0.6060922628594914,0.6014766775814182,7.622051260597514,0.3507632224645597,0.8508802528947988,0.4027272727272727,0.6069266499302507
soynam:height,soybeanNAM,height,transformer,pearson,raw,0.6234597881850703,0.6058784396820343,15.672467493334064,-1.7691751547189363,0.8604842882922746,0.4172727272727273,0.6210478109991249
soynam:oil,soybeanNAM,oil,cnn,ccc,affine,0.6562304968326929,0.6562986176519893,0.42842450102161234,0.3887926002880467,0.8910639913359842,0.4536363636363636,0.675952834085585
soynam:oil,soybeanNAM,oil,cnn,ccc,isotonic,0.6459203320598943,0.6543495106165196,0.4307684439558087,0.38201274224793746,0.8894245350537263,0.4418181818181818,0.6628253122658145
soynam:oil,soybeanNAM,oil,cnn,ccc,raw,0.6562304968326929,0.6562986176519893,0.44403443697113865,0.3435416683326746,0.8910639913359842,0.4536363636363636,0.675952834085585
soynam:oil,soybeanNAM,oil,cnn,hybrid,affine,0.6555728018701196,0.6575840171611996,0.4273139830884916,0.39251840768619395,0.8931154325614925,0.4581818181818182,0.6677531943222357
soynam:oil,soybeanNAM,oil,cnn,hybrid,isotonic,0.6498996846023375,0.6559020082049639,0.4271687691060236,0.39289928740929886,0.8870349624243783,0.4536363636363636,0.6535731976512686
soynam:oil,soybeanNAM,oil,cnn,hybrid,raw,0.6555728018701197,0.6575840171611996,0.43566231311941594,0.3679557023685813,0.8931154325614925,0.4581818181818182,0.6677531943222357
soynam:oil,soybeanNAM,oil,cnn,mse,affine,0.6445548070381478,0.6495124503960839,0.43436178434975936,0.3719952788953498,0.8836721262134907,0.4318181818181818,0.658225781299494
soynam:oil,soybeanNAM,oil,cnn,mse,isotonic,0.6371739146084021,0.6459601809721487,0.43399922376209615,0.3733748414184049,0.8800036774292981,0.4163636363636364,0.6374568807483275
soynam:oil,soybeanNAM,oil,cnn,mse,raw,0.6445548070381479,0.6495124503960839,0.4275108958877262,0.3921288858684902,0.8836721262134907,0.4318181818181818,0.658225781299494
soynam:oil,soybeanNAM,oil,cnn,pearson,affine,0.6515908431764975,0.6537458394912112,0.4286794603274739,0.38848345011793184,0.8879091169913709,0.45272727272727276,0.6668327399903842
soynam:oil,soybeanNAM,oil,cnn,pearson,isotonic,0.6388607917902764,0.6500951108125611,0.43093798332640976,0.38213656840236604,0.8836869616496422,0.4518181818181818,0.6603851344772976
soynam:oil,soybeanNAM,oil,cnn,pearson,raw,0.6515908431764976,0.6537458394912112,0.5329408483213441,0.05642988271033439,0.8879091169913709,0.45272727272727276,0.6668327399903842
soynam:oil,soybeanNAM,oil,mlp,ccc,affine,0.7104066214758522,0.7082031049814447,0.3990678156862683,0.4700188014268084,0.9110316285651553,0.5054545454545455,0.7190089322542931
soynam:oil,soybeanNAM,oil,mlp,ccc,isotonic,0.6982394116256687,0.7049839354959595,0.4030802708088018,0.45940110452202054,0.9045824526189671,0.5009090909090909,0.7198559883490739
soynam:oil,soybeanNAM,oil,mlp,ccc,raw,0.7104066214758522,0.7082031049814447,0.39467483232120065,0.4820548655931328,0.9110316285651553,0.5054545454545455,0.7190089322542931
soynam:oil,soybeanNAM,oil,mlp,hybrid,affine,0.7133762806512292,0.7114119400221329,0.3977358658071507,0.47350480326126504,0.9109263541060892,0.509090909090909,0.7187150932531743
soynam:oil,soybeanNAM,oil,mlp,hybrid,isotonic,0.7005686506142869,0.7096661601382871,0.4023038593893891,0.4613654979153224,0.9060484112740002,0.49363636363636365,0.7096201335458557
soynam:oil,soybeanNAM,oil,mlp,hybrid,raw,0.7133762806512292,0.7114119400221329,0.3852760538211351,0.5066526654145538,0.9109263541060892,0.509090909090909,0.7187150932531743
soynam:oil,soybeanNAM,oil,mlp,mse,affine,0.7025167137727204,0.7000289335350305,0.402316183081216,0.4599483601638486,0.9079314331227364,0.49363636363636365,0.706690461644583
soynam:oil,soybeanNAM,oil,mlp,mse,isotonic,0.6925700094820937,0.6975024252453816,0.40581890608071103,0.4507069857443674,0.9007219410929492,0.47818181818181815,0.6916266783777034
soynam:oil,soybeanNAM,oil,mlp,mse,raw,0.7025167137727204,0.7000289335350305,0.3908263280406028,0.49133855830612844,0.9079314331227364,0.49363636363636365,0.706690461644583
soynam:oil,soybeanNAM,oil,mlp,pearson,affine,0.7111127761314727,0.7088465911598683,0.399112839091173,0.46973030088914924,0.9102951096939014,0.5072727272727272,0.7163707736676834
soynam:oil,soybeanNAM,oil,mlp,pearson,isotonic,0.6986607087270842,0.7054814535630617,0.4035951652718997,0.4578060605142369,0.9053332966201841,0.4909090909090909,0.7042709611105031
soynam:oil,soybeanNAM,oil,mlp,pearson,raw,0.7111127761314728,0.7088465911598683,0.38996948405908816,0.4944521753245018,0.9102951096939014,0.5072727272727272,0.7163707736676834
soynam:oil,soybeanNAM,oil,transformer,ccc,affine,0.6284730178749108,0.6302091043760866,0.4386389940721508,0.3601767820787113,0.8842567771010101,0.42363636363636364,0.6365678099437998
soynam:oil,soybeanNAM,oil,transformer,ccc,isotonic,0.6167536761357587,0.6255974744547979,0.44101704880065984,0.35334568685929446,0.8764651956908672,0.40727272727272723,0.6176842149617381
soynam:oil,soybeanNAM,oil,transformer,ccc,raw,0.6284730178749108,0.6302091043760866,0.46480326815006856,0.28158758722028415,0.8842567771010101,0.42363636363636364,0.6365678099437998
soynam:oil,soybeanNAM,oil,transformer,hybrid,affine,0.625928268252182,0.627596715339795,0.4388622886869554,0.3585923072655251,0.8858005438008838,0.43272727272727274,0.6470169729349309
soynam:oil,soybeanNAM,oil,transformer,hybrid,isotonic,0.6105175567643927,0.6226547485896227,0.4428320944031771,0.3468308700653572,0.8817812259331435,0.42727272727272725,0.6375744265428656
soynam:oil,soybeanNAM,oil,transformer,hybrid,raw,0.6259282682521818,0.627596715339795,0.43322829504417043,0.37560310638096683,0.8858005438008838,0.43272727272727274,0.6470169729349309
soynam:oil,soybeanNAM,oil,transformer,mse,affine,0.59219437032773,0.59384440797861,0.44761994873730515,0.33218789534814663,0.878543122643709,0.41090909090909095,0.6084629329317339
soynam:oil,soybeanNAM,oil,transformer,mse,isotonic,0.5811897591505077,0.5909866838954031,0.4501579464482721,0.3247835624382167,0.8732523267118928,0.41090909090909095,0.600121461427614
soynam:oil,soybeanNAM,oil,transformer,mse,raw,0.59219437032773,0.59384440797861,0.44355557844409954,0.3441215938653408,0.878543122643709,0.41090909090909095,0.6084629329317339
soynam:oil,soybeanNAM,oil,transformer,pearson,affine,0.6187067600210798,0.6187936042403429,0.4426848451808067,0.347699901752666,0.881867144753933,0.4318181818181818,0.6348107344422576
soynam:oil,soybeanNAM,oil,transformer,pearson,isotonic,0.6065984780177102,0.6161445908344061,0.44532232801098237,0.33972345542977456,0.8797151689209883,0.4290909090909091,0.6264276248880843
soynam:oil,soybeanNAM,oil,transformer,pearson,raw,0.6187067600210799,0.6187936042403429,0.8159614646837744,-1.3236409467003334,0.881867144753933,0.4318181818181818,0.6348107344422576
soynam:protein,soybeanNAM,protein,cnn,ccc,affine,0.6432958859166662,0.6415675650519888,0.616150788250401,0.39163316183927155,0.8483228898117547,0.4127272727272727,0.6263544688454623
soynam:protein,soybeanNAM,protein,cnn,ccc,isotonic,0.6302747558359412,0.6383869195916183,0.6211114444449355,0.38179751323326505,0.8473486625670432,0.4163636363636364,0.6236239025214511
soynam:protein,soybeanNAM,protein,cnn,ccc,raw,0.6432958859166663,0.6415675650519888,0.6336603917111755,0.3565626069858855,0.8483228898117547,0.4127272727272727,0.6263544688454623
soynam:protein,soybeanNAM,protein,cnn,hybrid,affine,0.6278464086559596,0.6234601211846689,0.626742582284245,0.370486004073428,0.8459699867551815,0.4045454545454546,0.6134199741275477
soynam:protein,soybeanNAM,protein,cnn,hybrid,isotonic,0.6150165515618486,0.619305844514753,0.6309205502332675,0.36190617374868017,0.8453417776541041,0.4036363636363636,0.6030592886751853
soynam:protein,soybeanNAM,protein,cnn,hybrid,raw,0.6278464086559594,0.6234601211846689,0.7533105257119539,0.0914166856665672,0.8459699867551815,0.4045454545454546,0.6134199741275477
soynam:protein,soybeanNAM,protein,cnn,mse,affine,0.629975394121937,0.6283891917013384,0.6223556243168715,0.37784361862266086,0.8450740865134714,0.40727272727272723,0.6193383133219817
soynam:protein,soybeanNAM,protein,cnn,mse,isotonic,0.6172122822845852,0.6259243102446763,0.6271451811900375,0.36829421912069404,0.84426246043923,0.4027272727272727,0.6102271621000805
soynam:protein,soybeanNAM,protein,cnn,mse,raw,0.629975394121937,0.6283891917013384,0.6176798637495016,0.387025845174178,0.8450740865134714,0.40727272727272723,0.6193383133219817
soynam:protein,soybeanNAM,protein,cnn,pearson,affine,0.6182934762479073,0.6148969674060212,0.6319418769280433,0.36014715814941917,0.8420199442250464,0.4027272727272727,0.6094372432654815
soynam:protein,soybeanNAM,protein,cnn,pearson,isotonic,0.6065093492550424,0.609081779199332,0.6363442965790194,0.3511826528916848,0.8374591286077167,0.4,0.5960005131151669
soynam:protein,soybeanNAM,protein,cnn,pearson,raw,0.6182934762479066,0.6148969674060212,0.7696070706844008,0.05154594188010997,0.8420199442250464,0.4027272727272727,0.6094372432654815
soynam:protein,soybeanNAM,protein,mlp,ccc,affine,0.7266324227321181,0.717806457407123,0.5527755061701206,0.5102467842534931,0.8840554953913526,0.4754545454545454,0.7146497594927954
soynam:protein,soybeanNAM,protein,mlp,ccc,isotonic,0.7170568046639084,0.7171689183918458,0.5598300911220887,0.49782304043180015,0.8795230915457717,0.4672727272727273,0.7040761016044337
soynam:protein,soybeanNAM,protein,mlp,ccc,raw,0.7266324227321183,0.717806457407123,0.5522565614134899,0.5109440099820162,0.8840554953913526,0.4754545454545454,0.7146497594927954
soynam:protein,soybeanNAM,protein,mlp,hybrid,affine,0.7259191403504219,0.7177095114236501,0.5532612658667884,0.5093735014649964,0.8792540151779032,0.46909090909090906,0.7019909102424652
soynam:protein,soybeanNAM,protein,mlp,hybrid,isotonic,0.7160255964149919,0.7153758784355005,0.5600015264195707,0.4974024343864173,0.8757428361300621,0.46454545454545454,0.6979638728127059
soynam:protein,soybeanNAM,protein,mlp,hybrid,raw,0.7259191403504219,0.7177095114236501,0.5444578191253632,0.5247261203039676,0.8792540151779032,0.46909090909090906,0.7019909102424652
soynam:protein,soybeanNAM,protein,mlp,mse,affine,0.7257563766958833,0.7176292789712053,0.5529635501657266,0.5098995023881073,0.8769541975332451,0.46545454545454545,0.696165285338127
soynam:protein,soybeanNAM,protein,mlp,mse,isotonic,0.7159154026159755,0.7149559108617687,0.5601604021313863,0.49712737974102944,0.8742533808828347,0.46090909090909093,0.6918980534971042
soynam:protein,soybeanNAM,protein,mlp,mse,raw,0.7257563766958833,0.7176292789712053,0.545135452975211,0.5236171648567728,0.8769541975332451,0.46545454545454545,0.696165285338127
soynam:protein,soybeanNAM,protein,mlp,pearson,affine,0.7261237962354815,0.7179767791745176,0.5534874098162088,0.5090359420774511,0.8806575766312568,0.4709090909090909,0.6995174152663514
soynam:protein,soybeanNAM,protein,mlp,pearson,isotonic,0.7184620543550166,0.7155594424482322,0.557968899078047,0.5009188234545082,0.8786214690501686,0.4718181818181818,0.7013817153076726
soynam:protein,soybeanNAM,protein,mlp,pearson,raw,0.7261237962354814,0.7179767791745176,0.5490492872790611,0.5167073340873454,0.8806575766312568,0.4709090909090909,0.6995174152663514
soynam:protein,soybeanNAM,protein,transformer,ccc,affine,0.6244223009331848,0.6190269090397814,0.6304420279721266,0.3628458343891125,0.8493329725513654,0.40636363636363637,0.6285591502724427
soynam:protein,soybeanNAM,protein,transformer,ccc,isotonic,0.6076607558443556,0.6166269020690016,0.6364140765177733,0.3506799052574519,0.8443487989005029,0.3972727272727273,0.6223626119296637
soynam:protein,soybeanNAM,protein,transformer,ccc,raw,0.6244223009331848,0.6190269090397814,0.6637366508327764,0.29340370248270886,0.8493329725513654,0.40636363636363637,0.6285591502724427
soynam:protein,soybeanNAM,protein,transformer,hybrid,affine,0.6233250080376189,0.6157300900130479,0.6302808972862699,0.36359663897671834,0.8530429633639602,0.42363636363636364,0.6367010342612602
soynam:protein,soybeanNAM,protein,transformer,hybrid,isotonic,0.6049869050592125,0.6140277232140392,0.63773921411749,0.3483231194099497,0.8460972687471706,0.4127272727272727,0.6221040969350047
soynam:protein,soybeanNAM,protein,transformer,hybrid,raw,0.6233250080376188,0.6157300900130479,0.6315862834334178,0.36029675295868285,0.8530429633639602,0.42363636363636364,0.6367010342612602
soynam:protein,soybeanNAM,protein,transformer,mse,affine,0.5829755630557949,0.577099586544289,0.6543012295510101,0.31170110670659396,0.8334107342094217,0.37,0.5860301706464335
soynam:protein,soybeanNAM,protein,transformer,mse,isotonic,0.5660546532794934,0.5717066897327052,0.6594311477354219,0.3013281658754292,0.8304786295555283,0.3509090909090909,0.5674904139916886
soynam:protein,soybeanNAM,protein,transformer,mse,raw,0.5829755630557949,0.577099586544289,0.6519314269602152,0.3175108453297343,0.8334107342094217,0.37,0.5860301706464335
soynam:protein,soybeanNAM,protein,transformer,pearson,affine,0.6196862528758361,0.6133099863866357,0.6331407362354808,0.3576637904145876,0.8500551327765148,0.41,0.6263176910870123
soynam:protein,soybeanNAM,protein,transformer,pearson,isotonic,0.599334118812181,0.6107070207066727,0.6418690975564438,0.33968406410726804,0.843137467223458,0.3972727272727273,0.6113040923704842
soynam:protein,soybeanNAM,protein,transformer,pearson,raw,0.6196862528758359,0.6133099863866357,0.8318378159638401,-0.1391022120817919,0.8500551327765148,0.41,0.6263176910870123
soynam:yield,soybeanNAM,yield,cnn,ccc,affine,0.6700103871803224,0.6301944502097877,209.35135584878944,0.4004227543867954,0.8799529217905869,0.3381818181818182,0.5792583230746585
soynam:yield,soybeanNAM,yield,cnn,ccc,isotonic,0.6586973607399498,0.628030241331151,208.28849885206233,0.40737486520507576,0.8763009293188914,0.3281818181818182,0.5771889968994753
soynam:yield,soybeanNAM,yield,cnn,ccc,raw,0.6700103871803225,0.6301944502097877,211.83871534856894,0.3875369356569375,0.8799529217905869,0.3381818181818182,0.5792583230746585
soynam:yield,soybeanNAM,yield,cnn,hybrid,affine,0.6505557049300238,0.6124248198317493,213.84156427302204,0.37443960245301955,0.8726181285767328,0.3181818181818182,0.5633030093629898
soynam:yield,soybeanNAM,yield,cnn,hybrid,isotonic,0.6256520051523894,0.6108970263236599,214.661213454681,0.3707535178617703,0.8729788389389341,0.3209090909090909,0.5619062284584218
soynam:yield,soybeanNAM,yield,cnn,hybrid,raw,0.6505557049300237,0.6124248198317493,265.2810138149381,0.04049798109626884,0.8726181285767328,0.3181818181818182,0.5633030093629898
soynam:yield,soybeanNAM,yield,cnn,mse,affine,0.6686497304829285,0.6292039245364132,208.52874176965528,0.4043412845175637,0.8794174394825784,0.32999999999999996,0.5782006933523899
soynam:yield,soybeanNAM,yield,cnn,mse,isotonic,0.6592802397967176,0.6266453465352646,207.93624864376199,0.40926098074245126,0.8729147882492718,0.3118181818181818,0.5643297441829301
soynam:yield,soybeanNAM,yield,cnn,mse,raw,0.6686497304829284,0.6292039245364132,205.418468547498,0.42354197521577,0.8794174394825784,0.32999999999999996,0.5782006933523899
soynam:yield,soybeanNAM,yield,cnn,pearson,affine,0.6449220498334136,0.6081949711419261,215.08729961671162,0.36635028342547543,0.8706192993778364,0.33090909090909093,0.5651864416913854
soynam:yield,soybeanNAM,yield,cnn,pearson,isotonic,0.6329692274743807,0.6058093095991142,215.55158526278979,0.3647899152658808,0.874159200768198,0.30272727272727273,0.551737574016866
soynam:yield,soybeanNAM,yield,cnn,pearson,raw,0.6449220498334135,0.6081949711419261,270.1055563242056,0.0052055731785302425,0.8706192993778364,0.33090909090909093,0.5651864416913854
soynam:yield,soybeanNAM,yield,mlp,ccc,affine,0.6954501311149272,0.66097956853179,200.57239754862104,0.45045510550483714,0.8911414424329773,0.3718181818181818,0.6229969566401187
soynam:yield,soybeanNAM,yield,mlp,ccc,isotonic,0.6818922428864427,0.6588163633064564,202.71068837701262,0.4389796665858297,0.8904443426948105,0.3718181818181818,0.6243880632398973
soynam:yield,soybeanNAM,yield,mlp,ccc,raw,0.6954501311149269,0.66097956853179,200.4042979185954,0.4516366181546666,0.8911414424329773,0.3718181818181818,0.6229969566401187
soynam:yield,soybeanNAM,yield,mlp,hybrid,affine,0.6959945323957069,0.6628798774955159,199.8062433621329,0.4545623491005282,0.8921566507978312,0.36363636363636365,0.6211541557734008
soynam:yield,soybeanNAM,yield,mlp,hybrid,isotonic,0.6866929527105181,0.6601503560216729,201.45833635469953,0.445850039200518,0.8893600937420689,0.3572727272727273,0.6115129344380024
soynam:yield,soybeanNAM,yield,mlp,hybrid,raw,0.6959945323957069,0.6628798774955159,194.82721358378808,0.4818119480827825,0.8921566507978312,0.36363636363636365,0.6211541557734008
soynam:yield,soybeanNAM,yield,mlp,mse,affine,0.6945779584514211,0.6591856223624947,199.17699605794343,0.45811005887077877,0.8897773865108565,0.3672727272727273,0.6167607280349137
soynam:yield,soybeanNAM,yield,mlp,mse,isotonic,0.685871403157782,0.6569799107398963,200.77523353889126,0.4495183207702619,0.8870352182271501,0.3581818181818182,0.6057106774694007
soynam:yield,soybeanNAM,yield,mlp,mse,raw,0.6945779584514211,0.6591856223624947,195.2931481251931,0.4794941724208225,0.8897773865108565,0.3672727272727273,0.6167607280349137
soynam:yield,soybeanNAM,yield,mlp,pearson,affine,0.6963736343712441,0.6612853119768699,198.766408792764,0.4602654931156997,0.8920747419709592,0.36818181818181817,0.619152371416379
soynam:yield,soybeanNAM,yield,mlp,pearson,isotonic,0.6885275553985803,0.6583564615925428,200.1922389716692,0.45237223808118,0.8894274123870172,0.3563636363636363,0.6058769589436778
soynam:yield,soybeanNAM,yield,mlp,pearson,raw,0.6963736343712441,0.6612853119768699,196.63487597017433,0.4720467057615864,0.8920747419709592,0.36818181818181817,0.619152371416379
soynam:yield,soybeanNAM,yield,transformer,ccc,affine,0.662827859799096,0.6156332891857774,210.91107496663636,0.39130367912869,0.8737251417936536,0.32636363636363636,0.5601236819533539
soynam:yield,soybeanNAM,yield,transformer,ccc,isotonic,0.646711278349531,0.6148986095643947,213.9277355736596,0.37345026174658635,0.8773869522761994,0.32636363636363636,0.5589541298156466
soynam:yield,soybeanNAM,yield,transformer,ccc,raw,0.662827859799096,0.6156332891857774,220.56336228068017,0.3357219513791948,0.8737251417936536,0.32636363636363636,0.5601236819533539
soynam:yield,soybeanNAM,yield,transformer,hybrid,affine,0.6576921999022709,0.6139579583322617,211.55838804897166,0.387856466085997,0.8750826082788699,0.33909090909090905,0.5714639074404481
soynam:yield,soybeanNAM,yield,transformer,hybrid,isotonic,0.6410544297673606,0.6119827488435347,214.3707913269468,0.37165294281817796,0.8749219424050068,0.3290909090909091,0.5633786634828485
soynam:yield,soybeanNAM,yield,transformer,hybrid,raw,0.657692199902271,0.6139579583322617,206.3340075413866,0.4187053642647334,0.8750826082788699,0.33909090909090905,0.5714639074404481
soynam:yield,soybeanNAM,yield,transformer,mse,affine,0.6231388077550191,0.5809287777310226,215.3950196760477,0.3601530063138029,0.8691928026212906,0.31727272727272726,0.5389615916798127
soynam:yield,soybeanNAM,yield,transformer,mse,isotonic,0.5974964193888677,0.5773629988145798,218.5165695865491,0.34211978582285696,0.8745805031994497,0.31727272727272726,0.5540482066878806
soynam:yield,soybeanNAM,yield,transformer,mse,raw,0.6231388077550191,0.5809287777310226,211.68066462936832,0.3850092008483065,0.8691928026212906,0.31727272727272726,0.5389615916798127
soynam:yield,soybeanNAM,yield,transformer,pearson,affine,0.6561454078877733,0.6144310945427558,212.1016838929691,0.38449874878127754,0.8757063751564388,0.33636363636363636,0.5725775740517346
soynam:yield,soybeanNAM,yield,transformer,pearson,isotonic,0.6448935934912859,0.6110526274404983,211.71295099347813,0.38786330121853074,0.8757508427188403,0.31636363636363635,0.5539256497779823
soynam:yield,soybeanNAM,yield,transformer,pearson,raw,0.6561454078877734,0.6144310945427558,266.75699877057184,-0.004948680541462469,0.8757063751564388,0.33636363636363636,0.5725775740517346
wheat,wheat,env1,cnn,ccc,affine,0.4599233211791133,0.40537484359201026,0.8935216070765544,0.19660121200403782,0.7131544044822473,0.24166666666666664,0.3765676667504494
wheat,wheat,env1,cnn,ccc,isotonic,0.4452160256550197,0.3967979985240729,0.9116500660156099,0.16279269368600763,0.7209582438513488,0.24166666666666664,0.40075884306602294
wheat,wheat,env1,cnn,ccc,raw,0.4599233211791133,0.40537484359201026,0.9165481211842345,0.15354741801281618,0.7131544044822473,0.24166666666666664,0.3765676667504494
wheat,wheat,env1,cnn,hybrid,affine,0.4273569053596204,0.3820366350770592,0.9135408351909104,0.16035803217314482,0.7130439814634391,0.21666666666666665,0.34564080754415893
wheat,wheat,env1,cnn,hybrid,isotonic,0.41200755874915906,0.3824205754927618,0.9336351398378524,0.12289172156837905,0.7279797589835809,0.175,0.31439591242639175
wheat,wheat,env1,cnn,hybrid,raw,0.4273569053596204,0.3820366350770592,0.9688174943135686,0.05717480914462272,0.7130439814634391,0.21666666666666665,0.34564080754415893
wheat,wheat,env1,cnn,mse,affine,0.4080797706594759,0.3469676684233015,0.9204243661447038,0.14788023910343356,0.71846313632961,0.225,0.36948088709844296
wheat,wheat,env1,cnn,mse,isotonic,0.3874665638187475,0.3282095040958501,0.9350082500345949,0.1201188606600617,0.7171723457148766,0.15833333333333333,0.2755181335426857
wheat,wheat,env1,cnn,mse,raw,0.4080797706594758,0.3469676684233015,0.9193685083170072,0.15023932245805516,0.71846313632961,0.225,0.36948088709844296
wheat,wheat,env1,cnn,pearson,affine,0.4088319637262128,0.3599094040193469,0.9228511345636118,0.1430830057099044,0.7078342112548647,0.2,0.3627076906496671
wheat,wheat,env1,cnn,pearson,isotonic,0.3961466941259421,0.3596997723379534,0.9409870299696947,0.10856314150993115,0.7201532441936661,0.16666666666666666,0.26393932614424537
wheat,wheat,env1,cnn,pearson,raw,0.40883196372621267,0.3599094040193469,0.9781366744956695,0.03893465510981244,0.7078342112548647,0.2,0.3627076906496671
wheat,wheat,env1,mlp,ccc,affine,0.5415434157995812,0.4935187589533642,0.8496148526495808,0.27222788358256983,0.7099929316047839,0.20833333333333331,0.3768979733936226
wheat,wheat,env1,mlp,ccc,isotonic,0.5385093767423774,0.49349182034403294,0.8562494030975609,0.26122929413459983,0.7348581668237227,0.19166666666666665,0.3449272684795774
wheat,wheat,env1,mlp,ccc,raw,0.5415434157995812,0.4935187589533642,0.9261828939510799,0.1252641152152983,0.7099929316047839,0.20833333333333331,0.3768979733936226
wheat,wheat,env1,mlp,hybrid,affine,0.5476868545404094,0.5081852200188102,0.844822952714531,0.2793017759472933,0.7191374285952429,0.25833333333333336,0.4176182473936298
wheat,wheat,env1,mlp,hybrid,isotonic,0.5419782156637747,0.5114312663164774,0.8539622363058614,0.2634413387912199,0.7298048172859366,0.225,0.40320618433083777
wheat,wheat,env1,mlp,hybrid,raw,0.5476868545404094,0.5081852200188102,0.880970537075271,0.21212330815623642,0.7191374285952429,0.25833333333333336,0.4176182473936298
wheat,wheat,env1,mlp,mse,affine,0.5458874102821423,0.5141263458738307,0.8445535476491062,0.28061384991030236,0.7188199102198223,0.225,0.40886113809548474
wheat,wheat,env1,mlp,mse,isotonic,0.537569133903832,0.507454329392778,0.8522140546183333,0.26751725759241507,0.7483152784821765,0.24166666666666664,0.3857848971315482
wheat,wheat,env1,mlp,mse,raw,0.5458874102821423,0.5141263458738307,0.8571196085283292,0.2573929320982698,0.7188199102198223,0.225,0.40886113809548474
wheat,wheat,env1,mlp,pearson,affine,0.5413255769495151,0.5041217433884885,0.8479349356949732,0.2749082104899871,0.7223613361910359,0.2333333333333333,0.4038866436595985
wheat,wheat,env1,mlp,pearson,isotonic,0.5351114890841193,0.5004401410592333,0.8557722066577907,0.26057216761120056,0.7389577405610458,0.2,0.3619565453071857
wheat,wheat,env1,mlp,pearson,raw,0.5413255769495151,0.5041217433884885,1.6331811905866753,-1.7302502535738384,0.7223613361910359,0.2333333333333333,0.4038866436595985
wheat,wheat,env1,transformer,ccc,affine,0.455656204259783,0.41873850114355865,0.9053257792128824,0.17523304332021383,0.6709796318068293,0.19166666666666665,0.2767870652676828
wheat,wheat,env1,transformer,ccc,isotonic,0.42807100852182706,0.41079129289442334,0.9323235170365842,0.12372630160020086,0.6976100380447103,0.15833333333333333,0.17444561537663608
wheat,wheat,env1,transformer,ccc,raw,0.455656204259783,0.41873850114355865,1.0217083929010844,-0.053997620039452555,0.6709796318068293,0.19166666666666665,0.2767870652676828
wheat,wheat,env1,transformer,hybrid,affine,0.44985628572596337,0.4148800116768937,0.909741735399009,0.16596046278234472,0.6773071480863164,0.21666666666666665,0.3361292326785783
wheat,wheat,env1,transformer,hybrid,isotonic,0.4158233938714112,0.4107757122826296,0.9402506745146251,0.10826521304455101,0.6878093932912905,0.18333333333333332,0.243617798217918
wheat,wheat,env1,transformer,hybrid,raw,0.4498562857259635,0.4148800116768937,0.9119084003896905,0.16343038488599562,0.6773071480863164,0.21666666666666665,0.3361292326785783
wheat,wheat,env1,transformer,mse,affine,0.3372375533340083,0.30829726876042474,0.9393649595949031,0.1117343720779896,0.6132103358709855,0.125,0.13797603450389234
wheat,wheat,env1,transformer,mse,isotonic,0.3580333570798203,0.34463078550852305,0.951363505341108,0.08863676045126732,0.7069847767354874,0.125,0.08429660468528063
wheat,wheat,env1,transformer,mse,raw,0.3898226433288476,0.35441297123976356,0.9421149553721022,0.10647993429121971,0.63591717116782,0.13333333333333333,0.20066409357740814
wheat,wheat,env1,transformer,pearson,affine,0.4534145018211807,0.4163005728976,0.9075250383498206,0.16997680666962606,0.6627804858430204,0.225,0.28869133288286675
wheat,wheat,env1,transformer,pearson,isotonic,0.42331192194945383,0.4157155241205466,0.9362227497923838,0.11525264063586867,0.6751930663617538,0.16666666666666666,0.2254546224249422
wheat,wheat,env1,transformer,pearson,raw,0.45341450182118076,0.4163005728976,1.1826527907837474,-0.4316482231313912,0.6627804858430204,0.225,0.28869133288286675
wheat,wheat,env2,cnn,ccc,affine,0.3515995121868696,0.3148882043362239,0.9451140069762662,0.09684744739276051,0.7279274260402233,0.175,0.29828379690809464
wheat,wheat,env2,cnn,ccc,isotonic,0.34010979506842853,0.3079640192389996,0.9581650778282486,0.07077697228637249,0.7041945898694152,0.19166666666666665,0.33623398800214305
wheat,wheat,env2,cnn,ccc,raw,0.3515995121868696,0.3148882043362239,0.9796277068705207,0.02845946347806797,0.7279274260402233,0.175,0.29828379690809464
wheat,wheat,env2,cnn,hybrid,affine,0.33755222625420095,0.2872218645127192,0.9515234723535547,0.08403581729082109,0.7379852460665964,0.20833333333333331,0.31653962387964923
wheat,wheat,env2,cnn,hybrid,isotonic,0.304265398811277,0.2934019906879494,0.9676808897992668,0.05176503229444478,0.6849555863255661,0.19166666666666665,0.3386838515486773
wheat,wheat,env2,cnn,hybrid,raw,0.33755222625420106,0.2872218645127192,0.9754192747645188,0.03891349290767584,0.7379852460665964,0.20833333333333331,0.31653962387964923
wheat,wheat,env2,cnn,mse,affine,0.3283698495976107,0.2855149133473252,0.94906258889443,0.08796673383808909,0.7210554718710547,0.18333333333333332,0.2986405094411869
wheat,wheat,env2,cnn,mse,isotonic,0.3181539682376899,0.2866386341903763,0.9579249487277028,0.06895150567454839,0.685145004935489,0.21666666666666665,0.3566519040399172
wheat,wheat,env2,cnn,mse,raw,0.3157546111538269,0.27432802536899337,0.9536241919895815,0.07934297061342728,0.7192281266167303,0.18333333333333332,0.28509254218539987
wheat,wheat,env2,cnn,pearson,affine,0.3321134588035199,0.2802672619685218,0.9510948009670468,0.08526702138643676,0.733857042294974,0.2,0.29245446588104307
wheat,wheat,env2,cnn,pearson,isotonic,0.2896922400432629,0.2685942174056729,0.9703615942213449,0.0469073088681969,0.7068392143891047,0.19166666666666665,0.33052776705588516
wheat,wheat,env2,cnn,pearson,raw,0.33211345880352,0.2802672619685218,0.9809472672653591,0.028091704121651108,0.733857042294974,0.2,0.29245446588104307
wheat,wheat,env2,mlp,ccc,affine,0.4526690548645777,0.422833465365415,0.9025810846556009,0.17637167362692474,0.7628231297278973,0.25,0.4063147976254604
wheat,wheat,env2,mlp,ccc,isotonic,0.4407557676045425,0.4294058537603071,0.9128609306253024,0.15645708856504886,0.7319103562954596,0.24166666666666664,0.48470960388217854
wheat,wheat,env2,mlp,ccc,raw,0.4526690548645777,0.422833465365415,1.0922941206166124,-0.299034191344672,0.7628231297278973,0.25,0.4063147976254604
wheat,wheat,env2,mlp,hybrid,affine,0.457790336922194,0.4288252774145097,0.9095624093080523,0.16292937068706906,0.7888942248667272,0.325,0.481354542288143
wheat,wheat,env2,mlp,hybrid,isotonic,0.4163887787036833,0.42632654756441735,0.9304865523155221,0.12063396063891899,0.7469589502498228,0.275,0.4793518749742942
wheat,wheat,env2,mlp,hybrid,raw,0.457790336922194,0.4288252774145097,0.9197651818983641,0.14123397624697379,0.7888942248667272,0.325,0.481354542288143
wheat,wheat,env2,mlp,mse,affine,0.4528453726200807,0.43122048259001033,0.9085572756363469,0.16547784783049613,0.7736941534372985,0.25833333333333336,0.4165701420300483
wheat,wheat,env2,mlp,mse,isotonic,0.42265628579589504,0.4241325112123386,0.9247692932148116,0.1335851257079057,0.7284083204043033,0.25,0.4778102041058645
wheat,wheat,env2,mlp,mse,raw,0.4528453726200806,0.43122048259001033,0.9173834011365749,0.14716095609029325,0.7736941534372985,0.25833333333333336,0.4165701420300483
wheat,wheat,env2,mlp,pearson,affine,0.45459488102583806,0.42347982616495256,0.9034223587113891,0.17451620488428693,0.7584167017264164,0.2333333333333333,0.3950038995735775
wheat,wheat,env2,mlp,pearson,isotonic,0.4252726464895624,0.4157236939741705,0.9238973880626042,0.13566237757108537,0.7040900147775065,0.21666666666666665,0.42222144638573844
wheat,wheat,env2,mlp,pearson,raw,0.4545948810258381,0.42347982616495256,1.625233330277823,-1.880221128238724,0.7584167017264164,0.2333333333333333,0.3950038995735775
wheat,wheat,env2,transformer,ccc,affine,0.25549784611520115,0.21153458161524868,0.9784191428444258,0.0321443606477087,0.6544794384856373,0.15,0.15339177149674263
wheat,wheat,env2,transformer,ccc,isotonic,0.24750051560167372,0.2062707258660499,0.9923844064164351,0.004400998612045415,0.624333635231321,0.14166666666666666,0.2202485442461451
wheat,wheat,env2,transformer,ccc,raw,0.25549784611520104,0.21153458161524868,1.1232553748175214,-0.2786334867076635,0.6544794384856373,0.15,0.15339177149674263
wheat,wheat,env2,transformer,hybrid,affine,0.274255376321918,0.23456585379634412,0.9733281348419658,0.041334574749897525,0.6578954306855617,0.15,0.1806033744885583
wheat,wheat,env2,transformer,hybrid,isotonic,0.23907308377000422,0.21494703081576602,1.0076313193152875,-0.028702578921928977,0.6136929285327559,0.14166666666666666,0.2478783541414759
wheat,wheat,env2,transformer,hybrid,raw,0.27425537632191793,0.23456585379634412,0.9714687345864965,0.04634764359975704,0.6578954306855617,0.15,0.1806033744885583
wheat,wheat,env2,transformer,mse,affine,0.22409266219318727,0.1875224562440188,0.9842123371908846,0.02074545417624407,0.6304028127525123,0.16666666666666666,0.12085167086131432
wheat,wheat,env2,transformer,mse,isotonic,0.2055997901648599,0.17306417904969448,1.0048935431824486,-0.02154437285822721,0.5690265170010664,0.1,0.16350654700887782
wheat,wheat,env2,transformer,mse,raw,0.2240926621931873,0.1875224562440188,0.9812183389387847,0.026678506432040693,0.6304028127525123,0.16666666666666666,0.12085167086131432
wheat,wheat,env2,transformer,pearson,affine,0.2743939785450439,0.22612142910112637,0.9717493945487,0.04480785178318142,0.6526792257816142,0.15,0.1878718867719924
wheat,wheat,env2,transformer,pearson,isotonic,0.2601136696204824,0.21714003350016667,0.9928038581312559,0.002871607460312964,0.6280593360569859,0.14166666666666666,0.21378233286616832
wheat,wheat,env2,transformer,pearson,raw,0.27439397854504377,0.22612142910112637,1.146902282412489,-0.341089100093527,0.6526792257816142,0.15,0.1878718867719924
wheat,wheat,env3,cnn,ccc,affine,0.34967982580567497,0.36477011634208195,0.9522281714006533,0.08151992201549985,0.714554666327384,0.2583333333333333,0.38942108387286145
wheat,wheat,env3,cnn,ccc,isotonic,0.31226089276022284,0.3554732346376555,0.9684571820435235,0.04969032599267219,0.6895104416542821,0.25,0.3715471794433546
wheat,wheat,env3,cnn,ccc,raw,0.34967982580567486,0.36477011634208195,0.9799721479848001,0.022380898655421477,0.714554666327384,0.2583333333333333,0.38942108387286145
wheat,wheat,env3,cnn,hybrid,affine,0.27938531358815755,0.28237084758606595,0.9666839176628177,0.054438659934743984,0.6771724209953408,0.20833333333333331,0.26778703540662263
wheat,wheat,env3,cnn,hybrid,isotonic,0.26564912670828483,0.2785952663590946,0.9762980878909348,0.034104092307754144,0.6441063513101757,0.21666666666666665,0.3096281265066274
wheat,wheat,env3,cnn,hybrid,raw,0.27938531358815755,0.28237084758606595,0.9810415033296476,0.028762704265666496,0.6771724209953408,0.20833333333333331,0.26778703540662263
wheat,wheat,env3,cnn,mse,affine,0.3246410827948012,0.3399129347236832,0.9649275791488963,0.057209517324463575,0.6928561288001005,0.25,0.3490981499195515
wheat,wheat,env3,cnn,mse,isotonic,0.29338471835528285,0.32857002047190875,0.9767140580472411,0.03225142180040036,0.6576523052605354,0.21666666666666665,0.32904068807355497
wheat,wheat,env3,cnn,mse,raw,0.3246410827948011,0.3399129347236832,0.958210068963749,0.07100038767118064,0.6928561288001005,0.25,0.3490981499195515
wheat,wheat,env3,cnn,pearson,affine,0.2730975989278896,0.2744646005640469,0.970194846874258,0.047767004408857075,0.6865064460366337,0.225,0.2911871660148282
wheat,wheat,env3,cnn,pearson,isotonic,0.26502678283247405,0.26637022504231084,0.9823406953511604,0.021623093138100603,0.661221267672122,0.21666666666666665,0.2925716381829269
wheat,wheat,env3,cnn,pearson,raw,0.2730975989278896,0.2744646005640469,0.9864074113498764,0.01858223108876793,0.6865064460366337,0.225,0.2911871660148282
wheat,wheat,env3,mlp,ccc,affine,0.3377515257151672,0.3459893872258991,0.9582166555094199,0.06781023513009116,0.6965178420388225,0.25,0.3394875794940139
wheat,wheat,env3,mlp,ccc,isotonic,0.30888456535826864,0.339519653812636,0.987185879749217,0.008785561314090284,0.647225459037952,0.2833333333333333,0.38665600860158333
wheat,wheat,env3,mlp,ccc,raw,0.3377515257151672,0.3459893872258991,1.1606439410216776,-0.42311296999306125,0.6965178420388225,0.25,0.3394875794940139
wheat,wheat,env3,mlp,hybrid,affine,0.367887304668996,0.37893092384430577,0.9481350713311221,0.08746418086902402,0.7249233767572945,0.2833333333333333,0.415038729195231
wheat,wheat,env3,mlp,hybrid,isotonic,0.3212385585563803,0.35960227881899487,0.9760456234015932,0.031178867507771112,0.6790830929084596,0.26666666666666666,0.3943563054224744
wheat,wheat,env3,mlp,hybrid,raw,0.3678873046689959,0.37893092384430577,1.0110088146228073,-0.04881759593286807,0.7249233767572945,0.2833333333333333,0.415038729195231
wheat,wheat,env3,mlp,mse,affine,0.3785064721971155,0.38539045667673716,0.9436591005437149,0.0975744658655135,0.7103420352342602,0.23333333333333334,0.36149089137836177
wheat,wheat,env3,mlp,mse,isotonic,0.3370528138526869,0.37463121806544275,0.9696889123003183,0.04544035612399875,0.6563564945204147,0.275,0.42923634599340427
wheat,wheat,env3,mlp,mse,raw,0.3785064721971154,0.38539045667673716,0.9687097785822466,0.046466905088110536,0.7103420352342602,0.23333333333333334,0.36149089137836177
wheat,wheat,env3,mlp,pearson,affine,0.3572987814723609,0.3621047570503512,0.9547392725206544,0.07348721136600363,0.6907037363361528,0.25,0.3413865523001842
wheat,wheat,env3,mlp,pearson,isotonic,0.3350530290596274,0.3574166320939435,0.9774125139065699,0.027014558465653614,0.649073086488061,0.26666666666666666,0.3739439668575745
wheat,wheat,env3,mlp,pearson,raw,0.357298781472361,0.3621047570503512,1.8916000174893086,-3.03855892410579,0.6907037363361528,0.25,0.3413865523001842
wheat,wheat,env3,transformer,ccc,affine,0.26020971582149377,0.26086336126975185,0.9848874098577598,0.018925541067475127,0.6638217178105119,0.16666666666666666,0.24196185081432336
wheat,wheat,env3,transformer,ccc,isotonic,0.22436853147273084,0.24371501941312,1.00491878465916,-0.022929380566519074,0.6008032466440325,0.20833333333333331,0.326207735983907
wheat,wheat,env3,transformer,ccc,raw,0.2602097158214938,0.26086336126975185,1.1598363369214943,-0.3673444643073145,0.6638217178105119,0.16666666666666666,0.24196185081432336
wheat,wheat,env3,transformer,hybrid,affine,0.2588698089544611,0.2520739961543524,0.9855094419882228,0.017583983818151162,0.6454191751932139,0.18333333333333332,0.21976657433335584
wheat,wheat,env3,transformer,hybrid,isotonic,0.23954201007514095,0.24471745436746098,1.002961007325077,-0.02165290570757903,0.5852759828274939,0.19166666666666665,0.2911039946033966
wheat,wheat,env3,transformer,hybrid,raw,0.2588698089544611,0.2520739961543524,0.9778066552182141,0.03527556721107457,0.6454191751932139,0.18333333333333332,0.21976657433335584
wheat,wheat,env3,transformer,mse,affine,0.1831066742728223,0.18856289852268657,0.9962203254909283,-0.002850515505728346,0.5875073705655561,0.06666666666666667,0.07786337994617086
wheat,wheat,env3,transformer,mse,isotonic,0.1589493182690695,0.1801794799169643,1.0197090813957312,-0.05137595375125893,0.5366313792448822,0.125,0.14418571940320488
wheat,wheat,env3,transformer,mse,raw,0.18310667427282226,0.18856289852268657,0.9919649764591059,0.006590629624467515,0.5875073705655561,0.06666666666666667,0.07786337994617086
wheat,wheat,env3,transformer,pearson,affine,0.25045171504239105,0.24809900839108656,0.9880630507007743,0.011908029132856013,0.6293322293339803,0.16666666666666666,0.1785068398054493
wheat,wheat,env3,transformer,pearson,isotonic,0.24627094074594247,0.2438170675379041,0.9965172368715622,-0.006892035182311118,0.5845995601014977,0.18333333333333332,0.23468586798403396
wheat,wheat,env3,transformer,pearson,raw,0.25045171504239105,0.24809900839108656,1.0538794753205556,-0.13064856196114838,0.6293322293339803,0.16666666666666666,0.1785068398054493
wheat,wheat,env4,cnn,ccc,affine,0.4651673960115116,0.44980607692283536,0.8917473840219445,0.18968204636557418,0.8008226080069998,0.325,0.5191732859291045
wheat,wheat,env4,cnn,ccc,isotonic,0.43832196383242933,0.4456106626715305,0.9167217871119036,0.14185423625088886,0.7750599706376174,0.36666666666666664,0.5584601369178211
wheat,wheat,env4,cnn,ccc,raw,0.4651673960115116,0.44980607692283536,0.9111741483356468,0.1508330300610794,0.8008226080069998,0.325,0.5191732859291045
wheat,wheat,env4,cnn,hybrid,affine,0.434947543794382,0.42126598869628984,0.9019882921024431,0.17026650310868413,0.7958330919915759,0.33333333333333337,0.5064722841759413
wheat,wheat,env4,cnn,hybrid,isotonic,0.39716359404490165,0.4100523287679936,0.939907373308019,0.09516727049243981,0.7313958932096589,0.325,0.49939720157511214
wheat,wheat,env4,cnn,hybrid,raw,0.434947543794382,0.42126598869628984,0.9640864868659607,0.05509952483916486,0.7958330919915759,0.33333333333333337,0.5064722841759413
wheat,wheat,env4,cnn,mse,affine,0.4548900108141175,0.43995605945445326,0.8950837285352422,0.18383062280146004,0.8090786861748651,0.36666666666666664,0.529717488561922
wheat,wheat,env4,cnn,mse,isotonic,0.43640258421577016,0.43510772974826234,0.9117186866486356,0.14956944064676744,0.7677645668471343,0.3833333333333333,0.5834769621067297
wheat,wheat,env4,cnn,mse,raw,0.4548900108141173,0.43995605945445326,0.8946364877252379,0.18430736499532568,0.8090786861748651,0.36666666666666664,0.529717488561922
wheat,wheat,env4,cnn,pearson,affine,0.4367827654077253,0.4247907674339421,0.9008571763197126,0.17090070122372752,0.781753565547476,0.33333333333333337,0.4790152289364621
wheat,wheat,env4,cnn,pearson,isotonic,0.40083798417371597,0.40820725627882865,0.9359893103312947,0.10220515598209805,0.743032519728021,0.325,0.47110222470958607
wheat,wheat,env4,cnn,pearson,raw,0.4367827654077252,0.4247907674339421,0.9764638406165442,0.029900364934650148,0.781753565547476,0.33333333333333337,0.4790152289364621
wheat,wheat,env4,mlp,ccc,affine,0.4471335258614501,0.43468872309410467,0.9075772821194746,0.15613694896997146,0.8067045305651309,0.325,0.5108326533192624
wheat,wheat,env4,mlp,ccc,isotonic,0.42497172751582146,0.4264083485179194,0.934671985774688,0.10295147924044763,0.7704728855580745,0.36666666666666664,0.6000713590185833
wheat,wheat,env4,mlp,ccc,raw,0.4471335258614502,0.43468872309410467,0.9816865435511415,0.0002309175459077162,0.8067045305651309,0.325,0.5108326533192624
wheat,wheat,env4,mlp,hybrid,affine,0.44258762938774454,0.42295741047595214,0.90655540704818,0.1591098740154458,0.8157630016163189,0.35833333333333334,0.5607863217535234
wheat,wheat,env4,mlp,hybrid,isotonic,0.4187874412452389,0.41254316814627384,0.9362437189963799,0.10208303543550538,0.7650037368415471,0.36666666666666664,0.5774872800327551
wheat,wheat,env4,mlp,hybrid,raw,0.44258762938774465,0.42295741047595214,0.9406719201015736,0.09046580832980676,0.8157630016163189,0.35833333333333334,0.5607863217535234
wheat,wheat,env4,mlp,mse,affine,0.4528401034109664,0.4331780171159035,0.9006611564658197,0.1704148151733505,0.8218542351399449,0.375,0.5815414708460509
wheat,wheat,env4,mlp,mse,isotonic,0.4132222485865437,0.4219754506390527,0.9372585740302408,0.10159880493958165,0.7752126507714048,0.3666666666666667,0.5875302697655729
wheat,wheat,env4,mlp,mse,raw,0.4528401034109665,0.4331780171159035,0.9245977798998404,0.11940489387875745,0.8218542351399449,0.375,0.5815414708460509
wheat,wheat,env4,mlp,pearson,affine,0.45090031870787534,0.4333321814062412,0.9084521620042114,0.15277441421073304,0.8246414271718668,0.3833333333333333,0.6176747005827508
wheat,wheat,env4,mlp,pearson,isotonic,0.4302953425654826,0.42972424949379606,0.9354842954663762,0.09998151352889617,0.7644147650152939,0.39166666666666666,0.6332986321684547
wheat,wheat,env4,mlp,pearson,raw,0.4509003187078754,0.4333321814062412,1.5824300761271517,-1.7740020565782193,0.8246414271718668,0.3833333333333333,0.6176747005827508
wheat,wheat,env4,transformer,ccc,affine,0.33008774897274995,0.3388486698868157,0.9526462277309327,0.07523899679014479,0.6854967007594357,0.2,0.25178782609593914
wheat,wheat,env4,transformer,ccc,isotonic,0.31343639334211565,0.33272030810496933,0.9684926737702149,0.039588847092870715,0.6012184562378922,0.3,0.45217175031131
wheat,wheat,env4,transformer,ccc,raw,0.33008774897274995,0.3388486698868157,1.1219691823942415,-0.309937909565539,0.6854967007594357,0.2,0.25178782609593914
wheat,wheat,env4,transformer,hybrid,affine,0.3279859264695633,0.33349573431373314,0.9568597755443264,0.06742897986565403,0.6780082583559446,0.20833333333333331,0.24336596546295416
wheat,wheat,env4,transformer,hybrid,isotonic,0.3047898991265044,0.3229077514591235,0.9774637216035345,0.023004533947857498,0.5908774968813972,0.25833333333333336,0.37902806366700403
wheat,wheat,env4,transformer,hybrid,raw,0.32798592646956337,0.33349573431373314,0.9450699496763972,0.09048140328082077,0.6780082583559446,0.20833333333333331,0.24336596546295416
wheat,wheat,env4,transformer,mse,affine,0.30991313304480006,0.30610820193578825,0.9599545183933668,0.06120367619096541,0.6731918213401059,0.18333333333333332,0.225493603683092
wheat,wheat,env4,transformer,mse,isotonic,0.27700444971429633,0.28687247625542983,0.9882455951583082,0.0018224768100944422,0.604195087542773,0.25,0.32736983823911686
wheat,wheat,env4,transformer,mse,raw,0.3099131330448001,0.30610820193578825,0.9560656106109061,0.06780958299838177,0.6731918213401059,0.18333333333333332,0.225493603683092
wheat,wheat,env4,transformer,pearson,affine,0.3265978700221104,0.3342876439281889,0.960421013795059,0.06036317904867504,0.7002957411082124,0.2333333333333333,0.31739426673857174
wheat,wheat,env4,transformer,pearson,isotonic,0.3138316269438735,0.3176879040096504,0.976210392350346,0.026788818797206272,0.6195774684333368,0.2833333333333333,0.4335774053237104
wheat,wheat,env4,transformer,pearson,raw,0.3265978700221103,0.3342876439281889,1.0220607686106054,-0.07542961132763107,0.7002957411082124,0.2333333333333333,0.31739426673857174
